subreddit,post_id,date_posted,author,title,post_text,flair,post_type,score,upvote_ratio,num_comments,permalink,external_url,external_domain,is_crosspost,crosspost_original_post_id,crosspost_original_subreddit,is_stickied,is_deleted,is_removed,community_members_num,post_karma,num_related_posts,collected_at,raw_json_path
kolkata,t3_1vrm7hf,2026-08-18T11:14:35.784Z,kuttar-baccha,"CJP's Kolkata Meet Up at Bharat Sabha Hall cancelled after owners receive threats, tweets Ashutosh Ranka.",Source: https://x.com/AshutoshRanka/status/2089638799655715121 Read more,,image,425,,77,https://www.reddit.com/r/kolkata/comments/1vrm7hf/cjps_kolkata_meet_up_at_bharat_sabha_hall/,,,,,,,False,False,470957,0,25,2026-08-27T08:46:57.803Z,raw/kolkata/2026-08/posts.jsonl#L992
kolkata,t3_1vrpj3d,2026-08-18T13:41:30.099Z,MonaThe,pedophile teacher at a school,"i tried to contact the school (patha bhavan) but they wont pick up, never enroll or get enrolled here Read more",,image,3621,,983,https://www.reddit.com/r/kolkata/comments/1vrpj3d/pedophile_teacher_at_a_school/,,,,,,,False,False,470957,0,25,2026-08-27T08:40:52.588Z,raw/kolkata/2026-08/posts.jsonl#L830
kolkata,t3_1vrre27,2026-08-18T14:51:16.312Z,iscrappedthe_data,গুপ্তা ব্রাদার্সে দাদাগিরি বিজেপি নেতার!,Source: https://youtube.com/shorts/ZVi99nZ_OdI,,video,269,,29,https://www.reddit.com/r/kolkata/comments/1vrre27/%E0%A6%97%E0%A6%AA%E0%A6%A4_%E0%A6%AC%E0%A6%B0%E0%A6%A6%E0%A6%B0%E0%A6%B8_%E0%A6%A6%E0%A6%A6%E0%A6%97%E0%A6%B0_%E0%A6%AC%E0%A6%9C%E0%A6%AA_%E0%A6%A8%E0%A6%A4%E0%A6%B0/,,,,,,,False,False,470957,0,25,2026-08-27T08:43:36.872Z,raw/kolkata/2026-08/posts.jsonl#L958
kolkata,t3_1vrs17k,2026-08-18T15:14:41.426Z,ChickenKosha,Maa is coming. 53 days to go. She's almost here now.,,,image,209,,10,https://www.reddit.com/r/kolkata/comments/1vrs17k/maa_is_coming_53_days_to_go_shes_almost_here_now/,,,,,,,False,False,470957,0,17,2026-08-27T08:45:38.157Z,raw/kolkata/2026-08/posts.jsonl#L985
kolkata,t3_1vrupjg,2026-08-18T16:46:32.943Z,AlphaDominusX,Met this gentleman at a café,,,image,129,,12,https://www.reddit.com/r/kolkata/comments/1vrupjg/met_this_gentleman_at_a_caf%C3%A9/,,,,,,,False,False,470957,0,26,2026-08-27T08:43:22.963Z,raw/kolkata/2026-08/posts.jsonl#L949
kolkata,t3_1vs9pbx,2026-08-19T02:30:56.631Z,ChickenKosha,Patashpur in Bengal is facing severe floods currently. GoWB & BJP has intervened to supply necessary relief materials to all.,"Sorry, something went wrong when loading this video. View in app Read more",,video,19,,20,https://www.reddit.com/r/kolkata/comments/1vs9pbx/patashpur_in_bengal_is_facing_severe_floods/,,,,,,,False,False,470957,0,26,2026-08-27T08:43:36.875Z,raw/kolkata/2026-08/posts.jsonl#L959
kolkata,t3_1vsbjwb,2026-08-19T03:58:28.448Z,Gloomy-Muffin-3875,Should I regret leaving sxc or cu for du and leaving Kolkata for an undergrad bachelor’s degree?,"I got into one of the good du colleges and I’m pursuing a course I found interesting, but I feel like I should’ve never left, and sxc is made out to be West Bengal’s Wharton, lol - it’s a great, well reputed college but everyone I’ve spoken to (mostly students from sxc) say that du and Delhi aren’t even worth it and I should’ve gone to sxc. It’s been three weeks since classes started and I’ve never felt more lost, do I leave everything and come back to Kolkata ? I know this is my homesickness taking over me but I don’t know what to do - should I leave everything and go back home? Nothing really promises a bright future in this economy ; why does it even matter what the pedigree of my college is? What if I just go to surendranath evening and do whatever bs course but at least I’ll be at the comfort of my own home and city. Read more",,text,16,,56,https://www.reddit.com/r/kolkata/comments/1vsbjwb/should_i_regret_leaving_sxc_or_cu_for_du_and/,,,,,,,False,False,470957,0,26,2026-08-27T08:43:38.843Z,raw/kolkata/2026-08/posts.jsonl#L962
kolkata,t3_1vsbts6,2026-08-19T04:12:05.129Z,Suspicious-Estate695,Kichu din dhore sub a dekhchi oneke partner khoja niye post dichhi .. seriously eta ki newspaper er matrimony corner 😒,,,image,67,,38,https://www.reddit.com/r/kolkata/comments/1vsbts6/kichu_din_dhore_sub_a_dekhchi_oneke_partner_khoja/,,,,,,,False,False,470957,0,26,2026-08-27T08:41:14.859Z,raw/kolkata/2026-08/posts.jsonl#L876
kolkata,t3_1vsdhkl,2026-08-19T05:38:33.732Z,Prithirajn,Bore লাগছিল তাই post করলাম,office করতে bore লাগছিল তাই...,,image,342,,223,https://www.reddit.com/r/kolkata/comments/1vsdhkl/bore_%E0%A6%B2%E0%A6%97%E0%A6%9B%E0%A6%B2_%E0%A6%A4%E0%A6%87_post_%E0%A6%95%E0%A6%B0%E0%A6%B2%E0%A6%AE/,,,,,,,False,False,470957,0,26,2026-08-27T08:44:41.477Z,raw/kolkata/2026-08/posts.jsonl#L980
kolkata,t3_1vsdil2,2026-08-19T05:40:07.905Z,meAf74b,PM (retirement) Cares Fund,,,image,67,,13,https://www.reddit.com/r/kolkata/comments/1vsdil2/pm_retirement_cares_fund/,,,,,,,False,False,470957,0,26,2026-08-27T08:41:30.677Z,raw/kolkata/2026-08/posts.jsonl#L889
kolkata,t3_1vsdnya,2026-08-19T05:48:06.951Z,Swimming_Power5319,"লেনিনকে পছন্দ নাই হতে পারে, তাই বলে ভারতের ইতিহাস পাল্টে দিবি? 🤣🙏",,,image,132,,31,https://www.reddit.com/r/kolkata/comments/1vsdnya/%E0%A6%B2%E0%A6%A8%E0%A6%A8%E0%A6%95_%E0%A6%AA%E0%A6%9B%E0%A6%A8%E0%A6%A6_%E0%A6%A8%E0%A6%87_%E0%A6%B9%E0%A6%A4_%E0%A6%AA%E0%A6%B0_%E0%A6%A4%E0%A6%87_%E0%A6%AC%E0%A6%B2_%E0%A6%AD%E0%A6%B0%E0%A6%A4%E0%A6%B0_%E0%A6%87%E0%A6%A4%E0%A6%B9%E0%A6%B8_%E0%A6%AA%E0%A6%B2%E0%A6%9F_%E0%A6%A6%E0%A6%AC/,,,,,,,False,False,470957,0,26,2026-08-27T08:40:47.672Z,raw/kolkata/2026-08/posts.jsonl#L824
kolkata,t3_1vsdxlg,2026-08-19T06:02:51.731Z,So_Mo93,Just saw this.,Really? They are coming?,,image,113,,106,https://www.reddit.com/r/kolkata/comments/1vsdxlg/just_saw_this/,,,,,,,False,False,470957,0,0,2026-08-27T08:40:53.729Z,raw/kolkata/2026-08/posts.jsonl#L838
kolkata,t3_1vse4h8,2026-08-19T06:13:29.648Z,Not-a-doctor-77,বিশ্বকবি রাষ্ট্রশক্তি নিয়ে কী বলেছিলেন ?,Really good news article by Sugata Bose in today's newspaper,,image,10,,7,https://www.reddit.com/r/kolkata/comments/1vse4h8/%E0%A6%AC%E0%A6%B6%E0%A6%AC%E0%A6%95%E0%A6%AC_%E0%A6%B0%E0%A6%B7%E0%A6%9F%E0%A6%B0%E0%A6%B6%E0%A6%95%E0%A6%A4_%E0%A6%A8%E0%A6%AF_%E0%A6%95_%E0%A6%AC%E0%A6%B2%E0%A6%9B%E0%A6%B2%E0%A6%A8/,,,,,,,False,False,470957,0,26,2026-08-27T08:43:36.455Z,raw/kolkata/2026-08/posts.jsonl#L953
kolkata,t3_1vsetrp,2026-08-19T06:53:21.839Z,Difficult-Demand-852,Ekdin ektu beshi brishti porar por...,"From insomniac tendencies to going to bed at the right time, Mitti has helped me to get the job done. In no place will I find the comfort this Bhondu gives me. Now, back to ghum. Bishaaaaaaaal ghum!",,image,17,,2,https://www.reddit.com/r/kolkata/comments/1vsetrp/ekdin_ektu_beshi_brishti_porar_por/,,,,,,,False,False,470957,0,26,2026-08-27T08:41:29.695Z,raw/kolkata/2026-08/posts.jsonl#L888
kolkata,t3_1vsfg66,2026-08-19T07:28:55.541Z,Fluffy_soul20,বাংলা সিনেমায় বাসবদত্তার মতো এত লাবণ্যময়ী আর কাউকে দেখিনি,,,video,299,,45,https://www.reddit.com/r/kolkata/comments/1vsfg66/%E0%A6%AC%E0%A6%B2_%E0%A6%B8%E0%A6%A8%E0%A6%AE%E0%A7%9F_%E0%A6%AC%E0%A6%B8%E0%A6%AC%E0%A6%A6%E0%A6%A4%E0%A6%A4%E0%A6%B0_%E0%A6%AE%E0%A6%A4_%E0%A6%8F%E0%A6%A4_%E0%A6%B2%E0%A6%AC%E0%A6%A3%E0%A6%AF%E0%A6%AE%E0%A7%9F_%E0%A6%86%E0%A6%B0_%E0%A6%95%E0%A6%89%E0%A6%95_%E0%A6%A6%E0%A6%96%E0%A6%A8/,,,,,,,False,False,470957,0,26,2026-08-27T08:44:41.605Z,raw/kolkata/2026-08/posts.jsonl#L982
kolkata,t3_1vsg6o6,2026-08-19T08:13:03.284Z,TritiyaPandav,নিউ মার্কেটের হোটেলে আগুনে মৃ ত্যু ৯ জন বাংলাদেশির I,From inscript news portal. Read more,,image,5,,11,https://www.reddit.com/r/kolkata/comments/1vsg6o6/%E0%A6%A8%E0%A6%89_%E0%A6%AE%E0%A6%B0%E0%A6%95%E0%A6%9F%E0%A6%B0_%E0%A6%B9%E0%A6%9F%E0%A6%B2_%E0%A6%86%E0%A6%97%E0%A6%A8_%E0%A6%AE_%E0%A6%A4%E0%A6%AF_%E0%A7%AF_%E0%A6%9C%E0%A6%A8_%E0%A6%AC%E0%A6%B2%E0%A6%A6%E0%A6%B6%E0%A6%B0_i/,,,,,,,False,False,470957,0,26,2026-08-27T08:45:49.879Z,raw/kolkata/2026-08/posts.jsonl#L989
kolkata,t3_1vsgoiw,2026-08-19T08:42:06.610Z,Suspicious-Estate695,Thoughts about this channel !! Bro really got some good knowledge on films .. recently he worked in some of bengali films as scriptwriter..,,,image,21,,16,https://www.reddit.com/r/kolkata/comments/1vsgoiw/thoughts_about_this_channel_bro_really_got_some/,,,,,,,False,False,470957,0,25,2026-08-27T08:41:19.496Z,raw/kolkata/2026-08/posts.jsonl#L879
kolkata,t3_1vsgu8u,2026-08-19T08:51:38.270Z,pipe_runner,Community of casual gamers and game dev looking for Valorant players,"Greetings all, We are a small community of casual gamers and game dev from all walks of life. We have been creating a grind-free, 9-5 friendly community of like-minded people. We are about 200 right now active in minecraft, hell divers 2 and CS2 and COH3. We have even been working on hosting a game jam by the end of this year. We are not in for making a profit or any end goal to be honest, we host servers at our own cost and organize events in our own time. Purely a passion project for most of us. We are trying to create a foundational group of Valorant players to hopefully in the future host events and tournaments. We are also looking for a Valorant lead who would be interested in helping us grow the Valorant side of things. Obviously this is a responsibility going beyond just having fun, so we will for sure compensate you for your time. If there are people interested in this role, or joining the community, please feel free to reach out. Cheers everyone. Note: I am from Kolkata and I had commented on a post earlier from which I wasn't really expecting a lot of response but seems like there are quite a few gamers in Kolkata, so just giving it another go.",,text,7,,27,https://www.reddit.com/r/kolkata/comments/1vsgu8u/community_of_casual_gamers_and_game_dev_looking/,,,,,,,False,False,470957,0,26,2026-08-27T08:43:40.802Z,raw/kolkata/2026-08/posts.jsonl#L965
kolkata,t3_1vsgxt0,2026-08-19T08:57:30.481Z,Puzzleheaded-Row-477,"Bihari goon tries to intimidate bengal police, faces resistance and backlash",https://timesofindia.indiatimes.com/city/kolkata/entally-ps-gate-locked-amid-late-night-bjp-faction-feud/articleshow/133279113.cms Source: Video source: https://www.facebook.com/share/v/1EfRLGrqAb/ We bengalis need some sort of spine revamp program so that outsiders in our own state not threaten our own people,,image,116,,29,https://www.reddit.com/r/kolkata/comments/1vsgxt0/bihari_goon_tries_to_intimidate_bengal_police/,,,,,,,False,False,470957,0,26,2026-08-27T08:43:18.421Z,raw/kolkata/2026-08/posts.jsonl#L944
kolkata,t3_1vsh9b8,2026-08-19T09:15:15.055Z,Suspicious-Estate695,"Every time you bring it up, it just feels empty 🤔",,,image,31,,40,https://www.reddit.com/r/kolkata/comments/1vsh9b8/kothai_kothai_tule_aana_hoi_khali/,,,,,,,False,False,470957,0,26,2026-08-27T08:40:54.807Z,raw/kolkata/2026-08/posts.jsonl#L851
kolkata,t3_1vshagf,2026-08-19T09:16:56.237Z,ImportantGarage69,What's yours plan for the upcoming pujo🙂‍↕️,"Ebare to emnii shunchi age age pandel open korar permission debena, to ebare ki pujo ta parar pandel e adda merei katate hobe naki thakur dekhte jawao jabe!😪🥀 Read more",,image,89,,85,https://www.reddit.com/r/kolkata/comments/1vshagf/whats_yours_plan_for_the_upcoming_pujo/,,,,,,,False,False,470957,0,26,2026-08-27T08:42:57.784Z,raw/kolkata/2026-08/posts.jsonl#L936
kolkata,t3_1vshkf2,2026-08-19T09:32:49.619Z,Familiar-Studio6940,OP turned 31 today😀🌹,,,image,276,,52,https://www.reddit.com/r/kolkata/comments/1vshkf2/op_turned_31_today/,,,,,,,False,False,470957,0,26,2026-08-27T08:42:54.403Z,raw/kolkata/2026-08/posts.jsonl#L926
kolkata,t3_1vshkgd,2026-08-19T09:32:53.372Z,Familiar-Studio6940,OP turned 31 today😀🌹,,,image,28,,10,https://www.reddit.com/r/kolkata/comments/1vshkgd/op_turned_31_today/,,,,,,,False,False,470957,0,26,2026-08-27T08:41:09.677Z,raw/kolkata/2026-08/posts.jsonl#L872
kolkata,t3_1vsik64,2026-08-19T10:27:46.993Z,Glass_Head1940,All Doggesh vais 🐕 are now living their best lives as per I see them in every street 🌚 Now straight to the point....,"Let's talk seriously, streets are getting full of dogs day by day, in my neighborhood we had like 15-25 dogs , some of them had been spayed or neutered, but what about the dogs on those random streets?? I literally saw a dog army in a random street doing fuh fah. I love dogs ,I just don't want to see them roaming around street, making thinks dirty, pooping everywhere. 2-3 bike accident already happend in my area due to this street dogs. Either spayed all the street dogs or just... do as you like. Read more",,text,3,,4,https://www.reddit.com/r/kolkata/comments/1vsik64/all_doggesh_vais_are_now_living_their_best_lives/,,,,,,,False,False,470957,0,26,2026-08-27T08:43:40.742Z,raw/kolkata/2026-08/posts.jsonl#L964
kolkata,t3_1vsizal,2026-08-19T10:50:34.010Z,Stabok_Bose,Ekta chobi tullam 🙂 Kmon laglo janiyo,,,image,29,,6,https://www.reddit.com/r/kolkata/comments/1vsizal/ekta_chobi_tullam_kmon_laglo_janiyo/,,,,,,,False,False,470957,0,26,2026-08-27T08:40:52.852Z,raw/kolkata/2026-08/posts.jsonl#L832
kolkata,t3_1vsj79g,2026-08-19T11:01:56.657Z,BigSword_312,Last click before I had to leave the city for studies. :(,,,image,165,,25,https://www.reddit.com/r/kolkata/comments/1vsj79g/last_click_before_i_had_to_leave_the_city_for/,,,,,,,False,False,470957,0,26,2026-08-27T08:42:54.400Z,raw/kolkata/2026-08/posts.jsonl#L925
kolkata,t3_1vsjh5b,2026-08-19T11:16:00.887Z,CaregiverRich4716,TMC SWEEPS BJP IN BAR COUNCIL ELECTIONS,AMID SETBACKS TMC HAS HAD A GLIMMER OF HOPE IN THIS BAR COUNCIL ELECTIONS,,image,20,,14,https://www.reddit.com/r/kolkata/comments/1vsjh5b/tmc_sweeps_bjp_in_bar_council_elections/,,,,,,,False,False,470957,0,26,2026-08-27T08:41:19.805Z,raw/kolkata/2026-08/posts.jsonl#L882
kolkata,t3_1vsjzxs,2026-08-19T11:41:39.592Z,idkmanfuc,Boba Tunnel is so Peak,,,video,65,,7,https://www.reddit.com/r/kolkata/comments/1vsjzxs/boba_tunnel_is_so_peak/,,,,,,,False,False,470957,0,26,2026-08-27T08:42:44.890Z,raw/kolkata/2026-08/posts.jsonl#L916
kolkata,t3_1vskrdf,2026-08-19T12:15:50.712Z,bigtimeOptimistic,"confusion regarding my district ,south 24 vs kolkata !!","I live in kasba area and as per documents and all i am sure that my district is south 24 parganas, but in my brother's aadhar card only kolkata is mentioned ,no mention of south 24,but rest of us in our family have south 24 mentioned ,so i was trying to update it through the uidai portal ,but while typing the new address it asks for pincode and when i enter the pincode it auto selects district to kolkata, and this is not just with uidai/aadhar portal, i faced the same issue while applying for passport few days back, i do not know why these websites are built like this. as of now i have applied for passport with kolkata as district ,i hope that on the verification day they rectify it at the counter without rejecting it.🥲 also when i check on google maps by the district name , it shows my house falls in kolkata not south 24 parganas. due to these things sometimes i doubt whether my district is actually kolkata not south 24 parganas. this is very confusing!! spit out your opinion on this guys, am i getting something here? Read more",,image,24,,19,https://www.reddit.com/r/kolkata/comments/1vskrdf/confusion_regarding_my_district_south_24_vs/,,,,,,,False,False,470957,0,26,2026-08-27T08:42:28.739Z,raw/kolkata/2026-08/posts.jsonl#L907
kolkata,t3_1vslnic,2026-08-19T12:55:42.383Z,iscrappedthe_data,2 Months of Load-Shedding: Can This Government Not Even Provide Basic Electricity?,"For almost the last 2 months, we’ve been dealing with ridiculous load-shedding. sometimes 10–20 power cuts in a single day. The electricity comes back for a while and then disappears again, making it almost impossible to plan anything. I understand occasional outages, especially during extreme weather. But when this continues for weeks and months, it stops being an occasional problem and starts looking like a complete failure of basic infrastructure and governance. Can’t this government even ensure a stable electricity supply? This is supposed to be one of the most basic services citizens should be able to rely on. Are people in other areas facing the same situation? Has the government or electricity department given any proper explanation for these repeated outages?",,text,2,,10,https://www.reddit.com/r/kolkata/comments/1vslnic/2_months_of_loadshedding_can_this_government_not/,,,,,,,False,False,470957,0,25,2026-08-27T08:44:03.560Z,raw/kolkata/2026-08/posts.jsonl#L972
kolkata,t3_1vsm3zv,2026-08-19T13:14:44.206Z,ShallotZestyclose829,I Somehow Messed Up My Mom’s Annapurna Yojana Form 😭,"I made a mistake in my mother’s Annapurna Yojana form. I put my age/year (2007) instead of my mother’s (1982). And I think I also mistakenly opted out of the Annapurna Yojana. I seriously don’t know how I made these mistakes. I have filled so many competitive exam forms for myself and my friends correctly, and I never made mistakes like this before. I don’t know what happened this time. I’m really scared because my mother is going to kill me 😭 Read more",,image,163,,84,https://www.reddit.com/r/kolkata/comments/1vsm3zv/i_somehow_messed_up_my_moms_annapurna_yojana_form/,,,,,,,False,False,470957,0,25,2026-08-27T08:43:20.091Z,raw/kolkata/2026-08/posts.jsonl#L947
kolkata,t3_1vsmb9k,2026-08-19T13:22:53.203Z,Shoddy_Fly3312,Tell me your most favourite Durga Puja Song.,Mine - Dhaker Tale Komor Dole by Abhijeet Bhattacharya Read more,,image,204,,77,https://www.reddit.com/r/kolkata/comments/1vsmb9k/tell_me_your_most_favourite_durga_puja_song/,,,,,,,False,False,470957,0,26,2026-08-27T08:44:47.499Z,raw/kolkata/2026-08/posts.jsonl#L983
kolkata,t3_1vsmh48,2026-08-19T13:29:07.515Z,AnWitnessOwl,আমি একটা গান লিখলাম এইমাত্র। আমি চাই তোমরা ইচ্ছামতো নিজস্ব সুর যোগ করো,"This is a ""Musical"" Coloring book. I wrote the lyrics. I want anyone to add their own tune to it. Song of Music Music is Red, Music is Blue; Music erases distance between I and You. Music is Gentle, but it can be Loud; Music is sunrays, Music is cloud. Music is ever new, yet from ancient age; Music is the one and only Universal language. Seawaves have rhythms and hearts have beat; Music exposes the truth, Music can also tell about betrayal, lust and cheat. Music can be soothing, Music can be fierce; Music make you Goosebumps, Music shatter you in tears Music is healing, Music is tragic; Music is the manifestation of Universe's magic. Music is emotion, Music is rage; Music is pure soul without a cage. Music is my Love, Music is my craze. Music makes up my blood and flesh u/AWitnessOwl Dated 19 August 2026",,text,2,,3,https://www.reddit.com/r/kolkata/comments/1vsmh48/%E0%A6%86%E0%A6%AE_%E0%A6%8F%E0%A6%95%E0%A6%9F_%E0%A6%97%E0%A6%A8_%E0%A6%B2%E0%A6%96%E0%A6%B2%E0%A6%AE_%E0%A6%8F%E0%A6%87%E0%A6%AE%E0%A6%A4%E0%A6%B0_%E0%A6%86%E0%A6%AE_%E0%A6%9A%E0%A6%87_%E0%A6%A4%E0%A6%AE%E0%A6%B0_%E0%A6%87%E0%A6%9A%E0%A6%9B%E0%A6%AE%E0%A6%A4_%E0%A6%A8%E0%A6%9C%E0%A6%B8%E0%A6%AC_%E0%A6%B8%E0%A6%B0_%E0%A6%AF%E0%A6%97_%E0%A6%95%E0%A6%B0/,,,,,,,False,False,470957,0,26,2026-08-27T08:45:48.242Z,raw/kolkata/2026-08/posts.jsonl#L988
kolkata,t3_1vsnh6w,2026-08-19T14:07:46.259Z,ImaginationFull5643,"Yubasathi, yubashakti er ki khobor",Title,,text,2,,8,https://www.reddit.com/r/kolkata/comments/1vsnh6w/yubasathi_yubashakti_er_ki_khobor/,,,,,,,False,False,470957,0,26,2026-08-27T08:45:33.651Z,raw/kolkata/2026-08/posts.jsonl#L984
kolkata,t3_1vsoaxr,2026-08-19T14:38:37.291Z,neiltheboogeyman,I need Someone To talk to Please I'm panicking,I'm 21 cse engineering student final year I'm in extreme stress please someone with experience in IT text me. I deliberately put in health flair cause it is causing me extreme stress no one to disscus my situation with. Read more,,text,22,,40,https://www.reddit.com/r/kolkata/comments/1vsoaxr/i_need_someone_to_talk_to_please_im_panicking/,,,,,,,False,False,470957,0,26,2026-08-27T08:41:02.819Z,raw/kolkata/2026-08/posts.jsonl#L861
kolkata,t3_1vsoqge,2026-08-19T14:54:29.001Z,iscrappedthe_data,To the previous generation: why didn’t you demand accountability then?,"A genuine question for people who grew up during the CPIM era: why is it that some of you now get annoyed when the younger generation complains about the current government and asks for accountability? I remember being in school during elections. Election days genuinely felt like a celebration. We'd go with our families to the polling centres, visit the CPIM and Congress camps, play with other kids, and somehow getting that little ink mark on your finger felt like the greatest achievement of the day. 😂 Obviously, I was a kid. I didn't understand the politics, violence, corruption or whatever else was happening at the time. For me, it was simply what democracy looked like. But today, elections often feel completely different. In many places, voting day looks more like a war zone than a celebration of democracy. Political violence, intimidation and accusations of rigging have become so normalised that people almost expect them. So genuinely, to those of you who were adults and politically aware back then: why didn't you demand accountability from the governments of that time? And more importantly, why do some people now seem irritated when we demand accountability from the government in power today? And please don't give me the ""there was no social media"" excuse. There were newspapers, television, radio, political organisations, protests, public meetings and plenty of ways to speak up. Even during the Emergency, when censorship was far more severe, information and dissent still found ways to spread. Read more",,text,2,,10,https://www.reddit.com/r/kolkata/comments/1vsoqge/to_the_previous_generation_why_didnt_you_demand/,,,,,,,False,False,470957,0,26,2026-08-27T08:43:40.565Z,raw/kolkata/2026-08/posts.jsonl#L963
kolkata,t3_1vsp6za,2026-08-19T15:10:45.173Z,mama_ooOOooO,"Sudden revision in land acquisition policy, questions over Bengal's industrialisation","(Watch from 5:42 onwards) https://www.telegraphindia.com/west-bengal/bengal-mulls-land-pooling-private-shares-to-owners-with-modified-gujarat-model-prnt/cid/2175022 (From the article: -) Under this policy, the state will act as a mediator while a private company buys land from the owners at the market rate and additionally gives the land sellers a percentage of its shares on a case-to-case basis. Officials did not explain why farmers would agree to accept shares — the province usually of the financially savvy market player — instead of demanding more cash for their land. With landholdings severely fragmented in Bengal, the policy’s success will depend on the incentives being strong enough to convince thousands of farmers with contiguous land to sell. Such a policy would anyway mark a departure from chief minister Suvendu Adhikari’s assertion last month that his government would “purchase” land directly and transfer it to private companies for industrial projects. An official involved in drafting the Bengal government’s land policy told The Telegraph that the BJP administration had decided against purchasing land, and felt that “acquisition” still remained a dirty word in Bengal.",,link,9,,15,https://www.reddit.com/r/kolkata/comments/1vsp6za/sudden_revision_in_land_acquisition_policy/,https://youtu.be/TjqEiEiN63w?si=HYz8Ldi_7tpsCnyR,youtu.be,,,,,False,False,470957,0,26,2026-08-27T08:41:19.802Z,raw/kolkata/2026-08/posts.jsonl#L881
kolkata,t3_1vsp8pi,2026-08-19T15:12:26.046Z,Nonchalant225,What are the chances of us winning Hockey wc ?,Today we thrashed Pak to reach the next stage. We lost to England though. I know its very tough but what do you think of the chances ? Read more,,image,19,,5,https://www.reddit.com/r/kolkata/comments/1vsp8pi/what_are_the_chances_of_us_winning_hockey_wc/,,,,,,,False,False,470957,0,26,2026-08-27T08:42:02.661Z,raw/kolkata/2026-08/posts.jsonl#L897
kolkata,t3_1vspkxr,2026-08-19T15:24:59.476Z,Difficult-Demand-852,"A 10/10 ""Ayein...?"" expression. What meme do you see in this ভোঁদড়?","Okay, I was browsing some of Mitti's old photos, and this one remains my favorite by far. She has expressive eyes and body language; oke dhongi bolle seta compliment hisebe boli. And no more Bhondu pic dumps until next Wednesday; wait for the next Bhondu Album entry. Read more",,image,191,,32,https://www.reddit.com/r/kolkata/comments/1vspkxr/a_1010_ayein_expression_what_meme_do_you_see_in/,,,,,,,False,False,470957,0,26,2026-08-27T08:44:37.932Z,raw/kolkata/2026-08/posts.jsonl#L977
kolkata,t3_1vsqs8e,2026-08-19T16:08:08.377Z,Efficient_Media_7877,Anyone interested in joining up and forming an urban exploration group?,"Hi, looking for serious and genuine individuals who have a curious mind to explore things. In this case, I’m planning to start and form a group of like minded individuals who are interested in exploring interesting abandoned and potentially “haunted” locations in and around Kolkata 👻. I already have the first location in mind. Bondhutto and friendship is the key here just like in a music band, bonding is key without it nothing clicks. Age/gender no bar. Just that the person has to be naturally curious with a sensitive and an open mind, cannot be weak hearted or afraid of visiting potentially haunted locations, needs to be a team player and a good communicator. Basically emon kichu manush der (3-5 max in the group) khunjchi jaader sathe constructive alochona, nanabidha topic er opor adda ebong oshoririder onneshon korte giye over time bhalo bondhutto hoye jete paare! Interested people please reach out via DM. Let’s talk and figure out how we can do this. Read more",,text,9,,32,https://www.reddit.com/r/kolkata/comments/1vsqs8e/anyone_interested_in_joining_up_and_forming_an/,,,,,,,False,False,470957,0,26,2026-08-27T08:41:49.730Z,raw/kolkata/2026-08/posts.jsonl#L894
kolkata,t3_1vsr4zu,2026-08-19T16:20:27.042Z,Appropriate-Area-475,How to reach Howrah to Newtown?!,"I need to travel from Howrah to Newtown for my office on an everyday basis.. What is the most convenient, easiest and affordable route for the same?? Pls give suggestions for both metro and buses.. PLEASE HELP!! Read more",,text,2,,34,https://www.reddit.com/r/kolkata/comments/1vsr4zu/how_to_reach_howrah_to_newtown/,,,,,,,False,False,470957,0,26,2026-08-27T08:47:40.334Z,raw/kolkata/2026-08/posts.jsonl#L993
kolkata,t3_1vsr5ss,2026-08-19T16:21:11.162Z,Spiritual-Drive7918,Looking for travel buddy,Any 1st Year CSE student at TMSL(Techno Main Salt Lake) going to commute daily from the Bandel-Howrah line? (i mean from any station between these two?) Then pls comment here or dm me? Read more,,text,2,,2,https://www.reddit.com/r/kolkata/comments/1vsr5ss/looking_for_travel_buddy/,,,,,,,False,False,470957,0,26,2026-08-27T08:44:15.956Z,raw/kolkata/2026-08/posts.jsonl#L975
kolkata,t3_1vsruqf,2026-08-19T16:45:29.260Z,Initial-Swordfish311,One of the best thing ever invented,,,image,78,,11,https://www.reddit.com/r/kolkata/comments/1vsruqf/one_of_the_best_thing_ever_invented/,,,,,,,False,False,470957,0,26,2026-08-27T08:42:54.234Z,raw/kolkata/2026-08/posts.jsonl#L923
kolkata,t3_1vss0dv,2026-08-19T16:51:02.417Z,Intrepid-Reading-954,"Ekta gombhir post, about my opinion on ""friendships"". Do give it a read","""I love low maintenance friendships. You just meet people after years and it’s still the same” If you are someone who says this or resonates with this sentence, I just need you to read this and then tell me if it has changed the way you look at it. I heard somewhere, that today’s age is the period where people are most connected with each other, yet everyone is the loneliest versions of themselves. And I think that stayed with me. Lately, people confuse communication with visibility. You see everyone’s posts and stories whenever you open Instagram, and think you’re in ‘touch’ with them. People send you a few reels, you react with an emoji, and call it communicating. Or even worse, you think just because you *were* close with someone when you were in college, because you saw them daily back *then*, you still share the same bond with them now, even when you cannot even recall their last name now. And then put on it, a tag of “low-maintenance friendship”. Personally, I have faced this a lot. People thinking that despite going AWOL for half a decade, the bond still remains the same. But my introvert brain does not work like that. Even if a person used to be my closest aide during my toddler phase or when I was a pre-teen, it would still take me a good amount of time to warm up to them if we meet after an year or so. But this is an entirely me problem( I still do hope there are some people like me out there). The main problem is, people have refused to do the bare minimum, like checking up on their friends occasionally and call it some fancy term they heard on the internet. Now , it is very obvious that people have become busier as well. Everyone’s got their “8 hours of productive work, 2 hours at the gym, 3 hours into the side-business” and so much more, and while there is nothing wrong with this setting, what gets pushed aside is the genuine human connections that people have replaced with endless scrolling, and hence, it feels like we are stuck in a loop. And somehow, this is very normal. Someone going out of their way to do something for someone else is labelled “too much”. It does not mean going out everyday with someone, or having them come over every weekend, just for the friendship to feel real. It could just be something as simple as checking in on them by calling to just say “HI”. Or even, something even simpler, like responding to their texts on time, or maybe just listening when people are talking to you about something they find interesting or exciting. Again, does not mean you have to have your phone in your hand 24/7. This comes from personal first-hand experience that leaving people on delivered for days and weeks when they just genuinely wanted to talk to you, or worse, needed you at their vulnerable moment, is straight-up **RUDE.** Nobody is that busy that they cannot revert in a few days. In the earlier times, people used to sit down and write pages for their loved ones, and make an effort to make sure it reached the right person. Now that there is the benefit of technology in our hands, we cannot even bother to spare a minute to just text or call back? So, essentially, technology is making us lazier? Now, I hope you do not come up to me and say, “but I think you’re just terrible at making friends , because me and my gang are just doing fine” . Just because you are okay with complete silence and not communicating unless you need something from someone does not make it okay for everyone else. Humans are social creatures and we thrive on connections. You can survive without interacting with a single soul on your days in and days out, but is it really worth living a life like that? I really really hope, people realize that this entire “low-maintenance friendship” is just another socially acceptable title under the garb of which people who do not want to interact with another human being just out of curiosity , but reach out only when it is necessary for them to do so, hide.",,text,1,,10,https://www.reddit.com/r/kolkata/comments/1vss0dv/ekta_gombhir_post_about_my_opinion_on_friendships/,,,,,,,False,False,470957,0,26,2026-08-27T08:43:36.877Z,raw/kolkata/2026-08/posts.jsonl#L960
kolkata,t3_1vssnbx,2026-08-19T17:13:24.942Z,Dimension_distractor,"(M20) Just bored!, Anyone here for just chitchats or wanna be friends?","Hi there, just bored due, anyone up for chats or wanna be good friends? Read more",,text,0,,6,https://www.reddit.com/r/kolkata/comments/1vssnbx/m20_just_bored_anyone_here_for_just_chitchats_or/,,,,,,,False,False,470957,0,26,2026-08-27T08:43:36.460Z,raw/kolkata/2026-08/posts.jsonl#L956
kolkata,t3_1vssqiy,2026-08-19T17:16:30.613Z,SunJumpy7842,25–30 Social Group for uncle s and aunty s here,"Thinking of making a Telegram group for people aged 25–30 who are looking to meet new people, make friends, and occasionally get out of the usual work-life routine. Nothing too serious or forced just a chill group where we can talk about life, work, relationships, random experiences, movies, games, travel, or literally whatever's on our minds. 😄 We can also plan movie nights, café hopping, dinners, weekend outings, game nights, and random meetups whenever enough people are interested. The idea is simply to have a group of people around the same age who are actually interested in meeting and socialising, not just collecting people in a dead GC. 😂 If you're 25–30 and from/around Kolkata and this sounds like your kind of thing, comment or DM me and I'll share the Telegram link. 👀 Read more",,text,21,,101,https://www.reddit.com/r/kolkata/comments/1vssqiy/2530_social_group_for_uncle_s_and_aunty_s_here/,,,,,,,False,False,470957,0,26,2026-08-27T08:40:53.078Z,raw/kolkata/2026-08/posts.jsonl#L833
kolkata,t3_1vssxub,2026-08-19T17:23:31.592Z,viswaguru,Aaj accident hoyei gelo amar,"Notun bike kinechilam last month e , Honda Cb350c bes valo vabe smoothly aste aste constant speed e chalabo bole and chalai o , no rush just dug dug . Kintu ki bolbo rasta ghate kemon je lokjon gari chalai , bikele chinar park signal ta khullo and kichudur jacchi hotat kore akta gari brake marlo karon tar ager gari ta cut mere berote geche , aar ki ami bike er brake ta marlam kintu aar ki se darai garir pechone dhakka laglo aar ami superman. Jak Ma ek kripa aar helmet er jonno kono chot lageni , kintu bike tar durdosha hoye gelo , soja service center e park holo 1 mas er bike. Ebar mone hoy na maa ar bike niye ofc jete debe, tai aar ki bolbo. Jak ja hoyeche hoye geche , eyi jatrai beche gelam.",,text,1,,8,https://www.reddit.com/r/kolkata/comments/1vssxub/aaj_accident_hoyei_gelo_amar/,,,,,,,False,False,470957,0,26,2026-08-27T08:45:47.409Z,raw/kolkata/2026-08/posts.jsonl#L987
kolkata,t3_1vst3y7,2026-08-19T17:29:25.794Z,jibonto_laas,58 DAYS left till Durga Puja. Sobar kena kata sesh? Pujo barshiki porbe?,"Amar ei bochor onek khorcha geche. Prothome Sealdah e jabar pothe aachhar khelam. tate mobile and tab bhenge gelo. Er por ekta legal jhemala te britha kichu taka gelo. tarpor aro onek kichu. Tao max theke nijer jonyo and cheler jonyo kichu jinis kinlam. Ekta game o kinlam. Mortal Shell 2. Steam theke. Mortal Shell 1 er theke onek besi streamlined. the 72 hour early access was worth it. Ekta pujo barshiki o kinbo. Sunchi koekta naki berieche. tobe eto age kinbo na. September e kinbo. Hopefully sobar agami din gulo bhalo katbe. ei 58din... dekhte dekhte jabe. lol BTW ... I think abaro golpo lekhar contest hobe maybe. Moderator der kache request... abar ami ekta gift sponsor korbo. Je jitbe take. Apart from standard prize. eta ami nije theke extra debo. Amra Rabindranath Tagore, Rishi Bankim, Sarat Chandra Chattopadhyay r desher lok. Golpo lekha / kobita lekha.. sobkichukei to encourage korte hobe. Sutorang ektu encouragement pele jodi bhalo lekha pai.. tahole to win win situation. thanks for reading my rambling.",,text,12,,10,https://www.reddit.com/r/kolkata/comments/1vst3y7/58_days_left_till_durga_puja_sobar_kena_kata_sesh/,,,,,,,False,False,470957,0,26,2026-08-27T08:41:14.767Z,raw/kolkata/2026-08/posts.jsonl#L875
kolkata,t3_1vst5da,2026-08-19T17:30:45.952Z,dead_2441139,Hey Part time singers 👋🏻,"I genuinely love connecting with people who love music and enjoy singing in their leisure time or even in the shower 😄 People with big hearts who don’t judge our singing skills, but instead appreciate the effort and encourage us to get a little better each day. Is there anybody else curious enough to wonder if the pooka-pookies🎀 singers of this world actually exist? 👀 If you’re one of those adorably curious souls like me, hands up pleaseee! Let’s see how many of us are secretly wondering about the same thing. 🫶🏻💗 Read more",,text,4,,35,https://www.reddit.com/r/kolkata/comments/1vst5da/hey_part_time_singers/,,,,,,,False,False,470957,0,26,2026-08-27T08:41:02.817Z,raw/kolkata/2026-08/posts.jsonl#L860
kolkata,t3_1vstcuj,2026-08-19T17:38:02.306Z,ag_section,"Tarpor ki cholche, pujor ki plan",Cholo 1 ghonta adda deya jak,,text,3,,29,https://www.reddit.com/r/kolkata/comments/1vstcuj/tarpor_ki_cholche_pujor_ki_plan/,,,,,,,False,False,470957,0,26,2026-08-27T08:40:54.808Z,raw/kolkata/2026-08/posts.jsonl#L853
kolkata,t3_1vstdm2,2026-08-19T17:38:46.677Z,Cautious_Image_8383,I don't sing much. It's just a cover,I thought I saw your face today. I am not a full fledged singer but I tried . I am from Kolkata btw Read more,,video,14,,19,https://www.reddit.com/r/kolkata/comments/1vstdm2/i_dont_sing_much_its_just_a_cover/,,,,,,,False,False,470957,0,26,2026-08-27T08:41:19.953Z,raw/kolkata/2026-08/posts.jsonl#L884
kolkata,t3_1vste5o,2026-08-19T17:39:17.957Z,reiinurheart,places i can study,hello im 17F and very new to kolkata. i want to study tomorrow outside my house but im not getting full information of places. like i want a place where i can go by metro. and preferably free wifi (not necessary). is there any place ?,,text,1,,33,https://www.reddit.com/r/kolkata/comments/1vste5o/places_i_can_study/,,,,,,,False,False,470957,0,26,2026-08-27T08:43:54.513Z,raw/kolkata/2026-08/posts.jsonl#L970
kolkata,t3_1vstm19,2026-08-19T17:47:07.725Z,Chao-mine,LPG gas distributor forcing to buy fire extinguisher,"When I went for kyc today, gas distributor (Vikas distributor- mahishbatan) was asking me to buy fire extinguisher ball for rs 999 along with hose pipe , I was not having that amount at that time , they told me ekyc cannot be completed and asked me to arrange money and come back tomorrow, asking for opinion is it really mandatory to buy these ? Read more",,text,2,,11,https://www.reddit.com/r/kolkata/comments/1vstm19/lpg_gas_distributor_forcing_to_buy_fire/,,,,,,,False,False,470957,0,26,2026-08-27T08:41:03.885Z,raw/kolkata/2026-08/posts.jsonl#L868
kolkata,t3_1vsttm8,2026-08-19T17:54:16.719Z,Illustrious_Issue763,Brand New Day at my school in kolkata,,,video,8,,1,https://www.reddit.com/r/kolkata/comments/1vsttm8/brand_new_day_at_my_school_in_kolkata/,,,,,,,False,False,470957,0,25,2026-08-27T08:40:53.500Z,raw/kolkata/2026-08/posts.jsonl#L834
kolkata,t3_1vsu3cj,2026-08-19T18:03:38.924Z,Far-Acanthaceae-4947,Need buffet recommendations,"Requirements : Price - 600 or under. ( Can push to 700 max) Quality - well, it's a buffet, it's going to be average at best. Spread - not too short , but can't expect much at this price range . (Open to accept more expensive recommendations for later visits) Read more",,text,2,,1,https://www.reddit.com/r/kolkata/comments/1vsu3cj/need_buffet_recommendations/,,,,,,,False,False,470957,0,26,2026-08-27T08:41:02.099Z,raw/kolkata/2026-08/posts.jsonl#L859
kolkata,t3_1vsu3mg,2026-08-19T18:03:54.489Z,TritiyaPandav,East Bengal in the finals of Durand Cup 2026. Congratulations 🎉,,,image,41,,6,https://www.reddit.com/r/kolkata/comments/1vsu3mg/east_bengal_in_the_finals_of_durand_cup_2026/,,,,,,,False,False,470957,0,26,2026-08-27T08:42:50.490Z,raw/kolkata/2026-08/posts.jsonl#L919
kolkata,t3_1vsu5p4,2026-08-19T18:05:53.398Z,Accomplished-Scar513,Can someone suggest me a good story or novel available on Sunday Suspense?,Tell tell. Read more,,text,1,,11,https://www.reddit.com/r/kolkata/comments/1vsu5p4/can_someone_suggest_me_a_good_story_or_novel/,,,,,,,False,False,470957,0,26,2026-08-27T08:43:36.456Z,raw/kolkata/2026-08/posts.jsonl#L955
kolkata,t3_1vsu81b,2026-08-19T18:08:01.858Z,Nghtcrwlrr,আজকে রাতের গান ( ঝিকো ঝিকো- krosswindz),Channel link - https://youtu.be/HwoGG0Bzaug?si=JpJdjDN2VmIjWVqY Read more,,video,16,,3,https://www.reddit.com/r/kolkata/comments/1vsu81b/%E0%A6%86%E0%A6%9C%E0%A6%95_%E0%A6%B0%E0%A6%A4%E0%A6%B0_%E0%A6%97%E0%A6%A8_%E0%A6%9D%E0%A6%95_%E0%A6%9D%E0%A6%95_krosswindz/,,,,,,,False,False,470957,0,26,2026-08-27T08:42:28.132Z,raw/kolkata/2026-08/posts.jsonl#L905
kolkata,t3_1vsubgg,2026-08-19T18:11:19.000Z,Electrical_Yak2170,সাহিত্য ও ইতিহাসের কিছু দিক আছে যা নিয়ে কম কথা হয় সেরকম কিছু দিক ।,,,image,5,,1,https://www.reddit.com/r/kolkata/comments/1vsubgg/%E0%A6%B8%E0%A6%B9%E0%A6%A4%E0%A6%AF_%E0%A6%93_%E0%A6%87%E0%A6%A4%E0%A6%B9%E0%A6%B8%E0%A6%B0_%E0%A6%95%E0%A6%9B_%E0%A6%A6%E0%A6%95_%E0%A6%86%E0%A6%9B_%E0%A6%AF_%E0%A6%A8%E0%A6%AF_%E0%A6%95%E0%A6%AE_%E0%A6%95%E0%A6%A5_%E0%A6%B9%E0%A6%AF_%E0%A6%B8%E0%A6%B0%E0%A6%95%E0%A6%AE_%E0%A6%95%E0%A6%9B_%E0%A6%A6%E0%A6%95/,,,,,,,False,False,470957,0,26,2026-08-27T08:40:54.806Z,raw/kolkata/2026-08/posts.jsonl#L849
kolkata,t3_1vsvkiw,2026-08-19T18:55:28.800Z,No-Door9343,Where can i order customize same design cloth for husband wife and and baby for Annaprashana,Keu jedi jano please suggest koro Kolkata or any nearby places at cheap and best price,,text,1,,5,https://www.reddit.com/r/kolkata/comments/1vsvkiw/where_can_i_order_customize_same_design_cloth_for/,,,,,,,False,False,470957,0,26,2026-08-27T08:44:15.954Z,raw/kolkata/2026-08/posts.jsonl#L974
kolkata,t3_1vsvm6h,2026-08-19T18:57:07.492Z,Electrical_Yak2170,মরাল পুলিস।,"আমাদের মাথার ভেতরে একটা করে পুলিশ আছে, সে ঘুমিয়ে থাকে, তাকে খুন করা দরকার। জামা কাপড় আর শরীর দেখে মানুষ বিচার করার আগে, তাকে খুন করা দরকার। গানের প্লেলিস্ট আর এর সার্চ হিস্ট্রি দেখে মানুষ চিনে নেওয়ার আগে, তাকে খুন করা দরকার। চুল - নখ - মুখ আর কাটা ছেড়া দাগ দেখে মানুষ পড়ে ফেলার আগে, তাকে খুন করা দরকার। সিনেমা, সিরিয়াল দিয়ে মানুষ মেপে নেওয়ার ঠিক আগে, তাকে খুন করা দরকার। বই, গল্প, কবিতা, কাব্যগ্রন্থ চকচকে দার্শনিক মতাদর্শ দিয়ে টুটি টিপে ধরার আগে, তাকে খুন করা দরকার। উপাসনা ঘর নয়, আমার হিসি করার মতো একটা জায়গা চাই আমার তার আগে সব গুলোকে একসাথে খুন করা দরকার। Read more",,text,7,,0,https://www.reddit.com/r/kolkata/comments/1vsvm6h/%E0%A6%AE%E0%A6%B0%E0%A6%B2_%E0%A6%AA%E0%A6%B2%E0%A6%B8/,,,,,,,False,False,470957,0,0,2026-08-27T08:40:53.591Z,raw/kolkata/2026-08/posts.jsonl#L835
kolkata,t3_1vsvr9m,2026-08-19T19:01:56.625Z,Sad_Move_5751,Where can I get this?,"I found this cloak online, it looks dope af! however it is no more available online does anyone know where can i get this in any local shops? or any other platform? Read more",,text,1,,0,https://www.reddit.com/r/kolkata/comments/1vsvr9m/where_can_i_get_this/,,,,,,,False,False,470957,0,26,2026-08-27T08:43:36.460Z,raw/kolkata/2026-08/posts.jsonl#L954
kolkata,t3_1vsw2sx,2026-08-19T19:13:27.357Z,BorrowedSpacetime,Where can i buy Dr Coats in Kolkata?,I know this might not be the best place to post this but can you guys tell me where can i get dr coats in Kolkata. Read more,,text,1,,5,https://www.reddit.com/r/kolkata/comments/1vsw2sx/where_can_i_buy_dr_coats_in_kolkata/,,,,,,,False,False,470957,0,26,2026-08-27T08:43:19.095Z,raw/kolkata/2026-08/posts.jsonl#L946
kolkata,t3_1vswama,2026-08-19T19:21:07.795Z,Straight-Shake-1105,"Want to know about a bengali audio story name , maybe it was released on mirchi bangla.","I think the audio story was from mirchi bangla audio story channel . The story is a boy fell in love with a girl in his college and they talk via call , but the twist is the girl has twin sister and whom the boy see and like was mute so her twin sister talk to him via call but in this way her non mute sister fell in love with the boy and went to meet him. Now tell me which story it is. I can remember something like this",,text,2,,2,https://www.reddit.com/r/kolkata/comments/1vswama/want_to_know_about_a_bengali_audio_story_name/,,,,,,,False,False,470957,0,26,2026-08-27T08:40:53.929Z,raw/kolkata/2026-08/posts.jsonl#L839
kolkata,t3_1vswujm,2026-08-19T19:41:19.674Z,SignificantBite87841,"অনেকদিন aage দেখা ekta জিনিষ ,","Ei kodin aage Kolkata te khub brishti holo , সেদিন খবরে dekhaachilo ki patient party k stretcher e patient k suiye stretcher টানছে? That too in a government hospital, not naming it for obvious reasons. Kintu government hospital r to ekhono private গুলোর cheye অনেক besi সম্মান for better treatment ,less fees etc . Like ami জানতাম ei stretcher r ব্যাবস্থা ওয়ার্ড boy/ ambulance driver ra kore এইটাই ki নিয়ম? Just a little curious Read more",,text,0,,2,https://www.reddit.com/r/kolkata/comments/1vswujm/%E0%A6%85%E0%A6%A8%E0%A6%95%E0%A6%A6%E0%A6%A8_aage_%E0%A6%A6%E0%A6%96_ekta_%E0%A6%9C%E0%A6%A8%E0%A6%B7/,,,,,,,False,False,470957,0,26,2026-08-27T08:43:35.845Z,raw/kolkata/2026-08/posts.jsonl#L952
kolkata,t3_1vswynu,2026-08-19T19:45:32.078Z,Swimming_Power5319,আজকের রান্না দেখে মনে হচ্ছে ডায়েট শব্দটাই অভিধান থেকে মুছে ফেলি। ঘরোয়া রান্নার কাছে পাঁচতারা হোটেলও হার মানবে!,আমি রান্না করতে পারি এবং খাদ্যপ্রিয় লোক..এটা কি বিয়ের বাজারে কয়েকটা অতিরিক্ত পয়েন্ট যোগ করবে..ভবিষ্যৎ স্ত্রী নিশ্চয়ই খুশি হবে... বলুন? 😋😂 Read more,,image,18,,8,https://www.reddit.com/r/kolkata/comments/1vswynu/%E0%A6%86%E0%A6%9C%E0%A6%95%E0%A6%B0_%E0%A6%B0%E0%A6%A8%E0%A6%A8_%E0%A6%A6%E0%A6%96_%E0%A6%AE%E0%A6%A8_%E0%A6%B9%E0%A6%9A%E0%A6%9B_%E0%A6%A1%E0%A6%AF%E0%A6%9F_%E0%A6%B6%E0%A6%AC%E0%A6%A6%E0%A6%9F%E0%A6%87_%E0%A6%85%E0%A6%AD%E0%A6%A7%E0%A6%A8_%E0%A6%A5%E0%A6%95_%E0%A6%AE%E0%A6%9B_%E0%A6%AB%E0%A6%B2_%E0%A6%98%E0%A6%B0%E0%A6%AF/,,,,,,,False,False,470957,0,25,2026-08-27T08:42:54.605Z,raw/kolkata/2026-08/posts.jsonl#L928
kolkata,t3_1vswz0d,2026-08-19T19:45:54.565Z,Puzzleheaded_Deal792,Relationship advice dewar din yaa,Jodi kono rokom relationship advice chai comment box r dm khola ache🌚. Bolun ar somadhan paan,,text,3,,34,https://www.reddit.com/r/kolkata/comments/1vswz0d/relationship_advice_dewar_din_yaa/,,,,,,,False,False,470957,0,26,2026-08-27T08:40:53.933Z,raw/kolkata/2026-08/posts.jsonl#L841
kolkata,t3_1vswz74,2026-08-19T19:46:07.387Z,Mysterious-Volume880,Best Places to Find Affordable Books in College Street?,"I’m going to College Street tomorrow. I’ve been there many times before, but I’ve never really explored it properly. As a bibliophile I’d love to explore the place more, so if you know of any good spots or particular areas where I can find good books at reasonable prices, please let me know. The last few times I visited I felt like the book prices were a bit high so I’m especially looking for places with reasonably priced or second hand books. Any suggestions would be appreciated.",,text,2,,2,https://www.reddit.com/r/kolkata/comments/1vswz74/best_places_to_find_affordable_books_in_college/,,,,,,,False,False,470957,0,26,2026-08-27T08:42:57.750Z,raw/kolkata/2026-08/posts.jsonl#L934
kolkata,t3_1vsx35g,2026-08-19T19:50:18.107Z,anxious-phenomenon,Ajke chaand ta aladai pretty lagchilo ✨,,,image,8,,1,https://www.reddit.com/r/kolkata/comments/1vsx35g/ajke_chaand_ta_aladai_pretty_lagchilo/,,,,,,,False,False,470957,0,26,2026-08-27T08:42:29.564Z,raw/kolkata/2026-08/posts.jsonl#L909
kolkata,t3_1vsx44c,2026-08-19T19:51:19.122Z,SensitiveDriver5739,Businessmen working in Sikkim,"Hello fellow businessmen I am looking for people who are native Bengali but running their business in Sikkim Pls hit my dms I wanted to know,if you ppl are running a restaurant,do u have fssai license under ur name or someone native to Sikkim. Read more",,text,1,,1,https://www.reddit.com/r/kolkata/comments/1vsx44c/businessmen_working_in_sikkim/,,,,,,,False,False,470957,0,26,2026-08-27T08:43:35.441Z,raw/kolkata/2026-08/posts.jsonl#L951
kolkata,t3_1vsx5ub,2026-08-19T19:53:06.500Z,Safe-Rise-4790,Why this song is so underrated?,For me this is a lovely romantic song! Don't know why it has very few views! Read more,,image,0,,9,https://www.reddit.com/r/kolkata/comments/1vsx5ub/why_this_song_is_so_underrated/,,,,,,,False,False,470957,0,26,2026-08-27T08:44:18.242Z,raw/kolkata/2026-08/posts.jsonl#L976
kolkata,t3_1vsxl7w,2026-08-19T20:08:31.205Z,nonamevro,Apparently threatening students in the name of God is called 'nationalism',"All hell has broken loose. Simply identifying yourself as a Jadavpur University student is now enough to get you brutally assaulted and getting tagged as 'anti-nationals' and 'terrorists' by BJP-RSS-ABVP mobs Tonight, two JU students entering Gate No. 1 of the university were approached and interrogated by a group of these goons. The moment they confirmed they were from JU, the mob brutally attacked them. In the terrifying chaos that followed, one of the students even went missing for an hour. Meanwhile, the terrorization wasn't just confined to the streets. In a completely unprovoked attack, ABVP JU Unit President Nikhil Das entered the campus itself and inflicted violence on students who were peacefully conducting an ongoing General Body (GB) meeting. This planned terrorization of college campuses by these fascist forces has crossed all limits, and it is an open attack on our fundamental right to safe campus spaces, free speech, and democratic student organization. These coordinated assaults are not isolated incidents; they are a calculated attempt to instill fear and crush the progressive, dissenting spirit that Jadavpur University has always stood for. Read more",,video,50,,4,https://www.reddit.com/r/kolkata/comments/1vsxl7w/apparently_threatening_students_in_the_name_of/,,,,,,,False,False,470957,0,25,2026-08-27T08:44:12.728Z,raw/kolkata/2026-08/posts.jsonl#L973
kolkata,t3_1vsygc6,2026-08-19T20:39:59.195Z,Sad-Competition-8512,আজ পর্যন্ত স্কুল কলেজ ভাঙচুর করার অধিকার একটা পার্টি তথা ধর্ম প্য়েছে,"Jadavpur, arabinda bhavan is under attack by ABVP goons Read more",,video,467,,102,https://www.reddit.com/r/kolkata/comments/1vsygc6/%E0%A6%86%E0%A6%9C_%E0%A6%AA%E0%A6%B0%E0%A6%AF%E0%A6%A8%E0%A6%A4_%E0%A6%B8%E0%A6%95%E0%A6%B2_%E0%A6%95%E0%A6%B2%E0%A6%9C_%E0%A6%AD%E0%A6%99%E0%A6%9A%E0%A6%B0_%E0%A6%95%E0%A6%B0%E0%A6%B0_%E0%A6%85%E0%A6%A7%E0%A6%95%E0%A6%B0_%E0%A6%8F%E0%A6%95%E0%A6%9F_%E0%A6%AA%E0%A6%B0%E0%A6%9F_%E0%A6%A4%E0%A6%A5_%E0%A6%A7%E0%A6%B0%E0%A6%AE_%E0%A6%AA%E0%A6%AF%E0%A6%9B/,,,,,,,False,False,470957,0,26,2026-08-27T08:40:15.191Z,raw/kolkata/2026-08/posts.jsonl#L783
kolkata,t3_1vsylmx,2026-08-19T20:45:20.296Z,Sea_Paramedic7392,Care Health Insurance Enquiry,"I have taken this policy through policybazaar for 2 years. Now it's due for renewal . 2 days left for renewal. Few days ago when I checked, my total coverage was showing 21 lac....now it's showing 14 lac. I have done no claim for 2 years. I should get NCB. Can someone explain to me what happened?? What should be my actual coverage after renewal including No Claim Bonus ?",,image,1,,1,https://www.reddit.com/r/kolkata/comments/1vsylmx/care_health_insurance_enquiry/,,,,,,,False,False,470957,0,26,2026-08-27T08:43:36.878Z,raw/kolkata/2026-08/posts.jsonl#L961
kolkata,t3_1vt0y11,2026-08-19T22:14:52.123Z,MortgageWestern5044,"Good, Non judgemental Gynaecologist in Kolkata","Please suggest a non judgemental, easy to talk, friendly preferably female Gynaecologist in North Kolkata for period related problems.",,text,1,,6,https://www.reddit.com/r/kolkata/comments/1vt0y11/good_non_judgemental_gynaecologist_in_kolkata/,,,,,,,False,False,470957,0,26,2026-08-27T08:40:54.808Z,raw/kolkata/2026-08/posts.jsonl#L852
kolkata,t3_1vt1bcq,2026-08-19T22:29:27.398Z,preyashu666,Finally pulled the Trigger,"After 3 years of saving, planning, and constantly second-guessing myself through one of the craziest RAM and SSD pricing periods… I finally built my dream gaming PC. This isn’t just a machine to me — it’s something I’ve wanted since I was a kid. Back then, even the idea of having a powerful gaming setup felt out of reach. Watching others play, imagining what it’d be like… yeah, this is that dream finally catching up to reality. Specs: * Ryzen 7 9800X3D * RTX 5080 * 32GB RAM * 1TB SSD * B850 Gaming X motherboard * Corsair Nautilus ARGB 360 cooler * Antec C8 cabinet * Corsair 850W Gold PSU * Samsung Odyssey G5 oled It took patience, discipline, and a lot of resisting the urge to settle early. There were moments I almost gave up or went for something cheaper, but I’m really glad I held on. Booting it up for the first time honestly felt surreal. That inner kid is very, very happy right now. Would love to hear what you guys think — and if you’ve had a similar “finally made it” build story. And let me know what games you like playing 🤘 Read more",,image,259,,110,https://www.reddit.com/r/kolkata/comments/1vt1bcq/finally_pulled_the_trigger/,,,,,,,False,False,470957,0,26,2026-08-27T08:40:31.555Z,raw/kolkata/2026-08/posts.jsonl#L802
kolkata,t3_1vt2exf,2026-08-19T23:14:15.927Z,iscrappedthe_data,Jadavpur University was attacked by RSS and BJP goons in the middle of night around 2-2:30am. Around 30 students have been locked in Aurabindo bhavan. In the whole university bjp / rss goons have entered with multiple bikes and started vandalising in multiple places of campus,,,video,246,,41,https://www.reddit.com/r/kolkata/comments/1vt2exf/jadavpur_university_was_attacked_by_rss_and_bjp/,,,,,,,False,False,470957,0,25,2026-08-27T08:40:13.923Z,raw/kolkata/2026-08/posts.jsonl#L779
kolkata,t3_1vt6its,2026-08-20T02:12:52.072Z,hijo_putajones,NEW ARTIST ALERT : POKA,"I have found this very interesting artist from Kolkata, called Poka . I found them from on Instagram ,@Andizzymag list of Best Songs for India Change released on Independence day. Their music caught my attention and it is refreshing to see modern Bangla sound from the city. Let me know in the comments if you find them interesting. Sharing a link to one of their songs.",,link,0,,2,https://www.reddit.com/r/kolkata/comments/1vt6its/new_artist_alert_poka/,https://youtu.be/RK76AaJammg?si=isvzIuQGHDPyYKb6,youtu.be,,,,,False,False,470957,0,26,2026-08-27T08:41:06.267Z,raw/kolkata/2026-08/posts.jsonl#L870
kolkata,t3_1vt708t,2026-08-20T02:34:51.088Z,No-Falcon9343,Svmcm Doubt,Can having a minor bank account cause bank verification for the SVMCM scholarship to fail? Do I need to convert it to a regular/major account first? Read more,,text,2,,4,https://www.reddit.com/r/kolkata/comments/1vt708t/svmcm_doubt/,,,,,,,False,False,470957,0,26,2026-08-27T08:40:47.466Z,raw/kolkata/2026-08/posts.jsonl#L822
kolkata,t3_1vt7d1y,2026-08-20T02:51:33.018Z,sheer-blanket,Shyty experience in a hotel !,"I booked a hotel called ""Hotel o city of joy"" from booking.com in emergency. It seemed the better one as per my budget, location requirements & no bad reviews. I even received a call from reception on when I will arrive and they sent me the location too. When I arrived later, first of all the entrance has an open drain. If rained heavily, the drain would obviously flood. Second it's actual name is ""Mahotsav inn."" At reception I paid the amount (almost 850₹ per night) and got dropped in my room. The room is not big. Rather compact. AC has no remote, it's automatic, hence you can imagine the cooling. Tv is not working. There are no curtains in the room. Window was east facing. Imagine being waked up by morning sunlight. The room is clean thankfully and survivable. I go back to reception to ask for wifi password and get a response, it's unavailable, coz of monsoon. Next time it will be available. I ask back why wasnt it removed from the app. First he made excuses that i should complaint at booking.com. then he stated ""we have told the hr to remove it but he isn't doing it since like weeks."" The wifi was working only at reception. He gave me the hr number. Reception guy was atleast polite.... H r/Manager goes by the name Dhananjay (pronounced as Dhanonjoy). Gave the same excuse. Blamed me on why I didn't inquired. (It's literally mentioned everywhere while booking, even on your card). On asking why not remove it from app, he said ""the app doesn't allow to update amenities without delisting the property. He will face loss because of this small inconvenience."" And he hung up. This is absolute bs. I literally paid full amount and was promised wifi. Am I not facing loss by them breaking part of their deal ? One can easily update amenities without having to delist the property. I called again and asked for either full or partial refund. He got loud, raged and hung up again. I go to reception and the reception is already talking with him. Excuse given was ""HR is in hospital."" I ask for refund and answers and response I get is ""we have another hotel in Salt Lake, it's of 2000₹ per night"" you can go there (after paying the extra amount)."" The mf HR didn't even acknowledge the inconvenience he caused. Well it was night and I could not go anywhere else, hence I had to stay despite having the urgent need for wifi. New receptionist arrive later and gave the same excuses. Property will face loss. It's monsoon. We have already said to hr to change it. On app one can't change amenities. Blah blah blah. He was like he can do nothing. This was so enraging. On asking them if someone else before me ever complained, he said no one as rarely anyone stays here for official work. If this is true then ""what are you doing people ? They are literally scamming people."" I asked him about what if someone goes to consumer court. He said ""the person will be a mahaan banda."" People at reception said they are not managers. HR is the manager who isn't available any time physically ever. The reception and HR stopped responding to my queries. I saw people complained about wifi after me, while checking out. If this was my home state i would have dragged him to consumer court but I'm here for some time only and less of time. The whole issue is not just about a amenty. But, rudeness of hr, non availability of part of deal (wifi), despite paying full amount for it, blaming me instead of acknowledgement of issue (told me that I should have inquired). Non responsiveness from hr and reception. Lying about inability to change the description on app. No sorry or compensation offered. Absolutely zero mobile tower inside the room. I can't call anyone. 📌 Hotel - Hotel O City of Joy / Mahotsav Inn. https://maps.app.goo.gl/BxhtkSWNwhJxPhLk9 https://maps.app.goo.gl/ShJAVUzYYsRCs3C4A Akhil Mistry Ln, Baithakkhana, Kolkata, West Bengal 700009 Platform used for booking - Booking.com HR / manager - Dhananjay. Read more",,image,3,,0,https://www.reddit.com/r/kolkata/comments/1vt7d1y/shyty_experience_in_a_hotel/,,,,,,,False,False,470957,0,25,2026-08-27T08:42:56.623Z,raw/kolkata/2026-08/posts.jsonl#L929
kolkata,t3_1vt86db,2026-08-20T03:30:41.397Z,DMSTAR1000,Is Anyone Selling Kanchan Kanya Ticket For 18th or 19th October??,I am asking for a friend and she really needs to go back to her home for Durgpuja. Read more,,text,0,,4,https://www.reddit.com/r/kolkata/comments/1vt86db/is_anyone_selling_kanchan_kanya_ticket_for_18th/,,,,,,,False,False,470957,0,26,2026-08-27T08:40:53.935Z,raw/kolkata/2026-08/posts.jsonl#L843
kolkata,t3_1vt8ac5,2026-08-20T03:36:06.018Z,pinkbarbie090907,Sagore Dutta Medical College Experience?,"I gave my NEET UG this year and am expecting Sagore Dutta or JNM Kalyani by state quota. Sagore Dutta is very close to my home, so it is preferable for me location wise but I am a bit hesitant about the academics and infrastructure. Can anyone who has studied in that college or been associated with it give me an overall review about the experience? Thing is, Kalyani is not that far away so I can still daily commute. That's why I don't want to sacrifice academics just for location. So is Sagore Dutta a good place to study?",,text,1,,6,https://www.reddit.com/r/kolkata/comments/1vt8ac5/sagore_dutta_medical_college_experience/,,,,,,,False,False,470957,0,25,2026-08-27T08:42:57.709Z,raw/kolkata/2026-08/posts.jsonl#L933
kolkata,t3_1vt8era,2026-08-20T03:42:23.338Z,No-Sandwich9091,Civic sense,"People just burn whatever they find on the street, starting from tyre to garbage and I don't completely blame the people. It's a mutual conscious decision by the public and the government. The government can do their part and then blame the people for it but they do not. They do not even collect the garbage and even if they do they just dump it somewhere else and forget cleaning the roads my lord. Then comes the people who could've been at least a little bit sensible but no they will obviously do however they want to do things. No law and order no civic sense no nothing. This country is an absolute shit hole. The moment I step out of my house and get into a bus it starts feeling like I've been working inside of a factory as a laborer for 5 hours now Read more",,text,1,,6,https://www.reddit.com/r/kolkata/comments/1vt8era/civic_sense/,,,,,,,False,False,470957,0,26,2026-08-27T08:40:53.939Z,raw/kolkata/2026-08/posts.jsonl#L842
kolkata,t3_1vt8gf4,2026-08-20T03:44:42.099Z,ilikepaneernomnom,20M going to Burma Burma with a girl I met on Reddit — how do I not make this awkward?,"So today I’m going to Burma Burma with a girl I met on Reddit. It’s not a date, just meeting someone I’ve been talking to. The thing is, I’ve literally never done anything like this before 😭. I’ve never gone to a fancy place to eat without my family. Usually I just chill with the boys at cheap places, eat whatever and save the money lol. So now I’m somehow supposed to sit in Burma Burma and act like I know what I’m doing 💀 I’m already stressed about the whole thing, and I have absolutely no idea what to order because I’ve barely had Burmese food before. How do I make sure it doesn’t get awkward? Any tips on what to order / how Burma Burma works / how to just be normal in this situation would be appreciated 😭 Read more",,text,7,,70,https://www.reddit.com/r/kolkata/comments/1vt8gf4/20m_going_to_burma_burma_with_a_girl_i_met_on/,,,,,,,False,False,470957,0,26,2026-08-27T08:44:41.501Z,raw/kolkata/2026-08/posts.jsonl#L981
kolkata,t3_1vt8qsz,2026-08-20T03:58:48.557Z,Ok_Requirement_8936,Is JU attacked ??,"Hi, some random video popped in my insta i don't know it's old or not that showing in midnight some people's attacked jadavpur university. Anyone know what is happening ??",,text,91,,46,https://www.reddit.com/r/kolkata/comments/1vt8qsz/is_ju_attacked/,,,,,,,False,False,470957,0,26,2026-08-27T08:42:26.911Z,raw/kolkata/2026-08/posts.jsonl#L902
kolkata,t3_1vt9kfd,2026-08-20T04:40:22.080Z,Adventurous-Pop-1989,Looking for women’s experiences with “conditional independence” in Indian families,"I’m working on a sociology project about a particular kind of feminism/parenting I’ve noticed in Indian families: parents who strongly encourage their daughters to study, build careers, and become successful, but still expect major life decisions to remain under their control. Basically, the attitude of “Of course you can achieve anything you want, as long as you listen to us.” I’m interested in hearing from women who have experienced something like this. For example: - Were you encouraged to study and have a career but restricted in other areas? - Did your family support your independence financially/academically but still control things like friendships, dating, clothing, travel, career choices, or where you could live? - Was this control usually framed as care, protection, safety, or “we know what’s best for you”? - Did becoming more educated or financially independent actually give you more freedom, or did the expectations simply change? - Did you ever feel that you were considered capable of succeeding in the world but somehow not capable of making your own decisions? - Did you notice a difference between how your family treated you and male siblings/cousins? I’m especially interested in experiences that aren’t simply “my family didn't let me study/work.” I'm looking at the more complicated situation where a family genuinely considers itself progressive and supports women's education and achievement, while still maintaining a strong degree of control over their daughters' personal lives. You don't have to share anything identifying, and I'm interested in both positive and negative experiences. I'm mainly trying to understand how women themselves perceive this dynamic rather than assuming what it feels like from the outside. Read more",,text,4,,7,https://www.reddit.com/r/kolkata/comments/1vt9kfd/looking_for_womens_experiences_with_conditional/,,,,,,,False,False,470957,0,26,2026-08-27T08:46:07.817Z,raw/kolkata/2026-08/posts.jsonl#L990
kolkata,t3_1vt9kvn,2026-08-20T04:41:03.297Z,Levarator_01,Is craze of UPI coming down,Few days I noticed that many shopkeepers and the fish market are removing UPI qr code. They now ask cash for business. Is it due to recent reforms in UPI. Will again cash flows in market. Also I have noticed sbi to implement free 4 transaction in UPI too. After 4 transactions they will implement charges. Read more,,text,0,,6,https://www.reddit.com/r/kolkata/comments/1vt9kvn/is_craze_of_upi_coming_down/,,,,,,,False,False,470957,0,26,2026-08-27T08:45:38.914Z,raw/kolkata/2026-08/posts.jsonl#L986
kolkata,t3_1vt9ntu,2026-08-20T04:45:27.553Z,TheLastEagle,Anyone else in their 30s feeling the pressure to get married just because everyone around them already is,"I'm in my early 30s, and lately I've realised that almost 90% of my friend circle is married, engaged, or about to get married. Some even became parents. And I'm genuinely happy for them. I attend their weddings, see their couple pictures, listen to them complain about married life and responsibilities. But sometimes, I do get this weird feeling. Not exactly that I want to get married immediately, but more like… am I falling behind? You know that feeling when everyone around you seems to be moving on to the next stage of life, and you're still standing there thinking, ""Wait, am I supposed to be doing this too?"" That's the part I'm struggling with. I do want to get married someday. I'm not someone who has completely given up on the idea of marriage or relationships. But I don't want to marry just because I'm in my 30s now. I don't want to start looking for a wife just because 90% of my friends have already found theirs. And honestly, I definitely don't want to get married because of FOMO (Fear Of Missing Out). I want to meet someone, get to know her properly, spend time with her, fall in love, and then think about marriage because I genuinely want to marry that person. Not because I'm getting older, not because everyone around me is married, and not because I'm scared of being the last single guy in the friend circle. There shouldn't be any other reason. Like, imagine choosing someone you're supposed to spend your entire life with just because everyone else around you is married and you're feeling left out. That sounds like a terrible reason to make such a huge decision. Thankfully, my parents are pretty supportive about all this. They're quite chill about my decision and don't constantly pressure me to get married. I had already made it clear to them that I'm not really someone who prefers the idea of an arranged marriage, and they respect that. They basically told me that it's my life and whenever I feel I've found the right person, they'll be happy for me. Sometimes I think maybe I'm being too relaxed about it, and other times I feel like maybe I should be more serious before it's ""too late."" Then I see another wedding invite and the cycle starts again. I don't know. Maybe I'm overthinking it. Just wondering if anyone else here feels the same way : you do want marriage, but you don't want to rush into it just because everyone else already did? Read more",,text,21,,61,https://www.reddit.com/r/kolkata/comments/1vt9ntu/anyone_else_in_their_30s_feeling_the_pressure_to/,,,,,,,False,False,470957,0,26,2026-08-27T08:40:38.269Z,raw/kolkata/2026-08/posts.jsonl#L816
kolkata,t3_1vt9ubr,2026-08-20T04:55:09.790Z,MIKU_S1MPP,Any place to buy ps5 digital in cheap,So is there any place from where I can get ps5 digital edition in cheap in Kolkata .. I don't mind second hand as well... Read more,,text,2,,9,https://www.reddit.com/r/kolkata/comments/1vt9ubr/any_place_to_buy_ps5_digital_in_cheap/,,,,,,,False,False,470957,0,26,2026-08-27T08:41:02.941Z,raw/kolkata/2026-08/posts.jsonl#L862
kolkata,t3_1vt9ucb,2026-08-20T04:55:10.899Z,ChequeMateX,So all Annapurna verification was just a big nothing burger,"The way the last month went by with so many deserving people not receiving it (according to the eligibility), especially the issue of 3 rooms in a house. Now just yesterday I saw a Axis Bank branch manager, a lawyer practicing at Barasat Court and an ICDS worker posting receiving it. It just irks me that so many daily wage workers and actual people who NEED it not receiving it but government is sending it to those who are taking just because government is providing. Read more",,text,17,,12,https://www.reddit.com/r/kolkata/comments/1vt9ucb/so_all_annapurna_verification_was_just_a_big/,,,,,,,False,False,470957,0,26,2026-08-27T08:40:37.497Z,raw/kolkata/2026-08/posts.jsonl#L812
kolkata,t3_1vt9z4v,2026-08-20T05:01:55.944Z,First_Insurance_6916,"Passport rejected due to mismatch of my late(dead) father's name in 10, 12th certificate, death certificate and adhar Card.",I know this is off topic but no one helped me on other subreddits. If you are from West Bengal please I formally request you to give some advice or any help. Thank you in advance Read more,,text,11,,31,https://www.reddit.com/r/kolkata/comments/1vt9z4v/passport_rejected_due_to_mismatch_of_my_latedead/,,,,,,,False,False,470957,0,26,2026-08-27T08:41:19.807Z,raw/kolkata/2026-08/posts.jsonl#L883
kolkata,t3_1vta1l6,2026-08-20T05:05:29.045Z,Nervous-Coast-9302,Does anyone interested in Playing Minecraft (modded or modpacks),For some little fun in busy life 🙂,,text,1,,1,https://www.reddit.com/r/kolkata/comments/1vta1l6/does_anyone_interested_in_playing_minecraft/,,,,,,,False,False,470957,0,26,2026-08-27T08:41:03.884Z,raw/kolkata/2026-08/posts.jsonl#L867
kolkata,t3_1vta2vy,2026-08-20T05:07:23.311Z,calliope_carcosa,What are some nice places to visit in Kolkata?,Mane saradin ghorar jonno plus bhalo khabar paoya jabe ase pase?,,text,3,,10,https://www.reddit.com/r/kolkata/comments/1vta2vy/what_are_some_nice_places_to_visit_in_kolkata/,,,,,,,False,False,470957,0,26,2026-08-27T08:43:18.423Z,raw/kolkata/2026-08/posts.jsonl#L945
kolkata,t3_1vtaejj,2026-08-20T05:24:58.080Z,lipidsynthesis,She made তালের ফুলুরি for me!!!,"কাল diet, আজ ছুটি।",,image,222,,41,https://www.reddit.com/r/kolkata/comments/1vtaejj/she_made_%E0%A6%A4%E0%A6%B2%E0%A6%B0_%E0%A6%AB%E0%A6%B2%E0%A6%B0_for_me/,,,,,,,False,False,470957,0,26,2026-08-27T08:40:06.029Z,raw/kolkata/2026-08/posts.jsonl#L756
kolkata,t3_1vtaezu,2026-08-20T05:25:40.224Z,TritiyaPandav,"Do Mohun Bagan have what it takes to reach the Durand Cup final, or will Northeast United pull off an upset? What’s your prediction for tonight?",,,image,21,,16,https://www.reddit.com/r/kolkata/comments/1vtaezu/do_mohun_bagan_have_what_it_takes_to_reach_the/,,,,,,,False,False,470957,0,26,2026-08-27T08:46:55.218Z,raw/kolkata/2026-08/posts.jsonl#L991
kolkata,t3_1vtanbb,2026-08-20T05:38:24.608Z,idkmanfuc,This Movie was way ahead of its time,Film name - Jana Aranya(The Middleman) 1976 by Satyajit Ray Read more,,video,90,,11,https://www.reddit.com/r/kolkata/comments/1vtanbb/this_movie_was_way_ahead_of_its_time/,,,,,,,False,False,470957,0,26,2026-08-27T08:40:20.414Z,raw/kolkata/2026-08/posts.jsonl#L795
kolkata,t3_1vtaz7s,2026-08-20T05:57:00.717Z,PreBooze,The JU case so far,,,image,146,,78,https://www.reddit.com/r/kolkata/comments/1vtaz7s/the_ju_case_so_far/,,,,,,,False,False,470957,0,0,2026-08-27T08:40:17.389Z,raw/kolkata/2026-08/posts.jsonl#L791
kolkata,t3_1vtb5bp,2026-08-20T06:06:13.109Z,No-Sandwich9091,The irony,Welp :),,image,28,,16,https://www.reddit.com/r/kolkata/comments/1vtb5bp/the_irony/,,,,,,,False,False,470957,0,26,2026-08-27T08:40:49.120Z,raw/kolkata/2026-08/posts.jsonl#L829
kolkata,t3_1vtb83f,2026-08-20T06:10:42.819Z,EmuAccomplished839,Anyone know any Free or Paid job / Placement Consultancy who provide me a decent suitable job..(MBA),Anyone know any Free or Paid job / Placement Consultancy who provide me a decent suitable job ...plz DM or anyone Have any reference in any reputed company plz dm me i will Pay my 1st month Salary ..,,text,1,,1,https://www.reddit.com/r/kolkata/comments/1vtb83f/anyone_know_any_free_or_paid_job_placement/,,,,,,,False,False,470957,0,26,2026-08-27T08:41:02.965Z,raw/kolkata/2026-08/posts.jsonl#L864
kolkata,t3_1vtbb44,2026-08-20T06:15:24.880Z,Fluffy_soul20,Core Memory unlocked,,,video,121,,8,https://www.reddit.com/r/kolkata/comments/1vtbb44/core_memory_unlocked/,,,,,,,False,False,470957,0,26,2026-08-27T08:40:27.598Z,raw/kolkata/2026-08/posts.jsonl#L799
kolkata,t3_1vtbg8c,2026-08-20T06:23:33.276Z,g-auravs,Small part time gig to offer for college students,"Hello everyone, I am a software engineer staying in Jadavpur, Kolkata. I am currently looking for students from around Jadavpur to connect. I am offering small gig to market some of my personal projects which are android applications already listed on the Play Store, and i am looking for someone who would help to market and increase the reach of the apps, to give them an initial push and increase their visibility. I can guide on how and where to market the apps. Please connect with me, and let's learn and earn together. Why college students? the apps i am trying to give a push are my personal projects, so I am not offering a salary kind of perks. just kinda pocket money for small gigs! How it'd benefit me and you? It'll help me have a portfolio of apps that has users actually using them. some of the apps also have ads integrated into them, so if it really clicks to a broad userset, it could be a long term gig for you. Some of my apps are: https://play.google.com/store/apps/details?id=com.gauravsingh.worth_it https://play.google.com/store/apps/details?id=com.gauravsingh.pomodoro One of my app which I made and marketted myself has now over 44k downloads. https://play.google.com/store/apps/details?id=com.gauravsingh.flutter_docs_unofficial but since I would like to focus more on development, hence trying to delegate this work of marketting. And I can guide how I did it previously. So, dm me and let's learn together! Read more",,text,8,,8,https://www.reddit.com/r/kolkata/comments/1vtbg8c/small_part_time_gig_to_offer_for_college_students/,,,,,,,False,False,470957,0,26,2026-08-27T08:43:27.187Z,raw/kolkata/2026-08/posts.jsonl#L950
kolkata,t3_1vtbrwn,2026-08-20T06:42:12.865Z,TheEasternKopite,Posting some more photos from my collection( please feel free to let me know if it's against the community rules),The undisputed king of the 'Ugly 5' - Lappet Faced Vulture at Masai Mara,,image,7,,3,https://www.reddit.com/r/kolkata/comments/1vtbrwn/posting_some_more_photos_from_my_collection/,,,,,,,False,False,470957,0,26,2026-08-27T08:40:54.803Z,raw/kolkata/2026-08/posts.jsonl#L848
kolkata,t3_1vtbwg5,2026-08-20T06:49:45.625Z,Stock_Register7056,Today is OP's Birthday,"Today is OP's 35th birthday. Took a leave from work, to clean up my library and paused down to reread this dystopian classic. When the year comes to an end, I usually go on to read dystopian literature. What better way to kick that off than this all-time classic. Happy reading folks! Read more",,image,41,,34,https://www.reddit.com/r/kolkata/comments/1vtbwg5/today_is_ops_birthday/,,,,,,,False,False,470957,0,26,2026-08-27T08:40:37.465Z,raw/kolkata/2026-08/posts.jsonl#L811
kolkata,t3_1vtcddv,2026-08-20T07:16:05.521Z,fuzugxudihcihvo,Anyone here orphan? Both parents are no more?,I am 24. I feel alone with no one left. Not that I was ever happy with family but now I feel lonely with no one physically around me. I feel like a ghost when I am home all day for multiple days. Anyone experienced in this?,,text,18,,14,https://www.reddit.com/r/kolkata/comments/1vtcddv/anyone_here_orphan_both_parents_are_no_more/,,,,,,,False,False,470957,0,26,2026-08-27T08:42:29.895Z,raw/kolkata/2026-08/posts.jsonl#L910
kolkata,t3_1vtcgql,2026-08-20T07:21:26.815Z,throwRA_Vera,Need Someone from LTM Kolkata,Ekhane keo LTM Kolkata a achen? Recruitment process niye kichu proshno chilo. HR is stalling. Need some clarity. Read more,,text,1,,0,https://www.reddit.com/r/kolkata/comments/1vtcgql/need_someone_from_ltm_kolkata/,,,,,,,False,False,470957,0,26,2026-08-27T08:40:47.619Z,raw/kolkata/2026-08/posts.jsonl#L823
kolkata,t3_1vtd23e,2026-08-20T07:57:13.911Z,DramaticBeauty0502,Kolkata Airport Road,"The rain and Metro construction works have made Kolkata International Airport Road, a mayhem!! Both sides of the road are terrible with potholes and muds. This road seems to be one major connector for other routes too, yet there seems to be no attention on it. With such roads, I doubt the airport will ever develop too. Also there are many places that rains and floods more than Kolkata city; yet nothing happens to their roads like it happens here every year with some rain. Either the contractors are using sub standard materials due to corruptions or something is badly designed by the town planning department. It’s so painful to see such state of the road and connections to airport. Leave the tourist; there are many out station crew members who gets layover in the city. They make fun out of it and nobody wish to get posted here even!! Your thoughts, people!?",,text,2,,0,https://www.reddit.com/r/kolkata/comments/1vtd23e/kolkata_airport_road/,,,,,,,False,False,470957,0,26,2026-08-27T08:42:40.364Z,raw/kolkata/2026-08/posts.jsonl#L913
kolkata,t3_1vtd9t4,2026-08-20T08:09:47.437Z,Agreeable-Singer325,My clicks from Sarobar,Edit korar name e just brightness kom korechi ar contrast bariyechi,,image,48,,11,https://www.reddit.com/r/kolkata/comments/1vtd9t4/my_clicks_from_sarobar/,,,,,,,False,False,470957,0,12,2026-08-27T08:40:13.582Z,raw/kolkata/2026-08/posts.jsonl#L772
kolkata,t3_1vtdgf4,2026-08-20T08:20:55.773Z,epikkme09,Finance degree options in West Bengal after 12th. Need advice,"Hi everyone! my qualifications - I’m currently in Class 12 ISC (PCMB) but I’ve always wanted to study Commerce/Finance. I have no interest in pursuing Science and want to switch to Finance for college. I’m also unsure about what career I want to pursue. I’m considering corporate finance, business development and eventually management but I don’t have a fixed career goal yet. I’m confused between BBA/BMS Finance and BSc Finance and I’m not sure whether I want to do an MBA later. I also cannot move out of West Bengal for college. I’m currently considering St. Xavier’s College Kolkata (Park Street). Could you please suggest: •Which degree would be better for my situation? •Good colleges in West Bengal •Entrance exams I can give •Affordable colleges or scholarship options Thanks!",,text,1,,10,https://www.reddit.com/r/kolkata/comments/1vtdgf4/finance_degree_options_in_west_bengal_after_12th/,,,,,,,False,False,470957,0,26,2026-08-27T08:43:18.422Z,raw/kolkata/2026-08/posts.jsonl#L943
kolkata,t3_1vtdzhs,2026-08-20T08:53:36.196Z,New-Play-2734,I searched “Bengali billionaire” and it just shows Marwari names. Are Bengalis really not business-minded?,,,image,132,,120,https://www.reddit.com/r/kolkata/comments/1vtdzhs/i_searched_bengali_billionaire_and_it_just_shows/,,,,,,,False,False,470957,0,26,2026-08-27T08:40:14.969Z,raw/kolkata/2026-08/posts.jsonl#L782
kolkata,t3_1vte01w,2026-08-20T08:54:33.635Z,Slow-Ad-2592,WBMCC CHOICE FILLING WHEN?,"few are saying it has started but then it hasn't , neither is there any notice on board. plz help and inform. Read more",,text,2,,1,https://www.reddit.com/r/kolkata/comments/1vte01w/wbmcc_choice_filling_when/,,,,,,,False,False,470957,0,26,2026-08-27T08:41:19.511Z,raw/kolkata/2026-08/posts.jsonl#L880
kolkata,t3_1vte1fy,2026-08-20T08:56:51.561Z,Willing_Animator8094,Good bakery here for custom cakes?,i need a really specific design made. its a bit hard its inspired by an art piece any bakers that can pull it off here? drop their ig please Read more,,text,1,,2,https://www.reddit.com/r/kolkata/comments/1vte1fy/good_bakery_here_for_custom_cakes/,,,,,,,False,False,470957,0,26,2026-08-27T08:40:52.648Z,raw/kolkata/2026-08/posts.jsonl#L831
kolkata,t3_1vte3mo,2026-08-20T09:00:32.023Z,Superneel1988,"We ""human"" need to take care of these bots..","I have seen this in meme pages.. I never expected to see bots adding engagement to legit news channel posts.. This is just an example.. 80% who loves avbp are fake profile / 0 post bots. There are some legit ones too.. I have captured them as well..same old jobless hate honuman pataka. Kamola chador maal Should nt we do something to remove these? I mean bjp upderstood something long back. Make it look like most people love Modi.. The undecided one will love him to for the trend.. They will call raga pappu to fit in the society.. Enjoy and tmc leaders being harrased and abused on road.. Because that's the trend.. I used to think Bengal is way more critical thinking, at least politicaly. But nah.. Cant say that any more.. This is just going out of hand.. Read more",,video,109,,26,https://www.reddit.com/r/kolkata/comments/1vte3mo/we_human_need_to_take_care_of_these_bots/,,,,,,,False,False,470957,0,26,2026-08-27T08:39:56.903Z,raw/kolkata/2026-08/posts.jsonl#L726
kolkata,t3_1vte7tp,2026-08-20T09:07:04.754Z,Feisty-Audience9670,Best way to travel from Konnagar to Madhyamgram. Need some help here.,"I got an exam on 27th and I need to be at madhyamgram by 7:30 am to 8:00 am... I am currently in Konnagar, Hooghly.... So if anyone knows the fastest route and it's gotta be early in the morning would be a huge help.",,text,1,,9,https://www.reddit.com/r/kolkata/comments/1vte7tp/best_way_to_travel_from_konnagar_to_madhyamgram/,,,,,,,False,False,470957,0,26,2026-08-27T08:40:47.682Z,raw/kolkata/2026-08/posts.jsonl#L825
kolkata,t3_1vte8ms,2026-08-20T09:08:23.527Z,iscrappedthe_data,Bjp is calling for mass violence in Jadavpur University,Source: https://youtube.com/shorts/Hi7NLC6_-os Read more,,video,321,,139,https://www.reddit.com/r/kolkata/comments/1vte8ms/bjp_is_calling_for_mass_violence_in_jadavpur/,,,,,,,False,False,470957,0,24,2026-08-27T08:40:05.484Z,raw/kolkata/2026-08/posts.jsonl#L752
kolkata,t3_1vtefxf,2026-08-20T09:20:20.302Z,Potential-Concert515,went again to do some shenanigans,goated place,,video,22,,7,https://www.reddit.com/r/kolkata/comments/1vtefxf/went_again_to_do_some_shenanigans/,,,,,,,False,False,470957,0,26,2026-08-27T08:40:53.680Z,raw/kolkata/2026-08/posts.jsonl#L836
kolkata,t3_1vtegda,2026-08-20T09:21:06.882Z,xINTERNx,Semi Govt colleges in west bengal (mbbs),"Hi, this year I’m likely to get a semi-govt college, so I had a few questions. Is hostel mandatory in semi-govt colleges, or can I stay outside the hostel/campus? Also, which colleges would you suggest keeping as priority among KPC, IQ City, ICARE, GIMS, JIMSH and SMC? Read more",,text,4,,14,https://www.reddit.com/r/kolkata/comments/1vtegda/semi_govt_colleges_in_west_bengal_mbbs/,,,,,,,False,False,470957,0,25,2026-08-27T08:42:44.733Z,raw/kolkata/2026-08/posts.jsonl#L915
kolkata,t3_1vtekus,2026-08-20T09:28:39.440Z,dreamer4400,Best breast surgeon,"Looking for a good breast surgeon in Calcutta, preferably female, but not necessarily. For breast lumps - fibroadenoma/cysts. I’d really appreciate hearing from anyone with personal experience or recommendations. Read more",,text,3,,3,https://www.reddit.com/r/kolkata/comments/1vtekus/best_breast_surgeon/,,,,,,,False,False,470957,0,25,2026-08-27T08:42:57.773Z,raw/kolkata/2026-08/posts.jsonl#L935
kolkata,t3_1vtenqz,2026-08-20T09:33:10.130Z,Fast_Flan3475,যমুনা,,,image,8,,2,https://www.reddit.com/r/kolkata/comments/1vtenqz/%E0%A6%AF%E0%A6%AE%E0%A6%A8/,,,,,,,False,False,470957,0,26,2026-08-27T08:40:38.033Z,raw/kolkata/2026-08/posts.jsonl#L813
kolkata,t3_1vteu0s,2026-08-20T09:43:14.500Z,Silent-Box-5387,Blast of Flavours ~ Doi Puchka,I literally get mesmerized when I put it in my mouth. All of my taste receptors get activated when this bomb blasts inside the mouth... Drooling 🤤 while writing... 10/10 What are your opinions Guess the location,,image,26,,2,https://www.reddit.com/r/kolkata/comments/1vteu0s/blast_of_flavours_doi_puchka/,,,,,,,False,False,470957,0,26,2026-08-27T08:40:18.505Z,raw/kolkata/2026-08/posts.jsonl#L792
kolkata,t3_1vtew6i,2026-08-20T09:46:31.993Z,imvijaygir,"One pictures says alot, ig",,,image,22,,2,https://www.reddit.com/r/kolkata/comments/1vtew6i/one_pictures_says_alot_ig/,,,,,,,False,False,470957,0,26,2026-08-27T08:40:20.300Z,raw/kolkata/2026-08/posts.jsonl#L794
kolkata,t3_1vtexvl,2026-08-20T09:49:16.368Z,ZoneLeather4934,Need some IEM recommendations,"Hey everyone, does anyone here know much about IEMs? I’m looking to buy one under ₹2,600 and would really appreciate some recommendations. I’ve shortlisted: - TANGZU Wan’er S.G 2 Jade Dragon Edition - Tanchjim Bunny - 7Hz Salnotes Zero - Moondrop Chu 2 Anyone who has experience with these, or can recommend something better around this price, please let me know! It’ll be my first IEM, so I’m pretty clueless about what to pick. 😅 Read more",,text,5,,30,https://www.reddit.com/r/kolkata/comments/1vtexvl/need_some_iem_recommendations/,,,,,,,False,False,470957,0,26,2026-08-27T08:43:47.265Z,raw/kolkata/2026-08/posts.jsonl#L968
kolkata,t3_1vteyyr,2026-08-20T09:51:09.580Z,Secret_Santa10,Looking for friends in Kaikhali,"Hey everyone! It’s been a while since I started living in Kaikhali, near Chiriya More. Since I’m here alone for work and don’t have many friends around, the days can get pretty boring—especially after a hectic day at the office and on weekends. Looking for someone who’d be interested in joining me for weekend trips, long drives, exploring new places, and, of course, good food! 😄 Would be great if you’re a foodie and love travelling, because I’m on a mission to try all the famous and underrated food spots around Kolkata. 🍗🍜❤️ If this sounds like your kind of vibe, feel free to ping me! 27M here.",,text,1,,1,https://www.reddit.com/r/kolkata/comments/1vteyyr/looking_for_friends_in_kaikhali/,,,,,,,False,False,470957,0,26,2026-08-27T08:43:17.740Z,raw/kolkata/2026-08/posts.jsonl#L942
kolkata,t3_1vtf543,2026-08-20T10:00:41.273Z,geminiman08,Suggest me some good TV shows or Movies.,"Well, I am a sucker for good stories and well written charecters Genres, I am into Sci Fi , thrillers , mystery , detective, action , adventure, fantasy. Lately, I've watched Fringe, Devs , Teach you a Lesson, Loki, Daredevil BA S02 (over the last few months) In movies Evil Dead Burn, Odyssey, MOTU, The Furious. Currently, I am watching Reacher S04",,text,1,,80,https://www.reddit.com/r/kolkata/comments/1vtf543/suggest_me_some_good_tv_shows_or_movies/,,,,,,,False,False,470957,0,26,2026-08-27T08:42:54.403Z,raw/kolkata/2026-08/posts.jsonl#L927
kolkata,t3_1vtf96k,2026-08-20T10:06:33.082Z,Mysterious-Lynx-5522,Serious advice needed,"My sister got married a few months ago. Unfortunately, the marriage has been extremely difficult from the beginning. There has been no physical intimacy between the couple since the marriage , and there are also serious issues with her husband’s behaviour and his family, particularly his mother. The biggest concern is that my sister has discovered that her husband may have concealed important personal/medical information before the marriage . She only became aware of some of these things after they were married. There is another issue that is harder to establish. Based on some old conversations she found and certain things she has come across, she has reason to believe that her husband may be attracted to men. He has never admitted this, and we obviously cannot say with certainty what his sexuality is based on social media, friends, or assumptions. However, some of the messages have made my sister question whether he knowingly withheld something significant from her before marriage. Obviously she’s or was the wife, the wife understands! This is so challenging, I mean duh. Read more",,text,46,,34,https://www.reddit.com/r/kolkata/comments/1vtf96k/serious_advice_needed/,,,,,,,False,False,470957,0,25,2026-08-27T08:42:41.273Z,raw/kolkata/2026-08/posts.jsonl#L914
kolkata,t3_1vtfcnn,2026-08-20T10:11:48.990Z,Efficient-Fun-4315,Need help regarding passport application,"Hi all. I'm a current resident of kolkata. But all my documents like aadhar, voter, pan are from native place. So when I am applying for passport they require house number and street name (Mandatory field). But as my native place is village area my house doesn't have a number and my road doesn't have a name. What should I do? I have tried calling the passport office but that was of no use.",,text,0,,1,https://www.reddit.com/r/kolkata/comments/1vtfcnn/need_help_regarding_passport_application/,,,,,,,False,False,470957,0,26,2026-08-27T08:40:47.425Z,raw/kolkata/2026-08/posts.jsonl#L821
kolkata,t3_1vtfcut,2026-08-20T10:12:07.650Z,Someofjalapeno,iPhone repair shop,"Heya! Anyone here knows a trusted iPhone repair shop. I want to replace the battery of my 11 pro. Looking for a trusted shop who can do this. I'm looking for shops apart from iphone service centers. If anyone knows, do give a shout. Thanks",,text,1,,8,https://www.reddit.com/r/kolkata/comments/1vtfcut/iphone_repair_shop/,,,,,,,False,False,470957,0,26,2026-08-27T08:40:58.486Z,raw/kolkata/2026-08/posts.jsonl#L857
kolkata,t3_1vtfr29,2026-08-20T10:33:28.980Z,Cold-Tonight8749,The untold truth,বড় হওয়ার জন্য ছোটোবেলার সবকিছুই খোয়া গেছে । যদি সত্যিই ফিরে পাওয়া যেতো তাহলে কি চাও ......,,image,32,,60,https://www.reddit.com/r/kolkata/comments/1vtfr29/the_untold_truth/,,,,,,,False,False,470957,0,26,2026-08-27T08:40:13.807Z,raw/kolkata/2026-08/posts.jsonl#L778
kolkata,t3_1vtfyzb,2026-08-20T10:45:11.557Z,Shuvayandg,Planning to go to Kumortuli tomorrow (Friday),"I am planning to click some photos in and around Kumortuli and I am planning to reach around 9-10 am. Anyone willing to hop in? 📸 PS:- Leaving Kolkata on this weekend. Hence not possible on Sat,Sun. Read more",,text,0,,8,https://www.reddit.com/r/kolkata/comments/1vtfyzb/planning_to_go_to_kumortuli_tomorrow_friday/,,,,,,,False,False,470957,0,26,2026-08-27T08:41:18.013Z,raw/kolkata/2026-08/posts.jsonl#L878
kolkata,t3_1vtgf3s,2026-08-20T11:07:46.551Z,Successful_Fix9377,What is your iphone wallpaper??,Hey,,text,6,,45,https://www.reddit.com/r/kolkata/comments/1vtgf3s/what_is_your_iphone_wallpaper/,,,,,,,False,False,470957,0,26,2026-08-27T08:40:35.775Z,raw/kolkata/2026-08/posts.jsonl#L809
kolkata,t3_1vtgome,2026-08-20T11:21:07.423Z,Independent_Laugh561,Hey anime watchers of this sub which Anime's opening song you guys love the most....,I personally love this one from Tokyo Ghoul.....,,image,46,,127,https://www.reddit.com/r/kolkata/comments/1vtgome/hey_anime_watchers_of_this_sub_which_animes/,,,,,,,False,False,470957,0,26,2026-08-27T08:42:29.923Z,raw/kolkata/2026-08/posts.jsonl#L911
kolkata,t3_1vth76z,2026-08-20T11:46:27.596Z,Lavender_Lotika,Op didn't know what to make so she took whatever was near her🤌🏻,Egg chicken fried rice for lunch 🤌🏻,,image,17,,34,https://www.reddit.com/r/kolkata/comments/1vth76z/op_didnt_know_what_to_make_so_she_took_whatever/,,,,,,,False,False,470957,0,26,2026-08-27T08:40:20.976Z,raw/kolkata/2026-08/posts.jsonl#L796
kolkata,t3_1vth7wo,2026-08-20T11:47:23.672Z,Active-Comedian-4475,Need help with maths minors from seniors or tuition teachers-,if drop a DM or comment if anyone willing to teach me for my maths minors any seniors or tuition teachers would be appreciated-,,text,2,,4,https://www.reddit.com/r/kolkata/comments/1vth7wo/need_help_with_maths_minors_from_seniors_or/,,,,,,,False,False,470957,0,26,2026-08-27T08:41:14.627Z,raw/kolkata/2026-08/posts.jsonl#L874
kolkata,t3_1vthpe1,2026-08-20T12:09:47.241Z,Character_Process_17,Has anyone watched the movie Keu Bole Biplobi Dakat? Genuine reviews pls?,Just the title.,,text,2,,8,https://www.reddit.com/r/kolkata/comments/1vthpe1/has_anyone_watched_the_movie_keu_bole_biplobi/,,,,,,,False,False,470957,0,26,2026-08-27T08:44:41.471Z,raw/kolkata/2026-08/posts.jsonl#L979
kolkata,t3_1vthxxi,2026-08-20T12:20:25.598Z,Sunthemoamoa,Me getting my feed swarmed with politics 🧏💦🫪,Sala pc accessories niye akta question likbo bhebe reddit download krolam ar app khule chokhe mutravisharjan hoye jacche. I know there are issues with politics in this country but bhai koto recommend korbi amar bpr barota bajiye dibi toh 😭 Read more,,image,40,,24,https://www.reddit.com/r/kolkata/comments/1vthxxi/me_getting_my_feed_swarmed_with_politics/,,,,,,,False,False,470957,0,26,2026-08-27T08:39:57.597Z,raw/kolkata/2026-08/posts.jsonl#L739
kolkata,t3_1vti98w,2026-08-20T12:34:19.593Z,Phurba654,"Azadi from what, exactly? Time to replace radical rhetoric with constructive dialogue.",Claiming to want 'freedom' in a free country: cheap political slogans doing nothing to solve actual policy issues. Read more,,video,0,,49,https://www.reddit.com/r/kolkata/comments/1vti98w/azadi_from_what_exactly_time_to_replace_radical/,,,,,,,False,False,470957,0,26,2026-08-27T08:43:42.225Z,raw/kolkata/2026-08/posts.jsonl#L966
kolkata,t3_1vtimlz,2026-08-20T12:50:51.000Z,ImaginationFull5643,পাড়ায় মহাদেবের ভোগ,Sponsered by local party office,,image,3,,2,https://www.reddit.com/r/kolkata/comments/1vtimlz/%E0%A6%AA%E0%A6%A1%E0%A6%AF_%E0%A6%AE%E0%A6%B9%E0%A6%A6%E0%A6%AC%E0%A6%B0_%E0%A6%AD%E0%A6%97/,,,,,,,False,False,470957,0,26,2026-08-27T08:40:58.487Z,raw/kolkata/2026-08/posts.jsonl#L856
kolkata,t3_1vtiqwv,2026-08-20T12:56:03.405Z,iscrappedthe_data,Media is trying to paint this as abvp-SFI clash but the reality is there is no clash students are inside their university and bjp/rss goons are trying to attack them from outside. There is nothing going on beside that. See the whole video and decide for yourself,Source: https://youtu.be/eg8v-uN1HEM Read more,,video,728,,112,https://www.reddit.com/r/kolkata/comments/1vtiqwv/media_is_trying_to_paint_this_as_abvpsfi_clash/,,,,,,,False,False,470957,0,25,2026-08-27T08:43:54.503Z,raw/kolkata/2026-08/posts.jsonl#L969
kolkata,t3_1vtj31w,2026-08-20T13:09:47.897Z,Wonderful-Pick-3408,"""Patients are our God"" and the sheer hypocrisy in practice","Today on my visit to Medical College Kolkata, I found a board saying the aforementioned however the unruly way of treating the patients were noteworthy. Please note, If you are a doctor reading this, I hope you're not one of these I am about to talk about. Inspite of a relatively shorter queue, I could notice that one of the treating doctors inside the chamber (There were three doctors in a single chamber) constantly looking outside through the door, at the queue while the patients inside were speaking. She was not even looking at the patient at hand for once and only focused on scribbling on the prescription or outside the door, as if counting how many patients left because at the end of the day, what proves them doctors is the number of prescriptions they hand out. Minimal level of empathy and sincerity towards patients, let alone treatment like God. They're treating each patient at ridiculous speed which they will justify citing population/volume. They're treating patients with minimal dignity, sometimes even yelling (I saw a young girl being yelled at by a senior doctor lady). The one treating me said ""we don't prescribe vitamins"" when I asked for some vitamins (Dermatology Department). People go to state infrastructure for check up which are paid for by our taxes but as one enters to avail the service, treatment given as if implying "" Free r chikitsha, jemon temon taratari charo!"" To any govt hospital doctor reading this, Try doing better! If you're already not involved in such lowly practice, then congratulations, we want more like you! Don't say we can't do anything and blame it on the system. Write to proper authorities trying to balance a healthy and dignified approach for both yourselves the patients even if that requires delayed appointments for a few patients but provides respectful and satisfactory service. Pushing to private sector doctors is again a hypocrisy that one must not do in the case described. Read more",,text,0,,113,https://www.reddit.com/r/kolkata/comments/1vtj31w/patients_are_our_god_and_the_sheer_hypocrisy_in/,,,,,,,False,False,470957,0,26,2026-08-27T08:40:54.805Z,raw/kolkata/2026-08/posts.jsonl#L850
kolkata,t3_1vtjuhc,2026-08-20T13:41:02.523Z,Opposite-Reporter695,"It's urgent, need some assistance","Hello, ami currently final year student (4th year 7th sem) and ami nijer placement season er jnne chintai achhi. 4 te interview te final round obdi gechhi but reject hyegchhi. Now yes ami mostly focused chhilm amar academics and ML and DSA te throughout my college, and serkm extensively project e work kri ni. Companies which are coming into our campus somehow wants web / javascript / backend. Erkm ta noi je idea nei but some of them are asking these questions in their technical assesments. Also lemme be genuine, amader puro college e prottek e tech assessment and OA cheating kre dei (so do I jegulo ghore bose dewa jai) but when it comes to under invigilation, the questions are sometime so hard je hote chai na. Ami jani na ei moment e ami amr preparation take kivbe proceed korbo, should I start quickly learning javascript / all, idk. I also had a 1300 rank in codeforces and over 300+ problems too, but setao rank haranor voi e ekta contest e cheating korar jnne full account suspended hye jai. Atp, I'm clueless ! As your lill bro, if anyone who can genuinely understand what's my situation right now, please tell me what should I do. It's not I wasted my college days, but nothing fully completed tbh and that's more dangerous may be. Amar ki kora uchit ekhn. Evbe hote thakle ami bekar bose jabo, and there are some family reasons amr opr onk responsibility achhe & lones to be compensated... (if anyone wanna see my resume I can send in dm) [Mostly ami aro furstated coz I wanna go home so badly, its almost about to be a year I didn't visited my home...] Read more",,text,1,,2,https://www.reddit.com/r/kolkata/comments/1vtjuhc/its_urgent_need_some_assistance/,,,,,,,False,False,470957,0,26,2026-08-27T08:43:47.093Z,raw/kolkata/2026-08/posts.jsonl#L967
kolkata,t3_1vtjzf6,2026-08-20T13:46:43.988Z,Caffeinated_Canvas,How to fake sickness,"I have smth tomorrow whixh i dont want to attend But i need to convince my mom dad that im so sick that i cant move The event is something big, which even a sick person wont miss.. so it needs to be v convincing that im extremely unwell.. how to fake it Give ideas",,text,0,,24,https://www.reddit.com/r/kolkata/comments/1vtjzf6/how_to_fake_sickness/,,,,,,,False,False,470957,0,26,2026-08-27T08:43:10.540Z,raw/kolkata/2026-08/posts.jsonl#L940
kolkata,t3_1vtk3kz,2026-08-20T13:51:11.988Z,mama_ooOOooO,BJP MLA Sarbori Mukherjee open called for violence before/during their attack on JU,"As an elected representative openly inciting violence, the least she deserves is a criminal lawsuit.",,link,64,,14,https://www.reddit.com/r/kolkata/comments/1vtk3kz/bjp_mla_sarbori_mukherjee_open_called_for/,https://youtu.be/s_zx-5v0RlY?si=K3P9hScg5r9jwMTk,youtu.be,,,,,False,False,470957,0,26,2026-08-27T08:40:41.085Z,raw/kolkata/2026-08/posts.jsonl#L818
kolkata,t3_1vtkce7,2026-08-20T14:00:48.262Z,eclipse-0711,Sell/Exchange Opeth Bangalore tickets,"Im looking to sell 2 GA tickets for Opeths bangalore event, or exchange both GA tickets for 1 Fanpit ticket. Read more",,text,3,,0,https://www.reddit.com/r/kolkata/comments/1vtkce7/sellexchange_opeth_bangalore_tickets/,,,,,,,False,False,470957,0,26,2026-08-27T08:40:35.147Z,raw/kolkata/2026-08/posts.jsonl#L806
kolkata,t3_1vtke27,2026-08-20T14:02:26.372Z,Jazzlike-Lie-7433,Anyone here from new barrackpore?,Need some information about the new barrackpore cooperative society. Read more,,text,0,,0,https://www.reddit.com/r/kolkata/comments/1vtke27/anyone_here_from_new_barrackpore/,,,,,,,False,False,470957,0,26,2026-08-27T08:41:09.961Z,raw/kolkata/2026-08/posts.jsonl#L873
kolkata,t3_1vtkxmh,2026-08-20T14:23:08.564Z,Mysterious_Tune_3529,"ABVP leader Nikhil Das is actually a convicted molestor from 2014. His molestation case gave rise to the famous “Hok Kolorob"" movement in Jadavpur University.",,,image,603,,62,https://www.reddit.com/r/kolkata/comments/1vtkxmh/abvp_leader_nikhil_das_is_actually_a_convicted/,,,,,,,False,False,470957,0,25,2026-08-27T08:39:37.604Z,raw/kolkata/2026-08/posts.jsonl#L674
kolkata,t3_1vtl1bl,2026-08-20T14:26:56.781Z,BoundbyChoice,Once again I am reaching out for suggestions,"Basically, ami Journalism and Mass communication niye porchi. R currently amr 7th sem cholche. (According to NEP, honours is of 4yrs, Graduation is of 3yrs). Atp, I want to earn. Earn mane ekta stable source of income chaichi. Ami Tech Mahindra te ekta offer pacchi BPO, contract 3months r salary 14,000/- Gotta pay my semester fees by 24th Aug. R ei taka ta diye dile ami 1yr mane next year August porjonto r kono job e apply korte parbo na karon amr Full Time course. Ami Journalism field ta te r thakte chaichi na. Bhabchilam HR, Talent Acquisition eisb er jonno apply korbo. Kintu bhalo mane decent ba reputed company te paid internship pacchi na ei muhurte. Tai bhablam BPO te try korbo. I feel terribly confused. Aage kichu pacchi na bole kannakati korchilam, ekhon peye kannakati korchi.",,text,3,,5,https://www.reddit.com/r/kolkata/comments/1vtl1bl/once_again_i_am_reaching_out_for_suggestions/,,,,,,,False,False,470957,0,26,2026-08-27T08:40:54.331Z,raw/kolkata/2026-08/posts.jsonl#L844
kolkata,t3_1vtla9l,2026-08-20T14:36:35.922Z,avocado185,Few minutes before this guy stole from our area,"If you have ever seen this person, let us or the police know and stay safe, this is a repeat offender as per some of our sources!! Area - Netaji Nagar, Naktala, Bansdroni Stolen items - Gas Cylinder, Laptop, Hard disk and miscellaneous personal items Check comment for a gif of a closeup shot... Date of theft - 13/08/2026 قراءة المزيد",,image,32,,5,https://www.reddit.com/r/kolkata/comments/1vtla9l/few_minutes_before_this_guy_stole_from_our_area/,,,,,,,False,False,470957,0,26,2026-08-27T08:41:02.943Z,raw/kolkata/2026-08/posts.jsonl#L863
kolkata,t3_1vtlc6c,2026-08-20T14:38:39.113Z,Astheredsgomarching,Kolkata has to be the best city when it comes to affordable food,"Was looking through Swiggy yesterday trying to keep dinner under rs 150 and got a egg chicken roll and a cold drink. And it wasn't even some sad budget food. Say what you will about Kolkata but when it comes to good food, this city know exactly how to do it without costing much. Also, thanks to the Swiggy discounts as well! 😅",,text,112,,37,https://www.reddit.com/r/kolkata/comments/1vtlc6c/kolkata_has_to_be_the_best_city_when_it_comes_to/,,,,,,,False,False,470957,0,26,2026-08-27T08:39:48.293Z,raw/kolkata/2026-08/posts.jsonl#L692
kolkata,t3_1vtlh8l,2026-08-20T14:44:16.450Z,Nonchalant225,Which brand’s ghee you use ?,"Amar maa ghore ghee banay but ota sesh hoy geche, abar bari jabo to niye asbo. Till then can you suggest some good ghee brands in Kolkata and nearby areas ? I tried jharna ghee but didn’t like it Read more",,text,0,,16,https://www.reddit.com/r/kolkata/comments/1vtlh8l/which_brands_ghee_you_use/,,,,,,,False,False,470957,0,26,2026-08-27T08:42:45.489Z,raw/kolkata/2026-08/posts.jsonl#L917
kolkata,t3_1vtljf0,2026-08-20T14:46:38.703Z,PatronousPulse,🎀🎀🎀,ice cream> Read more,,image,27,,10,https://www.reddit.com/r/kolkata/comments/1vtljf0/_/,,,,,,,False,False,470957,0,26,2026-08-27T08:39:57.125Z,raw/kolkata/2026-08/posts.jsonl#L736
kolkata,t3_1vtlkwa,2026-08-20T14:48:15.099Z,WayFinder_1_2_3,"""is it weird that I'm hunting for a roommate before I even have a seat-WBJELET 2026""","2k rank (general, outside WB) — locking in Heritage for ECE/CSE, prob. not rlly trying to overthink this ngl, just wanna know the actual ground reality before I show up — hostel life, social scene, profs worth impressing, all of it. also low-key hunting for a roommate for after admission, someone chill to split the room-hunt with instead of doing it solo. if ur already there / going there too, hmu — figuring this out with people > guessing blind 🤝 Read more",,text,1,,0,https://www.reddit.com/r/kolkata/comments/1vtlkwa/is_it_weird_that_im_hunting_for_a_roommate_before/,,,,,,,False,False,470957,0,26,2026-08-27T08:40:53.690Z,raw/kolkata/2026-08/posts.jsonl#L837
kolkata,t3_1vtlovu,2026-08-20T14:52:27.354Z,nek0ooo0,Not them standing on the logo of Jadavpur University to climb upon the campus gates,,,image,43,,12,https://www.reddit.com/r/kolkata/comments/1vtlovu/not_them_standing_on_the_logo_of_jadavpur/,,,,,,,False,False,470957,0,25,2026-08-27T08:40:08.724Z,raw/kolkata/2026-08/posts.jsonl#L765
kolkata,t3_1vtlqdz,2026-08-20T14:54:02.881Z,mama_ooOOooO,ABVP leader claims ABVP wasn't involved in JU attack,"According to him, it could've been anyone carrying an ABVP flag. Unfortunately, he can't condemn the violent episode either, calling it a ""spontaneous agitation"". Meanwhile BJP state president Samik Bhattacharya claimed ABVP has nothing to do with BJP, BJP has no student body. Interestingly, the local BJP MLA herself had publicly called for violence on JU. Read more",,link,72,,26,https://www.reddit.com/r/kolkata/comments/1vtlqdz/abvp_leader_claims_abvp_wasnt_involved_in_ju/,https://youtu.be/7SdLLU5Fveo?si=TNIDIgY4X2f0K9gA,youtu.be,,,,,False,False,470957,0,25,2026-08-27T08:39:49.997Z,raw/kolkata/2026-08/posts.jsonl#L712
kolkata,t3_1vtlqes,2026-08-20T14:54:04.372Z,Potential-Worry9682,Swollen Laptop Battery: suggest some good hardware shop,"I bought this laptop about 1.5 years ago, but since yesterday I’ve noticed that the touchpad area has started to swell. I contacted the HP service center, and they told me that replacing the battery would cost around ₹7,000. I’m not sure what to do. Should I get the battery replaced at the official HP service center, or would it be better to have it repaired at a local hardware shop? And if you any good hardware shop, where they don't scam please tell meeee( i live in Dumdum) Read more",,image,3,,24,https://www.reddit.com/r/kolkata/comments/1vtlqes/swollen_laptop_battery_suggest_some_good_hardware/,,,,,,,False,False,470957,0,26,2026-08-27T08:42:28.640Z,raw/kolkata/2026-08/posts.jsonl#L906
kolkata,t3_1vtmw33,2026-08-20T15:36:42.447Z,ZealousidealRuin2858,Looking for a reasonable hotel/homestay to stay in for a day in Kolkata . Budget is between 1k to 2k.. Any recommendations appreciated,Hi so I am looking for a budget friendly hotel/homestay for a day in Kolkata with a budget between 1k to 2k . I am here for an interview only and will leave the next day. Please suggest me some recommendations or platforms. Any help appreciated Read more,,text,1,,6,https://www.reddit.com/r/kolkata/comments/1vtmw33/looking_for_a_reasonable_hotelhomestay_to_stay_in/,,,,,,,False,False,470957,0,26,2026-08-27T08:43:01.536Z,raw/kolkata/2026-08/posts.jsonl#L939
kolkata,t3_1vtn0yu,2026-08-20T15:41:34.664Z,politicaIanalyst,How's BSNL network coverage in kolkata,I m so tired of jio hiking price I looking for any alternative possible,,text,0,,7,https://www.reddit.com/r/kolkata/comments/1vtn0yu/hows_bsnl_network_coverage_in_kolkata/,,,,,,,False,False,470957,0,26,2026-08-27T08:40:53.931Z,raw/kolkata/2026-08/posts.jsonl#L840
kolkata,t3_1vtn66l,2026-08-20T15:46:57.061Z,Active-Historian-123,And people downvoted my comment yesterday when I said govt needs to regular social media for children,,,image,3,,5,https://www.reddit.com/r/kolkata/comments/1vtn66l/and_people_downvoted_my_comment_yesterday_when_i/,,,,,,,False,False,470957,0,26,2026-08-27T08:40:38.117Z,raw/kolkata/2026-08/posts.jsonl#L815
kolkata,t3_1vtn860,2026-08-20T15:49:05.870Z,hang-the-thang,ABVP mobs at JU gate!,"Today around 2pm, outsider goons of abvp and bjp tried to break gate no.4 and barge inside the campus, after already destroying two police barricades prior to this moment. With the collective resistance and courage of the students of Jadavpur, the violence seeking mob have failed, and JU lives to see another day of revolution against systemic institutional fascism.",,video,142,,6,https://www.reddit.com/r/kolkata/comments/1vtn860/abvp_mobs_at_ju_gate/,,,,,,,False,False,470957,0,26,2026-08-27T08:40:05.903Z,raw/kolkata/2026-08/posts.jsonl#L753
kolkata,t3_1vtnc46,2026-08-20T15:53:00.669Z,brazen_101,Any update on restaurants that serve beef?,"There's no Nafeel, shaikh's or Adam's ? Even some burger shops stopped serving beef.(don't know about Pronto though) Does anybody know, where can we get beef meat? 🥲 If UP Bihar, nawab eating house and zam zam are still on ? Edit - Just yesterday I got to know about the buffalo burger shop in Park circus and they told me that they are still serving.",,text,3,,20,https://www.reddit.com/r/kolkata/comments/1vtnc46/any_update_on_restaurants_that_serve_beef/,,,,,,,False,False,470957,0,26,2026-08-27T08:42:28.877Z,raw/kolkata/2026-08/posts.jsonl#L908
kolkata,t3_1vtnov5,2026-08-20T16:05:39.884Z,mrpolymathy,First copy shops,Hi everyone Im looking for some first copy shops in Kolkata Looking for shoes and clothes both. Read more,,text,1,,1,https://www.reddit.com/r/kolkata/comments/1vtnov5/first_copy_shops/,,,,,,,False,False,470957,0,26,2026-08-27T08:40:54.803Z,raw/kolkata/2026-08/posts.jsonl#L847
kolkata,t3_1vto41p,2026-08-20T16:20:43.817Z,politicaIanalyst,Best north indian restuarant,. Read more,,text,2,,2,https://www.reddit.com/r/kolkata/comments/1vto41p/best_north_indian_restuarant/,,,,,,,False,False,470957,0,26,2026-08-27T08:40:58.485Z,raw/kolkata/2026-08/posts.jsonl#L858
kolkata,t3_1vto7kx,2026-08-20T16:24:17.934Z,Alive-Instruction433,Can anyone suggest any affordable therapist?,"I've been going through abuse and ptsd and all and my dad has stopped the financial help except fees. I'm still in college and it's getting so bad I can't focus on anything except s*icidal thoughts. I just can't fight back i have no one. I've been getting tangled into wrong things just to distract myself and it's not good. And the thing is my parents have been doing this to my little sibling as well. I need to be strong for her, be there for her. I've to get out of this alive, for her at least.",,text,2,,10,https://www.reddit.com/r/kolkata/comments/1vto7kx/can_anyone_suggest_any_affordable_therapist/,,,,,,,False,False,470957,0,25,2026-08-27T08:42:26.969Z,raw/kolkata/2026-08/posts.jsonl#L903
kolkata,t3_1vtoe9m,2026-08-20T16:31:17.625Z,Outside_Pen7224,"Police Report has been submitted by DCSC Office, District Kolkata and action for passport printing is initiated, to be followed by lamination, signing, quality check and dispatch.","After waiting for 5 months from the date of application, my son’s passport status finally moved to the printing phase on Monday, 17th August. However, the status has remained unchanged since Monday. How soon can I expect his passport to be printed and dispatched? Update:Dispatched today on 21 st of August ,applied on 16th of march😅what a crazy journey it has been Read more",,text,3,,9,https://www.reddit.com/r/kolkata/comments/1vtoe9m/police_report_has_been_submitted_by_dcsc_office/,,,,,,,False,False,470957,0,26,2026-08-27T08:42:31.952Z,raw/kolkata/2026-08/posts.jsonl#L912
kolkata,t3_1vtoz5s,2026-08-20T16:52:10.828Z,Ruby_Sqube,Ghoti Vs Bangal,Ghoti der ki bangal ke biye kora uchit?? (I'm not racist just lil curious) Read more,,text,9,,148,https://www.reddit.com/r/kolkata/comments/1vtoz5s/ghoti_vs_bangal/,,,,,,,False,False,470957,0,25,2026-08-27T08:42:54.105Z,raw/kolkata/2026-08/posts.jsonl#L921
kolkata,t3_1vtp1cg,2026-08-20T16:54:25.661Z,Sad_Move_5751,Let's rate each others walpapers!,How much would yoh rate it? Show me yours!,,image,78,,162,https://www.reddit.com/r/kolkata/comments/1vtp1cg/lets_rate_each_others_walpapers/,,,,,,,False,False,470957,0,26,2026-08-27T08:39:48.673Z,raw/kolkata/2026-08/posts.jsonl#L697
kolkata,t3_1vtp4s1,2026-08-20T16:57:56.192Z,Puzzleheaded_Deal792,Chelera please nijeder standard bariye please,"Ami just akbar yarki mere mojar jonno amar avatar change kore meyeder moto kore diyechilam . O maa go ar ami jibone korchina Dm gulo te jno bonna boiche A kmon dm sobete hi lekhe,keu likhechilo ami khub boro job kori mnc, merchant Navy, businessman alada alada peshar lokjon ami reply diyechilam dada ami ki korbo tate,bhai o bolechilam tateo rege jai apni khub rude bole. Bhai kano bhai normal conversation hoina 🙂🙂sob kichu te physical intimacy really sob kichu te. Akbar rat 2 to nagad kon akta random post a comment korechilam bole apni jege kano ato rate apnar boyfriend nei apni amar sathe kotha bolben. Keu keu dekheo na kamon dekhte ba ki ondher moto compliment apni besh sundor dekhte ami bolechilam na .bole amar mon bolche a kmon mon bhai. Ami ai pothe ar jabona Last a atai bolbo sob chelera Arokom hoina but 90% arokom ,keu kono conversation hold kortei janena sudhu aktai topic physical intimacy uff. Sob kichui jibone dorkar physical, emotional kintu sob kichu bolar akta somoi ache nirdisto. Ar onno gender r sathe nischoi kotha bolar icche hobe jothesto shabhabik kintu communication ta o bhalo bhabe korun. Read more",,text,7,,35,https://www.reddit.com/r/kolkata/comments/1vtp4s1/chelera_please_nijeder_standard_bariye_please/,,,,,,,False,False,470957,0,26,2026-08-27T08:40:14.214Z,raw/kolkata/2026-08/posts.jsonl#L781
kolkata,t3_1vtp8jx,2026-08-20T17:01:35.871Z,Chemical_Scar_5001,Tailor recommendations,"I want to get this made kurti style but don't know any specialized tailors. I went to a tailor in Gariahat with the cloth piece, tassels, lace everything and was being charged 2650 to make it. Can anyone help me with this? Like do you guys know any good tailors who can make this for a little less? Please and thank you <3 Read more",,image,5,,5,https://www.reddit.com/r/kolkata/comments/1vtp8jx/tailor_recommendations/,,,,,,,False,False,470957,0,26,2026-08-27T08:40:35.925Z,raw/kolkata/2026-08/posts.jsonl#L810
kolkata,t3_1vtpk9h,2026-08-20T17:13:31.538Z,CharacterBit5048,ভাঙল যাদবপুরের ঐতিহ্যবাহী এমব্লেম,"একটা বর্বর, ধর্মান্ধ, অশিক্ষিত সংগঠন যখন ক্ষমতার ছত্রছায়া পেয়ে যায়, তারা কি করে? ঠিক ধরেছেন। গুন্ডামি ও অসভ্যতা। ক্ষমতা চাইলে ভোট করাতে হয়। জোর করে রাতের অন্ধকারে হামলা করে ক্ষমতা দখল কারা করে? ফ্যাসিস্টরা। তাদের কাছে নেতাজী, রবীন্দ্রনাথ, নন্দলাল সব গুরুত্ব হীন। আশা রাম এদের আদর্শ। এরা ৫ বছর কি এইসব করে কাটাবে। একটা সদর্থক পদক্ষেপ বলুন যা সত্যিই উৎকৃষ্ট ও কাজের। একটা। https://bengali.abplive.com/district/jadavpur-university-logo-emblem-broke-abvp-sfi-rally-chaos-police-news-updates-1189672 Read more",,image,165,,21,https://www.reddit.com/r/kolkata/comments/1vtpk9h/%E0%A6%AD%E0%A6%99%E0%A6%B2_%E0%A6%AF%E0%A6%A6%E0%A6%AC%E0%A6%AA%E0%A6%B0%E0%A6%B0_%E0%A6%90%E0%A6%A4%E0%A6%B9%E0%A6%AF%E0%A6%AC%E0%A6%B9_%E0%A6%8F%E0%A6%AE%E0%A6%AC%E0%A6%B2%E0%A6%AE/,,,,,,,False,False,470957,0,26,2026-08-27T08:39:48.713Z,raw/kolkata/2026-08/posts.jsonl#L698
kolkata,t3_1vtpmrv,2026-08-20T17:15:58.744Z,Nghtcrwlrr,আজকে রাতের গান ( হোক কলরব + প্রেরণা - রূপম ইসলাম),Channel link - https://youtu.be/5QXuz2ErlnI?si=jDtE5hiX6ZL-P9gd,,video,9,,11,https://www.reddit.com/r/kolkata/comments/1vtpmrv/%E0%A6%86%E0%A6%9C%E0%A6%95_%E0%A6%B0%E0%A6%A4%E0%A6%B0_%E0%A6%97%E0%A6%A8_%E0%A6%B9%E0%A6%95_%E0%A6%95%E0%A6%B2%E0%A6%B0%E0%A6%AC_%E0%A6%AA%E0%A6%B0%E0%A6%B0%E0%A6%A3_%E0%A6%B0%E0%A6%AA%E0%A6%AE_%E0%A6%87%E0%A6%B8%E0%A6%B2%E0%A6%AE/,,,,,,,False,False,470957,0,26,2026-08-27T08:40:49.098Z,raw/kolkata/2026-08/posts.jsonl#L828
kolkata,t3_1vtq9r3,2026-08-20T17:39:02.947Z,newbaby_boy2,Mail copy from Vice chancellor of Jadavpur after today's incidence.,The mail given by vice chancellor of Jadavpur University after the incident occurred today. Let's see what happens next.,,image,77,,3,https://www.reddit.com/r/kolkata/comments/1vtq9r3/mail_copy_from_vice_chancellor_of_jadavpur_after/,,,,,,,False,False,470957,0,26,2026-08-27T08:39:56.895Z,raw/kolkata/2026-08/posts.jsonl#L724
kolkata,t3_1vtqaax,2026-08-20T17:39:37.100Z,Jhalmuri_Bangali,Was there anytime in history when the competition to get a job/ good college was decent/ low?,"For the past 1 year, I have officially landed in the job market with a degree in the Arts, hoping to land somewhere that can help me build up but with the current economic scenario and AI, competition everywhere is 1000+ and I know I don't stand a chance....given that I am a beginner.....how can I compete with pros? I am so frustrated.",,text,1,,4,https://www.reddit.com/r/kolkata/comments/1vtqaax/was_there_anytime_in_history_when_the_competition/,,,,,,,False,False,470957,0,26,2026-08-27T08:42:47.288Z,raw/kolkata/2026-08/posts.jsonl#L918
kolkata,t3_1vtqjjg,2026-08-20T17:48:39.849Z,DeeperThinker112,স্বরচিত...,,,image,2,,27,https://www.reddit.com/r/kolkata/comments/1vtqjjg/%E0%A6%B8%E0%A6%AC%E0%A6%B0%E0%A6%9A%E0%A6%A4/,,,,,,,False,False,470957,0,26,2026-08-27T08:40:35.662Z,raw/kolkata/2026-08/posts.jsonl#L808
kolkata,t3_1vtqorq,2026-08-20T17:54:06.687Z,Seraphim_talks,Misssing Kolkata 2200 kms away,"Just relocated to West India for job. First time living away from Kolkata and West Bengal. 22 years of bond breaks, the food is horrendous and it feels very bad without family and friends. Want to go back so badly but won't since it would be a career suicide.",,text,3,,10,https://www.reddit.com/r/kolkata/comments/1vtqorq/misssing_kolkata_2200_kms_away/,,,,,,,False,False,470957,0,25,2026-08-27T08:40:40.318Z,raw/kolkata/2026-08/posts.jsonl#L817
kolkata,t3_1vtqqkw,2026-08-20T17:55:57.268Z,RoomAggravating6101,I think I don't like tea as much other people loves..,"I’ve seen people have a whole emotional connection with tea . Recently, I came across a post explaining different types of tea, and it wasn’t just the usual dudh cha or roh cha . It was literally a whole history of tea in Bengal. Even when I go to college, my friends often invite me to have tea with them, but I usually just stand beside them just for the chit chat because I don’t really like having tea all the time,I rarely have tea maybe 1 to 2 times in a week. Somaj ki amai mene nebe ? Ami thik bujhchi na chaa e thik kon sukh ta pai sobai ? Read more",,text,0,,14,https://www.reddit.com/r/kolkata/comments/1vtqqkw/i_think_i_dont_like_tea_as_much_other_people_loves/,,,,,,,False,False,470957,0,0,2026-08-27T08:43:01.537Z,raw/kolkata/2026-08/posts.jsonl#L938
kolkata,t3_1vtqt94,2026-08-20T17:58:38.132Z,galaxylord12000,If I want to go on a solo international trip which country is the best for the first time . ( Around 3.5-4L Budget),. Read more,,text,5,,37,https://www.reddit.com/r/kolkata/comments/1vtqt94/if_i_want_to_go_on_a_solo_international_trip/,,,,,,,False,False,470957,0,26,2026-08-27T08:40:41.585Z,raw/kolkata/2026-08/posts.jsonl#L819
kolkata,t3_1vtr4kh,2026-08-20T18:09:30.964Z,Adept_Cancel_9667,Lifafa show in Kolkata on 11th September finally,I've been waiting for years for this to happen in our city. Can't wait for it.,,image,0,,3,https://www.reddit.com/r/kolkata/comments/1vtr4kh/lifafa_show_in_kolkata_on_11th_september_finally/,,,,,,,False,False,470957,0,26,2026-08-27T08:41:23.205Z,raw/kolkata/2026-08/posts.jsonl#L885
kolkata,t3_1vtr99i,2026-08-20T18:14:09.102Z,Familiar-Copy2967,Jagannath gupta vs iq city,"Hey I am 2 years neet dropper with 6lakh rank . which college should I choose ? Please list pros and cons of both or give some advice about living conditions. Ps :-Jagannath Gupta Institute of Medical Sciences & HospitalKP Mondal Rd, Charial, Budge Budge, Buita, Raypur, West Bengal 700137 Vs IQ City Medical College Hospital IQ City Road, Durgapur District:, West Bengal 713206 Read more",,text,0,,18,https://www.reddit.com/r/kolkata/comments/1vtr99i/jagannath_gupta_vs_iq_city/,,,,,,,False,False,470957,0,26,2026-08-27T08:42:58.765Z,raw/kolkata/2026-08/posts.jsonl#L937
kolkata,t3_1vtrhhx,2026-08-20T18:22:06.763Z,snehasish_mukhherjee,"West Bengal Government should sponsor Indian Football team . West Bengal is considered OG football home of  India. 15 years TMC led Bengal Govt failed to bring West Bengal pride , West Bengal identity on global platforms","Entire world should know that Bengal, Bengali identity are from India .",,image,67,,15,https://www.reddit.com/r/kolkata/comments/1vtrhhx/west_bengal_government_should_sponsor_indian/,,,,,,,False,False,470957,0,26,2026-08-27T08:39:48.269Z,raw/kolkata/2026-08/posts.jsonl#L691
kolkata,t3_1vtrnlg,2026-08-20T18:28:26.625Z,Rohit_Strokes,Watercolor painting snowy winter landscape painted few months back Hope you like it 🎨,,,image,80,,18,https://www.reddit.com/r/kolkata/comments/1vtrnlg/watercolor_painting_snowy_winter_landscape/,,,,,,,False,False,470957,0,26,2026-08-27T08:39:53.205Z,raw/kolkata/2026-08/posts.jsonl#L717
kolkata,t3_1vts4ri,2026-08-20T18:45:19.353Z,GEN-X-NINJA,MISSING CAT ~ PLS HELP,"My friend's cat has been missing since 5 a.m on 17.08.2026. Last seen near Adarsha Nagar, Ruby area. It's been 84+ hrs and there has been no sign of her anywhere. We hv already searched the localities surrounding her last seen location but with no luck. The cat's name is Kitty and she is a Female Ginger cat. Unique Point of Identification: She was wearing a purple collar with a little bell when last seen. If anyone of you has any info on her whereabouts pls DM me. It would be of great help!",,image,47,,14,https://www.reddit.com/r/kolkata/comments/1vts4ri/missing_cat_pls_help/,,,,,,,False,False,470957,0,26,2026-08-27T08:40:05.956Z,raw/kolkata/2026-08/posts.jsonl#L755
kolkata,t3_1vts60m,2026-08-20T18:46:32.529Z,trickytrampoline,Kolkatabashi - What is your prefered medium to read?,"So ai post is inspired by a post I saw on the sub yesterday - ekjon tader otyonto sundor and extensive library post korechilen and I loved that. But it also got me thinking of how many years it has been since I have picked up a paperback - even while on flights or trips I now prefer to read ebooks. That made me think - Bangali ra still anek e golper boi pore - so how do you guys consume your books? Paperbacks, kindle, phone, laptop na onyo kichute - let me know what is your prefered method and why do you prefer it! For bonus points, mention your prefered genre of books! Mine would be high fantasy and sci-fi. قراءة المزيد",,text,10,,26,https://www.reddit.com/r/kolkata/comments/1vts60m/kolkatabashi_what_is_your_prefered_medium_to_read/,,,,,,,False,False,470957,0,26,2026-08-27T08:41:45.018Z,raw/kolkata/2026-08/posts.jsonl#L893
kolkata,t3_1vtsbqu,2026-08-20T18:52:09.393Z,TritiyaPandav,"Vishal saves twice, as Mohun Bagan advances to the Durand Cup 2026 Congratulations Mohunbagan.",,,image,6,,0,https://www.reddit.com/r/kolkata/comments/1vtsbqu/vishal_saves_twice_as_mohun_bagan_advances_to_the/,,,,,,,False,False,470957,0,26,2026-08-27T08:40:15.651Z,raw/kolkata/2026-08/posts.jsonl#L786
kolkata,t3_1vtsdri,2026-08-20T18:54:07.692Z,SweatyComment4225,Officially 19 today it sucks every yr same ol lonely me in mah room,4 bochor dhore ekta cake o katini hurts Read more,,text,1,,20,https://www.reddit.com/r/kolkata/comments/1vtsdri/officially_19_today_it_sucks_every_yr_same_ol/,,,,,,,False,False,470957,0,26,2026-08-27T08:41:03.325Z,raw/kolkata/2026-08/posts.jsonl#L865
kolkata,t3_1vtt3z9,2026-08-20T19:17:38.215Z,NordicNomad07,Tattoo Parlour Suggestion,As the caption suggests. Can’t go to Alien Tattoo Mumbai right now. If there is any highly skilled tattoo artist/parlour in Kolkata please let me know. Read more,,text,0,,6,https://www.reddit.com/r/kolkata/comments/1vtt3z9/tattoo_parlour_suggestion/,,,,,,,False,False,470957,0,26,2026-08-27T08:42:56.940Z,raw/kolkata/2026-08/posts.jsonl#L930
kolkata,t3_1vtt6ml,2026-08-20T19:20:08.359Z,Mobile-Ocelot2039,Cafe/restaurant recommendations,So I’m new to Kolkata and I’m looking for aesthetic cafes and restaurants to visit. Any recommendations?,,text,1,,4,https://www.reddit.com/r/kolkata/comments/1vtt6ml/caferestaurant_recommendations/,,,,,,,False,False,470957,0,26,2026-08-27T08:41:03.475Z,raw/kolkata/2026-08/posts.jsonl#L866
kolkata,t3_1vttbbi,2026-08-20T19:24:39.362Z,Mobile-Ocelot2039,Fun things to do in Kolkata,So I’m new to the city. Drop your recommendations on all the fun things to do or visit all around Kolkata Read more,,text,1,,1,https://www.reddit.com/r/kolkata/comments/1vttbbi/fun_things_to_do_in_kolkata/,,,,,,,False,False,470957,0,26,2026-08-27T08:44:40.537Z,raw/kolkata/2026-08/posts.jsonl#L978
kolkata,t3_1vtts6o,2026-08-20T19:41:36.618Z,No_Programmer3213,Ekebari deshpremi chattro !!,,,image,286,,94,https://www.reddit.com/r/kolkata/comments/1vtts6o/ekebari_deshpremi_chattro/,,,,,,,False,False,470957,0,26,2026-08-27T08:40:07.867Z,raw/kolkata/2026-08/posts.jsonl#L762
kolkata,t3_1vtu26y,2026-08-20T19:52:07.294Z,Glasay_cherry,Dating scene for 27-35 folx in Kolkata,"It's Friday already but I am genuinely curious Single people in your late 20s to early 30s in Kolkata, what is UP with the dating scene here? Personally, it has been so disheartening :( Most of us who grew up here have moved out, either abroad for higher studies or for work in other cities - so the pool has gotten smaller here than other metropolitan cities, which I understand. Given that, what has been your experience? Any advice? Straights, gays, theys, queers, would love to hear from all of you",,text,4,,68,https://www.reddit.com/r/kolkata/comments/1vtu26y/dating_scene_for_2735_folx_in_kolkata/,,,,,,,False,False,470957,0,25,2026-08-27T08:40:13.586Z,raw/kolkata/2026-08/posts.jsonl#L774
kolkata,t3_1vtuggz,2026-08-20T20:06:12.722Z,VladtheGoat,"[Kolkata] Selling 1 Platinum ticket — Aashish Solanki “Telling Lies”, tomorrow 22 Aug, Kala Kunj, 8 PM","**• Show:** Telling Lies – Aashish Solanki (Hindi, standup) **• Venue:** Kala Kunj Auditorium, Kolkata **• When:** Sat 22 Aug, 8:00 PM (90 min) **• Ticket:** 1x Platinum Early Bird — BookMyShow, CONFIRMED **• Price:** ₹1082 BMS cancellation isn’t available for live events so I’m just trying to recover it) Happy to forward the BMS confirmation SMS/email. Can do UPI, and I’ll show you the booking screenshot with the order ID before you pay. DM if interested.",,image,1,,2,https://www.reddit.com/r/kolkata/comments/1vtuggz/kolkata_selling_1_platinum_ticket_aashish_solanki/,,,,,,,False,False,470957,0,26,2026-08-27T08:40:27.081Z,raw/kolkata/2026-08/posts.jsonl#L798
kolkata,t3_1vtujvu,2026-08-20T20:09:45.128Z,Puzzleheaded_Deal792,Boro hole boroder moto sasti o paben,Bhebe dekhechen choto bela besh sundor chilo ontoto ghum ta sundor asto akhon tao hoina sob ache kintu tobuo. Ato bhirer moddheo apni nijer kotha bolar lok khuje beran r na pele aro bibhinno upai nijeke asokto rakhar chesta koren . Golpo gulo bolun nijeke halka korun noile ato bhoja niye akdin r uthe darate parben na. Read more,,text,3,,3,https://www.reddit.com/r/kolkata/comments/1vtujvu/boro_hole_boroder_moto_sasti_o_paben/,,,,,,,False,False,470957,0,25,2026-08-27T08:42:54.367Z,raw/kolkata/2026-08/posts.jsonl#L924
kolkata,t3_1vtur62,2026-08-20T20:17:02.708Z,Jeanpaul02,Someone in my family passed away today. It never gets easier.,"I shouldn't miss her. She wasn't a nice person at all. She was super narcissistic and borderline abusive. But either way, she was my aunt and we lived in the same house. She ended up with kidney failure and stroke and battled at the hospital for a month and passed away today. Horrible experience at the Kashi Mitra Ghat as well. Their office didn't even have a printer and made us run through the entire north Kolkata just to find a Xerox store at 12 am and kept the body on hold until then. People are super exploitative too, I know it's basically a business and everyones got to make money but damn people aren't even trying to be subtle. Another bad experience at the Ruby General Hospital. The treatments and doctors were fine, but after death she was literally dumoed in a trolly and sent in the back alleyway by a couple of their mortuary workers wrapped in a polythene bag with ropes from head to toe like it's a luggage. Either way, this is probably a depressing rant. Last few years I had horrible experiences with her but when you lose someone our brain has this weird way of highlighting the good memories and ignoring the bad ones. I'm anxious, exhausted and borderline having a meltdown right now. And I guess it's partly because I just don't feel like I don't have anyone anymore. Everyone I've ever had, I lost. Including parents. So long. Anyway, wassup with y'all? If anyone's going through anything feel free to hmu. I probably won't sleep today anyway.",,text,15,,4,https://www.reddit.com/r/kolkata/comments/1vtur62/someone_in_my_family_passed_away_today_it_never/,,,,,,,False,False,470957,0,26,2026-08-27T08:40:06.277Z,raw/kolkata/2026-08/posts.jsonl#L758
kolkata,t3_1vtvhw5,2026-08-20T20:44:26.360Z,Mobile-Avocado-9475,Need suggestion,Starting a cloud kitchen and although I have no doubts in my cooking skills and the quality of food but I’m worried about how to get in touch with people and build a customer base… would really like to get one’s opinion on how to build a proper clientele base,,text,2,,5,https://www.reddit.com/r/kolkata/comments/1vtvhw5/need_suggestion/,,,,,,,False,False,470957,0,26,2026-08-27T08:40:38.114Z,raw/kolkata/2026-08/posts.jsonl#L814
kolkata,t3_1vtvns5,2026-08-20T20:50:39.775Z,eu-m,"Tired of waiting for a joining letter, so I built a kolkata based agency instead.","I recently opened OneScript Studio, a small website development automation agency. We build: Business websites Custom software and dashboards WhatsApp automation AI solutions Internal tools Still figuring everything out, but decided building something was better than refreshing my inbox waiting for a joining letter.",,text,41,,35,https://www.reddit.com/r/kolkata/comments/1vtvns5/tired_of_waiting_for_a_joining_letter_so_i_built/,,,,,,,False,False,470957,0,26,2026-08-27T08:40:15.777Z,raw/kolkata/2026-08/posts.jsonl#L788
kolkata,t3_1vtvwa5,2026-08-20T20:59:25.928Z,subbusss,Republic TV Bangla Summit  in Kolkata  on 24.08.2026. আসবেন তো ?,,,image,0,,8,https://www.reddit.com/r/kolkata/comments/1vtvwa5/republic_tv_bangla_summit_in_kolkata_on_24082026/,,,,,,,False,False,470957,0,26,2026-08-27T08:42:54.107Z,raw/kolkata/2026-08/posts.jsonl#L922
kolkata,t3_1vty6ts,2026-08-20T22:29:22.140Z,Rare_Alternative_707,Need Local guidance,Jadavpur 8B theke South city mall e jawar and South city mall to rabindra sarobar jawar jonno kono bus/auto thakle kivabe dhorbo please help 🙏🙏,,text,1,,6,https://www.reddit.com/r/kolkata/comments/1vty6ts/need_local_guidance/,,,,,,,False,False,470957,0,26,2026-08-27T08:40:48.995Z,raw/kolkata/2026-08/posts.jsonl#L827
kolkata,t3_1vu1cwd,2026-08-21T00:42:49.129Z,ilikepaneernomnom,"Update: She was real, and the Burma Burma plan actually happened","A lot of people asked for an update, so here it is: Yes, she was real 😂 and yes, we actually went. Honestly, it was a pretty fun day. The whole “meeting someone from Reddit for the first time” thing ended up being way less awkward than I expected. We just talked, ate, walked around a bit and generally had a good time. As for Burma Burma, it was good, but I think I hyped it up so much in my head beforehand that I ended up being a little disappointed. The food itself was genuinely tasty though, and everything we tried was good. The only miss was the hot chocolate being poured before we could get a photo of it 😭. Other than that, no complaints. The place itself is really nice and the whole experience was definitely worth trying. So yeah, to everyone who told me to stop overthinking it in the original post: you were right. Reddit girl was real. The food was good. I survived. 😂 Small addition Also, all the photos in this post were clicked by her :)",,image,196,,60,https://www.reddit.com/r/kolkata/comments/1vu1cwd/update_she_was_real_and_the_burma_burma_plan/,,,,,,,False,False,470957,0,26,2026-08-27T08:39:30.401Z,raw/kolkata/2026-08/posts.jsonl#L658
kolkata,t3_1vu2pte,2026-08-21T01:45:03.811Z,Sunthemoamoa,Am I stupid for thinking this hard or nah?,"Besh kichu bochor dhore ei indian toxic politics ar civic sense er sraddho, indian der proti overseas er hate ar sei hate er agune kerosin dhala amader online patriots der dekhe dekhe ei desh tar proti mone besh tiktota jonmo niyechilo. Ta se thak. Prai ek mas holo amar pc-er akta problem er jonno jinishta chalate parchi na. Ta din kate bose bose khatay drawing kore hete beriye. Taranath er golpo besh kichudin sunini karon ghor nastik hoye giyechilam, just overthinking chilo too much. Agekar tiktota-ta besh kichudin muche felbar chesta korchi, mucheo jacche besh bhalo lagche. Taranath er golpo sunchilam abar, golpo guloi gram banglar depiction ta amar besh bhalo lagte suru korche. Agey bhabtam japan ba asiar kono better civic sensed deshe immigrate kore jabo, ei besh kichudin dhore mone hoy je banglar culture ta besh bhalo, onek baje dik ache hindivasi part gulor motoi, society khub bhalo noi kintu rural culture ba normal half village half town culture besh bhalo lagchilo. Mone hocchilo banglari kothao pahari ba rural jaygay ba half town type kono jaygay shift kore jabo, kintu reddit khule notun othithir ei damama dekhe kichu suvidha lagche na. Amar pechone ba amar biswas obiswas-e ke ki bollo amar kichu ase jai na kintu jodi erokom eder moto direct birokti korte asey tahole toh hoye gelo. Read more",,image,19,,2,https://www.reddit.com/r/kolkata/comments/1vu2pte/am_i_stupid_for_thinking_this_hard_or_nah/,,,,,,,False,False,470957,0,26,2026-08-27T08:39:49.696Z,raw/kolkata/2026-08/posts.jsonl#L706
kolkata,t3_1vu3wke,2026-08-21T02:40:22.465Z,No_Programmer3213,Another pic of Sanatani deshpremi chattro !!,,,image,451,,41,https://www.reddit.com/r/kolkata/comments/1vu3wke/another_pic_of_sanatani_deshpremi_chattro/,,,,,,,False,False,470957,0,26,2026-08-27T08:39:14.616Z,raw/kolkata/2026-08/posts.jsonl#L615
kolkata,t3_1vu4fxk,2026-08-21T03:05:36.387Z,East-Cheesecake-7944,Went to College St after many years,"Returned to College Street in Calcutta today after many years, and nothing beats the algorithmic genius of a seasoned bookseller. I asked for a specific book (Mark Tully’s No Full Stops in India). Off he went and not only pulled it out of somewhere but also ten other books I have wanted to read. At one point, he unintentionally pulled an Osho and immediately cast it to the side - eishob toh apni porben na (you don't read this stuff). He then went on to pull out a Lenin - weevil eaten and bookwormed but otherwise in pristine condition. Love City Lights and many other indie book stores but nothing beats College Street",,image,19,,5,https://www.reddit.com/r/kolkata/comments/1vu4fxk/went_to_college_st_after_many_years/,,,,,,,False,False,470957,0,26,2026-08-27T08:40:11.846Z,raw/kolkata/2026-08/posts.jsonl#L767
kolkata,t3_1vu4uno,2026-08-21T03:25:15.128Z,WorldlyLong1823,WBSCC Loan Pending for 6 Months — Semester Already Missed,"I want to share my experience with the West Bengal Student Credit Card (WBSCC) and get some advice from other students. I applied in February 2026: Registration: 12-02-2026 Application submitted: 15-02-2026 Current status: “Application Pulled and Forwarded to Bank” Today, 21 August 2026, it has been almost 6 months, and unfortunately, my semester has already been missed. My loan is still not approved. I contacted the bank, but I was mainly told that the application has been forwarded and is moving forward. I haven't received a clear update about what is pending or when it might be approved. I also feel that some of the delay may be my mistake because I was waiting for a call, email, or SMS about the next step instead of following up more actively. I genuinely thought I would receive an update when something was required from my side. Has anyone else faced a similar situation with WBSCC? How long did your loan take? What should I do if it has been pending for months? Is there a proper WBSCC/District grievance process I should use? Can I escalate the matter to the bank or WBSCC authorities? If anyone has successfully received their loan after a long delay, please share what you did. It would really help me and other students in the same situation.",,image,4,,1,https://www.reddit.com/r/kolkata/comments/1vu4uno/wbscc_loan_pending_for_6_months_semester_already/,,,,,,,False,False,470957,0,26,2026-08-27T08:40:27.745Z,raw/kolkata/2026-08/posts.jsonl#L800
kolkata,t3_1vu5ous,2026-08-21T04:06:16.540Z,Brilliant-Culture-19,Looking for advice on 3-year LLB colleges in Kolkata,"Hi everyone! I’ve completed my B.Com (Hons.) and I’m planning to pursue a 3-year LLB in Kolkata. I’m looking for advice from current students, alumni, or anyone familiar with law colleges in Kolkata. Also, if there are any colleges I should avoid or definitely consider, please let me know and why. I’d really appreciate honest opinions based on actual student/alumni experiences. Thanks in advance!",,text,1,,2,https://www.reddit.com/r/kolkata/comments/1vu5ous/looking_for_advice_on_3year_llb_colleges_in/,,,,,,,False,False,470957,0,26,2026-08-27T08:40:31.943Z,raw/kolkata/2026-08/posts.jsonl#L804
kolkata,t3_1vu6r4b,2026-08-21T05:01:00.290Z,Safe-Rise-4790,বিচিত্র এক দেশ!,"একজন alleged mol***tor হয়ে ছাত্র নেতা হওয়া যায়, বিশ্ববিদ্যালয় গবেষণা করা যায় সর্বোপরি একজন মহিলা এমএলএ- এর সহানুভূতি পাওয়া যায়! এদিকে আমি আপনি একবার গাড়ির সীট বেল্ট না পড়লে বা বাইকের হেলমেট না পড়লে আপনাকে পুলিশ কিভাবে নাজেহাল করবে! আমি বলছি না এগুলো করা ঠিক কিন্তু আপনার-আমার জন্যে আইন আর ওদের জন্যে আইন কতটা আলাদা! আমি জানিনা যাদবপুরে কি হয়েছে! কে দোষী কে নির্দোষ জানতেও চাইনা! শুধু এইটুকু বলবো রাজনীতির ছাতার তলায় থাকলে কি কি করা যায়। সত্যি বিচিত্র এক দেশ!",,image,54,,5,https://www.reddit.com/r/kolkata/comments/1vu6r4b/%E0%A6%AC%E0%A6%9A%E0%A6%A4%E0%A6%B0_%E0%A6%8F%E0%A6%95_%E0%A6%A6%E0%A6%B6/,,,,,,,False,False,470957,0,25,2026-08-27T08:39:37.781Z,raw/kolkata/2026-08/posts.jsonl#L677
kolkata,t3_1vu7c0u,2026-08-21T05:31:57.692Z,BendLost6433,"Any decent place to walk in and around Ruby Park, Acropolis Mall or Rajdanga?","I stay near Ruby Park and I have been meaning to walk somewhere to clock in my 10k steps every evening. Is there a place I can walk without having to worry about autos, cars and buses running me over? Thanks in advance! Read more",,text,0,,7,https://www.reddit.com/r/kolkata/comments/1vu7c0u/any_decent_place_to_walk_in_and_around_ruby_park/,,,,,,,False,False,470957,0,26,2026-08-27T08:40:13.585Z,raw/kolkata/2026-08/posts.jsonl#L773
kolkata,t3_1vu7etn,2026-08-21T05:36:16.489Z,Aware_Cry7970,Daily Dose of House Hunting!,Koi please salt lake ya new town mein ghar dilado!,,text,0,,4,https://www.reddit.com/r/kolkata/comments/1vu7etn/daily_dose_of_house_hunting/,,,,,,,False,False,470957,0,26,2026-08-27T08:40:16.540Z,raw/kolkata/2026-08/posts.jsonl#L789
kolkata,t3_1vu7h4u,2026-08-21T05:40:01.134Z,idkmanfuc,"Newtown,Kolkata in 2008",,,video,250,,9,https://www.reddit.com/r/kolkata/comments/1vu7h4u/newtownkolkata_in_2008/,,,,,,,False,False,470957,0,26,2026-08-27T08:39:21.398Z,raw/kolkata/2026-08/posts.jsonl#L626
kolkata,t3_1vu7hx1,2026-08-21T05:41:09.719Z,Efficient_Tip7411,How to reach that place?,How to reach that place from Newtown? I will visit this place on 27th Aug. I need some guidance. Read more,,image,0,,2,https://www.reddit.com/r/kolkata/comments/1vu7hx1/how_to_reach_that_place/,,,,,,,False,False,470957,0,26,2026-08-27T08:40:57.673Z,raw/kolkata/2026-08/posts.jsonl#L854
kolkata,t3_1vu7ml6,2026-08-21T05:48:16.621Z,Massive-Sky6944,"কবি বলেছেন মেলাবেন তিনি মেলাবেন 🥱 আমি ""ম"" বলি না ""ক"" বলি 😎","Also, ""আমি তো আছি, isn't that enough?"" will always remain iconic Read more",,image,157,,276,https://www.reddit.com/r/kolkata/comments/1vu7ml6/%E0%A6%95%E0%A6%AC_%E0%A6%AC%E0%A6%B2%E0%A6%9B%E0%A6%A8_%E0%A6%AE%E0%A6%B2%E0%A6%AC%E0%A6%A8_%E0%A6%A4%E0%A6%A8_%E0%A6%AE%E0%A6%B2%E0%A6%AC%E0%A6%A8_%E0%A6%86%E0%A6%AE_%E0%A6%AE_%E0%A6%AC%E0%A6%B2_%E0%A6%A8_%E0%A6%95_%E0%A6%AC%E0%A6%B2/,,,,,,,False,False,470957,0,26,2026-08-27T08:39:50.004Z,raw/kolkata/2026-08/posts.jsonl#L713
kolkata,t3_1vu8nxs,2026-08-21T06:46:41.912Z,TotalSea6477,"Women of Kolkata, how much do y'all pay for your haircut?",Looking to find a hair salon now that I'm here near South City area that would be reasonable for a basic hair trim.. Do let me know how much you pay and where. Pls dont gatekeep. 🥹,,text,4,,48,https://www.reddit.com/r/kolkata/comments/1vu8nxs/women_of_kolkata_how_much_do_yall_pay_for_your/,,,,,,,False,False,470957,0,26,2026-08-27T08:39:58.181Z,raw/kolkata/2026-08/posts.jsonl#L744
kolkata,t3_1vu8wqg,2026-08-21T07:01:01.762Z,Swimming-Ad9411,"Kolkata ""cybersecurity"" internship at Zettawise Consulting — verbal stipend promise and no joining letter for a week","Need to vent/warn other students about this because I don't want anyone else walking in blind. I got referred into Zettawise Consulting Pvt Ltd. as a ""Cybersecurity Intern"" through a personal connection — the CEO himself told me verbally the stipend would be ₹10–15k/month. I trusted it because of who said it. Big mistake. For context, this wasn't the only thing on my plate. I was simultaneously juggling college placements and online assessments, so every single day was a scramble — squeezing in OAs, prepping for placements, and then showing up to this internship on top of it. I gave it my time because I actually believed it'd be worth something on my resume and in my pocket. Instead, here's what 10 days looked like: No joining letter for the entire first week. I only got one after telling them my college urgently needed it for records. When it finally showed up, it said flat out: unpaid, no stipend, no remuneration, period. When I brought up the verbal stipend conversation, I was told there was ""no official talk"" about it and that as a college student I ""shouldn't even expect one"" — completely gaslighting a conversation that actually happened. The actual work had zero to do with ""cybersecurity"" — I was just told to build webpages for them, with no real technical mentorship. The culture was straight up toxic — genuinely had to take approval from my line manager every single day just to leave for the day. Not for early leaves, not for anything unusual — just to leave at normal hours, every day, like clockwork. Classic ""lala company"" energy — zero professionalism, no structure, no HR process, complete mismanagement dressed up with a fancy office and a polished LinkedIn page. I stuck it out for 10 days trying to give it a fair shot despite everything else going on in my life, but between the unpaid bait-and-switch and the daily permission-to-leave nonsense, I finally walked out with a fellow intern. We deleted the work we'd built for them since none of it was ever contracted, paid, or done under any real agreement. Lesson for other students: get stipend and role terms in writing before day one, no matter how senior or trustworthy the person referring you seems. A CEO's verbal word means nothing if the actual letter says otherwise — and if a company can't even issue a joining letter for a week, or expects daily sign-off just to leave the office, that's your answer about how they'll treat you long-term.",,text,10,,1,https://www.reddit.com/r/kolkata/comments/1vu8wqg/kolkata_cybersecurity_internship_at_zettawise/,,,,,,,False,False,470957,0,26,2026-08-27T08:39:49.779Z,raw/kolkata/2026-08/posts.jsonl#L707
kolkata,t3_1vu97tv,2026-08-21T07:18:19.209Z,CautiousParking2639,Looking for freelancers with good understanding of english and bangla to train AI,"Pay is around $7.5 per hour for this project but there are other projects also that are available now and will be available in future with higher pay rates. Everything is online. Payment will made weekly. this is not permanent job, earnings depends on task availablity (which is great now) and how much hours you can give in a week, if you give 2 hrs per day for 7 day, you'll get around 10k for the week. dm but it's only for those who are good at English and Bangla. Edit: the response has been very well. the referral is open till the end of this month, so if you have been hesitating, talk to the people who have done it, because even though some people hesitated, but let me tell you I'm getting reward from the company for bringing you, so don't worry, I'm not asking for any money. I still want to inform people that there are really good opportunities out there because once someone told me about some very good online work which helped me and my family during covid. So all people out there who are studying in college or graduated and looking for work, don't hesitate. Join and grow because AI is booming. Read more",,text,11,,176,https://www.reddit.com/r/kolkata/comments/1vu97tv/looking_for_freelancers_with_good_understanding/,,,,,,,False,False,470957,0,26,2026-08-27T08:39:56.904Z,raw/kolkata/2026-08/posts.jsonl#L727
kolkata,t3_1vu9kla,2026-08-21T07:39:15.580Z,clueless20yo,How to protect a baby lime tree from leafminers and ants?,"Chhoto akta Gondhoraj lebu gach lagiyechi, notun pata elei hoy pipre ese pata kheye nicche, noyto leafminer eshe noshto kore dicche. Akta easy, ghorelu solution chai",,text,3,,11,https://www.reddit.com/r/kolkata/comments/1vu9kla/how_to_protect_a_baby_lime_tree_from_leafminers/,,,,,,,False,False,470957,0,18,2026-08-27T08:39:56.896Z,raw/kolkata/2026-08/posts.jsonl#L725
kolkata,t3_1vu9nqy,2026-08-21T07:44:40.977Z,Additional-Peak4919,Looking for economics tutor,If anybody knows a good economics tutor who's experienced and associated with Cu. Could help me with suggestions and also explains really well please dm or comment down,,text,1,,7,https://www.reddit.com/r/kolkata/comments/1vu9nqy/looking_for_economics_tutor/,,,,,,,False,False,470957,0,26,2026-08-27T08:42:27.996Z,raw/kolkata/2026-08/posts.jsonl#L904
kolkata,t3_1vu9o2v,2026-08-21T07:45:13.764Z,cosmicguy192098,"আমি শুধু খাই আর ঘুমাই,ওসব বাড়ি পাহারা দেওয়া,চোরছ্যাঁচড় ধরার মত নিচুমানের কাজ আমার জন্য নয় বাপু। - ভুবনমোহিনী (Her Name)",,,image,234,,31,https://www.reddit.com/r/kolkata/comments/1vu9o2v/%E0%A6%86%E0%A6%AE_%E0%A6%B6%E0%A6%A7_%E0%A6%96%E0%A6%87_%E0%A6%86%E0%A6%B0_%E0%A6%98%E0%A6%AE%E0%A6%87%E0%A6%93%E0%A6%B8%E0%A6%AC_%E0%A6%AC%E0%A7%9C_%E0%A6%AA%E0%A6%B9%E0%A6%B0_%E0%A6%A6%E0%A6%93%E0%A7%9F%E0%A6%9A%E0%A6%B0%E0%A6%9B%E0%A6%AF%E0%A6%9A%E0%A7%9C_%E0%A6%A7%E0%A6%B0%E0%A6%B0_%E0%A6%AE%E0%A6%A4_%E0%A6%A8%E0%A6%9A%E0%A6%AE%E0%A6%A8%E0%A6%B0/,,,,,,,False,False,470957,0,26,2026-08-27T08:39:02.173Z,raw/kolkata/2026-08/posts.jsonl#L585
kolkata,t3_1vua3ya,2026-08-21T08:11:43.653Z,snehasish_mukhherjee,Barasat  District  council  main office  room renamed from Titumir Kokyo to Shyama Prasad  Mukhherjee  Bhavan,Src https://www.sangbadpratidin.in/bengal/titumir-bhawan-of-barasat-renamed-as-shayamaprasad-bhawan/pid/1298930/ Read more,,image,87,,16,https://www.reddit.com/r/kolkata/comments/1vua3ya/barasat_district_council_main_office_room_renamed/,,,,,,,False,False,470957,0,25,2026-08-27T08:39:22.844Z,raw/kolkata/2026-08/posts.jsonl#L632
kolkata,t3_1vuac38,2026-08-21T08:25:28.419Z,Puzzleheaded_Deal792,Your ideology is not good.,"If you are a student of a college, you will be able to study hard,",,text,0,,2,https://www.reddit.com/r/kolkata/comments/1vuac38/apni_idealogy_gulo_ke_ki_kore_bhangben/,,,,,,,False,False,470957,0,26,2026-08-27T08:39:57.993Z,raw/kolkata/2026-08/posts.jsonl#L741
kolkata,t3_1vuau9g,2026-08-21T08:55:50.442Z,Complete-Iron91,Bitcoin,How many of you are invested in bitcoin or any other cryptocurrency? What made you to invest or what made you not to invest in crypto? Since when are you invested if you want to let anyone know .. Read more,,text,1,,3,https://www.reddit.com/r/kolkata/comments/1vuau9g/bitcoin/,,,,,,,False,False,470957,0,26,2026-08-27T08:40:01.167Z,raw/kolkata/2026-08/posts.jsonl#L747
kolkata,t3_1vub8wc,2026-08-21T09:18:39.297Z,Aint_A_Saint_,Bachelors in Music,Are there any colleges in Kolkata that provide a bachelors degree in music for people above 28.,,text,2,,9,https://www.reddit.com/r/kolkata/comments/1vub8wc/bachelors_in_music/,,,,,,,False,False,470957,0,26,2026-08-27T08:39:56.905Z,raw/kolkata/2026-08/posts.jsonl#L728
kolkata,t3_1vuc333,2026-08-21T10:05:10.878Z,No_Purple1856,Lets all tell and learn something about Bengal. A good thread to teach people how strong/weak Bengal was independently or some serious significant achievement that is unique or flex-worthy.,"Imagine if there had been not such large number of freedom fighters, leaders and famous personalities, how do you think Bengal and Bengalis would have been remembered? Some factor in history like any achievement. How did it make it different from other regions? Successful? Praiseworthy? Tell here, what you know about Bengal, good or bad and let's see how it shaped the land and India.",,text,5,,29,https://www.reddit.com/r/kolkata/comments/1vuc333/lets_all_tell_and_learn_something_about_bengal_a/,,,,,,,False,False,470957,0,26,2026-08-27T08:40:08.763Z,raw/kolkata/2026-08/posts.jsonl#L766
kolkata,t3_1vuc7lq,2026-08-21T10:11:57.458Z,tanmaymufc,Massage Parlor in Barasat Madhyamgram area,Any suggestion for good massage parlors in barasat to madhyamgram area? Read more,,text,1,,0,https://www.reddit.com/r/kolkata/comments/1vuc7lq/massage_parlor_in_barasat_madhyamgram_area/,,,,,,,False,False,470957,0,26,2026-08-27T08:40:31.905Z,raw/kolkata/2026-08/posts.jsonl#L803
kolkata,t3_1vucexi,2026-08-21T10:22:34.212Z,PseudoNihilist666,Question About Kolkata Metro,Metro te bag e PS5 niye uthte debe? Read more,,text,5,,11,https://www.reddit.com/r/kolkata/comments/1vucexi/question_about_kolkata_metro/,,,,,,,False,False,470957,0,26,2026-08-27T08:39:52.188Z,raw/kolkata/2026-08/posts.jsonl#L715
kolkata,t3_1vucnmd,2026-08-21T10:35:21.724Z,debdip_2909,Reliable hair transplant clinic in Kolkata,Need feedback regarding hair transplant clinic in Kolkata. Read more,,text,1,,0,https://www.reddit.com/r/kolkata/comments/1vucnmd/reliable_hair_transplant_clinic_in_kolkata/,,,,,,,False,False,470957,0,26,2026-08-27T08:39:56.894Z,raw/kolkata/2026-08/posts.jsonl#L723
kolkata,t3_1vucr6p,2026-08-21T10:40:35.593Z,RB_2004_h,Today's money from the Annapurna scheme has come in for mom.,"After Laxmi Bhandar, the Annapurna scheme's money came in for the first time👽 Read more",,text,3,,5,https://www.reddit.com/r/kolkata/comments/1vucr6p/aaj_ke_maa_er_annapurna_yojana_er_taka_dhuklo/,,,,,,,False,False,470957,0,26,2026-08-27T08:39:51.802Z,raw/kolkata/2026-08/posts.jsonl#L714
kolkata,t3_1vucu09,2026-08-21T10:44:48.804Z,Aggravating_Low_1504,Any college hosting MUNs or YOUTH PARLIAMENT?,"So, guys I have recently shifted from Siliguri to Kolkata and rn in college.. but as orientations are going on I have a lot of free time. So if any college or school (if they allow sem 1 kids) is hosting MUN or youth parliament, then pls lemme know. It will be a bit productive as well Read more",,text,0,,12,https://www.reddit.com/r/kolkata/comments/1vucu09/any_college_hosting_muns_or_youth_parliament/,,,,,,,False,False,470957,0,26,2026-08-27T08:40:00.457Z,raw/kolkata/2026-08/posts.jsonl#L746
kolkata,t3_1vud0qu,2026-08-21T10:54:40.818Z,r_favourite_uk,Ktm duke 390,Keu ki ktm duke 390 purchase kolkata te karon ami kinchi kintu confused ktm er service experience ar reliability niye ar amar ar akta option re guerilla jodi keu ktm own kore thaken please nijeder experience share korben kamon expense service experience ar reliability niye,,text,1,,6,https://www.reddit.com/r/kolkata/comments/1vud0qu/ktm_duke_390/,,,,,,,False,False,470957,0,26,2026-08-27T08:39:57.544Z,raw/kolkata/2026-08/posts.jsonl#L737
kolkata,t3_1vud3hd,2026-08-21T10:58:28.647Z,KramerDwight,"Across West Bengal, the furious women are protesting for not receiving Annapurna Yojana. This so-called 'welfare scheme', with absurd criteria, has angered several Bengali women.",,,video,517,,77,https://www.reddit.com/r/kolkata/comments/1vud3hd/across_west_bengal_the_furious_women_are/,,,,,,,False,False,470956,0,26,2026-08-27T08:39:19.589Z,raw/kolkata/2026-08/posts.jsonl#L621
kolkata,t3_1vud4l6,2026-08-21T11:00:06.750Z,rupanshu08,Independence day ride.,,,image,47,,16,https://www.reddit.com/r/kolkata/comments/1vud4l6/independence_day_ride/,,,,,,,False,False,470957,0,26,2026-08-27T08:39:56.906Z,raw/kolkata/2026-08/posts.jsonl#L729
kolkata,t3_1vud93o,2026-08-21T11:05:57.315Z,_aconite_cj_,Infuriating. Almost couldn't get up on my train. Rant.,"Train: Sealdah Krishnanagar Galloping Local. Why do people have to sit like this against the door borders? We're all standing up but they can't? We have to constantly request them to move so that we can STAND and then they get irritated. They even grab hold of people's legs to stabilize themselves and if accidentally bumped against them, they'll start throwing curses. Not targetting a specific group of people with this ofc. But I'm very mad. Toiling away in college the whole day and then facing this in the train while I'm returning, my whole body starts aching from how badly I've been standing and how awful my posture becomes bc of these people. Read more",,image,13,,21,https://www.reddit.com/r/kolkata/comments/1vud93o/infuriating_almost_couldnt_get_up_on_my_train_rant/,,,,,,,False,False,470957,0,26,2026-08-27T08:39:41.971Z,raw/kolkata/2026-08/posts.jsonl#L681
kolkata,t3_1vudkwt,2026-08-21T11:22:10.028Z,titasisdumb,where do yall watch new bengali movies for free?,same as title Read more,,text,0,,20,https://www.reddit.com/r/kolkata/comments/1vudkwt/where_do_yall_watch_new_bengali_movies_for_free/,,,,,,,False,False,470957,0,26,2026-08-27T08:40:13.753Z,raw/kolkata/2026-08/posts.jsonl#L777
kolkata,t3_1vudzyx,2026-08-21T11:42:42.273Z,EmuAccomplished839,Review for Buying Realme tv from Flipcart?,Buy Realme tv at 25k is good choice(4k HD 43 inch) ? cause in offline the prices are high...how the support from service center if i buy it from online ? Read more,,text,1,,1,https://www.reddit.com/r/kolkata/comments/1vudzyx/review_for_buying_realme_tv_from_flipcart/,,,,,,,False,False,470957,0,26,2026-08-27T08:40:14.177Z,raw/kolkata/2026-08/posts.jsonl#L780
kolkata,t3_1vue278,2026-08-21T11:45:35.091Z,RajatGarg001,Looking for 1 bhk in behala or in alipoor,I am M20 looking for accommodation in Kolkata my office is in camac street and having a total budget for living includes electricity food and all about 10k to 13k,,text,3,,0,https://www.reddit.com/r/kolkata/comments/1vue278/looking_for_1_bhk_in_behala_or_in_alipoor/,,,,,,,False,False,470957,0,26,2026-08-27T08:40:04.820Z,raw/kolkata/2026-08/posts.jsonl#L750
kolkata,t3_1vuera8,2026-08-21T12:17:38.164Z,Mizpah_18,Football Jersey restoration,Might be the wrong sub for this information for the people from Kolkata I’ve a good news. Bidhan Market (aka Maidan Market) now has a guy who can restore your jerseys i.e. lets you restore the cracked sponsors or damaged namesets. all you have to do is send him the font/prints (in .png format) with measurements and he’ll heat press it. contact info: +91 94336 01055 Read more,,image,4,,1,https://www.reddit.com/r/kolkata/comments/1vuera8/football_jersey_restoration/,,,,,,,False,False,470957,0,25,2026-08-27T08:39:49.573Z,raw/kolkata/2026-08/posts.jsonl#L703
kolkata,t3_1vueye1,2026-08-21T12:26:44.095Z,Fit_Operation3422,anyone buying r5 3600 and 8gb ddr4? dm,dm for pics and more info,,text,0,,0,https://www.reddit.com/r/kolkata/comments/1vueye1/anyone_buying_r5_3600_and_8gb_ddr4_dm/,,,,,,,False,False,470957,0,26,2026-08-27T08:39:48.631Z,raw/kolkata/2026-08/posts.jsonl#L696
kolkata,t3_1vuf5h9,2026-08-21T12:35:48.492Z,Maybe_maybe_not95,Need A Good Service Center That Can Replace Honda Bigwing In Kolkata,"If anyone residing in Kolkata, kindly suggest a service center that has access to Honda genuine parts and can service CB series bikes well.",,image,0,,0,https://www.reddit.com/r/kolkata/comments/1vuf5h9/need_a_good_service_center_that_can_replace_honda/,,,,,,,False,False,470957,0,26,2026-08-27T08:39:48.530Z,raw/kolkata/2026-08/posts.jsonl#L695
kolkata,t3_1vuf5px,2026-08-21T12:36:07.969Z,Maybe_maybe_not95,Need A Good Service Center That Can Replace Honda Bigwing In Kolkata,"If anyone residing in Kolkata, kindly suggest a service center that has access to Honda genuine parts and can service CB series bikes well. Read more",,image,0,,0,https://www.reddit.com/r/kolkata/comments/1vuf5px/need_a_good_service_center_that_can_replace_honda/,,,,,,,False,False,470957,0,26,2026-08-27T08:40:12.354Z,raw/kolkata/2026-08/posts.jsonl#L768
kolkata,t3_1vufcg3,2026-08-21T12:44:33.860Z,ChickenKosha,"Even after verification, funds for 'Annapurna Yojana' haven't arrived, protests everywhere, woman breaks down in tears, says, 'I voted, I did everything...'",,,link,33,,2,https://www.reddit.com/r/kolkata/comments/1vufcg3/even_after_verification_funds_for_annapurna/,https://bengali.abplive.com/district/annapurna-yojana-protests-women-in-several-districts-reveal-even-after-verification-money-was-not-credited-in-accounts-1189719,bengali.abplive.com,,,,,False,False,470957,0,26,2026-08-27T08:39:37.745Z,raw/kolkata/2026-08/posts.jsonl#L676
kolkata,t3_1vufgx4,2026-08-21T12:50:03.068Z,Annonymous_7,Whats happening in our state regarding Annapurna Bhandar is really sad to see!,"The government has totally f**ed up the implementation of Annapurna Bhandar. In all the cities,towns and villages, women are up in arms and protesting like crazy. I have never seen such protest against 100 day new government anywhere. Women are literally crying, ready to attack police, bdo officer and municipal workers. I had this assumption that people will think of it like something which is extra but people are considering it as if its part of their income and why not? 3000 is actually quite significant amount for a state like west bengal where most of the people are low income household. Biggest mistake this government did was, they announced 3000 rs because i think even they didn’t expect that they will win. They also announced that everyone who is getting lokkhi bhandar will also get Annapurna. But once they won the election and it actually was time to deliver on promises, they realised their mistake. To overcome it, firstly they created this narrative that many men are getting lokkhi bhandar which i am not denying but their number would have been very less. They should have identified them and fixed it but no here comes another drama of collecting family level data, they told they are collecting this data just for the sake of providing more benefits to the people but it was actually trap to get people to reveal their details. People who lied on the form, their was no verification. Actually its not at all possible to verify each details for 2 carore women and even government know this. People who didn’t lie, they were kept in under process or further verification or rejected, which is very unfortunate. Seeing the agitation and anger among women, i think government might take some drastic step and provide 3000 to all but it will be so bad for our state economy that can’t be explained. Only solution, i see is they should go back on their promise and provide 1500 or 2000 to every women. This might disappoint few people but it will calm fown the anger which is growing among women of the state.",,text,77,,55,https://www.reddit.com/r/kolkata/comments/1vufgx4/whats_happening_in_our_state_regarding_annapurna/,,,,,,,False,False,470957,0,26,2026-08-27T08:39:10.888Z,raw/kolkata/2026-08/posts.jsonl#L611
kolkata,t3_1vug715,2026-08-21T13:19:53.755Z,misaalpavv,Looking for accommodation,Looking for a pg/flat near college more or to be very specific arch square x2 or mahisbathan area in salt lake. Open to sharing flat with other females. About me - 24F working professional currently joining a new company so leaving my last pg where I stayed for 2 years. I’m really easygoing and fun if you’re clean and hygienic. That’s all about me. If yall have any leads please reach out. No brokers please. I also need non veg fooding services. Budget-10k max with ac 8k max non ac. Read more,,image,7,,1,https://www.reddit.com/r/kolkata/comments/1vug715/looking_for_accommodation/,,,,,,,False,False,470957,0,26,2026-08-27T08:39:43.181Z,raw/kolkata/2026-08/posts.jsonl#L686
kolkata,t3_1vug8cw,2026-08-21T13:21:26.581Z,idkmanfuc,Probably one of the finest Indian movie this year.Please Support Bengali Cinema.,Watched the film and it completely lived up to its expectations This movie definitely marked a comeback for Bangla Commercial cinema which has been dead for some time Despite almost all the theatres in west bengal are trying to reduce screenings for this movie this is still in Trending and most shows are going housefull still the theatres are refusing to increase screening for this movie and would rather show awarapan 2 and batwara 1947 with empty halls but would not increase screening for keu bole biplobi keu bole dakat,,image,54,,5,https://www.reddit.com/r/kolkata/comments/1vug8cw/probably_one_of_the_finest_indian_movie_this/,,,,,,,False,False,470957,0,26,2026-08-27T08:39:10.119Z,raw/kolkata/2026-08/posts.jsonl#L601
kolkata,t3_1vug9i5,2026-08-21T13:22:48.349Z,Ok_Release_4916,If murkho had a face 🤡,,,link,6,,0,https://www.reddit.com/r/kolkata/comments/1vug9i5/if_murkho_had_a_face/,https://youtu.be/P2_is7OsgZo?si=BdX6iNcS11tyW5Za,youtu.be,,,,,False,False,470957,0,26,2026-08-27T08:39:37.731Z,raw/kolkata/2026-08/posts.jsonl#L675
kolkata,t3_1vugft3,2026-08-21T13:29:52.902Z,Tall-Swordfish5182,taherpur people?,nadia district er Taherpur theke keu ache ekhane??,,text,1,,1,https://www.reddit.com/r/kolkata/comments/1vugft3/taherpur_people/,,,,,,,False,False,470957,0,26,2026-08-27T08:40:15.643Z,raw/kolkata/2026-08/posts.jsonl#L784
kolkata,t3_1vugmdi,2026-08-21T13:37:16.831Z,hlv_cvg,Today's Newspaper Burster,🚧🪖 অন্তর্যুদ্ধ এবং বহির্যুদ্ধ চালু হয়ে গেলো 👮🏻‍♀️👯‍♀️,,image,6,,7,https://www.reddit.com/r/kolkata/comments/1vugmdi/todays_newspaper_burster/,,,,,,,False,False,470957,0,26,2026-08-27T08:40:13.240Z,raw/kolkata/2026-08/posts.jsonl#L770
kolkata,t3_1vugyv0,2026-08-21T13:51:29.245Z,tanu004_,Is it fair price,400/- for this bouquet... is it overpriced?,,image,74,,39,https://www.reddit.com/r/kolkata/comments/1vugyv0/is_it_fair_price/,,,,,,,False,False,470957,0,26,2026-08-27T08:39:26.883Z,raw/kolkata/2026-08/posts.jsonl#L650
kolkata,t3_1vugzux,2026-08-21T13:52:36.480Z,Ok-Case9520,বিয়ের সিজন?,📍kumortuli,,image,9,,10,https://www.reddit.com/r/kolkata/comments/1vugzux/%E0%A6%AC%E0%A6%AF%E0%A6%B0_%E0%A6%B8%E0%A6%9C%E0%A6%A8/,,,,,,,False,False,470957,0,26,2026-08-27T08:40:07.960Z,raw/kolkata/2026-08/posts.jsonl#L764
kolkata,t3_1vuh4yj,2026-08-21T13:58:16.770Z,No-One8747,রাতের sector v,,,video,12,,0,https://www.reddit.com/r/kolkata/comments/1vuh4yj/%E0%A6%B0%E0%A6%A4%E0%A6%B0_sector_v/,,,,,,,False,False,470957,0,26,2026-08-27T08:43:21.751Z,raw/kolkata/2026-08/posts.jsonl#L948
kolkata,t3_1vuhc5f,2026-08-21T14:05:46.500Z,Adorable-War-4793,"Discovered this damn good Bengali song, soulful and poised.",This is about love in oblivion. Nice lyrics. The voice is great. https://youtu.be/B6h-wq7B9wM?si=XKmu39QxFcGZgosc,,text,0,,0,https://www.reddit.com/r/kolkata/comments/1vuhc5f/discovered_this_damn_good_bengali_song_soulful/,,,,,,,False,False,470957,0,26,2026-08-27T08:39:57.987Z,raw/kolkata/2026-08/posts.jsonl#L740
kolkata,t3_1vuhme7,2026-08-21T14:16:51.591Z,mama_ooOOooO,BJP's good cop enters after bad cop ends task... Swapan Dasgupta on Jadavpur,,,link,89,,35,https://www.reddit.com/r/kolkata/comments/1vuhme7/bjps_good_cop_enters_after_bad_cop_ends_task/,https://youtu.be/q3r6woRbulQ?si=wgtPbJD9WHYNDdfR,youtu.be,,,,,False,False,470957,0,26,2026-08-27T08:39:43.183Z,raw/kolkata/2026-08/posts.jsonl#L687
kolkata,t3_1vuhmhs,2026-08-21T14:16:58.581Z,imthearistocrat,Joining band,"I'm now in Madurdaha, Kolkata. I'm a singer and here I'm studying. Is there any jamming session or band practice which I can join? I'll not be able to give very much time. I do music for my own interest and refreshments.",,text,1,,1,https://www.reddit.com/r/kolkata/comments/1vuhmhs/joining_band/,,,,,,,False,False,470957,0,26,2026-08-27T08:39:57.998Z,raw/kolkata/2026-08/posts.jsonl#L743
kolkata,t3_1vuhzwn,2026-08-21T14:31:06.359Z,jorrd_boy,গত বছর দুর্গাপুজো নিয়ে বানানো আমাদের ছোট্ট ডকুমেন্টারির কিছু মুহূর্ত,গত বছরের দুর্গাপুজোর কিছু মুহূর্ত ক্যামেরায় ধরে রাখার চেষ্টা করেছিলাম। সেই স্মৃতি থেকেই তৈরি আমাদের ছোট্ট ডকুমেন্টারি। Read more,,image,6,,1,https://www.reddit.com/r/kolkata/comments/1vuhzwn/%E0%A6%97%E0%A6%A4_%E0%A6%AC%E0%A6%9B%E0%A6%B0_%E0%A6%A6%E0%A6%B0%E0%A6%97%E0%A6%AA%E0%A6%9C_%E0%A6%A8%E0%A6%AF_%E0%A6%AC%E0%A6%A8%E0%A6%A8_%E0%A6%86%E0%A6%AE%E0%A6%A6%E0%A6%B0_%E0%A6%9B%E0%A6%9F%E0%A6%9F_%E0%A6%A1%E0%A6%95%E0%A6%AE%E0%A6%A8%E0%A6%9F%E0%A6%B0%E0%A6%B0_%E0%A6%95%E0%A6%9B_%E0%A6%AE%E0%A6%B9%E0%A6%B0%E0%A6%A4/,,,,,,,False,False,470957,0,26,2026-08-27T08:39:57.058Z,raw/kolkata/2026-08/posts.jsonl#L731
kolkata,t3_1vuinu8,2026-08-21T14:56:48.575Z,iamnathaniel7,"Looking to travel to Saudi Arabia in November, where do you guys get your visa done from?","As the title suggests, I'm looking to travel solo to Saudi Arabia this Nov, but I'm very confused and mentally jarred trying to search a possible place to get my visa done. I checked Atlys app too and that wasn't any help. Any local visa agencies or places which is reliable enough for this? Open to y'alls suggestions and please share your experience if it's relatable. Thanks! Read more",,text,1,,2,https://www.reddit.com/r/kolkata/comments/1vuinu8/looking_to_travel_to_saudi_arabia_in_november/,,,,,,,False,False,470957,0,26,2026-08-27T08:40:05.032Z,raw/kolkata/2026-08/posts.jsonl#L751
kolkata,t3_1vuixab,2026-08-21T15:06:05.498Z,GeologistRound3591,How to be happy? Genuinely Happy?,"M28 Forgot the last time I was genuinely happy. Relief and happiness Idk if it's same. Like onek din por job pele it's kind of a relief but is it happiness? Like can adults be genuinely happy? Maybe my situation is not as good as I want it to be , may be I'm not rich enough, maybe I'm lonely, maybe I hate my job, maybe I just hate myself and my life overall. Sometimes I feel like I'm fighting a loosing game. Sometimes I feel like I will be happy if I achieve all of goals. But is it possible? What if I never achieve my goals(as the goals are quite big)? That means I will always be unhappy. I hate when I see everyone around me content with their life. Do adults fake it till they make it? Read more",,text,6,,8,https://www.reddit.com/r/kolkata/comments/1vuixab/how_to_be_happy_genuinely_happy/,,,,,,,False,False,470957,0,26,2026-08-27T08:39:37.493Z,raw/kolkata/2026-08/posts.jsonl#L670
kolkata,t3_1vuiykv,2026-08-21T15:07:24.282Z,ScaleOverall7886,What happened to Tram World Cafe??,Same as the title eta ki sotti kore bondho hoye geche?? https://www.facebook.com/reel/205617579232869/?mibextid=ZZyLBr I saw this fb reel where it says the cafe inside Gariahat tram depot has been shut down. Read more,,text,1,,0,https://www.reddit.com/r/kolkata/comments/1vuiykv/what_happened_to_tram_world_cafe/,,,,,,,False,False,470957,0,19,2026-08-27T08:40:01.335Z,raw/kolkata/2026-08/posts.jsonl#L748
kolkata,t3_1vuj1co,2026-08-21T15:10:11.333Z,pink-Raspberryy,My instant coffee tier-list from what I have tried,,,image,0,,10,https://www.reddit.com/r/kolkata/comments/1vuj1co/my_instant_coffee_tierlist_from_what_i_have_tried/,,,,,,,False,False,470957,0,25,2026-08-27T08:40:58.444Z,raw/kolkata/2026-08/posts.jsonl#L855
kolkata,t3_1vuj5t8,2026-08-21T15:14:44.433Z,Due-Meeting-2972,"The frame broke. ""ShantiShakti"" oil on canvas 18*16 inches . Based in Kolkata .",,,image,17,,1,https://www.reddit.com/r/kolkata/comments/1vuj5t8/the_frame_broke_shantishakti_oil_on_canvas_1816/,,,,,,,False,False,470957,0,26,2026-08-27T08:40:20.983Z,raw/kolkata/2026-08/posts.jsonl#L797
kolkata,t3_1vujagd,2026-08-21T15:19:25.700Z,Pap_Guru,Bardhaman Howrah Local Trains are so annoying.,"I have to travel from Chandannagar to Bally and then catch a bus to New Town for my job. And I've been using this route for almost 2 years now for my office work, and never have I ever trusted Bardhaman Local. If I see a barchaman local, I either try to catch the train before it or the one after but never bardhaman local and there's a very good reason behind it. I believe the railway department intentionally makes the bardhaman locals late. Because lately because of my shift, due to unavailability of trains at that time, I had to catch the bardhaman local from Chandannagar at 8:05 PM and I've developed complete trust issues with Indian railways now. It's either the train itself is late from the bandel, or even if it is on time (5-6 minutes delay), the train halts in between seoraphuli or shrirampur for an elongated period of time. This is so annoying when I have to catch this particular train and it completely fucks my mind every single time. Now some might say, why don't I get out early and catch the one before bardhaman? I already get out 3 hrs prior to my shift time everyday, how early do you want me to depart? Read more",,image,11,,17,https://www.reddit.com/r/kolkata/comments/1vujagd/bardhaman_howrah_local_trains_are_so_annoying/,,,,,,,False,False,470957,0,25,2026-08-27T08:39:36.732Z,raw/kolkata/2026-08/posts.jsonl#L665
kolkata,t3_1vujkjp,2026-08-21T15:29:40.144Z,WrongdoerAdept3985,[Song Recommendation] 10 Underrated Bengali Songs from ‘Epar Bangla’ & ‘Opar Bangla’ - Pt. I,"Here are 10 Bengali songs I feel deserve way more love! For Part I, I’ve kept things pretty mellow, nothing too heavy, just some beautiful songs that not many people talk about.. ‘Shomoy’ - Prithibi [A classic rock ballad. The mixing in this song is great.] Song link: https://youtu.be/AGFWyK5IDlE?si=XKxdBrIjQjLHv93h 2. ‘Boba Festoon’ - Lakkhichchara [One of their best songs (according to me). Great lyrics and the outro guitar solo sounds tasty AF.] Song link: https://youtu.be/6pkRIflOrFQ?si=SVmbyjNUp4jwggf1 3. ‘Odhora’ - Vibe [A metal band from Opar Bangla. This is one of their mellow numbers. Very good melody and the vocals are great as well.] Song link: https://youtu.be/Jey547kXXP8?si=T7wtYC6eUVjkApDG 4. ‘Ballerina’ - Lakkhichchara [One of their initial hits. It has a flamenco guitar solo that sounds fire.] Song link: https://youtu.be/8FoDSd5ubsY?si=ahLmpSd9BjTX2ues 5. ‘Barle Boyesh Sobai Manush Hoy Ki?’ - Gorer Math [This song is also known as ‘Manush Chena Daye’ by Moheener Ghoraguli, but the original was actually a song by the band Gorer Math, written and composed by Joyjit Lahiri and Subrata Ghosh.] Song link: https://youtu.be/9TcM2EItw8U?si=3jS7YGXDYHodDQCH 6. ‘Porajito Bir’ - Shuddho Fuad Sadi [He’s a musician from Opar Bangla, also the vocalist of the band (now inactive) Vibe, who released a few independent songs on his own. This is one of 'em. Lyrically and song structure wise, this is the best song on the list (again, my personal opinion).] Song link: https://youtu.be/RdAVRUmTNco?si=lhAqVrDrYXi_HG_m 7. ‘Tarar Moto’ - Anupam Roy [A song from his independent album ‘Dwitiyo Purush’. It has an unmatched melancholic vibe that words fail to describe...] Song link: https://youtu.be/flD4yQSi8l0?si=L01Nz2idDo7DFKQL 8. ‘Bidhatari Ronge Aka’ - Vibe [Another Vibe song. This one’s mellow as well, with very well-written lyrics and a great melody...] Song link: https://youtu.be/v7a6lIu5-kU?si=4bk9FEQNIUGGbwwy 9. ‘Ami Chaichhi Na Ar Tomake’ - Aushomapto [A local band from our very own city. A RAW band with a signature sound. Some say their tone is trash, but I say their tone is RAW, powerful and unique. Discover their other songs as well...] Song link: https://youtu.be/w96UeBFUJN4?si=EDvwiTjPOoG4jZSt 10. ‘Manobi’ - Prithibi [Another slept-on song by them. The music production on this song isn’t that good, but the song itself is a hidden gem] Song link: https://youtu.be/JcmjDdg-pmA?si=8FRl9nDTmbc63WJL I’ve also made a Spotify playlist with all of these songs! That's all for Part I !!! I deliberately kept this list on the mellower side. There are tons of Bengali rock, metal, indie and alternative songs that deserve more attention, so I'll probably make a part II with a slightly different vibe, more on the heavier side ..",,text,6,,1,https://www.reddit.com/r/kolkata/comments/1vujkjp/song_recommendation_10_underrated_bengali_songs/,,,,,,,False,False,470957,0,26,2026-08-27T08:40:12.355Z,raw/kolkata/2026-08/posts.jsonl#L769
kolkata,t3_1vujnd2,2026-08-21T15:32:33.457Z,Oddly_odd_even,Went to watch keu bole biplobi keu bole dakat just to pass some time with a friend in Nandan and to my surprise it was really well made and the storyline was quite good.,The crowd was applauding now and then as the movie carries lot of good dialogues. I didn't liked some fight scenes at the beginning as it was looking quite artificial but overall the story is really good. Read more,,image,32,,3,https://www.reddit.com/r/kolkata/comments/1vujnd2/went_to_watch_keu_bole_biplobi_keu_bole_dakat/,,,,,,,False,False,470957,0,26,2026-08-27T08:39:30.576Z,raw/kolkata/2026-08/posts.jsonl#L659
kolkata,t3_1vujq4p,2026-08-21T15:35:14.271Z,iscrappedthe_data,The only politics bjp has is politics of hatred,Source: https://bengali.abplive.com/district/jadavpur-university-tension-bjp-mla-koustav-bagchi-says-antinational-students-need-to-beaten-up-and-he-will-give-award-for-it-1189715 A sitting MLA is asking for mass violence while announcing reward for the violence against students.,,image,142,,31,https://www.reddit.com/r/kolkata/comments/1vujq4p/the_only_politics_bjp_has_is_politics_of_hatred/,,,,,,,False,False,470956,0,25,2026-08-27T08:39:10.359Z,raw/kolkata/2026-08/posts.jsonl#L609
kolkata,t3_1vujqig,2026-08-21T15:35:38.413Z,Kindly-Resolve8603,Difference between Big buffer non-veg and Student (10-21)?,"Dutoi ki same na kono catch aache? Kaalke bondhur saathe jaabo but konta book korbo bujhte paarchi na , is it like student offer e kichu limit ba only veg or only non veg er option thakbe?? Read more",,image,6,,6,https://www.reddit.com/r/kolkata/comments/1vujqig/difference_between_big_buffer_nonveg_and_student/,,,,,,,False,False,470957,0,26,2026-08-27T08:39:43.607Z,raw/kolkata/2026-08/posts.jsonl#L688
kolkata,t3_1vuk0hd,2026-08-21T15:45:55.097Z,Imaginary_Buddy723,Any fedora fellows?,I use fedora btw (no hate pls) extensions: Dash to Dock Blur my Shell Read more,,image,93,,137,https://www.reddit.com/r/kolkata/comments/1vuk0hd/any_fedora_fellows/,,,,,,,False,False,470957,0,26,2026-08-27T08:39:26.881Z,raw/kolkata/2026-08/posts.jsonl#L649
kolkata,t3_1vuk1wz,2026-08-21T15:47:24.951Z,Excellent-Chain1492,am goin to watch an A rated film being 15yo (need ya help),"the film is insidious out of further, the theatre i am going in isn't a big franchise, its a multiplex but ig only have 1 theater in india.. So i edited my adhaar w Grok, will it work gng? Have y'all experienced doin smth like this?? And did it work? Read more",,text,1,,6,https://www.reddit.com/r/kolkata/comments/1vuk1wz/am_goin_to_watch_an_a_rated_film_being_15yo_need/,,,,,,,False,False,470957,0,26,2026-08-27T08:40:01.427Z,raw/kolkata/2026-08/posts.jsonl#L749
kolkata,t3_1vuk2lh,2026-08-21T15:48:09.548Z,rajeshbhat_ds,From a Bengaluru man who moves to Kolkata,"I was living in Bengaluru since 2005. College, career and adult life, all happened in Bengaluru. I'm a Kannadiga who grew up in Pune before moving to Bengaluru as a teenager. I am a data scientist who was working in the same company for almost 10 years. Two things happened in my life recently: I married a Bengali girl last year. I lost my well paying job in the beginning of this year, let go by the company which acquired the previous small start-up I was working for. After I lost my job, my wife said move to Kolkata, live with her and job hunt online. She is a native and currently works in a town nearby. If I moved here, we would be living together and we can save on travel expenses. When I was in Bengaluru, I was flying here twice a month to spend weekends with her. I've been living in Kolkata for 6 months. I started job hunting and gave my preferred location as Kolkata and Bengaluru to recruiters. Last month I got a job in Kolkata. So living in Kolkata is going to be a permanent thing for the foreseeable future. Here's how I compare living in Bengaluru vs Kolkata. Expenses My new job comes with a considerable pay-cut when compared to my Bengaluru salary. But I don't feel squeezed. The cost of living is cheaper. I don't pay rent here, and I didn't pay rent in Bengaluru either. But everyone knows the rent here is much cheaper. Commuting When I was living in Bengaluru, my office was 10 km away. I always commuted by my own car. Even with 3 days WFH a week, I was still spending close to ₹3000 a month on petrol for office commute alone (big car, bumper to bumper traffic). In Kolkata, my office is 15 Km away from my home. The biggest difference I notice is the easy of commuting with public transport. Autos for last mile connectivity are a blessing. I pay ₹13 for an auto (shared, fixed route) to the nearest metro station. In Bengaluru, there is no way I would have got an auto for less than ₹60 to the nearest metro station, and there was no metro to my office anyway, and even the bus stop was 2 km away. The metro ticket to my office is ₹43. So I can make the trip with ₹56. That's about ₹1000 per month for the 8-10 days of WFO. There is no combination of transport options in Bengaluru with which I can travel 15 KM for ₹56, especially one which requires switching vehicles. Traffic Bengaluru traffic is notorious. Snarls that take hours to clear are a daily affair. I've felt the brunt of Bengaluru traffic countless times. In my 6 months in Kolkata, I've never been stuck in a jam for hours. All the major roads are very wide, and there are traffic lights very 500 meters or so. Traffic cops are very proactive and they clear traffic jams very quickly. The traffic keeps moving here. There can be long jams in some narrow roads, but even there I've seen that the cops act fast. Plus there are speed limits which are strongly enforced, 60 Kmph is the highest allowed speed I've seen so far, and people usually adhere to it. Food It's easy for me to find quality South Indian food here. Although I haven't found any restaurants that offer food items of Karnataka, there are many Tamilian owned restaurants. There are 2 Idli/dosa joints within 5 minutes of where I live. Outside food almost costs the same as Bengaluru, but my In-laws live 5 minutes away from my house, and I get to eat good Bengali food there for free ✌️. I'm a vegetarian and people say it's hard to find vegetarian food in Kolkata because all Bengali's are non-vegetarians. But I've never had any problems finding vegetarian food, even within Bengali cuisine. One thing about the small restaurants in Kolkata is that they give a very good ambience and cultural exposure. Bookshelves in restaurants, I've not seen that in Bengaluru. Entertainment This may be a personal thing but I've found Kolkata has more entertainment options. My wife is into theatre. I've seen many plays here. Kolkata has a very vibrant theatre culture. That's something I never did in Bengaluru. Movie theatres cost pretty much the same though. Shopping I've noticed that shopping culture in Kolkata is a bit different. People have long standing commercial relationship with small shopkeepers. Every local has a set of shops where they know the shopkeeper, and they have been shopping in the same shops for years and decades. In Bengaluru most of the shopping was impersonal, and if I wasn't ordering things online, I only shopped in malls. Employment This is where Bengaluru scores big. At least in my profession (tech), Bengaluru has more opportunities, and much higher paying opportunities. That said, there are some decent opportunities in Kolkata too. If you manage to get one of these good jobs, you can have a good standard of living here, since to cost of living is much lower. Edit: Forgot to mention the weather. Kolkata is humid, so it feels much hotter than Bengaluru. But I'm kinda used to this kind of weather. My native is in the coastal region of Mangalore. Winters in Kolkata are colder than Bengaluru.",,text,240,,56,https://www.reddit.com/r/kolkata/comments/1vuk2lh/from_a_bengaluru_man_who_moves_to_kolkata/,,,,,,,False,False,470956,0,26,2026-08-27T08:39:01.462Z,raw/kolkata/2026-08/posts.jsonl#L580
kolkata,t3_1vuk94o,2026-08-21T15:54:57.036Z,kuttar-baccha,"iPhone face is really iphoning. How do these actors look like bengali freedom fighters from pre Independence era, let alone Rashbehari Bose, Bagha Jatin & Sachindranath Sanyal that they are portraying? 😭",,,video,57,,46,https://www.reddit.com/r/kolkata/comments/1vuk94o/iphone_face_is_really_iphoning_how_do_these/,,,,,,,False,False,470957,0,26,2026-08-27T08:39:53.787Z,raw/kolkata/2026-08/posts.jsonl#L718
kolkata,t3_1vukgsf,2026-08-21T16:02:43.805Z,notsharanya,"hi guys,I have a lot of these jee modules....is there any way I can sell them..i just got into college recently and barite jaiga faka korte hobe ektu",Aro onek ache...egulo just kichuta...I am not promoting or something like that...bas ektu suggestion lagbe 😭😭,,image,3,,14,https://www.reddit.com/r/kolkata/comments/1vukgsf/hi_guysi_have_a_lot_of_these_jee_modulesis_there/,,,,,,,False,False,470957,0,26,2026-08-27T08:40:05.952Z,raw/kolkata/2026-08/posts.jsonl#L754
kolkata,t3_1vukrck,2026-08-21T16:13:35.290Z,aditya_35,Is MacBook price justified?,"I want to Buy M5 Air 24GB 1TB SSD. I'm getting it for 2,23,100. Read more",,text,0,,7,https://www.reddit.com/r/kolkata/comments/1vukrck/is_macbook_price_justified/,,,,,,,False,False,470957,0,26,2026-08-27T08:39:49.516Z,raw/kolkata/2026-08/posts.jsonl#L700
kolkata,t3_1vukv6y,2026-08-21T16:17:36.715Z,Infinite_Neat343,cafes/places to eat near jatin das park metro,college student der jonno affordable kono khawar jayga ba kono boshe thakar jayga janle bolben Read more,,text,1,,0,https://www.reddit.com/r/kolkata/comments/1vukv6y/cafesplaces_to_eat_near_jatin_das_park_metro/,,,,,,,False,False,470957,0,0,2026-08-27T08:39:57.106Z,raw/kolkata/2026-08/posts.jsonl#L732
kolkata,t3_1vukxwh,2026-08-21T16:20:20.402Z,No_Programmer3213,The BJP narrative is collapsing on Facebook too,"This is purely my opinion. For reference, I haven't liked or commented on any post related to the incident, either for or against. But since today morning, the narrative of BJP is collapsing even on Facebook, especially after the Anandabazar Patrika front page and the images of the broken emblem got limelight. What do you think ? Read more",,text,90,,26,https://www.reddit.com/r/kolkata/comments/1vukxwh/the_bjp_narrative_is_collapsing_on_facebook_too/,,,,,,,False,False,470956,0,26,2026-08-27T08:38:42.798Z,raw/kolkata/2026-08/posts.jsonl#L519
kolkata,t3_1vul9sb,2026-08-21T16:32:28.540Z,No_Smell_1570,Buying recommendations for continuous light,"Hey all, I have a very tight budget of 3k-5k, I want to buy a continuous light for taking photos, I will mainly use it for food photography, product photography, creative ,etc.. please recommend some good continuous light. Thanks in advance. Read more",,text,1,,0,https://www.reddit.com/r/kolkata/comments/1vul9sb/buying_recommendations_for_continuous_light/,,,,,,,False,False,470957,0,26,2026-08-27T08:39:56.892Z,raw/kolkata/2026-08/posts.jsonl#L721
kolkata,t3_1vulad1,2026-08-21T16:33:02.349Z,Jyotirban_2003,Are you coming ?,"Coming as an eastbengal fan, are you ?",,image,6,,13,https://www.reddit.com/r/kolkata/comments/1vulad1/are_you_coming/,,,,,,,False,False,470957,0,26,2026-08-27T08:39:37.490Z,raw/kolkata/2026-08/posts.jsonl#L669
kolkata,t3_1vulas8,2026-08-21T16:33:29.140Z,Candid_Parfait_7453,Need suggestions for best psychologist,"Hello everyone, 30M here Please suggest the best psychologists in Kolkata whom you have consulted and have been felt really good in managing your issues and currently living a normal life. Any males here who have been in similar shoes and have got real help. Kindly suggest along with their fees per session. Thanks in advance",,text,2,,2,https://www.reddit.com/r/kolkata/comments/1vulas8/need_suggestions_for_best_psychologist/,,,,,,,False,False,470957,0,26,2026-08-27T08:40:15.650Z,raw/kolkata/2026-08/posts.jsonl#L787
kolkata,t3_1vulbyi,2026-08-21T16:34:45.040Z,AcrobaticAd3489,Can anyone suggest the best route?,"So I need to go from hwh/sdah to ndls/nzm/anvt/dli But the thing is there isn't a single seat available I'm not looking forward to buying tatkal as it is highly possible that I may not get any What I've decided that go to a station by any express and from there go to Delhi via any local train like an emu/memu/demu/passenger or whatever or like do another thing like book a connecting journey like hwh/sdah to pnbe or anywhere and then from there to Delhi but I've checked many combinations and none have any seats so the previous one seems practical kinda If you couldn't get it, this is an example to it like going to cnbe or anywhere by a reserved seat and then boarding a local train to Delhi(yeah I checked that from cnbe no train goes to Delhi this was just an example) Can anyone suggest the best route for it Read more",,text,1,,5,https://www.reddit.com/r/kolkata/comments/1vulbyi/can_anyone_suggest_the_best_route/,,,,,,,False,False,470957,0,26,2026-08-27T08:39:49.612Z,raw/kolkata/2026-08/posts.jsonl#L705
kolkata,t3_1vulnkr,2026-08-21T16:46:26.943Z,TritiyaPandav,"6'5"" of Nigerian power — Effiong Nsungusi is coming to Kolkata! 🔴🟡",,,image,56,,6,https://www.reddit.com/r/kolkata/comments/1vulnkr/65_of_nigerian_power_effiong_nsungusi_is_coming/,,,,,,,False,False,470957,0,11,2026-08-27T08:39:37.536Z,raw/kolkata/2026-08/posts.jsonl#L671
kolkata,t3_1vum321,2026-08-21T17:02:03.241Z,No-Smoke-9770,Does anyone know the days these Park Street Stationery stalls remain open?,So they're near the Park Street Head Post Office...wanted to know whether they remain open on Saturdays/Sundays or only on weekdays?,,image,5,,10,https://www.reddit.com/r/kolkata/comments/1vum321/does_anyone_know_the_days_these_park_street/,,,,,,,False,False,470957,0,26,2026-08-27T08:39:42.990Z,raw/kolkata/2026-08/posts.jsonl#L685
kolkata,t3_1vum5fo,2026-08-21T17:04:14.462Z,BROZARKOP,Earthquake?!,Holo ki ? Read more,,text,0,,18,https://www.reddit.com/r/kolkata/comments/1vum5fo/earthquake/,,,,,,,False,False,470957,0,26,2026-08-27T08:40:42.257Z,raw/kolkata/2026-08/posts.jsonl#L820
kolkata,t3_1vumlrt,2026-08-21T17:20:28.241Z,Glum_Feature_2626,Went to a client's invitation today in a small village near Durgapur and got stuck because people were protesting for Annapurna Bhandar,"Video is not mine, I asked the guy who came to recieve me to share this.. guess the govt gonna win its next term ?",,video,293,,52,https://www.reddit.com/r/kolkata/comments/1vumlrt/went_to_a_clients_invitation_today_in_a_small/,,,,,,,False,False,470956,0,26,2026-08-27T08:42:06.270Z,raw/kolkata/2026-08/posts.jsonl#L898
kolkata,t3_1vumtf8,2026-08-21T17:28:13.587Z,Nghtcrwlrr,Repeat reminder,"I know a lot of people don’t read the sub rules. So just a reminder for them- Please, for someone’s sake, put a source either in the post body or as a comment in the news posts . If it’s not there, the post will be removed. We are literally tired of saying the same thing over and over again. Avoid posting out of context screenshots/video clips etc without a legitimate source. And there is a recent trend of discussing about other subReddits. Please refrain from doing that. If you don’t like any sub, just unsubscribe and move on. If you don’t like our sub, same thing. Just move on. It’s that simple only. Thank you, মদ্যপ",,text,14,,7,https://www.reddit.com/r/kolkata/comments/1vumtf8/repeat_reminder/,,,,,,,False,False,470957,0,26,2026-08-27T08:39:27.582Z,raw/kolkata/2026-08/posts.jsonl#L655
kolkata,t3_1vund0y,2026-08-21T17:48:25.492Z,Background_County332,Reporting Ganja Smokers near my Rent,So there is a group of guys that hangout near my Rent that smoke ganja and cause a nuisance a lot. So how can I report them to the police. Will the police do anything to them?,,text,3,,11,https://www.reddit.com/r/kolkata/comments/1vund0y/reporting_ganja_smokers_near_my_rent/,,,,,,,False,False,470957,0,25,2026-08-27T08:39:49.571Z,raw/kolkata/2026-08/posts.jsonl#L702
kolkata,t3_1vunzzk,2026-08-21T18:11:54.886Z,blockthecock,Dherrrr bhallagchhena,"I lost my chhata, missed a phanka metro and i miss my dedass best frend. Boro hole khub moja ke bolechhe bhai? I hateeeeee it. I hate my classmates. I hate i don't like politics kind. Hyatttttttttttttttt. Arghhhhhhhhhh. How tf u make frands? What'd i do pujote? Instay reel post korbo, frands? PS : I don't have a cat between my legs, don't send me bier sombondho. Send nimontron instead. Read more",,text,30,,58,https://www.reddit.com/r/kolkata/comments/1vunzzk/dherrrr_bhallagchhena/,,,,,,,False,False,470957,0,26,2026-08-27T08:39:49.840Z,raw/kolkata/2026-08/posts.jsonl#L709
kolkata,t3_1vuo1x0,2026-08-21T18:13:44.022Z,bong_ebong_young,Looking for someone around Dum Dum Park/Bangur willing to teach me motorcycle riding,"Hi everyone, I'm looking to learn geared motorcycle riding from scratch and was wondering if any experienced bikers around Dum Dum Park/Bangur/Nagerbazar would be willing to teach me on their own bike. I'm a complete beginner when it comes to motorcycles, although I know how to cycle. I'm happy to pay a mutually agreed amount for your time, fuel and use of the bike, we can discuss the amount beforehand. Ideally, I'd like someone patient who can start with the basics in an open ground/quiet area and gradually move to regular roads once I'm comfortable. If you're interested, please DM me with: - Your general location - How long you've been riding - What bike you'd be teaching me on - Your expected charges - When you're generally available I'm also happy to meet first in a public place and discuss everything before starting. Thanks! 🙂",,text,1,,0,https://www.reddit.com/r/kolkata/comments/1vuo1x0/looking_for_someone_around_dum_dum_parkbangur/,,,,,,,False,False,470957,0,16,2026-08-27T08:39:49.780Z,raw/kolkata/2026-08/posts.jsonl#L708
kolkata,t3_1vuo87c,2026-08-21T18:19:56.372Z,Felicie_dreamer,Need information about gold price in Kolkata,"I bought some gold from Kolkata last time and what I noticed is that there is a range for the per gram price across shops…almost 500-600 Rs variance per gram of 22 kt. The national brands like Tanishq, Malabar, even PC Chandra had similar pricing. But some local brands (pretty well known) had this mark up. One said it is the Ananda Bazar Patrica price and it was indeed few hundred more. Can someone tell me what is the underlying source of AP’s daily gold pricing. Unfortunately I liked a piece from one of the local brands and would like to understand this pricing. Read more",,text,1,,4,https://www.reddit.com/r/kolkata/comments/1vuo87c/need_information_about_gold_price_in_kolkata/,,,,,,,False,False,470957,0,26,2026-08-27T08:39:57.123Z,raw/kolkata/2026-08/posts.jsonl#L735
kolkata,t3_1vuog79,2026-08-21T18:28:04.940Z,oldmonk_100,Eka thakar fyda,,,video,18,,9,https://www.reddit.com/r/kolkata/comments/1vuog79/eka_thakar_fyda/,,,,,,,False,False,470957,0,26,2026-08-27T08:40:13.286Z,raw/kolkata/2026-08/posts.jsonl#L771
kolkata,t3_1vuol3s,2026-08-21T18:32:53.474Z,Puzzleheaded-Row-477,An interesting observation i made on relationship dynamics ( Girls ignore this post): You have more chance than you think!,"Perfect time to discuss this XD since everyone gets lonely at night. And let's get this clear. A Healthy relationship IS IMPORTANT. Harvard has conducted a Looong study. https://news.harvard.edu/gazette/story/2017/04/over-nearly-80-years-harvard-study-has-been-showing-how-to-live-a-healthy-and-happy-life/ Loneliness is as dangerous as alcohol or drugs. Ei study ta porte porte pashe r janlay gaan bajchhe "" aadat se majboor "" ricky bahl. Look at that song. Have a look less listening. The character is a conman sure but the confidence is honestly oozing lol It has to do with confidence for sure man. Look at him. He can do skills. He can talk. He can generate sympathy lol. That's what u want right? Make friends from opposite gender and be confident and comfortable with them. Make friends. Look for attributes. And THEN look for potential partner And u have to look pan india here lol. It's 2026. And then you exhibit your green flag tendencies (whatever you have, ricky bahl toh scammer chhilo) Infact collegeo jei playboy gulo operate kore , tara ei attributes ekdom raakhe. Fast moving people have more chance. And by the way This is the exact way you identify red flags too Innocent lokera pheshe jabe. Read more",,text,0,,4,https://www.reddit.com/r/kolkata/comments/1vuol3s/an_interesting_observation_i_made_on_relationship/,,,,,,,False,False,470957,0,26,2026-08-27T08:39:55.495Z,raw/kolkata/2026-08/posts.jsonl#L719
kolkata,t3_1vuom5v,2026-08-21T18:33:59.364Z,so-much-for-honour,Where to shop premium men’s wedding wear in Kolkata?,"Looking for male shopping alternatives to Kalighata, Onaya, Palki, Panghat, etc. Primarily for designer sherwani/bandgala. Please don’t suggest Borobazaar. South Kolkata/Salt Lake side er boutiques hole best.",,text,0,,1,https://www.reddit.com/r/kolkata/comments/1vuom5v/where_to_shop_premium_mens_wedding_wear_in_kolkata/,,,,,,,False,False,470957,0,26,2026-08-27T08:39:52.734Z,raw/kolkata/2026-08/posts.jsonl#L716
kolkata,t3_1vuovft,2026-08-21T18:42:52.058Z,Nghtcrwlrr,আজকে রাতের গান ( আমার প্রিয় cafe - গৌতম চট্টোপাধ্যায়),"Channel link - https://youtu.be/70t068nSPkc?si=KzpxZJB-K6rIOFUo এই গানে আমারও বেশ confusion “ cup এ cup এ, আমার হিয়া কাঁপে নাকি কাঁপে কাঁপে, আমার হিয়া কাঁপে “",,video,16,,4,https://www.reddit.com/r/kolkata/comments/1vuovft/%E0%A6%86%E0%A6%9C%E0%A6%95_%E0%A6%B0%E0%A6%A4%E0%A6%B0_%E0%A6%97%E0%A6%A8_%E0%A6%86%E0%A6%AE%E0%A6%B0_%E0%A6%AA%E0%A6%B0%E0%A6%AF_cafe_%E0%A6%97%E0%A6%A4%E0%A6%AE_%E0%A6%9A%E0%A6%9F%E0%A6%9F%E0%A6%AA%E0%A6%A7%E0%A6%AF%E0%A6%AF/,,,,,,,False,False,470957,0,8,2026-08-27T08:39:49.847Z,raw/kolkata/2026-08/posts.jsonl#L711
kolkata,t3_1vuozku,2026-08-21T18:47:02.553Z,SafaiWala6,Would you use (and pay for) an app that tracks all your assets and makes sure your family can access them if something happens to you?,"I’m a PM/startup founder exploring an app for Indians that combines: • All assets in one place: banks, MFs, stocks, EPF/PPF/NPS, insurance, crypto, property, etc., with nominees and documents. • Encrypted document vault: deeds, policies, statements, wills, company/NGO papers. • Will + nomination tracker: see which assets have nominees, create/update a basic will. • Emergency access: trusted contacts get access to your asset list and documents after death/incapacity, plus step‑by‑step claim guides. In short: “What do I own?” + “If I’m gone, how will my family find and claim it?” Questions: Would you use an app like this? Why / why not? Would you pay for it? If yes, what feels fair: one‑time (₹499–₹1,499) or annual (₹299–₹999)? Biggest concern: security, effort, trust, or something else? Already using anything close (portfolio trackers, vaults, password managers with emergency access)? Not selling anything—just validating before I build. A one‑liner like “Yes, if… / No, because…” is enough. Thanks! Read more",,text,3,,10,https://www.reddit.com/r/kolkata/comments/1vuozku/would_you_use_and_pay_for_an_app_that_tracks_all/,,,,,,,False,False,470957,0,11,2026-08-27T08:39:43.631Z,raw/kolkata/2026-08/posts.jsonl#L689
kolkata,t3_1vuqbbr,2026-08-21T19:35:54.208Z,rajdeep-myself,Credit Card Seller abusing without any reason,"Today, I received a call from a credit card seller, I politely refused because I don't want an card now. He suddenly started verbally abusing very badly on call for not taking the card and then cut the call. I called him back to ask why he said those things, he again did the same thing and used disgusting languages and cut the call. I even told him I will do FIR against him for talking like this without any reason. He said do whatever you want I don't care. These people don't even care about FIRs or Police actions. I checked the spam reports online with this number and saw, he is doing this same verbally abusing to many people, everyone reported it online. If we don't take any actions on such people they will keep harassing/abusing people for not taking a credit card from them. I reported him in Kolkata police cyber crime portal and also looking for other options to teach him a lesson.",,text,3,,15,https://www.reddit.com/r/kolkata/comments/1vuqbbr/credit_card_seller_abusing_without_any_reason/,,,,,,,False,False,470957,0,25,2026-08-27T08:39:36.458Z,raw/kolkata/2026-08/posts.jsonl#L663
kolkata,t3_1vuqrk4,2026-08-21T19:52:48.970Z,Potential_Music_8175,screwed,IT'S 1.22 ON THE CLOCK AND AMAR PET BEITHA KORCHE ARROUND THE UMBILICAL REGION. I'm taking some medicine jeta aaj theke shuru korechi but dude I'm not able to sleep. 😭😭 Read more,,text,0,,26,https://www.reddit.com/r/kolkata/comments/1vuqrk4/screwed/,,,,,,,False,False,470957,0,26,2026-08-27T08:39:48.423Z,raw/kolkata/2026-08/posts.jsonl#L693
kolkata,t3_1vurctn,2026-08-21T20:15:27.332Z,Puzzleheaded_Deal792,Golpo bola jak,"Sobsomoy sob jinis hoito apnar moto cholena sese apni bhaben jibon khub boro onek somoi ache sob kore nebo.amio janen to aki bhabtam aksomoy. Akdin hotath internship r majkhane akta call sob bodle dilo sob. Khub kacher bondhu o chilona abar khub durer o chilona o akossik mrityu jano paa ar tola theke mati soriye dilo ar guilt jibon take. Nijeke khub sarthopor mone holo bondhu boltam,o ghor theke ale or tiffin bag theke bar kore kheye nitam roj hospital duty te asto kichu biscuit niye niye nitam.rasta r hospital r joto kukur biral ache sobai jano or bondhu sobaike ador korto khawato abar manuser jibon bachano teo jothesto parodorshi kintu sese kina oto koste mrityu r sathe panja korte korte bondhu amar ar parlona kmon bollo accha chalta hu duaa o main yaad rakhna bole fele galo akrash joto kora guilt amar jonno. Nijer bastota ,poribar , porisbesh sob niye akdin akta text korte parini kire kmon achis bhalo achis tao bola hye otheni hoito partam bolte kintu parini sudhu jenechi je tui ar nei. Bissas kor cheyechilam toke ses bar dekhte jete kintu sahos hoini barir akmatro sontan ki kore tor baba maa r mukh dekhbo ki kore toke face korbo sei dhanda dekho ta jake dekhechilam ak somoi khub haste khelte jibon niye ato optimistic hote . Ami parini janis to sotti parini bhitu chilam aj o achi hoito ai guilt ta sarajibon theke jabe hoito ai niyei bachbo kintu tor golpo sobsomoy bolte thakbo hoito konodino aro boro jaigai. Jekhanei thakis maa amar bhalo thakis amio asbo akdin tor sathe dekha korte khub golpo korbo seidin aktu opekkha kor. Read more",,text,1,,4,https://www.reddit.com/r/kolkata/comments/1vurctn/golpo_bola_jak/,,,,,,,False,False,470957,0,0,2026-08-27T08:39:56.880Z,raw/kolkata/2026-08/posts.jsonl#L720
kolkata,t3_1vure7b,2026-08-21T20:16:54.769Z,Boring_Following_466,Trying to find a job,22 m college student have some experience in bpo Read more,,text,1,,1,https://www.reddit.com/r/kolkata/comments/1vure7b/trying_to_find_a_job/,,,,,,,False,False,470957,0,26,2026-08-27T08:39:48.263Z,raw/kolkata/2026-08/posts.jsonl#L690
kolkata,t3_1vursnl,2026-08-21T20:32:15.036Z,GenericHuman1988,Nightlife at the office,Looked up randomly during night shift and it looked pretty and calm.,,image,33,,26,https://www.reddit.com/r/kolkata/comments/1vursnl/nightlife_at_the_office/,,,,,,,False,False,470957,0,26,2026-08-27T08:39:20.943Z,raw/kolkata/2026-08/posts.jsonl#L623
kolkata,t3_1vusaud,2026-08-21T20:51:58.414Z,Aryan_07_,idea,I am launching a grooming brand anyone up for the photoshoot and reels idea (taka debona biryani khawiye debo ),,text,0,,19,https://www.reddit.com/r/kolkata/comments/1vusaud/idea/,,,,,,,False,False,470957,0,26,2026-08-27T08:40:34.332Z,raw/kolkata/2026-08/posts.jsonl#L805
kolkata,t3_1vuso3k,2026-08-21T21:06:16.689Z,Superb_Duck_9743,"Good night, Fam!",In another Life. Read more,,video,4,,7,https://www.reddit.com/r/kolkata/comments/1vuso3k/good_night_fam/,,,,,,,False,False,470957,0,26,2026-08-27T08:39:57.996Z,raw/kolkata/2026-08/posts.jsonl#L742
kolkata,t3_1vuszuh,2026-08-21T21:19:02.251Z,DudeHustle,Suggestions needed for Pubs,"Hi all, Will be in Kolkata over the weekend and would love to visit some good pubs in or around Salt Lake/Newtown. Should have good food and drinks with music and something that is lively. Any suggestions are welcome and much appreciated!",,text,0,,4,https://www.reddit.com/r/kolkata/comments/1vuszuh/suggestions_needed_for_pubs/,,,,,,,False,False,470957,0,26,2026-08-27T08:39:48.524Z,raw/kolkata/2026-08/posts.jsonl#L694
kolkata,t3_1vutixj,2026-08-21T21:40:27.986Z,realdaredevilhere,Is genuine connection still a thing here? (Not looking for companions though),"Be fr, most of the ""looking to hangout"" posts at 2am, we all know the real motive lol no shade. But lowkey question - is there still space for ppl who actually want a genuine connection? Like real talks, emotional comfort, not just physical? Or is everyone just here to hook up atp? Lmk what y'all actually think.",,text,0,,7,https://www.reddit.com/r/kolkata/comments/1vutixj/is_genuine_connection_still_a_thing_here_not/,,,,,,,False,False,470957,0,26,2026-08-27T08:40:06.279Z,raw/kolkata/2026-08/posts.jsonl#L759
kolkata,t3_1vutj3g,2026-08-21T21:40:39.262Z,tanu004_,How it looks,Finally completed the bouquet . Tbh it's my 1st time bouquet making. All credit goes to chatgpt.,,image,172,,61,https://www.reddit.com/r/kolkata/comments/1vutj3g/how_it_looks/,,,,,,,False,False,470956,0,25,2026-08-27T08:39:04.734Z,raw/kolkata/2026-08/posts.jsonl#L587
kolkata,t3_1vuudax,2026-08-21T22:14:11.768Z,Harddik_69,Electric Vehicle,Anyone here with a 7 to 8 year experience of driving an ev scooter or a car ? What are the advantages and disadvantages ?,,text,2,,2,https://www.reddit.com/r/kolkata/comments/1vuudax/electric_vehicle/,,,,,,,False,False,470957,0,26,2026-08-27T08:39:57.055Z,raw/kolkata/2026-08/posts.jsonl#L730
kolkata,t3_1vuv7so,2026-08-21T22:49:12.532Z,KeySherbet3711,What would be a good price for this?,"Bought this for working out, only to find they aren’t suitable for heavy loads. Looking for suggestions for a good price to give it to someone else. Comes with original box and is UK 9. Read more",,image,1,,2,https://www.reddit.com/r/kolkata/comments/1vuv7so/what_would_be_a_good_price_for_this/,,,,,,,False,False,470957,0,26,2026-08-27T08:40:15.648Z,raw/kolkata/2026-08/posts.jsonl#L785
kolkata,t3_1vuxh1j,2026-08-22T00:27:19.211Z,bucktsofjzz,New additions to my collection 😁,Will soon need to declare bankruptcy. Read more,,image,102,,16,https://www.reddit.com/r/kolkata/comments/1vuxh1j/new_additions_to_my_collection/,,,,,,,False,False,470956,0,26,2026-08-27T08:38:47.663Z,raw/kolkata/2026-08/posts.jsonl#L543
kolkata,t3_1vuzxr7,2026-08-22T02:22:36.786Z,Oxalite_X,Why Are We Ashamed of Embracing Bengali Music and Culture?,"Yesterday at the gym, my friends and I were playing Bengali songs on the TV and just vibing. Out of nowhere, a man in his 30s walked up, opened the search tab, searched for Hindi songs, and played the first one that came up. And honestly, it got me thinking—why are we so hesitant to play and enjoy our own Bengali music? I completely understand that everyone has different tastes, and there’s absolutely nothing wrong with Hindi music. But why does Bengali music sometimes feel like something we have to be embarrassed about? Our language, music, and culture are a part of who we are. There’s nothing wrong with embracing them openly. Listen to whatever you enjoy, but don’t be ashamed of where you come from. Let’s embrace our culture instead of treating it like something we need to hide. Read more",,text,146,,71,https://www.reddit.com/r/kolkata/comments/1vuzxr7/why_are_we_ashamed_of_embracing_bengali_music_and/,,,,,,,False,False,470956,0,26,2026-08-27T08:38:47.118Z,raw/kolkata/2026-08/posts.jsonl#L541
kolkata,t3_1vv27bw,2026-08-22T04:15:41.974Z,Necrotic_tissue49,SSKM or RG KAR?,Amr maa er hysterectomy korte hobe..... Due to some financial issue private ta avoid korte chaichi Toh RG kar r SSKM er modhe konta better hote pare.... Anyone can give me info? Read more,,text,4,,31,https://www.reddit.com/r/kolkata/comments/1vv27bw/sskm_or_rg_kar/,,,,,,,False,False,470957,0,26,2026-08-27T08:39:36.935Z,raw/kolkata/2026-08/posts.jsonl#L666
kolkata,t3_1vv2mrh,2026-08-22T04:38:12.549Z,LockDown_47,"Bhul date er ticket kete felechi. Karor lagle janaben, taka ta puro puri jole jawar theke bhalo keo dekhe asun 🙏","Bhaloi naam sunchi movie tar. Cinepolis, Lake Mall Today 3:30 PM show 2 tickets - H-5 & 6 Booked wrong dates by mistake. Please DM asap if someone needs. ₹669 e kena. Read more",,image,3,,0,https://www.reddit.com/r/kolkata/comments/1vv2mrh/bhul_date_er_ticket_kete_felechi_karor_lagle/,,,,,,,False,False,470957,0,26,2026-08-27T08:39:21.603Z,raw/kolkata/2026-08/posts.jsonl#L627
kolkata,t3_1vv2txk,2026-08-22T04:48:27.627Z,Anirbit21,"DM me if you are from Rampurhat, Birbhum ( or Nearby)",Urgent,,text,0,,0,https://www.reddit.com/r/kolkata/comments/1vv2txk/dm_me_if_you_are_from_rampurhat_birbhum_or_nearby/,,,,,,,False,False,470957,0,26,2026-08-27T08:39:26.270Z,raw/kolkata/2026-08/posts.jsonl#L642
kolkata,t3_1vv2uld,2026-08-22T04:49:28.978Z,Radioactive_Brain,Ebaro ki pujo te akai ghurte hobe?,"Ebar pujo teo ki shei couples der ke dekhe ektu mon kharap kora hashi heshe ""ish jodi amaro gf hoto"" bole ghurte hobe? 🙂🥀🥀 Read more",,text,0,,22,https://www.reddit.com/r/kolkata/comments/1vv2uld/ebaro_ki_pujo_te_akai_ghurte_hobe/,,,,,,,False,False,470957,0,26,2026-08-27T08:39:49.842Z,raw/kolkata/2026-08/posts.jsonl#L710
kolkata,t3_1vv2wmo,2026-08-22T04:52:22.941Z,Over-Body3761,Derby Ticket,কারও কাছে ডার্বির এক্সট্রা টিকিট আছে? অনেকদিন পর কোলকাতা এসেছি মাঠে যাওয়ার খুব ইচ্ছা করছে থাকলে please জানাবেন,,text,0,,15,https://www.reddit.com/r/kolkata/comments/1vv2wmo/derby_ticket/,,,,,,,False,False,470957,0,26,2026-08-27T08:42:22.471Z,raw/kolkata/2026-08/posts.jsonl#L901
kolkata,t3_1vv311u,2026-08-22T04:58:34.665Z,mama_ooOOooO,"শাসকদের ""দেশভক্তি""-র বাড়বাড়ন্ত দেখে এটা মনে পড়ল",,,link,3,,0,https://www.reddit.com/r/kolkata/comments/1vv311u/%E0%A6%B6%E0%A6%B8%E0%A6%95%E0%A6%A6%E0%A6%B0_%E0%A6%A6%E0%A6%B6%E0%A6%AD%E0%A6%95%E0%A6%A4%E0%A6%B0_%E0%A6%AC%E0%A7%9C%E0%A6%AC%E0%A7%9C%E0%A6%A8%E0%A6%A4_%E0%A6%A6%E0%A6%96_%E0%A6%8F%E0%A6%9F_%E0%A6%AE%E0%A6%A8_%E0%A6%AA%E0%A7%9C%E0%A6%B2/,https://youtu.be/AlvkSaweBpU?si=IdYrVPbPbV_Qe2L1,youtu.be,,,,,False,False,470957,0,26,2026-08-27T08:39:48.855Z,raw/kolkata/2026-08/posts.jsonl#L699
kolkata,t3_1vv3as9,2026-08-22T05:12:23.769Z,REVENANT989898,3d passionates here? Photoshoppers also?,"I used to do PS during lockdown, I was far in the path, then my pc broke down.Now I have a laptop(potato),Im doing it for fun now anyone? Anyone share your story I would love to hear,also It would be fun have a buddy.",,image,5,,13,https://www.reddit.com/r/kolkata/comments/1vv3as9/3d_passionates_here_photoshoppers_also/,,,,,,,False,False,470957,0,26,2026-08-27T08:39:25.334Z,raw/kolkata/2026-08/posts.jsonl#L638
kolkata,t3_1vv3fxa,2026-08-22T05:19:52.817Z,lazybunny17,"I want to get something inked for my mum, but I’m confused about what","Hi guys, I’m going through a very difficult time right now because of my ailing mother. Things haven’t been easy, and I’ve been thinking of doing something that I can keep with me forever, something that reminds me of her. I’ve wanted to get a tattoo for years, and I’ve finally decided that if I’m going to get inked, I want it to be something connected to her. My first thought was getting her eyes tattooed. She has the prettiest, kindest eyes, and there’s something about them that I’ve always loved. But I’m not sure how well an actual eye tattoo would work, especially since I want something small and subtle. I’ve made a separate Pinterest board with some ideas I’ve been considering, but I’m still quite confused. So I thought I’d ask here. If you have any tattoo ideas that could represent a mother, her kindness, her smile, her eyes, or just the feeling of having her with you, please share them. It doesn’t necessarily have to be a tattoo either if there’s anything else you think I could do as a keepsake or something meaningful that I can hold onto as a memory, I’d love to hear that too. If you have pictures/references, please drop them in the comments. I’m planning to go through the ideas and maybe show some of them to her too. ❤️ TL;DR: I want to get my first tattoo as something meaningful for my mum, who is going through a difficult health situation. I initially thought of getting her eyes tattooed but I’m not sure. Looking for small, meaningful tattoo/keepsake ideas and would love to see pictures or references.",,text,2,,5,https://www.reddit.com/r/kolkata/comments/1vv3fxa/i_want_to_get_something_inked_for_my_mum_but_im/,,,,,,,False,False,470957,0,26,2026-08-27T08:41:59.443Z,raw/kolkata/2026-08/posts.jsonl#L896
kolkata,t3_1vv3qya,2026-08-22T05:36:02.708Z,Lavender_Lotika,Current read😭,Tata. It was nice knowing you all😭 Read more,,image,47,,73,https://www.reddit.com/r/kolkata/comments/1vv3qya/current_read/,,,,,,,False,False,470956,0,26,2026-08-27T08:38:54.451Z,raw/kolkata/2026-08/posts.jsonl#L568
kolkata,t3_1vv3v3o,2026-08-22T05:42:25.928Z,SlightIndependence62,Suggest me good hairstylists or salon in kolkata for women,Like not too pricey but do amazing job asw!! Read more,,text,1,,2,https://www.reddit.com/r/kolkata/comments/1vv3v3o/suggest_me_good_hairstylists_or_salon_in_kolkata/,,,,,,,False,False,470957,0,26,2026-08-27T08:39:56.896Z,raw/kolkata/2026-08/posts.jsonl#L722
kolkata,t3_1vv42sa,2026-08-22T05:53:58.752Z,Ok-Case9520,Planning to visit Kumortuli this weekend,Hey! M25 here. Planning to visit Kumortuli this weekend to take some photos and explore the place. Anyone up for joining? 📸,,text,0,,8,https://www.reddit.com/r/kolkata/comments/1vv42sa/planning_to_visit_kumortuli_this_weekend/,,,,,,,False,False,470957,0,26,2026-08-27T08:39:36.155Z,raw/kolkata/2026-08/posts.jsonl#L662
kolkata,t3_1vv4702,2026-08-22T06:00:29.626Z,Fit_Operation3422,"anyone interested in buying r5 3600, 8gb ddr4 ram with motherboard(No cmos battery, only 200 in amazon) ?",dm for more info and price,,text,1,,1,https://www.reddit.com/r/kolkata/comments/1vv4702/anyone_interested_in_buying_r5_3600_8gb_ddr4_ram/,,,,,,,False,False,470957,0,26,2026-08-27T08:39:26.308Z,raw/kolkata/2026-08/posts.jsonl#L644
kolkata,t3_1vv49dh,2026-08-22T06:03:52.184Z,themillennialunicorn,I’ll go first reckless Drivers,,,image,139,,270,https://www.reddit.com/r/kolkata/comments/1vv49dh/ill_go_first_reckless_drivers/,,,,,,,False,False,470956,0,25,2026-08-27T08:42:51.424Z,raw/kolkata/2026-08/posts.jsonl#L920
kolkata,t3_1vv4bzt,2026-08-22T06:07:55.097Z,Oberherr_des_Ostens,Search for retro jersey,"Hi folks! Can anyone here suggest me a place where they exclusively deal with retro jerseys? Like Bayern Munich Lothar Matthäus or Germany retros? ( yes you got it right, I am a Bayern-Germany supporter). I know I can find stuff at Bidhan Market or online but I'm looking for physical store(s) where they deal with retros exclusively. Thanks in advance Read more",,text,2,,0,https://www.reddit.com/r/kolkata/comments/1vv4bzt/search_for_retro_jersey/,,,,,,,False,False,470957,0,0,2026-08-27T08:39:26.387Z,raw/kolkata/2026-08/posts.jsonl#L645
kolkata,t3_1vv4j23,2026-08-22T06:18:46.221Z,eepy2360vlorpzorp,Anyone from IHM Kolkata?,i am trying to connect okay😭 before opening a LinkedIn account i thought a Reddit post will be fun(if anyone is there at all). alumnis will do too:3,,text,1,,4,https://www.reddit.com/r/kolkata/comments/1vv4j23/anyone_from_ihm_kolkata/,,,,,,,False,False,470957,0,26,2026-08-27T08:39:37.222Z,raw/kolkata/2026-08/posts.jsonl#L667
kolkata,t3_1vv4j82,2026-08-22T06:18:59.703Z,peachesarepink,Help with my recent rescue Sushi,"I rescued this little girl from the streets a couple of days ago. She was extremely thin but I’ve been feeding her three times a day and she’s doing much better now. She’s currently mostly indoor-outdoor but I’m trying to make her completely indoor because I can’t bring myself to leave her outside anymore. My parents aren’t very keen on having a pet because of the added expenses, and while they help whenever they can, things are quite tight for them this month too. She’s also been constantly sneezing and has had a cold ever since I found her so I really need to save up and get her to a vet soon. I was supposed to get her deworming and vaccinations done this month, but I’m currently very short on funds. Today she unfortunately peed on my dad on the bed so I’ve had to urgently get a litter box to help transition her indoors. If anyone could help with litter, cat food, deworming, or other essentials, it would genuinely help me a lot. ❤️ I’ve added my Amazon wishlist below so everything stays transparent. You can see exactly what I’m ordering for her. https://www.amazon.in/hz/wishlist/ls/2VRI22V32IB54?ref_=wl_share If you have any questions or advice, please feel free to DM me. Even a small contribution would really help us right now. Read more",,image,22,,0,https://www.reddit.com/r/kolkata/comments/1vv4j82/help_with_my_recent_rescue_sushi/,,,,,,,False,False,470957,0,26,2026-08-27T08:39:02.014Z,raw/kolkata/2026-08/posts.jsonl#L583
kolkata,t3_1vv4jkl,2026-08-22T06:19:33.377Z,genuinebhai,New Voter ID or Appeal?,"my relative's name was deleted from voter roll in SIR in jan-feb and was not able to vote. even went to hearing with documents in january and was rejected. now in june they applied for new voter card application and after 1.5 months hearing was scheduled which they couldn't attend and the application was rejected. now there are two options, either to apply a fresh voter ID again or to appeal for inclusion in the roll. as i am doing their application part, so what to do? Read more",,text,1,,1,https://www.reddit.com/r/kolkata/comments/1vv4jkl/new_voter_id_or_appeal/,,,,,,,False,False,470957,0,26,2026-08-27T08:39:21.621Z,raw/kolkata/2026-08/posts.jsonl#L628
kolkata,t3_1vv4n4y,2026-08-22T06:25:11.745Z,Alarming_Bobcat_2259,Looking for women who lift heavy,"31F, soon to be 32. I’m not obese, but I’m probably around 5 kg above what would be my ideal weight. That’s not really my concern. I want to get strong and eventually lift heavy . The catch is that my current fitness isn’t great. I work night shifts, so my sleep cycle is reversed, and I have a fairly demanding job. I’m considering getting an online strength coach while taking a gym membership, so I can have a proper programme and someone keeping an eye on my form and progression. I’d specifically love to hear from women who lift heavy: Which gym do you train at? Do the gym’s personal trainers actually understand strength training, or are they more focused on general fitness/weight loss? Did you use a PT when you started? Was it helpful? If you use an online coach, how does that work alongside your gym membership? Any recommendations for a gym that has good strength equipment and a comfortable environment for women? I’m much more interested in getting stronger than simply losing weight, so I’d love recommendations from women who are actually into lifting. Read more",,text,1,,9,https://www.reddit.com/r/kolkata/comments/1vv4n4y/looking_for_women_who_lift_heavy/,,,,,,,False,False,470957,0,26,2026-08-27T08:39:27.119Z,raw/kolkata/2026-08/posts.jsonl#L652
kolkata,t3_1vv4sxw,2026-08-22T06:34:12.540Z,Fluffy-Cup-3202,Any trustworthy parcel delivery app in Kolkata? Please this is urgent.,Anything you used like Rapido/Porter/Uber etc? Read more,,text,3,,9,https://www.reddit.com/r/kolkata/comments/1vv4sxw/any_trustworthy_parcel_delivery_app_in_kolkata/,,,,,,,False,False,470957,0,26,2026-08-27T08:39:37.534Z,raw/kolkata/2026-08/posts.jsonl#L672
kolkata,t3_1vv4wm2,2026-08-22T06:39:56.702Z,decent-manush,Are we getting Annapurna Bhandar ?,"This Shows approved but my question is is this only 1 time or we are going to keep on getting it I heard they gonna reverify then block the undeserving candidates etc , too much rumours around To be honest I don't know how they approved us though, we r pretty decent middle class with house n etc Read more",,image,8,,28,https://www.reddit.com/r/kolkata/comments/1vv4wm2/are_we_getting_annapurna_bhandar/,,,,,,,False,False,470956,0,26,2026-08-27T08:38:47.373Z,raw/kolkata/2026-08/posts.jsonl#L542
kolkata,t3_1vv5dsf,2026-08-22T07:06:28.342Z,Ok_Combination2196,Any leftist from JU in this server ? want to ask few imp things related to recent incident,I got some facts by a rightist from there so want to confirm is he's right or not Read more,,text,2,,37,https://www.reddit.com/r/kolkata/comments/1vv5dsf/any_leftist_from_ju_in_this_server_want_to_ask/,,,,,,,False,False,470957,0,26,2026-08-27T08:39:57.546Z,raw/kolkata/2026-08/posts.jsonl#L738
kolkata,t3_1vv5f7r,2026-08-22T07:08:43.947Z,Free-West-7922,"Behrampur police arresting couples from barrackpore square park!!! Is there any actual law about it , why they are treating them like this, happening in kolkata soon?",Opinions?,,image,143,,77,https://www.reddit.com/r/kolkata/comments/1vv5f7r/behrampur_police_arresting_couples_from/,,,,,,,False,False,470956,0,26,2026-08-27T08:38:39.522Z,raw/kolkata/2026-08/posts.jsonl#L511
kolkata,t3_1vv5hjm,2026-08-22T07:12:31.765Z,Fuzzy_Independent762,Bluedart delivery,Does bluedart deliver on Sundays if it's scheduled for that date? I've had multiple instances where my parcel was delayed on to the next weekday on a holiday.,,text,0,,4,https://www.reddit.com/r/kolkata/comments/1vv5hjm/bluedart_delivery/,,,,,,,False,False,470957,0,25,2026-08-27T08:39:42.716Z,raw/kolkata/2026-08/posts.jsonl#L683
kolkata,t3_1vv60ha,2026-08-22T07:43:36.029Z,Muted_Zombie_3235,need a tiffin centre in sector 4 salt lake,"hey people, i am having a hard time finding a tiffin centre in sector 4 salt lake for my brother. most listed on just dial are either closed or don't deliver in sector 4. please help me out if there is any lead. Read more",,text,1,,0,https://www.reddit.com/r/kolkata/comments/1vv60ha/need_a_tiffin_centre_in_sector_4_salt_lake/,,,,,,,False,False,470957,0,26,2026-08-27T08:39:41.247Z,raw/kolkata/2026-08/posts.jsonl#L679
kolkata,t3_1vv60pq,2026-08-22T07:44:02.565Z,Busy-Wait7627,New way begging,"Just going to esplanade via bus, suddenly one 7-8 yr old girl boarded the bus. She just smashed with me while I'm sitting at my seat and turned on her loud speaker on full volume. She also started singing according to the song. One uncle got disturbed & scolded her ,she stopped singing. She also went to the last seat of bus same way smashing through the crowd with her loud speaker. I'm so astonished that what the f**k she was doing and where were her parents. Some passengers got entertainment from that and gave money.",,text,14,,15,https://www.reddit.com/r/kolkata/comments/1vv60pq/new_way_begging/,,,,,,,False,False,470956,0,25,2026-08-27T08:38:42.234Z,raw/kolkata/2026-08/posts.jsonl#L516
kolkata,t3_1vv6a7u,2026-08-22T07:59:46.076Z,Suspicious-Fall-1729,What do people of West Bengal actually think about Gorkhaland statehood?,"Again we are seeing a large protest after 9yrs (after 2017) So I want to understand the West Bengal perspective on the Gorkhaland demand, especially from people who are not from the Darjeeling hills. I'm not making this post to argue for or against Gorkhaland. I'm genuinely interested in hearing different opinions. If Gorkhaland were proposed as a separate Indian state, what would you think? Should Darjeeling–Kalimpong hills become a separate state? What about the proposed inclusion of parts of the Terai/Dooars? How should the interests of Rajbanshi, Adivasi, Bengali, Lepcha, Bhutia and other communities be handled? Do you think a separate state would improve development and governance? What are the strongest arguments against Gorkhaland? Would you support a smaller hill state even if you oppose the larger Gorkhaland map?",,text,0,,2,https://www.reddit.com/r/kolkata/comments/1vv6a7u/what_do_people_of_west_bengal_actually_think/,,,,,,,False,False,470957,0,26,2026-08-27T08:39:37.275Z,raw/kolkata/2026-08/posts.jsonl#L668
kolkata,t3_1vv6aj1,2026-08-22T08:00:14.964Z,_aconite_cj_,First Dksn to Skd metro of the day is so empty and peaceful on Saturdays,"Daily Experience Diaries, it was so hot today for some reason 😭😭😭 randomly, I was sweating so bad waiting for my metro eughh",,image,18,,14,https://www.reddit.com/r/kolkata/comments/1vv6aj1/first_dksn_to_skd_metro_of_the_day_is_so_empty/,,,,,,,False,False,470956,0,26,2026-08-27T08:38:52.036Z,raw/kolkata/2026-08/posts.jsonl#L552
kolkata,t3_1vv6d6p,2026-08-22T08:04:18.037Z,santrupt1994,"If Tukaram Mundhe takes control in Kolkata, which restaurant will take down first?",Read more,,text,13,,30,https://www.reddit.com/r/kolkata/comments/1vv6d6p/if_tukaram_mundhe_takes_control_in_kolkata_which/,,,,,,,False,False,470957,0,26,2026-08-27T08:41:03.945Z,raw/kolkata/2026-08/posts.jsonl#L869
kolkata,t3_1vv6dfs,2026-08-22T08:04:44.377Z,Mutekinomikey,hangout anyone?,"hi guys 18m here, anyone (please don’t be a creep wanting to steal my organs) wanna hangout today? pretty bored 💔",,text,2,,18,https://www.reddit.com/r/kolkata/comments/1vv6dfs/hangout_anyone/,,,,,,,False,False,470957,0,26,2026-08-27T08:43:36.871Z,raw/kolkata/2026-08/posts.jsonl#L957
kolkata,t3_1vv6j6d,2026-08-22T08:14:35.761Z,TritiyaPandav,"Diego Živulić arrives from Croatia with experience across defence and defensive midfield. Age may be a concern, but his versatility and experience could prove valuable for East Bengal. 🔴🟡",,,image,46,,14,https://www.reddit.com/r/kolkata/comments/1vv6j6d/diego_%C5%BEivuli%C4%87_arrives_from_croatia_with/,,,,,,,False,False,470956,0,26,2026-08-27T08:39:02.129Z,raw/kolkata/2026-08/posts.jsonl#L584
kolkata,t3_1vv6ke3,2026-08-22T08:16:42.659Z,RivaMumma,wedding songs and hkw vest to translate them?,"hi guest here, so im on the hunt for songs to play at my friend's wedding celebration. i was looking at songs on Spotify but Google translate was giving me a hard time. anyone has any bengali wedding/relationship/love themed songs and maybe a way or website to get proper translations so i can understand what is being said? Read more",,text,0,,7,https://www.reddit.com/r/kolkata/comments/1vv6ke3/wedding_songs_and_hkw_vest_to_translate_them/,,,,,,,False,False,470957,0,26,2026-08-27T08:39:26.439Z,raw/kolkata/2026-08/posts.jsonl#L646
kolkata,t3_1vv6pwk,2026-08-22T08:26:11.553Z,DayProfessional1518,হঠাৎ করে electricity bill বেড়ে যাওয়া কি কেও লক্ষ্য করেছেন? আমার consumption কম হওয়া সত্ত্বেও বিল অনেক বেসি এসেছে। সরকার কি তাহলে Ethanol এর মতন বিদ্যুতের দামও চুপ চাপ বাড়িয়ে দিলো?,,,image,4,,8,https://www.reddit.com/r/kolkata/comments/1vv6pwk/%E0%A6%B9%E0%A6%A0%E0%A7%8E_%E0%A6%95%E0%A6%B0_electricity_bill_%E0%A6%AC%E0%A6%A1_%E0%A6%AF%E0%A6%93%E0%A6%AF_%E0%A6%95_%E0%A6%95%E0%A6%93_%E0%A6%B2%E0%A6%95%E0%A6%B7%E0%A6%AF_%E0%A6%95%E0%A6%B0%E0%A6%9B%E0%A6%A8_%E0%A6%86%E0%A6%AE%E0%A6%B0/,,,,,,,False,False,470957,0,26,2026-08-27T08:39:01.242Z,raw/kolkata/2026-08/posts.jsonl#L577
kolkata,t3_1vv6qj1,2026-08-22T08:27:17.124Z,BoundbyChoice,Shuttle book ki kore korey?,"Shuttle ba Cityflo book ki kore hoye? I have never done this before. Please help this mess, coz am done being stressed 😫 قراءة المزيد",,text,1,,5,https://www.reddit.com/r/kolkata/comments/1vv6qj1/shuttle_book_ki_kore_korey/,,,,,,,False,False,470957,0,26,2026-08-27T08:42:57.481Z,raw/kolkata/2026-08/posts.jsonl#L932
kolkata,t3_1vv7jq7,2026-08-22T09:15:25.413Z,imVegabond,Need tickets for tomorrow's match,Hi everyone if anyone has tickets available for sale i would like to have 3 tickets for Mohun bagan stand kindly help me out Read more,,text,1,,0,https://www.reddit.com/r/kolkata/comments/1vv7jq7/need_tickets_for_tomorrows_match/,,,,,,,False,False,470957,0,26,2026-08-27T08:39:49.607Z,raw/kolkata/2026-08/posts.jsonl#L704
kolkata,t3_1vv7kl9,2026-08-22T09:16:45.299Z,FutureAppropriate660,"Frandss, you are গালাগালing Modi ji বেকার-বেকার। Let me tell you why..",Modi ji just want every Indian to be fit. That why he pushed the increase of price on suger. It's exactly same like he banned our currency nites overnight just to stop black money. Enforced lockdown overnight to solve corona virus issue. And asked ban china to push indian product. Please dont ask me to show the results of those masterstrokes. Because it is still not published in viswaguru420.com,,image,47,,6,https://www.reddit.com/r/kolkata/comments/1vv7kl9/frandss_you_are_%E0%A6%97%E0%A6%B2%E0%A6%97%E0%A6%B2ing_modi_ji_%E0%A6%AC%E0%A6%95%E0%A6%B0%E0%A6%AC%E0%A6%95%E0%A6%B0_let_me/,,,,,,,False,False,470956,0,26,2026-08-27T08:38:54.453Z,raw/kolkata/2026-08/posts.jsonl#L569
kolkata,t3_1vv7o8x,2026-08-22T09:22:41.790Z,UnemployedTechie2021,Sorshe bata aar Narkel bata diye Illish maach,,,image,13,,5,https://www.reddit.com/r/kolkata/comments/1vv7o8x/sorshe_bata_aar_narkel_bata_diye_illish_maach/,,,,,,,False,False,470957,0,26,2026-08-27T08:42:22.066Z,raw/kolkata/2026-08/posts.jsonl#L900
kolkata,t3_1vv7qxw,2026-08-22T09:27:08.830Z,SurroundPresent1665,Who are your favourite Indian vloggers?,Same as above. I love explorer shibaji’s well researched content.,,text,2,,12,https://www.reddit.com/r/kolkata/comments/1vv7qxw/who_are_your_favourite_indian_vloggers/,,,,,,,False,False,470957,0,26,2026-08-27T08:41:44.515Z,raw/kolkata/2026-08/posts.jsonl#L891
kolkata,t3_1vv7rq1,2026-08-22T09:28:32.267Z,Green-Definition-983,বাংলা Fortune Cookie 🥠,Aj peyechee 404. Bisshash korben ei tickit ti hariye o gechilo. Orthat couldnt be found for a while lol,,image,26,,12,https://www.reddit.com/r/kolkata/comments/1vv7rq1/%E0%A6%AC%E0%A6%B2_fortune_cookie/,,,,,,,False,False,470957,0,26,2026-08-27T08:41:08.442Z,raw/kolkata/2026-08/posts.jsonl#L871
kolkata,t3_1vv7t1n,2026-08-22T09:30:47.312Z,Junamew,Parcel stuck at Kolkata customs,"They can't keep getting away with this 😭 I ordered a plushie from a US merch store on August 4th, and everything was fine until DHL eCommerce handed it over to India Post. It took 10+ days just to move from Delhi to Kolkata, and now I'm hearing that Kolkata Foreign LCAO can take weeks or even months to deliver parcels. 💀 And with all the stories about heavy customs charges, I have no idea what to expect anymore. Has anyone here dealt with Kolkata Foreign LCAO recently? How long did your parcel take, and how much customs did you end up paying?",,image,15,,46,https://www.reddit.com/r/kolkata/comments/1vv7t1n/parcel_stuck_at_kolkata_customs/,,,,,,,False,False,470956,0,26,2026-08-27T08:39:07.478Z,raw/kolkata/2026-08/posts.jsonl#L590
kolkata,t3_1vv7wcz,2026-08-22T09:36:11.767Z,TheEasternKopite,Pretty Boy,Dalmatian Pelican at Lake Naivasha Read more,,image,28,,2,https://www.reddit.com/r/kolkata/comments/1vv7wcz/pretty_boy/,,,,,,,False,False,470956,0,26,2026-08-27T08:39:09.880Z,raw/kolkata/2026-08/posts.jsonl#L595
kolkata,t3_1vv80kh,2026-08-22T09:43:05.469Z,Over_Pea_2027,Random question.,"Do you think fertility rate decreases when a society becomes more progressive, because I think fertility rates is decreasing among Bengalis and states like bihar the tfr his high,is there any correlation there or am I grasping straws?",,text,1,,10,https://www.reddit.com/r/kolkata/comments/1vv80kh/random_question/,,,,,,,False,False,470957,0,26,2026-08-27T08:39:27.547Z,raw/kolkata/2026-08/posts.jsonl#L654
kolkata,t3_1vv82t2,2026-08-22T09:46:41.776Z,paantaabhaat,Any turf owners in this sub?,"What is the minimum investment to start a business like this? Please share your experience ,pros and cons",,text,1,,0,https://www.reddit.com/r/kolkata/comments/1vv82t2/any_turf_owners_in_this_sub/,,,,,,,False,False,470957,0,26,2026-08-27T08:39:30.205Z,raw/kolkata/2026-08/posts.jsonl#L657
kolkata,t3_1vv88ta,2026-08-22T09:56:18.374Z,StockPossible8522,"Rabindranath Tagore, watercolor (monochrome)",,,image,9,,0,https://www.reddit.com/r/kolkata/comments/1vv88ta/rabindranath_tagore_watercolor_monochrome/,,,,,,,False,False,470956,0,26,2026-08-27T08:38:56.571Z,raw/kolkata/2026-08/posts.jsonl#L570
kolkata,t3_1vv8ops,2026-08-22T10:20:59.313Z,Nearby_Fisherman_485,Career,"Is anyone from North Kolkata looking for a part-time or full-time job opportunity with Jio? If you’re interested in working with Jio and are looking for opportunities around North Kolkata, DM me. Please mention your preferred part-time/full-time option and a little about your experience/qualification. Please verify any job offer through Jio’s official careers portal before sharing personal documents or making any payment. Dm me to know about salary and payment",,text,0,,4,https://www.reddit.com/r/kolkata/comments/1vv8ops/career/,,,,,,,False,False,470957,0,26,2026-08-27T08:39:19.193Z,raw/kolkata/2026-08/posts.jsonl#L617
kolkata,t3_1vv8qp8,2026-08-22T10:24:08.014Z,PuzzleheadedBlood612,Looking for a 1bhk apartment near sarovar metro,I was previously staying near Mastarda metro now im thinking to shift in near sarovar. Im a bachalor btw. Any help will really be appreciated thanks,,text,1,,10,https://www.reddit.com/r/kolkata/comments/1vv8qp8/looking_for_a_1bhk_apartment_near_sarovar_metro/,,,,,,,False,False,470957,0,26,2026-08-27T08:39:33.791Z,raw/kolkata/2026-08/posts.jsonl#L661
kolkata,t3_1vv9007,2026-08-22T10:38:36.887Z,Far-Newt2088,Documents being asked by police for passport verification,"If the applicant's year of birth is 2003 or earlier, at least one old document issued on or before 1987 must be produced. The document may be from either the paternal (father's side) or maternal (mother's side) Eita ami lekha pelam whatsapp e for my passport police verification. The thing is, ami application tatkaal koriechilam toh do I need to go to the station for verification? Isnt the passport shipped without the police verification incase of tatkaal Read more",,text,0,,4,https://www.reddit.com/r/kolkata/comments/1vv9007/documents_being_asked_by_police_for_passport/,,,,,,,False,False,470957,0,26,2026-08-27T08:39:25.040Z,raw/kolkata/2026-08/posts.jsonl#L637
kolkata,t3_1vv96gj,2026-08-22T10:48:34.824Z,gravity_fleshlight,"A man must earn Rs 25 lakh to be ‘marriage-ready,’ What is this article about? What's the % of Indians that earns above 25L?",Especially in Kolkata's how many of you are earning above 25? I am not Read more,,link,38,,47,https://www.reddit.com/r/kolkata/comments/1vv96gj/a_man_must_earn_rs_25_lakh_to_be_marriageready/,https://theprint.in/feature/a-man-must-earn-rs-25-lakh-to-be-marriage-ready-say-55-of-indias-techies/3020588/?fbclid=IwdGRjcAT2XJljbGNrBPZb93Bkb2YBZXh0bgNhZW0CMTEAc3J0YwZhcHBfaWQMMzUwNjg1NTMxNzI4AAEeHOkkCLHJkOvVY7FibcUyPXd2OJqPogY9ThMMScEzhTWKvQXsns9gDJtPoGU_aem_3dKcmUxgSPfalTsgqjHnCA,theprint.in,,,,,False,False,470956,0,26,2026-08-27T08:39:07.055Z,raw/kolkata/2026-08/posts.jsonl#L589
kolkata,t3_1vv96gz,2026-08-22T10:48:36.364Z,i__am__shadab_,it's like this for weeks,,,image,1,,3,https://www.reddit.com/r/kolkata/comments/1vv96gz/its_like_this_for_weeks/,,,,,,,False,False,470957,0,26,2026-08-27T08:39:36.587Z,raw/kolkata/2026-08/posts.jsonl#L664
kolkata,t3_1vv97vj,2026-08-22T10:50:43.701Z,theyoungjedi69,DAC suggestions,Audiophiles please suggest dac for kotori zephyr.,,image,0,,4,https://www.reddit.com/r/kolkata/comments/1vv97vj/dac_suggestions/,,,,,,,False,False,470957,0,26,2026-08-27T08:39:26.860Z,raw/kolkata/2026-08/posts.jsonl#L648
kolkata,t3_1vv997y,2026-08-22T10:52:45.650Z,Potentiometre,First time made indomie mi goreng noodles 🍜🍜😘😋🤤👌👍😊.,Gondhoo hebbi (smells gooood)😘🤤😊👍,,video,13,,10,https://www.reddit.com/r/kolkata/comments/1vv997y/first_time_made_indomie_mi_goreng_noodles/,,,,,,,False,False,470957,0,26,2026-08-27T08:39:21.943Z,raw/kolkata/2026-08/posts.jsonl#L629
kolkata,t3_1vv9bx5,2026-08-22T10:56:52.366Z,No-Snow971,PG near candor,"So I recently got a job at Accenture and moved here, now searching for a pg near candor or biswa bangla gate. Attached washroom and Washing Machine are must.",,text,1,,0,https://www.reddit.com/r/kolkata/comments/1vv9bx5/pg_near_candor/,,,,,,,False,False,470957,0,26,2026-08-27T08:39:42.935Z,raw/kolkata/2026-08/posts.jsonl#L684
kolkata,t3_1vv9f51,2026-08-22T11:01:29.896Z,wt_kevin,Anyone up to talk while I travel on bus,Just going home by bus after 2 job interviews so anyone up to chat while I travel,,text,0,,29,https://www.reddit.com/r/kolkata/comments/1vv9f51/anyone_up_to_talk_while_i_travel_on_bus/,,,,,,,False,False,470957,0,26,2026-08-27T08:39:10.230Z,raw/kolkata/2026-08/posts.jsonl#L606
kolkata,t3_1vv9ir4,2026-08-22T11:06:43.784Z,Dramatic-Bench-9259,Need a loan of 1 lakh at any rate of interest .,Any loan sharks ? In kolkata ?,,text,0,,5,https://www.reddit.com/r/kolkata/comments/1vv9ir4/need_a_loan_of_1_lakh_at_any_rate_of_interest/,,,,,,,False,False,470957,0,26,2026-08-27T08:39:42.129Z,raw/kolkata/2026-08/posts.jsonl#L682
kolkata,t3_1vv9ym7,2026-08-22T11:29:21.377Z,LostPagasus1000,Why is she harassing poor people?,. Read more,,video,445,,261,https://www.reddit.com/r/kolkata/comments/1vv9ym7/why_is_she_harassing_poor_people/,,,,,,,False,False,470956,0,26,2026-08-27T08:38:56.992Z,raw/kolkata/2026-08/posts.jsonl#L572
kolkata,t3_1vv9zdx,2026-08-22T11:30:23.665Z,Massive-Sky6944,Asking out of curiosity - Do you guys put any personal mark / insignia on the first page of new books? (ik this sounds silly but ছোটবেলা থেকে এই মজার অভ্যেস টা রয়ে গেছে 😁 📚 ❤️),"If interested, please do share your styles of marking books 😁 My styling may need an upgrade 🫡 TY Read more",,video,6,,2,https://www.reddit.com/r/kolkata/comments/1vv9zdx/asking_out_of_curiosity_do_you_guys_put_any/,,,,,,,False,False,470956,0,26,2026-08-27T08:39:01.066Z,raw/kolkata/2026-08/posts.jsonl#L576
kolkata,t3_1vva1p2,2026-08-22T11:33:42.743Z,kuttar-baccha,"Within a day of tandav threat, Sarbori Mukhopadhyay changes tune, does a U turn and distances government from ABVP.",,,video,318,,40,https://www.reddit.com/r/kolkata/comments/1vva1p2/within_a_day_of_tandav_threat_sarbori/,,,,,,,False,False,470957,0,26,2026-08-27T08:40:47.998Z,raw/kolkata/2026-08/posts.jsonl#L826
kolkata,t3_1vvamlg,2026-08-22T12:02:50.539Z,wannabeBruceWayne079,Will such development ever happen?,"People here romanticise the old buildings and narrow lanes with the tag of heritage but personally I feel there is nothing much special about those areas of North Kolkata and Howrah. Are you guys for redevelopment of the old ""Heritage"" areas or against?",,image,41,,36,https://www.reddit.com/r/kolkata/comments/1vvamlg/will_such_development_ever_happen/,,,,,,,False,False,470956,0,26,2026-08-27T08:38:33.583Z,raw/kolkata/2026-08/posts.jsonl#L501
kolkata,t3_1vvaw8c,2026-08-22T12:15:45.059Z,Own_List_1805,Urgent need for AI VOICE AGENT,Urgent requirement of someone who can build an ai voice agent which can speak in atleast 3 languages switching simultaneously if the customer switches his/language and should be able to link to our CRM and schedule site visits Read more,,text,3,,3,https://www.reddit.com/r/kolkata/comments/1vvaw8c/urgent_need_for_ai_voice_agent/,,,,,,,False,False,470956,0,26,2026-08-27T08:39:06.489Z,raw/kolkata/2026-08/posts.jsonl#L588
kolkata,t3_1vvbnic,2026-08-22T12:52:10.055Z,DeepakDasJan,Kolkata Power supply info,"Which part of the city has the least power outages almost like no power cut even during heavy rains, Is Sector V any good and what about Dumdum/VIP area Read more",,text,0,,6,https://www.reddit.com/r/kolkata/comments/1vvbnic/kolkata_power_supply_info/,,,,,,,False,False,470957,0,26,2026-08-27T08:42:11.640Z,raw/kolkata/2026-08/posts.jsonl#L899
kolkata,t3_1vvbqy9,2026-08-22T12:56:36.209Z,Caffeinated_Canvas,Would rather be an avoidant than an anxious,"When it comes to relationships, i would rather choose to be an avoidant person than an anxious one. Because im already an anxiously attached person and ik its like hell in my head. I also believe that no one is just naturally anxiously attached, the other person drives them into that with a few repeated patterns. Anyways, i feel being an avoidant must be really peaceful, no need to care or worry whether ur partner stays or not or what they are doing ir if what they do is hurtful or wtv, no worries in the world. Read more",,text,1,,41,https://www.reddit.com/r/kolkata/comments/1vvbqy9/would_rather_be_an_avoidant_than_an_anxious/,,,,,,,False,False,470957,0,26,2026-08-27T08:39:49.523Z,raw/kolkata/2026-08/posts.jsonl#L701
kolkata,t3_1vvc4kd,2026-08-22T13:13:17.619Z,aditya6000,Insidious movie tickets,Bought insidious movie tickets of wrong time at acropolis mall afternoon If anybody interested please dm me,,text,0,,0,https://www.reddit.com/r/kolkata/comments/1vvc4kd/insidious_movie_tickets/,,,,,,,False,False,470957,0,26,2026-08-27T08:39:25.741Z,raw/kolkata/2026-08/posts.jsonl#L640
kolkata,t3_1vvcedn,2026-08-22T13:25:19.006Z,haromene,Best place to buy instruments in Kolkata?,"Hey guys, I'm planning to get the Yamaha Pacifica PAC012 along with an adequate amp and other accessories, wondering where I can get good deals.",,text,1,,1,https://www.reddit.com/r/kolkata/comments/1vvcedn/best_place_to_buy_instruments_in_kolkata/,,,,,,,False,False,470957,0,26,2026-08-27T08:39:21.207Z,raw/kolkata/2026-08/posts.jsonl#L624
kolkata,t3_1vvcimc,2026-08-22T13:30:33.206Z,giiamoon,Purpose of the grill?,Grill lagano janlar khop ta kora nei…,,image,32,,40,https://www.reddit.com/r/kolkata/comments/1vvcimc/purpose_of_the_grill/,,,,,,,False,False,470956,0,26,2026-08-27T08:38:46.072Z,raw/kolkata/2026-08/posts.jsonl#L530
kolkata,t3_1vvcsns,2026-08-22T13:42:25.396Z,sourajit_in_biotech,BSNL sim,Where can I get a new BSNL sim on kolkata? They are not delivering to home via online portal as of now. Would like to try out their Freedom 2.0 offer Read more,,text,0,,5,https://www.reddit.com/r/kolkata/comments/1vvcsns/bsnl_sim/,,,,,,,False,False,470957,0,26,2026-08-27T08:39:10.110Z,raw/kolkata/2026-08/posts.jsonl#L600
kolkata,t3_1vvcyu2,2026-08-22T13:49:47.456Z,Just_labyrinth04,Legal Internship in Kolkata,Can someone recommend good law internships in Kolkata? Read more,,text,1,,0,https://www.reddit.com/r/kolkata/comments/1vvcyu2/legal_internship_in_kolkata/,,,,,,,False,False,470957,0,26,2026-08-27T08:39:37.548Z,raw/kolkata/2026-08/posts.jsonl#L673
kolkata,t3_1vvd511,2026-08-22T13:57:08.566Z,Timeless_elephant,How many of you here use an Iphone? So i never really cared about phones or anything and still use a 4 yr old Redmi. Recently my maid started using an iphone. even the plumber and electrician had one. I had gone to my cousin's birthday and nearly every one of her friends had some model of an iphone,"What i don't like is answering people why i don't care about phones. And unfortunately people are now judging you because you don't care about a particular brand. . Like few days ago when my maid was sweeping my room and my phone was lying on the bed she just asked me like ""dada apni keno akhono iphone nan nei"" I just told i don't need it . Same things my cousin was asking like "" tui akhono keno akta bhalo phone kinli na"" So kinda getting tired answering that i don't care. Also most of her friends are preparing for govt jobs or working for 25-30K. Ans its not an affordability question . i get around 1.4L per month. So i my question is should i just buy an iphone or not, though i am not personally interested in any apple products. Read more",,text,90,,138,https://www.reddit.com/r/kolkata/comments/1vvd511/how_many_of_you_here_use_an_iphone_so_i_never/,,,,,,,False,False,470956,0,26,2026-08-27T08:38:46.714Z,raw/kolkata/2026-08/posts.jsonl#L534
kolkata,t3_1vvd8an,2026-08-22T14:00:51.584Z,Additional-Peak4919,Gang is Gariahat market open on Sundays???,Same as title Read more,,text,2,,0,https://www.reddit.com/r/kolkata/comments/1vvd8an/gang_is_gariahat_market_open_on_sundays/,,,,,,,False,False,470956,0,26,2026-08-27T08:39:11.079Z,raw/kolkata/2026-08/posts.jsonl#L612
kolkata,t3_1vvdasw,2026-08-22T14:03:39.011Z,Isolated-Failure-69,PW Vidyapeeth Newtown,Dumdum cantonment theke Newtown er PW vidyapeeth obdi kibhabe jaye karor jana ache ?,,text,1,,0,https://www.reddit.com/r/kolkata/comments/1vvdasw/pw_vidyapeeth_newtown/,,,,,,,False,False,470957,0,26,2026-08-27T08:39:10.265Z,raw/kolkata/2026-08/posts.jsonl#L607
kolkata,t3_1vvdqwz,2026-08-22T14:22:23.873Z,Any-Laugh9237,What's your thought on Govt job prep?,How long should one prepare? Has anyone ever faced that situation when he/she couldn't cleared any exam and had to move on? What are you guys doing now then? Gitobitan a durga pujor theke bhir dekhe bhoy lagche Leer más,,text,5,,68,https://www.reddit.com/r/kolkata/comments/1vvdqwz/whats_your_thought_on_govt_job_prep/,,,,,,,False,False,470957,0,26,2026-08-27T08:40:06.525Z,raw/kolkata/2026-08/posts.jsonl#L760
kolkata,t3_1vvdvtd,2026-08-22T14:28:01.514Z,Bawhoman,Wow! BJP MLAs and MPs to become Presidents of the Governing Bodies (GB) of 247 colleges of West Bengal,Links in comments Read more,,image,139,,33,https://www.reddit.com/r/kolkata/comments/1vvdvtd/wow_bjp_mlas_and_mps_to_become_presidents_of_the/,,,,,,,False,False,470956,0,26,2026-08-27T08:39:04.422Z,raw/kolkata/2026-08/posts.jsonl#L586
kolkata,t3_1vvdyo6,2026-08-22T14:31:17.368Z,Suspicious-Estate695,What audio system is used in RDB cinemas ?? ..as book my show is not showing any audio details in rdb ..also how's the sound quality??,,,image,4,,4,https://www.reddit.com/r/kolkata/comments/1vvdyo6/what_audio_system_is_used_in_rdb_cinemas_as_book/,,,,,,,False,False,470956,0,26,2026-08-27T08:39:13.005Z,raw/kolkata/2026-08/posts.jsonl#L614
kolkata,t3_1vve8pl,2026-08-22T14:43:06.903Z,General-Bowl7754,A good laptop within 60k/65k ??,"Can anyone please suggest a good laptop for Electrical Engineering (EE)? I’m also planning to do coding, graphic design, video editing, and other CSE-related work. My budget is around ₹60–65k. Thank you for your time! 🙌 Read more",,text,1,,8,https://www.reddit.com/r/kolkata/comments/1vve8pl/a_good_laptop_within_60k65k/,,,,,,,False,False,470957,0,26,2026-08-27T08:39:10.038Z,raw/kolkata/2026-08/posts.jsonl#L598
kolkata,t3_1vveezj,2026-08-22T14:50:16.852Z,Necrotic_tissue49,Scaling of teeth,"Any cheap and good scaling clinic known to y'all? I would need to have an appointment, if you know drop the name please",,text,1,,1,https://www.reddit.com/r/kolkata/comments/1vveezj/scaling_of_teeth/,,,,,,,False,False,470957,0,25,2026-08-27T08:39:01.976Z,raw/kolkata/2026-08/posts.jsonl#L582
kolkata,t3_1vvevph,2026-08-22T15:08:46.170Z,ImaginationFull5643,Any gouche paint artist,Need suggestions pls comment Read more,,text,1,,0,https://www.reddit.com/r/kolkata/comments/1vvevph/any_gouche_paint_artist/,,,,,,,False,False,470957,0,26,2026-08-27T08:39:27.400Z,raw/kolkata/2026-08/posts.jsonl#L653
kolkata,t3_1vvf7lj,2026-08-22T15:22:08.352Z,Puzzleheaded-Row-477,My Samsung galaxy A9 turns 8 today. 🥳 Looking for 15 at least. Show em button phones that smartphones got it too!,,,image,240,,66,https://www.reddit.com/r/kolkata/comments/1vvf7lj/my_samsung_galaxy_a9_turns_8_today_looking_for_15/,,,,,,,False,False,470956,0,26,2026-08-27T08:38:30.644Z,raw/kolkata/2026-08/posts.jsonl#L495
kolkata,t3_1vvf7u5,2026-08-22T15:22:24.259Z,Hopeful_Pumpkin_101,Any open mic happening tomorrow (Sunday) in Kolkata?,Hey! It's been a while since I have completely left my music. Now I just want to continue it anyhow. So the best way is open mics. Please let me know if there is any happening tomorrow or next weekend. Or if any artist (whether any music artist or a writer) would love to do a jamming or just sharing our talent.,,text,1,,0,https://www.reddit.com/r/kolkata/comments/1vvf7u5/any_open_mic_happening_tomorrow_sunday_in_kolkata/,,,,,,,False,False,470957,0,26,2026-08-27T08:39:26.271Z,raw/kolkata/2026-08/posts.jsonl#L643
kolkata,t3_1vvfqzq,2026-08-22T15:44:00.472Z,Swimming_Power5319,Can't believe this will happen to me..How can she ?!!!,"So I met a girl a year back and I started to like her and I confessed.. Currently we are together.. everything was fine at first or rather i would say until last month..so what happened is that..She is having both insta and whatsapp and that's pretty normal these days that couples usually follow each other there..but in our case we didn't and initially I believed and understood when she told me that there were family members so that's the reason we won't follow and neither we are gonna post any pic anywhere... I believed that and I never told her about it anymore..later I found out that she follows only 5 ppl..3 boys (2 frnd , 1 brother) and 2 girls (both are frnds)..And after that I also came to know when I she was showing me some photos of hers from her gallery.. there was a guy(one of those 2 male frnds) with whom she had a duo pic quite close..when I asked about it...she said he's my best friend and shoved it off.... Well I met her so called best frnd last month... actually it was a meetup between her and me and eventually he was there too..and to my surprise she introduced me as an friend to his so called best frnd..and i didn't really get that why she would do that..later when I asked her about it she told :- my best friend doesn't want me to go for any relationship as before I had a terrible time (Well she had an ex perviously)..and I was like what the hell?!!! Then I told her that why couldn't you prove your best friend wrong by telling him about me !! Well she said she would definitely tell him later.. Later once I was talking with her through vc and suddenly she said let's add him(best friend) in conference and told me to keep quiet..and then they started talking and it didn't sound like a normal covo with a frnd at all..!! And she was talking with him by saying ""tumi"" (in Bengal we use this word for a person who is pretty close ) instead of ""tui""( this word is used normally between frnds) So that's all I came to know...I had enough of this bulshitt...and moreover now(today) she went to Kolkata all by herself for giving a exams for a bank or smthg..which I doubt cuz she didn't tell me any details..and she told she's staying at Howard Johnson by Wyndham Kolkata (which is a pretty nice Hotel actually) and moreover she told we can't talk in the meantime cuz she will study..so focused that she can't even msg..and when I told her to send me a vdo recording how her room was i noticed a male underwear..!!! And that so called best friend lives in kolkata !!!! Read more",,text,13,,24,https://www.reddit.com/r/kolkata/comments/1vvfqzq/cant_believe_this_will_happen_to_mehow_can_she/,,,,,,,False,False,470956,0,25,2026-08-27T08:38:35.191Z,raw/kolkata/2026-08/posts.jsonl#L502
kolkata,t3_1vvfrft,2026-08-22T15:44:28.856Z,AnimatorRich7806,What's with Shopkart ??,"There's a store called "" SHOPKART "", who allegedly sells like branded clothes like biba, Ucb, killer, Levis but at a very cheaper rates ...but what's the catch? Is it really good /worth it ? how can they provide such deals? Shud we trust them?",,text,1,,2,https://www.reddit.com/r/kolkata/comments/1vvfrft/whats_with_shopkart/,,,,,,,False,False,470957,0,25,2026-08-27T08:39:19.262Z,raw/kolkata/2026-08/posts.jsonl#L620
kolkata,t3_1vvfrh7,2026-08-22T15:44:31.998Z,Forward-Ad1343,Need advice on correcting my DOB on my birth certificate in Kolkata/KMC,"Hi everyone, I’m from Kolkata, West Bengal, and I’m facing a very stressful issue regarding my Date of Birth (DOB) and birth certificates. I would really appreciate advice from anyone who has dealt with Kolkata Municipal Corporation (KMC) or a similar situation. My correct DOB is 24/09/1999 , and this date appears consistently on all my other documents, including my Class 10 and 12 certificates, college records, Aadhaar, PAN, voter ID and driving licence . However, I currently have two birth certificates : One showing 24/09/1997 from KMC One showing 24/09/1999 handwritten My passport also shows 24/09/1997 , which I now need to correct to 24/09/1999 . The original mistake happened because my parents had incorrectly registered my DOB at the time, partly due to the practice of trying to obtain advantages with government age/deadline requirements. I understand that this was wrong, but I am now facing the consequences of that mistake and genuinely want to correct everything properly through the legal/official process. I contacted Passport Seva , and I was advised that before they can correct my passport, I need to resolve the birth-certificate discrepancy by cancelling the incorrect birth certificate showing 24/09/1997 and establishing the 24/09/1999 birth certificate as the genuine/correct one . Once that is done, I can use the corrected birth certificate to support the passport DOB correction. I am planning to go abroad for higher education, so having different DOBs across my documents is becoming a serious problem for my admission and visa process. Can anyone please advise me on: How can I cancel the incorrect KMC birth certificate showing 24/09/1997 ? How can I officially establish the 24/09/1999 birth certificate as my genuine/correct certificate? Which KMC office/authority or Registrar of Births and Deaths should I approach? Is a court order or any other legal document required in a case like mine? Has anyone in Kolkata/West Bengal gone through a similar DOB/birth-certificate correction process? I’m honestly feeling very helpless and despondent because this is affecting my plans for higher education abroad. I am not trying to hide anything—I simply want to correct the records properly and make all my documents consistent with my genuine DOB of 24/09/1999 . Any guidance from someone who has actually dealt with KMC, birth-certificate cancellation/correction, or a similar situation would mean a lot to me. Thank you.",,text,3,,4,https://www.reddit.com/r/kolkata/comments/1vvfrh7/need_advice_on_correcting_my_dob_on_my_birth/,,,,,,,False,False,470956,0,26,2026-08-27T08:39:09.815Z,raw/kolkata/2026-08/posts.jsonl#L594
kolkata,t3_1vvfspc,2026-08-22T15:45:53.033Z,Constant-Part-2249,"People who are estranged from family, how are you navigating census?",As census teams are coming door to door. How are you responding to questions about who are there in your family?,,text,1,,4,https://www.reddit.com/r/kolkata/comments/1vvfspc/people_who_are_estranged_from_family_how_are_you/,,,,,,,False,False,470957,0,26,2026-08-27T08:39:33.780Z,raw/kolkata/2026-08/posts.jsonl#L660
kolkata,t3_1vvfuje,2026-08-22T15:47:55.119Z,ZestycloseJello1113,"Hello, is there any decent enough salon or clinic where I can get lash lift/extension?",Same as the title. Leer más,,text,1,,0,https://www.reddit.com/r/kolkata/comments/1vvfuje/hello_is_there_any_decent_enough_salon_or_clinic/,,,,,,,False,False,470957,0,26,2026-08-27T08:39:25.934Z,raw/kolkata/2026-08/posts.jsonl#L641
kolkata,t3_1vvg2cy,2026-08-22T15:56:40.840Z,BangaliBabu01,Annapurna Yojana | Online form fill-up,"Ekhono ki ""Annapurna Yojana"" r online form fill-up cholche? website e log-in hocche, kintu form bhorar option ki dicche?",,text,0,,1,https://www.reddit.com/r/kolkata/comments/1vvg2cy/annapurna_yojana_online_form_fillup/,,,,,,,False,False,470957,0,26,2026-08-27T08:39:09.971Z,raw/kolkata/2026-08/posts.jsonl#L597
kolkata,t3_1vvgeit,2026-08-22T16:09:36.393Z,pink-Raspberryy,Kind of isolated in college in 2nd year.,"When I entered college in 1st sem I used to have lot of people to hang out with, but over time it seems that people have really moved on from socializing and just keep to themselves, now its always just me and my partner hanging out with each other. We also lost some of out friends, some made new friends and started hanging out with them, some started antagonizing us over some differences, and as of now even though we are on good terms with almost everyone in class we arent really friends with anyone. It doesn't really bother me or her, and moreover we do have friends, its just its feels like we have been kind of put in an isolating zone. I dont really know what to make of this. Read more",,text,1,,5,https://www.reddit.com/r/kolkata/comments/1vvgeit/kind_of_isolated_in_college_in_2nd_year/,,,,,,,False,False,470957,0,26,2026-08-27T08:39:29.736Z,raw/kolkata/2026-08/posts.jsonl#L656
kolkata,t3_1vvgi5w,2026-08-22T16:13:38.556Z,Automatic_Horror85,"would you ever tell your friend even as a joke that "" do u look at our lives and realize how bad your life is ?""","my friend he is from north india who shifted to kolkata , he is 26 and always says north indians are blunt like that. we know each other for like 11 years . him and his girlfriend travel a lot , go out basically all dat cool stuff. I have a lot of pressure in my life no financially but like studies and i am not really dating havent for a long time. recently i have noticed these remarks made on my life like "" please dont pretend your life is good like please "" or the comment in the title like idk if this is a joke or not . I am saving money for phd my father will pay for like academic stuff but i dont want to ask for like extra money. idk why but it make a sad like i am missing out",,text,0,,10,https://www.reddit.com/r/kolkata/comments/1vvgi5w/would_you_ever_tell_your_friend_even_as_a_joke/,,,,,,,False,False,470957,0,26,2026-08-27T08:39:24.293Z,raw/kolkata/2026-08/posts.jsonl#L635
kolkata,t3_1vvgtnj,2026-08-22T16:26:29.547Z,Hamza_ali_Mazharl,Suddenly everything's price is increasing,"If we observe around us, everything has gotten expensive around us. Be it fuel, grocery items, vegetables almost everything. Maybe, we are witnessing 'inflation'. I have heard the term before, but till the time my expenses were taken care of by family, never fully understood how it actually affects. Now that, I am earning and managing my expenses, the practicality is starting to hit.",,text,45,,28,https://www.reddit.com/r/kolkata/comments/1vvgtnj/suddenly_everythings_price_is_increasing/,,,,,,,False,False,470956,0,26,2026-08-27T08:38:41.454Z,raw/kolkata/2026-08/posts.jsonl#L513
kolkata,t3_1vvgyq0,2026-08-22T16:32:10.097Z,jibonto_laas,Amar chele tar didun er sathe dokane gie amar jonyo pujo gift anlo ajke.,Erom odbhut mobile stand pawa jae jantam na. Bes mojar jinis. Striff bole ekta company. Dam bolte chailo na kichutei. Tar pocket money theke kena. Ami ekdom kandchi na. Edit: 'didun' janalo 270 nieche. Read more,,image,127,,25,https://www.reddit.com/r/kolkata/comments/1vvgyq0/amar_chele_tar_didun_er_sathe_dokane_gie_amar/,,,,,,,False,False,470956,0,26,2026-08-27T08:39:00.833Z,raw/kolkata/2026-08/posts.jsonl#L575
kolkata,t3_1vvh7uw,2026-08-22T16:42:17.838Z,Superb_Duck_9743,Wasting my adult money on ....,When was the last time you bought something for the little kid in you?,,video,10,,11,https://www.reddit.com/r/kolkata/comments/1vvh7uw/wasting_my_adult_money_on/,,,,,,,False,False,470956,0,26,2026-08-27T08:39:01.459Z,raw/kolkata/2026-08/posts.jsonl#L579
kolkata,t3_1vvhfuu,2026-08-22T16:51:04.250Z,meltedsky_,Where can i buy physical media for movies for cheap like under 500-600 per movie with good quality?,Same as title,,text,1,,6,https://www.reddit.com/r/kolkata/comments/1vvhfuu/where_can_i_buy_physical_media_for_movies_for/,,,,,,,False,False,470956,0,26,2026-08-27T08:38:52.327Z,raw/kolkata/2026-08/posts.jsonl#L558
kolkata,t3_1vvhm4b,2026-08-22T16:57:57.424Z,Nghtcrwlrr,আজকে রাতের গান ( ফেরারি মন - অন্তহীন),Channel link - https://youtu.be/H3dfsEdCutk?si=LjFtyPKNMe7UkkHT,,video,19,,3,https://www.reddit.com/r/kolkata/comments/1vvhm4b/%E0%A6%86%E0%A6%9C%E0%A6%95_%E0%A6%B0%E0%A6%A4%E0%A6%B0_%E0%A6%97%E0%A6%A8_%E0%A6%AB%E0%A6%B0%E0%A6%B0_%E0%A6%AE%E0%A6%A8_%E0%A6%85%E0%A6%A8%E0%A6%A4%E0%A6%B9%E0%A6%A8/,,,,,,,False,False,470957,0,26,2026-08-27T08:43:59.504Z,raw/kolkata/2026-08/posts.jsonl#L971
kolkata,t3_1vvhn88,2026-08-22T16:59:12.034Z,Agitated_Show_855,How's EIILM Kolkata for persuing mba in Finance or marketing 🫩?,Title Read more,,text,2,,6,https://www.reddit.com/r/kolkata/comments/1vvhn88/hows_eiilm_kolkata_for_persuing_mba_in_finance_or/,,,,,,,False,False,470957,0,26,2026-08-27T08:39:21.208Z,raw/kolkata/2026-08/posts.jsonl#L625
kolkata,t3_1vvhvtq,2026-08-22T17:08:18.900Z,SurroundPresent1665,Solo dates can sometimes be refreshing,,,image,56,,27,https://www.reddit.com/r/kolkata/comments/1vvhvtq/solo_dates_can_sometimes_be_refreshing/,,,,,,,False,False,470956,0,26,2026-08-27T08:38:26.058Z,raw/kolkata/2026-08/posts.jsonl#L484
kolkata,t3_1vvhxlj,2026-08-22T17:10:18.609Z,Successful-Ad-7190,i got extremely sick and havent applied to any colleges,a bit about me i took a partial drop for jee fucked it up now can i get into any decent clg in kolkata prolly sxu or ssc i can pay good money for admission please help me out,,text,2,,7,https://www.reddit.com/r/kolkata/comments/1vvhxlj/i_got_extremely_sick_and_havent_applied_to_any/,,,,,,,False,False,470956,0,25,2026-08-27T08:39:57.119Z,raw/kolkata/2026-08/posts.jsonl#L734
kolkata,t3_1vvieji,2026-08-22T17:28:34.041Z,Automatic-Big6636,Hoichoi Series,"Is it just me, or is it extremely insensitive to make a series(Ajeya) similar to a brutal incident like this? It’s not a movie; it’s reality. What is wrong with them? Read more",,text,10,,9,https://www.reddit.com/r/kolkata/comments/1vvieji/hoichoi_series/,,,,,,,False,False,470956,0,26,2026-08-27T08:38:51.990Z,raw/kolkata/2026-08/posts.jsonl#L551
kolkata,t3_1vvifdn,2026-08-22T17:29:27.928Z,whom_you_know,DURAND CUP TICKETS,EASTBENGAL STAND 2 TICKETS AVAILABLE FOR DURAND CUP FINAL,,text,2,,4,https://www.reddit.com/r/kolkata/comments/1vvifdn/durand_cup_tickets/,,,,,,,False,False,470956,0,26,2026-08-27T08:38:52.426Z,raw/kolkata/2026-08/posts.jsonl#L559
kolkata,t3_1vvimxi,2026-08-22T17:37:35.062Z,CharacterBit5048,আজাদী বললে শমীক বাবু কিন্তু রেগে গিয়ে কবিতা শুনিয়ে দেবেন🤪,,,video,145,,43,https://www.reddit.com/r/kolkata/comments/1vvimxi/%E0%A6%86%E0%A6%9C%E0%A6%A6_%E0%A6%AC%E0%A6%B2%E0%A6%B2_%E0%A6%B6%E0%A6%AE%E0%A6%95_%E0%A6%AC%E0%A6%AC_%E0%A6%95%E0%A6%A8%E0%A6%A4_%E0%A6%B0%E0%A6%97_%E0%A6%97%E0%A6%AF_%E0%A6%95%E0%A6%AC%E0%A6%A4_%E0%A6%B6%E0%A6%A8%E0%A6%AF_%E0%A6%A6%E0%A6%AC%E0%A6%A8/,,,,,,,False,False,470956,0,25,2026-08-27T08:38:30.647Z,raw/kolkata/2026-08/posts.jsonl#L497
kolkata,t3_1vviuti,2026-08-22T17:46:01.063Z,parthivkc26,"TMC gave them opium, but BJP promised stronger doses. After winning, BJP stopped the supply, so this reaction was inevitable.","TMC gave them opium, but BJP promised stronger doses. After winning, BJP stopped the supply, so this reaction was inevitable.",,text,91,,37,https://www.reddit.com/r/kolkata/comments/1vviuti/tmc_gave_them_opium_but_bjp_promised_stronger/,,,,,,,False,False,470956,0,25,2026-08-27T08:38:42.117Z,raw/kolkata/2026-08/posts.jsonl#L514
kolkata,t3_1vviw9o,2026-08-22T17:47:35.026Z,No_Mathematician4225,Adhaar issue,"Hey y'all, I'm currently in barasat and I need to add a prefix to my name just two letters, and I have my supporting documents as my birth certificate and my boards passing certificates, where can I go to fix it? Read more",,text,2,,5,https://www.reddit.com/r/kolkata/comments/1vviw9o/adhaar_issue/,,,,,,,False,False,470956,0,26,2026-08-27T08:38:52.045Z,raw/kolkata/2026-08/posts.jsonl#L554
kolkata,t3_1vvixc5,2026-08-22T17:48:42.599Z,TritiyaPandav,"🇧🇷 Brazil’s representatives have inspected the Salt Lake pitch ahead of the India vs Brazil friendly, raising concerns over grass density. 🇮🇳⚽ Will the pitch be ready for the big night on 3rd October? 👀🔥",,,image,36,,7,https://www.reddit.com/r/kolkata/comments/1vvixc5/brazils_representatives_have_inspected_the_salt/,,,,,,,False,False,470956,0,26,2026-08-27T08:38:53.098Z,raw/kolkata/2026-08/posts.jsonl#L564
kolkata,t3_1vvj9l3,2026-08-22T18:01:32.376Z,Extra-Medicine7319,The Sanskrit college and university need help,"22M, I just took admission in PG English department of this college. I want help. If anybody knows professors or someone who can guide or have any contacts please dm me",,text,1,,0,https://www.reddit.com/r/kolkata/comments/1vvj9l3/the_sanskrit_college_and_university_need_help/,,,,,,,False,False,470957,0,26,2026-08-27T08:39:00.590Z,raw/kolkata/2026-08/posts.jsonl#L574
kolkata,t3_1vvjtn7,2026-08-22T18:23:14.039Z,akku_7,"Caught in a ₹15,490 loop: TCL falsely closed my replacement TV ticket at 10:51 PM without delivery; Amazon refuses refund without brand Denial Letter","Looking for advice on how to break a deadlock between TCL India and Amazon. ​The Situation: I purchased a 32-inch TCL QLED TV on Amazon for ₹15,490. The delivered unit was defective, and I initiated a replacement via TCL support. ​First Replacement: Arrived transit-damaged at the service hub. ​Second Replacement: Shipped from TCL warehouse to the Kolkata Service Center (AWB: 20963312326402) and arrived on August 20. ​The Ghost Closure: On Saturday night, August 22, at 10:51 PM, I received an SMS stating my Service Job IN2607230452501128009-03 has been marked ""Completed"" / ""Replacement done"" / ""Close"". ​The Fraud: ​No technician visited my home or contacted me. ​No replacement TV was delivered. ​I still hold the unshared, mandatory Service Completion Code (766888) on my phone. The local franchise bypassed the verification system and falsely closed the job card to beat internal SLA deadlines. ​The Stalemate: ​TCL Customer Care: Stated earlier they have no direct coordination with the Kolkata center, and now the system reflects the job as closed. ​Amazon Customer Service: Refuses to step in or issue a refund under marketplace protection, insisting I must provide a ""Denial / DOA Certificate"" from the brand. ​National Consumer Helpline (NCH): Case filed under Docket #9911138, currently pending processing. ​Proof Available: ​All email communications confirming center receipt. ​Timestamped SMS of ticket completion at 10:51 PM. ​TCL tracking portal screenshots showing ""Replacement done"". ​Unshared 6-digit verification code proving non-delivery. Has anyone dealt with fraudulent job closures by third-party brand service centers? How do I force Amazon to execute the refund when the manufacturer fakes delivery compliance? Please help me bhai... Read more",,text,3,,12,https://www.reddit.com/r/kolkata/comments/1vvjtn7/caught_in_a_15490_loop_tcl_falsely_closed_my/,,,,,,,False,False,470956,0,26,2026-08-27T08:38:53.935Z,raw/kolkata/2026-08/posts.jsonl#L567
kolkata,t3_1vvjv52,2026-08-22T18:24:53.424Z,hlv_cvg,Worstness of Datings,"আমি আজকে একটা চ্যাট থেকে খুব ভেঙে পড়লাম, নিজেই যোগাযোগ করেছিলেন, কয়েকদিন কথোপকথন ভালোই চললো, আজ বললেন তিনি কেবল Normal Conversation করার জন্যে যোগাযোগ করেছিলেন, অ্যাফেয়ার অন্য কারুর সাথে করছেন। তো আগেই বলুন, অ্যাদ্দিন ধরে আমায় নাচালেন কেন??! এই সাব-এ অন্যান্য বিষয় ভালো বা টিকে রয়েছে, খালি ডেটিংটা টিকে নেই। আগে প্রতারিত হইনি তা নয়, তবে শিক্ষিতা হয়েও যদি এরকম অবিবেচকের মতো কাজ করেন, একেই হাতে কামাই নেই, বাড়িতে ছোটো-ছোটো ভুল হলে রাজ্য জুড়ে কথা শুনতে হয় … এক-দুজনের জেনুইন হয়েছে বলে সবার হয় না। তবুও মনকে বোঝাতে পারি না! যাই হোক, আমার দুঃখ আমার কাছেই থাকুক, বাকিদের বলছি, ডেটিং বা এনগেজমেন্ট ছাড়া অন্য উদ্দ্যেশ্যে এই সাব-কে ব্যবহার করুন, কোনো-না-কোনো কাজ ঠিক হয়ে যাবে।",,text,0,,46,https://www.reddit.com/r/kolkata/comments/1vvjv52/worstness_of_datings/,,,,,,,False,False,470957,0,26,2026-08-27T08:39:27.116Z,raw/kolkata/2026-08/posts.jsonl#L651
kolkata,t3_1vvk1nl,2026-08-22T18:31:43.254Z,LalchiLadki,Why am I'm boycotting India vs Brazil and why use should too,"I dream of seeing my national team play in the FIFA World Cup one day. I want nothing more than to wear an official Indian jersey and root for our own nation on the world stage instead of having to support a foreign team. It's far fetched ik but no way impossible may take few decades but I believe in it It would require a serious structural reform: proper youth academies, overhauled management, and a federation that prioritizes long-term sporting growth over short-term cash grabs. Spending ₹50–70 crore on a single 90-minute exhibition match while domestic clubs and grassroots programs struggle for funding is a complete mispriority. It is a shameless cash grab that does zero to develop Indian football. I’m boycotting this match, and I urge all true Indian football supporters to do the same. We need to send a clear message to AIFF that we won't tolerate empty PR stunts disguised as progress. They need to invest that money where it actually matters: our grassroots and youth development .",,image,62,,18,https://www.reddit.com/r/kolkata/comments/1vvk1nl/why_am_im_boycotting_india_vs_brazil_and_why_use/,,,,,,,False,False,470956,0,26,2026-08-27T08:39:10.129Z,raw/kolkata/2026-08/posts.jsonl#L602
kolkata,t3_1vvkde0,2026-08-22T18:44:12.549Z,Celestial_Valkyrie,"Found a Gem near Diamond Plaza, Nagerbazar...",It is Boho Cafe right opposite PVR Diamond Plaza. The ambience and food was very good. We got White Sauce pasta ( forgot the exact name) and Lover's Delight Beverage ( Strawberry+ pineapple flavour). We loved both the food and the mocktail. The pasta was reasonably priced. With chicken it was around 280 ( in happy hours). But the drink was 220 for that glass. It was a bit overpriced considering the quantity of it. It was delicious but not enough for even one person.,,image,23,,17,https://www.reddit.com/r/kolkata/comments/1vvkde0/found_a_gem_near_diamond_plaza_nagerbazar/,,,,,,,False,False,470956,0,26,2026-08-27T08:38:46.716Z,raw/kolkata/2026-08/posts.jsonl#L536
kolkata,t3_1vvkpy0,2026-08-22T18:57:32.811Z,gohoeikuzo,Japanese/East Asian ingredients,Hi! Where can I buy Japanese curry powder? I want to buy S&B curry powder but I wasn’t able to find it at Spencer’s (South city mall) where I did find other East Asian ingredients but was wondering if there any shops or stores that specialise in East Asian ingredients. Thanks Read more,,text,1,,12,https://www.reddit.com/r/kolkata/comments/1vvkpy0/japaneseeast_asian_ingredients/,,,,,,,False,False,470956,0,26,2026-08-27T08:39:24.247Z,raw/kolkata/2026-08/posts.jsonl#L634
kolkata,t3_1vvkzh1,2026-08-22T19:07:37.934Z,Economy-Mobile3662,ITS MY BIRTHDAY-21 r hoyegelam.,"21 today- 2026 has been a cruel year for me, lost frnds ,heartbreak but still going on keeping all the lonliness and pain inside, as a man u cannot express ur feelings or u will be considered as weak , neither i have anyone. So HAPPY BIRTHDAY TO ME. Read more",,text,48,,103,https://www.reddit.com/r/kolkata/comments/1vvkzh1/its_my_birthday21_r_hoyegelam/,,,,,,,False,False,470957,0,26,2026-08-27T08:40:16.964Z,raw/kolkata/2026-08/posts.jsonl#L790
kolkata,t3_1vvl1fi,2026-08-22T19:09:44.828Z,AlphaDominusX,People hate ugly people more than evil people : pretty privilege is REAL,"same as title, what's your thoughts on this? Read more",,text,96,,55,https://www.reddit.com/r/kolkata/comments/1vvl1fi/people_hate_ugly_people_more_than_evil_people/,,,,,,,False,False,470956,0,26,2026-08-27T08:38:20.833Z,raw/kolkata/2026-08/posts.jsonl#L469
kolkata,t3_1vvlcd4,2026-08-22T19:21:35.099Z,gravity_fleshlight,Will real estate in kolkata and its neighbourhood appreciate in the upcoming years? it is worth investing now? there are big promises of job growth and development in industries so what do you think ?,. Read more,,text,1,,4,https://www.reddit.com/r/kolkata/comments/1vvlcd4/will_real_estate_in_kolkata_and_its_neighbourhood/,,,,,,,False,False,470956,0,26,2026-08-27T08:39:08.092Z,raw/kolkata/2026-08/posts.jsonl#L591
kolkata,t3_1vvlwis,2026-08-22T19:43:47.058Z,seekmeet,anybody up for a late night philosophical discussion!,"suddenly feeling very melancholic. Time is running very fast. Few days back we were celebrating New Year, now we are approaching Durga Pujo. It's like the sand is slipping through my hands and I have done too little to be proud of.",,text,2,,25,https://www.reddit.com/r/kolkata/comments/1vvlwis/anybody_up_for_a_late_night_philosophical/,,,,,,,False,False,470956,0,26,2026-08-27T08:38:43.821Z,raw/kolkata/2026-08/posts.jsonl#L520
kolkata,t3_1vvm8bm,2026-08-22T19:56:51.532Z,SmoggyRaptor_997,Any Claude code or vibe coders in the subreddit?,"To any developers or non developers using Claude code, codex or similar coding apps. How are you achieving reliable workflows? What projects do you work on? What has genuinely helped your workflow? I was tired of scrolling through YouTube to see “join my free course” and ended up just saying “Bhak sala korboina Bhak” figured I actually should ask actual users if there are any in Kolkata :D",,text,5,,18,https://www.reddit.com/r/kolkata/comments/1vvm8bm/any_claude_code_or_vibe_coders_in_the_subreddit/,,,,,,,False,False,470957,0,26,2026-08-27T08:41:17.510Z,raw/kolkata/2026-08/posts.jsonl#L877
kolkata,t3_1vvmj4u,2026-08-22T20:08:21.072Z,Positive_Estimate217,Anyone doing their degree from IGNOU in ODL mode?,"I have a full time job, and I want to take admission in MSC AI ML in ODL. How many days do I have to visit campus for exams labs or other things? Are the activities mostly done on weekends? Anyone going to the 2802 Park Street IGNOU IGNOU Stud centre? Devamını oku",,text,1,,0,https://www.reddit.com/r/kolkata/comments/1vvmj4u/anyone_doing_their_degree_from_ignou_in_odl_mode/,,,,,,,False,False,470957,0,26,2026-08-27T08:43:13.563Z,raw/kolkata/2026-08/posts.jsonl#L941
kolkata,t3_1vvmli4,2026-08-22T20:10:58.581Z,Opposite-Reporter695,Any Real Madrid fan watching match ?,"You guys Hala Madrid, keo dekhchho match rn ? Read more",,text,8,,17,https://www.reddit.com/r/kolkata/comments/1vvmli4/any_real_madrid_fan_watching_match/,,,,,,,False,False,470956,0,26,2026-08-27T08:38:38.953Z,raw/kolkata/2026-08/posts.jsonl#L510
kolkata,t3_1vvndjy,2026-08-22T20:42:17.379Z,Realistic_Tune9972,😅🤣😂,,,video,0,,0,https://www.reddit.com/r/kolkata/comments/1vvndjy/_/,,,,,,,False,False,470956,0,26,2026-08-27T08:39:22.737Z,raw/kolkata/2026-08/posts.jsonl#L631
kolkata,t3_1vvnreh,2026-08-22T20:58:05.359Z,shresthaishant,New Car PDI,I am trying to book a PDI for my new car. Can anybody of you share your experience with these PDI services? Read more,,text,1,,0,https://www.reddit.com/r/kolkata/comments/1vvnreh/new_car_pdi/,,,,,,,False,False,470956,0,26,2026-08-27T08:38:42.301Z,raw/kolkata/2026-08/posts.jsonl#L517
kolkata,t3_1vvntj3,2026-08-22T21:00:27.947Z,Educational_Cry8983,Bleach episode 45,Does anybody watch bleach here? Where to find the latest episode? It's not on hotstar and prime. Read more,,text,4,,9,https://www.reddit.com/r/kolkata/comments/1vvntj3/bleach_episode_45/,,,,,,,False,False,470956,0,26,2026-08-27T08:38:46.931Z,raw/kolkata/2026-08/posts.jsonl#L539
kolkata,t3_1vvpp2q,2026-08-22T22:20:23.600Z,smolbird008,how to apply for teaching jobs in Kolkata,"I am 23(F), completed my bachelor's and master's both from Calcutta University in human physiology. From this year onwards I'm going to join a b.ed college. Can anyone please tell me after completing the b.ed program how to apply to private schools and what is the selection and interview procedure? I actually cannot find anyone who would help or guide me through the process, any help would mean a lot :) Thank you Read more",,text,4,,5,https://www.reddit.com/r/kolkata/comments/1vvpp2q/how_to_apply_for_teaching_jobs_in_kolkata/,,,,,,,False,False,470956,0,26,2026-08-27T08:38:45.940Z,raw/kolkata/2026-08/posts.jsonl#L528
kolkata,t3_1vvpsxu,2026-08-22T22:25:05.800Z,Massive-Sky6944,"Bikel 4:30 te shuru korechilam, almost bhor 4 ter somoy puro ta shesh holo..... ABSOLUTELY WORTH IT ❤️ Fan hoye gelam Arka Chakraborty r 🙇🏻","Kichu plot mairi ei boi tar! Horror, history ,mythology, dark arts, subtle eroticism, character buildups shob kichu rekheche but tao chotke dayeni. Slow buildup but bhishon engaging. Ar ekdom dark chocolate level er bittersweet ending diyeche ❤️ Lekhok bhishon jotno niye likhechen. Erom similar level er moja peyechilam Avik Sarkar er ""Inquisition"" ar Sauvik Chakraborty r ""Nikoshchaya"" pore. Ar khub bhalo non-linear storytelling format e likhechen ❤️ I'm now having very high hopes for the horror collection from the writer: কৃষ্ণশর্বরী P.S. I really hope Narambrata Da r chokhe jano ei novel ta na pore.....nahole eitake o series banate giye chhoriye felte pare",,image,8,,9,https://www.reddit.com/r/kolkata/comments/1vvpsxu/bikel_430_te_shuru_korechilam_almost_bhor_4_ter/,,,,,,,False,False,470956,0,0,2026-08-27T08:38:49.987Z,raw/kolkata/2026-08/posts.jsonl#L547
kolkata,t3_1vvrlq9,2026-08-22T23:45:56.264Z,Independent_Laugh561,Good morning Kolkata basi 🥱....,"যারা যারা এখন উঠলেন তাদের আন্তরিক শুভেচ্ছা , আর যারা যারা এখন ঘুমোতে যাচ্ছেন তাদের সাথে আন্তরিক সহানুভূতি🙇🏻‍♂️.... Read more",,image,51,,26,https://www.reddit.com/r/kolkata/comments/1vvrlq9/good_morning_kolkata_basi/,,,,,,,False,False,470956,0,26,2026-08-27T08:38:30.820Z,raw/kolkata/2026-08/posts.jsonl#L498
kolkata,t3_1vvv59b,2026-08-23T02:35:15.639Z,Charming_Tip_297,Pyar N' Stuff - Nanku (Udbhav),Anyone went to the concert 21st aug social park street. Im looking for clips and pics.,,text,1,,0,https://www.reddit.com/r/kolkata/comments/1vvv59b/pyar_n_stuff_nanku_udbhav/,,,,,,,False,False,470956,0,26,2026-08-27T08:38:47.065Z,raw/kolkata/2026-08/posts.jsonl#L540
kolkata,t3_1vvv7a4,2026-08-23T02:38:08.460Z,Late-Row-8294,Alternative Bengali Keyboard,What can be a good Bengali keyboard in PC other than Avro? I am using Avro presently to type bengali but it sometimes cannot process heavy and complex words.,,text,4,,5,https://www.reddit.com/r/kolkata/comments/1vvv7a4/alternative_bengali_keyboard/,,,,,,,False,False,470956,0,26,2026-08-27T08:38:40.903Z,raw/kolkata/2026-08/posts.jsonl#L512
kolkata,t3_1vvvpen,2026-08-23T03:03:45.282Z,Fit-Driver-8237,Is a movie theater date good for meeting my LDR girlfriend after 6 months?,"Yeah so umm I'm 18 and she's 19 We haven't met since GOD DAMN FUCKING APRIL Wanna go on a date in September end or so before we don't meet again for a long time So umm the plan is to give a bouquet of flowers, take her to watch a movie and to bring her to a nice restaurant and of course gifts Can it be made better somehow?",,text,2,,22,https://www.reddit.com/r/kolkata/comments/1vvvpen/is_a_movie_theater_date_good_for_meeting_my_ldr/,,,,,,,False,False,470956,0,25,2026-08-27T08:39:24.392Z,raw/kolkata/2026-08/posts.jsonl#L636
kolkata,t3_1vvvt16,2026-08-23T03:08:57.123Z,Meghpeon_,What do you think ?,,,image,121,,292,https://www.reddit.com/r/kolkata/comments/1vvvt16/what_do_you_think/,,,,,,,False,False,470956,0,26,2026-08-27T08:38:07.136Z,raw/kolkata/2026-08/posts.jsonl#L427
kolkata,t3_1vvwdsw,2026-08-23T03:38:18.169Z,ObjectiveSalad2940,What camera settings should i have for my samsung a36. Pls help this guy.,Its been around 6 months since i bought samsung a36. There are alot of camera settings available like pro mode night mode and all and honestly i am not that tech savy. So pls tell me what settings should i have for quality selfies and photos. Read more,,text,1,,0,https://www.reddit.com/r/kolkata/comments/1vvwdsw/what_camera_settings_should_i_have_for_my_samsung/,,,,,,,False,False,470957,0,26,2026-08-27T08:39:41.248Z,raw/kolkata/2026-08/posts.jsonl#L680
kolkata,t3_1vvwnc1,2026-08-23T03:52:02.248Z,jibonto_laas,Latest Scam... Taka paben? amio APY Subscriber.,"Jibon ta boroi kothin. Source - Bartaman Paper, Kolkata Edition, today 23.08.2026 Read more",,text,0,,4,https://www.reddit.com/r/kolkata/comments/1vvwnc1/latest_scam_taka_paben_amio_apy_subscriber/,,,,,,,False,False,470956,0,26,2026-08-27T08:39:10.227Z,raw/kolkata/2026-08/posts.jsonl#L605
kolkata,t3_1vvwuc0,2026-08-23T04:01:51.080Z,Frosty-Fall-8495,In search of chill peeps to connect with,Hey ! 19M here. I'm kinda looking for peeps to connect with and make new friends in Kolkata. Hmu if y'all wanna connect... Let's get to know eachother and also develop a bond that'll last forever ( we'll meet up soon ). Leer más,,text,2,,4,https://www.reddit.com/r/kolkata/comments/1vvwuc0/in_search_of_chill_peeps_to_connect_with/,,,,,,,False,False,470957,0,26,2026-08-27T08:39:37.824Z,raw/kolkata/2026-08/posts.jsonl#L678
kolkata,t3_1vvx9ae,2026-08-23T04:23:49.639Z,Blueblood2007,Any good biryani places with generous portions of both mutton and biryani?,On zomato/Swiggy,,text,0,,3,https://www.reddit.com/r/kolkata/comments/1vvx9ae/any_good_biryani_places_with_generous_portions_of/,,,,,,,False,False,470956,0,0,2026-08-27T08:39:09.759Z,raw/kolkata/2026-08/posts.jsonl#L593
kolkata,t3_1vvxmga,2026-08-23T04:43:51.678Z,Potentiometre,Luchi and ghugni as breakfast 🤤😘👌😋,,,image,295,,35,https://www.reddit.com/r/kolkata/comments/1vvxmga/luchi_and_ghugni_as_breakfast/,,,,,,,False,False,470956,0,26,2026-08-27T08:37:55.340Z,raw/kolkata/2026-08/posts.jsonl#L415
kolkata,t3_1vvy1uu,2026-08-23T05:06:50.013Z,pookiedookiepandabae,In search of chill peeps to connect with,Im 19 years old girl. New in Kolkata:) Read more,,text,3,,7,https://www.reddit.com/r/kolkata/comments/1vvy1uu/in_search_of_chill_peeps_to_connect_with/,,,,,,,False,False,470956,0,26,2026-08-27T08:38:52.923Z,raw/kolkata/2026-08/posts.jsonl#L562
kolkata,t3_1vvy4ef,2026-08-23T05:10:46.178Z,dukkho_amr_noi,"Ajkal teens / young adults / jekono tees lover, keram design tshirts/tote bags pochondo kore?","Im planning to design tshirts, but can't choose a niche Read more",,text,0,,1,https://www.reddit.com/r/kolkata/comments/1vvy4ef/ajkal_teens_young_adults_jekono_tees_lover_keram/,,,,,,,False,False,470956,0,26,2026-08-27T08:41:29.589Z,raw/kolkata/2026-08/posts.jsonl#L887
kolkata,t3_1vvybnd,2026-08-23T05:21:44.648Z,I-AM-ARCHI-RAY,Please help me find a few brands or stores for shopping where good plus-size women's wear is available?,"This time I'm interested in exploring some offline options instead of buying online... But since I need plus-size clothes, I'm looking for suggestions from you before going... It would be really great if you could suggest any brand or shopping mall. Read more",,text,0,,0,https://www.reddit.com/r/kolkata/comments/1vvybnd/pujor_shopping_er_jonno_koekta_brand_ba_store_er/,,,,,,,False,False,470956,0,26,2026-08-27T08:39:01.255Z,raw/kolkata/2026-08/posts.jsonl#L578
kolkata,t3_1vvyi8a,2026-08-23T05:32:03.754Z,Choice_Reputation_96,Do not buy from Flipkart Minutes!! They are cheaters,"I ordered grocery items through Flipkart Minutes. Later I needed to return one item. I went to My Orders → Help and tried to select “Return an Item”, but the option has been inactive for days. Not only that, the “Chat with us” option is also completely disabled. There is literally no way to raise the issue or talk to customer support. This is extremely frustrating. By disabling both the return option and chat support, Flipkart is leaving customers completely helpless. This kind of practice is equivalent to cheating. Despite multiple requests, the return facility was kept inactive and the restrictive policy was not clearly disclosed at the time of purchase. I am cheated by Flipkart Minutes. Grievance lodged with NCH. No action. Paper tiger! Do nothing for common man, but help such companies to suck common man. Read more",,text,5,,13,https://www.reddit.com/r/kolkata/comments/1vvyi8a/do_not_buy_from_flipkart_minutes_they_are_cheaters/,,,,,,,False,False,470956,0,26,2026-08-27T08:40:54.463Z,raw/kolkata/2026-08/posts.jsonl#L845
kolkata,t3_1vvyir9,2026-08-23T05:32:57.205Z,Suspicious-Estate695,Do you guys still buy shoes/sandals/chappals from Sreeleathers during Pujo or at other times of the year?,,,image,121,,92,https://www.reddit.com/r/kolkata/comments/1vvyir9/do_you_guys_still_buy_shoessandalschappals_from/,,,,,,,False,False,470956,0,26,2026-08-27T08:37:54.800Z,raw/kolkata/2026-08/posts.jsonl#L410
kolkata,t3_1vvyk7n,2026-08-23T05:35:26.137Z,wt_kevin,tomra ki pujor shopping chalu kore diye cho,just wanted to know have u guys started pujor shopping for pandel hopping and also feel free to share ur merchandise collection,,text,2,,24,https://www.reddit.com/r/kolkata/comments/1vvyk7n/tomra_ki_pujor_shopping_chalu_kore_diye_cho/,,,,,,,False,False,470956,0,26,2026-08-27T08:38:32.922Z,raw/kolkata/2026-08/posts.jsonl#L499
kolkata,t3_1vvyob5,2026-08-23T05:42:01.027Z,Rhythmmaz986,Place to Stay near Baranagar Metro Station,"Well, I am asking on account of the Indian Statistical Institute actually, I want to ask if there's some hotel or lodge near ISI or Baranagar Metro Station or anywhere nearby!! Just need help for this, searched online the whole night and didn't get any clarity!! Actually it's an immediate request, need it by Tomorrow only, gonna reach Baranagar on 25th......",,text,2,,0,https://www.reddit.com/r/kolkata/comments/1vvyob5/place_to_stay_near_baranagar_metro_station/,,,,,,,False,False,470956,0,26,2026-08-27T08:38:36.833Z,raw/kolkata/2026-08/posts.jsonl#L506
kolkata,t3_1vvyrla,2026-08-23T05:47:12.345Z,Organic_Rice6202,To all my fellow riders of kolkata,"Where can I find E5 or pure petrol nearby Newtown, Chinar Park, or Rajarhaat-Gopalpur area? Just wanted to get a full tank to ensure my engine runs smooth for the long run.",,text,1,,4,https://www.reddit.com/r/kolkata/comments/1vvyrla/to_all_my_fellow_riders_of_kolkata/,,,,,,,False,False,470956,0,26,2026-08-27T08:39:10.188Z,raw/kolkata/2026-08/posts.jsonl#L604
kolkata,t3_1vvysqa,2026-08-23T05:49:00.257Z,Arpan_Omnivision1,Home WiFi,Suggest the best WiFi for home . This would be my second connection. I currently have Jio but not happy with the speed/coverage etc. Location near South City. Read more,,text,4,,20,https://www.reddit.com/r/kolkata/comments/1vvysqa/home_wifi/,,,,,,,False,False,470956,0,26,2026-08-27T08:38:29.035Z,raw/kolkata/2026-08/posts.jsonl#L489
kolkata,t3_1vvyxmo,2026-08-23T05:56:46.328Z,Alert-Improvement-81,Finished 'Half of a Yellow Sun'. I think a part of me is still somewhere inside it,"I have absolutely no idea how to coherently talk about this book right now. The slightly funny story is that I picked up Half of a Yellow Sun because the last time I asked one of my favourite people what she was reading, she told me she was reading this. I had heard of Chimamanda Ngozi Adichie, obviously, but I hadn't actually read this one before. So I thought, okay, why not give it a try. And now I genuinely don't know whether I should thank her or blame her for whatever this book has done to my brain. I finished it today and I feel... hollow? Heartbroken? Unsettled? All of those, somehow. What surprised me most was that it never felt like I was simply reading a book about the Nigerian Civil War. The history is obviously enormous and devastating, but Adichie somehow makes it feel frighteningly intimate. The war isn't just something happening somewhere in the background. It enters kitchens, bedrooms, relationships, conversations, bodies, food, friendships, ambitions. It changes what people expect from tomorrow. It changes who they trust. It changes who they think they are. And that, more than anything, is what destroyed me. I kept thinking about how ordinary life continues even when history is becoming unbearable. People still fall in love. People still get irritated with each other. People still worry about food, clothes, work, sex, books, jealousy, family, stupid little arguments. Someone is always making tea or having a conversation or trying to understand what another person meant. And then, suddenly, history crashes through the door. I think that's what makes the book so painful. It doesn't let you keep the comfortable distance of thinking, this is a historical tragedy that happened to other people. You spend so much time with these characters that eventually their lives stop feeling like “the characters' lives” and start feeling like people you somehow know. Ugwu, Olanna, Odenigbo, Richard, Kainene... I don't even know how to rank them anymore because every time I thought I had figured out how I felt about someone, the book would give me another reason to reconsider. Kainene especially stayed in my head. There is something about her presence in this book that I can't quite explain without making this absurdly long. She feels so alive. So sharp. So difficult to reduce to a single interpretation. And by the end, I think I was carrying the uncertainty surrounding her around with me even when I had stopped reading. Which brings me to one of the strangest things about finishing this book: I wasn't prepared for how much I would miss the characters. Not just in the obvious sense of “I miss these fictional people.” It's more like... for months, while reading this on and off, these people had quietly become part of my everyday mental landscape. I would put the book down and go do something completely unrelated, and some scene or character or conversation would still be somewhere in the back of my head. And then I finished it. And suddenly they're gone. There is this weird, empty space where all those voices used to be. I think that's why I'm struggling to write a proper review. My brain is still somewhere in the middle of the book trying to process everything that happened. Also, Adichie's writing has genuinely unsettled me in a way I didn't expect. This is my second Adichie, and I think I'm beginning to understand what people mean when they talk about her writing staying with you. She doesn't just tell you something terrible happened. She makes you sit inside the human consequences of it. And the worst part is that the book is so beautiful while doing it. There are so many moments of tenderness in the middle of all this violence and destruction that somehow make everything hurt more. I think I've come away from this book thinking a lot about how fragile ordinary life actually is. How little control individuals sometimes have over the historical forces surrounding them. How people can be completely sincere in their love and still hurt each other. How identities that seem permanent can become frighteningly unstable. How a place can remain home even after it has become almost unrecognisable. And maybe most of all, how history isn't really made up of dates and political events. It's made up of people waking up in the morning and not knowing that their lives are about to change. I started this book because someone I care about was reading it. I finished it feeling like I'd been carrying these people around for months. Now I feel strangely empty. So, to the person who casually told me to read this: thank you. I genuinely did not expect a book I picked up on a whim to leave me this wrecked. And yes, I now understand why you were reading it. Completely different situation, same conclusion: Chimamanda really knows how to leave a person emotionally unemployed. I need to stare at a wall for a while. Read more",,text,9,,3,https://www.reddit.com/r/kolkata/comments/1vvyxmo/finished_half_of_a_yellow_sun_i_think_a_part_of/,,,,,,,False,False,470956,0,26,2026-08-27T08:38:21.812Z,raw/kolkata/2026-08/posts.jsonl#L482
kolkata,t3_1vvyyvi,2026-08-23T05:58:41.603Z,Lavender_Lotika,Sunday morning ✨,"হিং-এর কচুরি এবং ছোলার ডাল. (না, আমি বানাই নি, বাবা কিনে এনেছে।)",,image,8,,5,https://www.reddit.com/r/kolkata/comments/1vvyyvi/sunday_morning/,,,,,,,False,False,470956,0,26,2026-08-27T08:38:44.247Z,raw/kolkata/2026-08/posts.jsonl#L521
kolkata,t3_1vvzal0,2026-08-23T06:16:36.875Z,riamusk39,Hotels Closed for reasons unknown,"I am an owner of a guest house, 3-star near Park Street area. As you might be aware, a recent terrifying fire incident happened nearby the area, where 9 people have lost their lives. I fully sympathize with the grievers of thier family, and my heartfelt condolences. Having said that, yesterday an unforeseen notice from fire dept came across at 1am in the morning, ordering us to off-board all our guests and close our guest houses, until further order/notice. We have the fire dept's NOC and license, in place, and complied to it yearly dilligently for years now. Then, yesterday evening some MLA comes in all VIP convoy and starts closing all the hotels, she deems fit. No prior notice, no time to take action, no way to know what is exactly expected of us. Such is the behaviour of an elected member. I have some issues with this kind of reckless and unexplained behaviour and acts. - If such notice was served, shouldn't there be atleast 24-hour period. - We had the NOC and license from fire dept in place, what is its intrinsic value if we have to anyway stop our daily business and run around? - Why only the small business owners like us are penalised, while there is little to no action on the government employees that assign such licenses? - We are happy to implement new fire safety measures and get compliant to it. But shouldn't we be given realistic timelines, the expectations and a fair plan to move forward? - Such closing of business, hurt our small businesses as we live hand-to-mouth and each day of shut doors affect our livelihood. We have seen such kind of reckless, unplanned and destructive/rowdy behaviour of this government before, and have suffered again and again due its poor management and implementation. This is incompetence at its peak. [PS: And those of you, who think we have only bribed our licenses out, I will ask you to think again.] [Update: For hotels and guest house, that didnt even receive the notice, are scared to open their business. Fearing they might also face similar fate.]",,text,1,,3,https://www.reddit.com/r/kolkata/comments/1vvzal0/hotels_closed_for_reasons_unknown/,,,,,,,False,False,470956,0,26,2026-08-27T08:38:35.772Z,raw/kolkata/2026-08/posts.jsonl#L505
kolkata,t3_1vvzb51,2026-08-23T06:17:29.632Z,tanu004_,Sunday breakfast dairies,,,image,17,,8,https://www.reddit.com/r/kolkata/comments/1vvzb51/sunday_breakfast_dairies/,,,,,,,False,False,470956,0,26,2026-08-27T08:38:21.768Z,raw/kolkata/2026-08/posts.jsonl#L476
kolkata,t3_1vvzbbb,2026-08-23T06:17:45.177Z,CaptainJack555,Ideal Robbar sokal ki tomader?,Boi r cha chara robbar sokal ta ekdomee jomena amar. Aage bondhu der sathe khub adda ditam akhon shobai baire. Tomader ideal robbar sokal ki bolo ba amon kichu jeta chara tomader robbar bhaba e jaina. Shuni! Read more,,image,5,,16,https://www.reddit.com/r/kolkata/comments/1vvzbbb/ideal_robbar_sokal_ki_tomader/,,,,,,,False,False,470956,0,26,2026-08-27T08:38:29.924Z,raw/kolkata/2026-08/posts.jsonl#L493
kolkata,t3_1vvzejt,2026-08-23T06:22:54.370Z,TritiyaPandav,Durand Derby Final. Predict the scoreline !,,,image,39,,28,https://www.reddit.com/r/kolkata/comments/1vvzejt/durand_derby_final_predict_the_scoreline/,,,,,,,False,False,470956,0,26,2026-08-27T08:38:07.407Z,raw/kolkata/2026-08/posts.jsonl#L433
kolkata,t3_1vvzewi,2026-08-23T06:23:27.304Z,Active-Comedian-4475,What is ur Sunday breakfast? 🥰,,,image,3,,10,https://www.reddit.com/r/kolkata/comments/1vvzewi/what_is_ur_sunday_breakfast/,,,,,,,False,False,470956,0,26,2026-08-27T08:38:38.648Z,raw/kolkata/2026-08/posts.jsonl#L508
kolkata,t3_1vvzghv,2026-08-23T06:25:55.156Z,Illustrious_Fig_814,Kolkata musicians: How do you currently find a specific instrument to buy?,"I’m trying to understand how people in Kolkata actually buy musical instruments. For example, if you suddenly decide you want a particular guitar, harmonica, keyboard, tabla, etc., what do you normally do? Do you: Search online and order from Amazon/Bajaao? Go directly to Lalbazar or another music market? Call different shops to check availability? Ask friends/teachers for recommendations? Check individual shop websites/Instagram/WhatsApp? Something else? And what happens when you're looking for a specific model that isn't very common? I'm asking because I'm exploring a possible idea around making the inventory of Kolkata's local music stores searchable online, but I want to understand the problem first rather than assume it exists. Would love to hear how you actually go about buying instruments here, especially if you've had trouble finding something specific.",,text,2,,0,https://www.reddit.com/r/kolkata/comments/1vvzghv/kolkata_musicians_how_do_you_currently_find_a/,,,,,,,False,False,470956,0,26,2026-08-27T08:38:52.114Z,raw/kolkata/2026-08/posts.jsonl#L555
kolkata,t3_1vvzh36,2026-08-23T06:26:56.941Z,Puzzleheaded-Row-477,"Tell me about Sunday, share your LDR stories 😏☠️","I just came to drink tea and nothing else But yeah, tell me about how everything has been going. And yes, the guy in this pic is Bengali, in case you were wondering. So everyone has a chance, right? 😏😏 Read more",,image,0,,20,https://www.reddit.com/r/kolkata/comments/1vvzh36/sunday_bole_kotha_ldr_stories_bolo_tomra/,,,,,,,False,False,470957,0,26,2026-08-27T08:39:09.883Z,raw/kolkata/2026-08/posts.jsonl#L596
kolkata,t3_1vvzhah,2026-08-23T06:27:17.006Z,oldmonk_100,Sunday calories dont count,,,image,20,,5,https://www.reddit.com/r/kolkata/comments/1vvzhah/sunday_calories_dont_count/,,,,,,,False,False,470956,0,26,2026-08-27T08:38:02.694Z,raw/kolkata/2026-08/posts.jsonl#L420
kolkata,t3_1vvzj3d,2026-08-23T06:30:10.715Z,iscrappedthe_data,Durga Puja mishti variety may dip as makers look to beat sugar spike- times of india,Source: timesofindia.indiatimes.com/city/kolkata/durga-puja-mishti-variety-may-dip-as-makers-look-to-beat-sugar-spike/amp_articleshow/133429814.cms,,image,3,,1,https://www.reddit.com/r/kolkata/comments/1vvzj3d/durga_puja_mishti_variety_may_dip_as_makers_look/,,,,,,,False,False,470956,0,0,2026-08-27T08:40:06.080Z,raw/kolkata/2026-08/posts.jsonl#L757
kolkata,t3_1vvzj48,2026-08-23T06:30:12.834Z,Purple-Air-8538,Svmcm help,"So I m trying to apply for svmcm, n my income of 24-25 was 2.98 lakh on ITR will it cause me a problem???",,text,1,,0,https://www.reddit.com/r/kolkata/comments/1vvzj48/svmcm_help/,,,,,,,False,False,470956,0,26,2026-08-27T08:38:51.987Z,raw/kolkata/2026-08/posts.jsonl#L550
kolkata,t3_1vvzl29,2026-08-23T06:33:19.626Z,wt_kevin,Mr Ajeya joins the chat,finally got the well known famous Indian tank Ajeya T-72 ebar khala hobe hehe,,image,1,,0,https://www.reddit.com/r/kolkata/comments/1vvzl29/mr_ajeya_joins_the_chat/,,,,,,,False,False,470956,0,26,2026-08-27T08:38:36.921Z,raw/kolkata/2026-08/posts.jsonl#L507
kolkata,t3_1vvzt1f,2026-08-23T06:45:54.220Z,raskolniko_v,Morning Cocktail,Erpor porte boshte aato lyadh laagey na. This book is really interesting.,,image,116,,32,https://www.reddit.com/r/kolkata/comments/1vvzt1f/morning_cocktail/,,,,,,,False,False,470956,0,26,2026-08-27T08:38:10.676Z,raw/kolkata/2026-08/posts.jsonl#L446
kolkata,t3_1vvzumi,2026-08-23T06:48:25.681Z,PerformativeNarc,from where to buy the crocheted keychains?,"something like these, i don't really know how to crochet nor do i have the time to do that, so please if anyone knows some offline markets like gariahat or something? please lemme know. also, what's the price like? (pictures are for reference only, from pinterest)",,image,3,,12,https://www.reddit.com/r/kolkata/comments/1vvzumi/from_where_to_buy_the_crocheted_keychains/,,,,,,,False,False,470956,0,26,2026-08-27T08:38:49.973Z,raw/kolkata/2026-08/posts.jsonl#L545
kolkata,t3_1vvzwoy,2026-08-23T06:51:36.196Z,biswajitgeek,ফাইনাল ম্যাচের টিকিট চাই,আজ ডুরান্ড কাপের ফাইনালের ২ টো টিকিট হবে কারও কাছে? Read more,,text,0,,13,https://www.reddit.com/r/kolkata/comments/1vvzwoy/%E0%A6%AB%E0%A6%87%E0%A6%A8%E0%A6%B2_%E0%A6%AE%E0%A6%AF%E0%A6%9A%E0%A6%B0_%E0%A6%9F%E0%A6%95%E0%A6%9F_%E0%A6%9A%E0%A6%87/,,,,,,,False,False,470956,0,26,2026-08-27T08:38:42.231Z,raw/kolkata/2026-08/posts.jsonl#L515
kolkata,t3_1vw01yq,2026-08-23T06:59:53.024Z,Feisty-Indication916,Looking for a football group in Kolkata ⚽,"Hey everyone! I’m looking to start playing football again and would love to join an existing football/WhatsApp group that plays regularly. I’m currently near Howrah, but I’m completely open to travelling anywhere in Kolkata, including Salt Lake, New Town, Esplanade, Bhawanipur, South Kolkata, etc. Turf or open ground is fine. Weekend games would be great, but I’m also interested in weekday games if there’s a regular group. If you’re already part of a football WhatsApp group or know of any pickup games/community, please DM me or add me to the group. I’m basically just looking for people who want to play regularly and have a good game. ⚽ Thanks! Read more",,text,1,,0,https://www.reddit.com/r/kolkata/comments/1vw01yq/looking_for_a_football_group_in_kolkata/,,,,,,,False,False,470956,0,26,2026-08-27T08:38:52.269Z,raw/kolkata/2026-08/posts.jsonl#L556
kolkata,t3_1vw06ay,2026-08-23T07:06:20.207Z,ImportantGarage69,Kolkatay ki adou weekend life bole kichu ache?😔,"I mean idk, on the weekend I sit mostly baritei coz eka eka kothao jete bhalo lagena🥲 But yeah just wanna know! Pujor somoye jemon lokjon chardike ghure beray adda mare, weekend e ki serom kichu hoyna!!",,image,21,,27,https://www.reddit.com/r/kolkata/comments/1vw06ay/kolkatay_ki_adou_weekend_life_bole_kichu_ache/,,,,,,,False,False,470957,0,26,2026-08-27T08:40:27.790Z,raw/kolkata/2026-08/posts.jsonl#L801
kolkata,t3_1vw07dm,2026-08-23T07:08:08.337Z,shojnephool,"looking for second hand copy of ""fire & blood"" by george martin. based in kolkata.",same as header.,,text,4,,1,https://www.reddit.com/r/kolkata/comments/1vw07dm/looking_for_second_hand_copy_of_fire_blood_by/,,,,,,,False,False,470956,0,26,2026-08-27T08:38:45.431Z,raw/kolkata/2026-08/posts.jsonl#L525
kolkata,t3_1vw09fk,2026-08-23T07:11:22.428Z,Descat7323,Searching for girl's pg/hostel near college street,Searching for girl's pg/hostel near college street kolkata Read more,,text,1,,1,https://www.reddit.com/r/kolkata/comments/1vw09fk/searching_for_girls_pghostel_near_college_street/,,,,,,,False,False,470956,0,26,2026-08-27T08:39:10.159Z,raw/kolkata/2026-08/posts.jsonl#L603
kolkata,t3_1vw0bps,2026-08-23T07:14:54.976Z,SOMPotter,Driving licence issue help.,"I passed my driving test in 2022 and got my licence four years ago. I have the digital copy in DigiLocker, but the physical card never arrived at my address. Even after four years, its status still shows as 'Under Processing Any idea what to do with it and how to get a physical copy of the DL. RTO - BELTALA KOLKATA Read more",,image,7,,9,https://www.reddit.com/r/kolkata/comments/1vw0bps/driving_licence_issue_help/,,,,,,,False,False,470956,0,26,2026-08-27T08:38:28.409Z,raw/kolkata/2026-08/posts.jsonl#L486
kolkata,t3_1vw0cbv,2026-08-23T07:15:48.805Z,Impossible-Mouse5678,Sell or exchange:OPPO Reno 15 Pro 12/256GB for a Compact Phone,"I have an OPPO Reno 15 Pro, 12GB RAM + 256GB storage, in brand-new condition. It’s just 1 day old, with no issues or damage. Looking to exchange it for a more compact/smaller phone. Ideally something that’s comfortable to use one-handed. Phone: OPPO Reno 15 Pro RAM/Storage: 12GB + 256GB Condition: Brand new, 1 day old Looking for: Compact phone, preferably in similar value/condition Location: Kolkata Open to suitable exchange offers. DM me with your phone model, condition, and details. Read more",,text,1,,1,https://www.reddit.com/r/kolkata/comments/1vw0cbv/sell_or_exchangeoppo_reno_15_pro_12256gb_for_a/,,,,,,,False,False,470956,0,26,2026-08-27T08:38:46.439Z,raw/kolkata/2026-08/posts.jsonl#L531
kolkata,t3_1vw124i,2026-08-23T07:58:01.024Z,dyno_2004,Online graduation,"Ami soumajeet age 22 ami bmlt korchi 2nd year a achi but ami bmlt chere dite chai, graduation complete korar jonno online a bba korar kotha bhabchi sikkim manipal university theke , keu please ektu guide korte parbe online bba kemon hobe Read more",,text,1,,1,https://www.reddit.com/r/kolkata/comments/1vw124i/online_graduation/,,,,,,,False,False,470957,0,26,2026-08-27T08:38:52.272Z,raw/kolkata/2026-08/posts.jsonl#L557
kolkata,t3_1vw188d,2026-08-23T08:07:48.462Z,Altruistic-Hour3129,Need biking buddies!!,"Hi, I'm 20M and i recently bought a bike but I've never rode around Kolkata, I want to but I have no friends to wander with, and I'm too introverted irl to make friends, does anyone wanna join me? Read more",,text,1,,20,https://www.reddit.com/r/kolkata/comments/1vw188d/need_biking_buddies/,,,,,,,False,False,470957,0,25,2026-08-27T08:40:00.452Z,raw/kolkata/2026-08/posts.jsonl#L745
kolkata,t3_1vw1dp4,2026-08-23T08:16:44.032Z,goon_consultant,Need some career advice - Kolkata Service MNC (18 LPA) vs Bangalore GCC (24 LPA) 3.8 yoe SDE.,"Hey guys, need some genuine advice from people in tech here, especially anyone who moved from Kolkata to Bangalore or chose to stay back. A quick background about my situation: I have around 3.8 years of exp as a full stack dev. Currently making 12 lpa at a service based mnc. Resigned back in july and currently serving notice period (september joining). My main goal was always to break into product based companies or GCCs. While serving notice, I was interviewing aggressively and right now I have two offers in hand: Service MNC (Kolkata): Total CTC is 18 LPA (16L fixed + 2L variable). Staying in Kolkata means staying at home, so practically zero rent and massive savings every month. But the downside is it's still service based, so tech stack and future growth might be the usual slow pace. GCC / Captive (Bangalore): Total CTC is 24 LPA (18L fixed + rest variable/bonus). Work mode is hybrid (2 days office per week). Brand value is definitely better, actual product work, and being in BLR obviously opens up more doors for future switches to top tier product companies. But cost of living, high rent/deposit, and relocation will eat up a good chunk of in-hand salary. Really confused right now. At 3.8 yoe, is it better to take the jump to Bangalore for GCC brand value and long term career compounding, or should I take the 18 lpa offer in Kolkata, save maximum money, and try for remote/better opportunities later? Would really appreciate thoughts from seniors or anyone who faced a similar choice. Thanks! P.S. For context, I'm 27yo, single, with no plans of marriage or kids in the future, and parents aren't financially dependent on me either. So my focus is entirely on aggressive career compounding, wealth building, and financial independence. P.P.S. This will be my 3rd switch in ~3.8 years, so wherever I join, I must stay put for at least 2–3 years. I can't afford another quick hop without my resume looking shaky/job-hopperish.",,text,26,,52,https://www.reddit.com/r/kolkata/comments/1vw1dp4/need_some_career_advice_kolkata_service_mnc_18/,,,,,,,False,False,470956,0,26,2026-08-27T08:38:21.805Z,raw/kolkata/2026-08/posts.jsonl#L481
kolkata,t3_1vw1my6,2026-08-23T08:31:48.269Z,iTheMoon,"Anybody who(32M, 26F) wants to travel to chennai by train and don't have ticket ? I can help.","Anybody who(32M, 26F) needs to travel to chennai from Kolkata by train and don't have confirmed ticket ? I can help with tickets for tomorrow 24 Aug 2026.",,text,0,,0,https://www.reddit.com/r/kolkata/comments/1vw1my6/anybody_who32m_26f_wants_to_travel_to_chennai_by/,,,,,,,False,False,470956,0,26,2026-08-27T08:38:52.659Z,raw/kolkata/2026-08/posts.jsonl#L560
kolkata,t3_1vw1nyn,2026-08-23T08:33:34.976Z,ThrowawayID1233,"My friend got rejected in an Arrange marriage proposal by a girl because she thinks he's a Fboy just coz he has maintained a good physique all over the years, bro don't drink or smoke even when he go out with us","LMAO, what is even AM about, he was like mummy is mocking me, main galat kia body banake? Read more",,text,159,,82,https://www.reddit.com/r/kolkata/comments/1vw1nyn/my_friend_got_rejected_in_an_arrange_marriage/,,,,,,,False,False,470956,0,26,2026-08-27T08:38:07.442Z,raw/kolkata/2026-08/posts.jsonl#L434
kolkata,t3_1vw1uu5,2026-08-23T08:45:00.010Z,Perseus069,Which one is the good Wifi service provider in picnic garden area kolkata,I live in picnic garden area. I have jio airfiber connection since last 7 months. It totally sucks. I want to change it to new wifi connection. Please suggest a good Wifi service provider. Read more,,text,2,,2,https://www.reddit.com/r/kolkata/comments/1vw1uu5/which_one_is_the_good_wifi_service_provider_in/,,,,,,,False,False,470956,0,26,2026-08-27T08:38:45.475Z,raw/kolkata/2026-08/posts.jsonl#L526
kolkata,t3_1vw1xlv,2026-08-23T08:49:25.440Z,REVENANT989898,Bengali GAMERS!!!,anyone played this masterpiece?,,image,132,,149,https://www.reddit.com/r/kolkata/comments/1vw1xlv/bengali_gamers/,,,,,,,False,False,470956,0,26,2026-08-27T08:38:07.234Z,raw/kolkata/2026-08/posts.jsonl#L430
kolkata,t3_1vw1y2u,2026-08-23T08:50:14.400Z,Salazaar_Arny,Relationship Advice,"Ami ekjon er sathe Shmooze e connect korechi. Over the time we grew our feelings together. Kintu ek flaw aache which is eating us up together. Amar registry hoyeche ekjon er sathe which was manipulative. Nijer dosh o debo jene shune registry kagoj e shoi kori at that moment I was not happy with the marraige. I thought feelings grow korbe shob thik hobe but the thing is otar por theke my ex partner (F) changed. Nijer adhikar dekhate shuru kore. Ami ki korbo na korbo. Ami kon career path choose korbo. Aishob. Sudu ta noy amar maa er sathe khubie kharap bebohar korte shuru kore. Raat 2:30 am - 3:00 am bari chole jaye ami seta jodi atkanor chesta kori tahole amar naame GD kori. Already amar naam e ekta FIR aache. Oi koreche. Ebar oi jhamela kore amaye dekhaye j baar koreche. Amar family kicchu koreni eta or daabi. Ami emotionally ektu beshi bhaabi. Last e onek jhamela hoye ami bolechi ami ei mental trauma ba kichu niye thakte chaina. Divorce debo. Prothom o bole okay, mutual divorce hobe. Ekhon bolche divorce debo na amar khoti puron lagbe. Aaj ami present ekhon jaar sathe royechi. First e ekdom shob shotti kotha boli. Even or parents der keo tai boli. After that or parents oke pressure deye amaye chaar te. Ekhon o thakte chaiche na. Ami onek baar bujhiyechi first e maane but ekhon r manche na kichutei. Amar khubie koshto hocche. We both sync in our lives. Both are very understanding. O kichu na bolate ami bujhe jai o ki bolte chaiche same goes for her. But ekta jinish o bujhche na j eta clear kore debo. Kintu time lagbe. Kintu shei time ta dicche na ekhon. Kisher jonne o ato suffocated feel korche ami janina.",,text,0,,17,https://www.reddit.com/r/kolkata/comments/1vw1y2u/relationship_advice/,,,,,,,False,False,470956,0,26,2026-08-27T08:39:11.725Z,raw/kolkata/2026-08/posts.jsonl#L613
kolkata,t3_1vw1yi8,2026-08-23T08:50:54.565Z,Mansamusa_09,I am from Kolkata. I want to buy this recommendation needed,"Hello everyone, I came across this perfume and really want to buy this, but I’m not sure that where can I find it in leads will be helpful",,image,3,,2,https://www.reddit.com/r/kolkata/comments/1vw1yi8/i_am_from_kolkata_i_want_to_buy_this/,,,,,,,False,False,470956,0,26,2026-08-27T08:38:46.761Z,raw/kolkata/2026-08/posts.jsonl#L538
kolkata,t3_1vw1z0b,2026-08-23T08:51:40.188Z,Tall-Barnacle-4196,Help: Driving License,"My father's DL for 4 wheelers expired 8 years ago and he did not have a need to renew it. Now we need a 2 wheelers license and RTO is saying that we need to pay 8000+ fine to clear the dues and then proceed for the license. But while researching a bit, I saw that if the license expired 5 years ago, it is declared null and void and we have to apply for a new one. Please advise on what should be the best approach.",,text,1,,1,https://www.reddit.com/r/kolkata/comments/1vw1z0b/help_driving_license/,,,,,,,False,False,470956,0,26,2026-08-27T08:38:46.053Z,raw/kolkata/2026-08/posts.jsonl#L529
kolkata,t3_1vw22q6,2026-08-23T08:57:49.765Z,Soft-Vanilla2261,Salon recommendations for a good haircut in Kolkata?,"I rarely get my hair cut, so I’m looking for an experienced stylist who’s really good with women’s haircuts. I was considering AN John, if anyone has gotten a haircut there, please share your experience/review! Also open to other good salons that aren’t too pricey. Please recommend a good stylist if you have one! :)",,text,0,,0,https://www.reddit.com/r/kolkata/comments/1vw22q6/salon_recommendations_for_a_good_haircut_in/,,,,,,,False,False,470957,0,26,2026-08-27T08:39:19.194Z,raw/kolkata/2026-08/posts.jsonl#L618
kolkata,t3_1vw23y1,2026-08-23T08:59:47.293Z,Novel_Program_2003,Trying to fancy up dinner after corporate 9 to 5 becomes 9 to 9,When you are feeling a fancy dinner after a 12 hr work day but your dead ass is tried and hungry af Read more,,image,49,,6,https://www.reddit.com/r/kolkata/comments/1vw23y1/trying_to_fancy_up_dinner_after_corporate_9_to_5/,,,,,,,False,False,470956,0,25,2026-08-27T08:37:53.675Z,raw/kolkata/2026-08/posts.jsonl#L395
kolkata,t3_1vw282w,2026-08-23T09:06:11.836Z,Peter_Griffin9,"Need flat near SaltLake Sector V, Bidhannagar","Hi guys, I am new in Kolkata, so don't have much idea on. I am looking for a 1BHK or 1RK type flat/apartment in a good society near SaltLake Sector V on rent. Kindly suggest which areas should I search for. Looking for some gated society kind of buildings with parking (2-wheeler) facility, cab availability, nearby market, clean, safe and good vibes. Budget around 15k-20k. Furnished/semi-furnished would be preferable (atleast Lights, fan, bed would be very helpful). Thanks in advance for suggestions. Read more",,text,2,,2,https://www.reddit.com/r/kolkata/comments/1vw282w/need_flat_near_saltlake_sector_v_bidhannagar/,,,,,,,False,False,470956,0,26,2026-08-27T08:38:53.736Z,raw/kolkata/2026-08/posts.jsonl#L565
kolkata,t3_1vw2azd,2026-08-23T09:10:45.847Z,Over-Body3761,Can I Fix My Trust Issues?,"I’m a 29 year old guy, currently looking for marriage through matrimony. Back in college, I was cheated on multiple times in relationships. I think that experience left me with trust issues that I’ve carried into my adult relationships. Now, whenever I’m talking to someone seriously, things can be going really well, but I sometimes become insecure about her male friends or exes. Rationally, I know having male friends or a past doesn’t mean someone will cheat. But emotionally, I find it difficult not to overthink. Recently, I was talking to someone through matrimony and we genuinely connected. However, my insecurities eventually led to arguments. She has now told me she’s tired of the heated conversations and isn’t in a mood to reconcile. I know my behaviour isn’t something to be proud of, and I don’t want to justify it. I’m genuinely scared that if I don’t work on this now, I could carry these issues into marriage and hurt someone I love. For people who have dealt with trust issues from past relationships: How did you learn to distinguish between a genuine red flag and your own insecurity? And were you able to overcome it enough to have a healthy marriage/relationship? I’d really appreciate practical advice, especially from people who have been through something similar.",,text,7,,8,https://www.reddit.com/r/kolkata/comments/1vw2azd/can_i_fix_my_trust_issues/,,,,,,,False,False,470956,0,0,2026-08-27T08:38:46.718Z,raw/kolkata/2026-08/posts.jsonl#L535
kolkata,t3_1vw2bx9,2026-08-23T09:12:21.658Z,Fit_Operation3422,anyone buying r5 3600 with 8gb ddr4 and mobo?,dm for more info.. Read more,,text,1,,0,https://www.reddit.com/r/kolkata/comments/1vw2bx9/anyone_buying_r5_3600_with_8gb_ddr4_and_mobo/,,,,,,,False,False,470956,0,0,2026-08-27T08:41:57.950Z,raw/kolkata/2026-08/posts.jsonl#L895
kolkata,t3_1vw2c4t,2026-08-23T09:12:42.660Z,Western_Emu_4037,Wanting to go to new market to buy those cool t shirts,Anyone wanna join?? Read more,,text,0,,5,https://www.reddit.com/r/kolkata/comments/1vw2c4t/wanting_to_go_to_new_market_to_buy_those_cool_t/,,,,,,,False,False,470957,0,0,2026-08-27T08:40:13.678Z,raw/kolkata/2026-08/posts.jsonl#L775
kolkata,t3_1vw2gcb,2026-08-23T09:19:32.225Z,Proxy_Rohosso,[Ruby] Aj ki bristi hbe 🥵,,,image,6,,1,https://www.reddit.com/r/kolkata/comments/1vw2gcb/ruby_aj_ki_bristi_hbe/,,,,,,,False,False,470956,0,26,2026-08-27T08:38:46.719Z,raw/kolkata/2026-08/posts.jsonl#L537
kolkata,t3_1vw2pzr,2026-08-23T09:35:23.091Z,its-me_ghost,Where can I get motherboard for LOQ 15IAX9 in Kolkata,"Looking for a genuine replacement motherboard for my Lenovo LOQ in Kolkata / Chandni Chowk (E-Mall). I have the exact motherboard part number and have shared photos/details. Looking for a new/genuine board from a reliable seller or repair shop. Budget: preferably within ₹25,000. If anyone knows a trustworthy shop, wholesaler, or seller in Kolkata/Chandni Chowk who deals with Lenovo LOQ motherboards, please let me know. Personal experiences or leads would be really helpful. Thanks!",,image,1,,2,https://www.reddit.com/r/kolkata/comments/1vw2pzr/where_can_i_get_motherboard_for_loq_15iax9_in/,,,,,,,False,False,470956,0,26,2026-08-27T08:38:35.764Z,raw/kolkata/2026-08/posts.jsonl#L504
kolkata,t3_1vw2v00,2026-08-23T09:43:31.338Z,No_Programmer3213,I am planning to buy a laptop,"I am a CSE student and I need a laptop. Requirements: Minimum 16 GB RAM, upgradeable Minimum 512 GB Nvme SSD Ryzen 5/ i5 H series processor Back-lit keyboard Good battery life Good display Reputed brand with good service Centres Please suggest me some models. Also if I go for a 2nd hand Lenovo ThinkPad, will it be worth it , considering I upgrade the SSD and the RAM ? Read more",,text,1,,1,https://www.reddit.com/r/kolkata/comments/1vw2v00/i_am_planning_to_buy_a_laptop/,,,,,,,False,False,470956,0,26,2026-08-27T08:39:20.041Z,raw/kolkata/2026-08/posts.jsonl#L622
kolkata,t3_1vw31ds,2026-08-23T09:53:52.503Z,Fragrant-Role9473,Need trusted IRCTC agent for Netaji Express (Howrah to Kalka) Tatkal booking,"Need to book a Tatkal ticket urgently for 12311 Netaji Express (Howrah to Kalka). Booking on my own keeps failing due to server lag. Can anyone recommend reliable, authorized IRCTC travel agents or agencies near Sealdah, or Central Kolkata who can help secure confirmed Tatkal tickets? Also, what are the usual service charges for Tatkal bookings through authorized agents? Appreciate any quick leads or advice. Thanks!",,image,16,,19,https://www.reddit.com/r/kolkata/comments/1vw31ds/need_trusted_irctc_agent_for_netaji_express/,,,,,,,False,False,470957,0,25,2026-08-27T08:41:44.885Z,raw/kolkata/2026-08/posts.jsonl#L892
kolkata,t3_1vw383y,2026-08-23T10:04:50.337Z,Dimension_distractor,Rate this 1-10 (Monster Edition),,,image,0,,30,https://www.reddit.com/r/kolkata/comments/1vw383y/rate_this_110_monster_edition/,,,,,,,False,False,470956,0,26,2026-08-27T08:38:53.027Z,raw/kolkata/2026-08/posts.jsonl#L563
kolkata,t3_1vw3asa,2026-08-23T10:09:15.037Z,The-Mastermind-,Always remember the genocide of the ethnic minorities committed by Stalin,,,image,16,,20,https://www.reddit.com/r/kolkata/comments/1vw3asa/always_remember_the_genocide_of_the_ethnic/,,,,,,,False,False,470957,0,24,2026-08-27T08:41:31.045Z,raw/kolkata/2026-08/posts.jsonl#L890
kolkata,t3_1vw3c0u,2026-08-23T10:11:21.549Z,Fun_Sock3156,Does chillis acropolis mall run bogo offer or any kind of offer every tuesdsy ?,Same as title,,text,1,,0,https://www.reddit.com/r/kolkata/comments/1vw3c0u/does_chillis_acropolis_mall_run_bogo_offer_or_any/,,,,,,,False,False,470956,0,26,2026-08-27T08:38:52.660Z,raw/kolkata/2026-08/posts.jsonl#L561
kolkata,t3_1vw3fpc,2026-08-23T10:17:18.168Z,Final-Distribution-8,I think i will never get bored of this! Guess the dish ?,,,image,31,,21,https://www.reddit.com/r/kolkata/comments/1vw3fpc/i_think_i_will_never_get_bored_of_this_guess_the/,,,,,,,False,False,470956,0,26,2026-08-27T08:38:13.071Z,raw/kolkata/2026-08/posts.jsonl#L453
kolkata,t3_1vw3h0k,2026-08-23T10:19:18.634Z,throwaway2023011010,What opinion Kolkata has of Umar khalid,"I feel if he has done something wrong, get him to trial and get it done with. Other than his opinions are pretty valid and to the point. Read more",,link,0,,22,https://www.reddit.com/r/kolkata/comments/1vw3h0k/what_opinion_kolkata_has_of_umar_khalid/,https://x.com/Gabbar0099/status/2091175686308507796,x.com,,,,,False,False,470956,0,26,2026-08-27T08:39:22.851Z,raw/kolkata/2026-08/posts.jsonl#L633
kolkata,t3_1vw3jx2,2026-08-23T10:23:57.713Z,Inevitable-Common-31,Moving to Kolkata from Kerala,"Hey everyone! 25F from Kerala and will be moving to Kolkata soon for work, most likely around New Town. I’ve never been to West Bengal before, so I’m looking for some local advice. Mainly: - Where’s a good place to stay, preferably in a shared flat? - Is New Town a good area to live in, or should I stay elsewhere and commute? - Which areas should I avoid? - What’s a reasonable rent for a room? - Best way to get around the city? - Must-try food/places/things to do? - Any common mistakes or things a newcomer should know? Would appreciate any advice from locals, especially about things you wish you knew before moving here. Thanks! Read more",,text,2,,8,https://www.reddit.com/r/kolkata/comments/1vw3jx2/moving_to_kolkata_from_kerala/,,,,,,,False,False,470956,0,26,2026-08-27T08:38:45.217Z,raw/kolkata/2026-08/posts.jsonl#L522
kolkata,t3_1vw3k22,2026-08-23T10:24:09.731Z,ISTEYAKKK,Do you guys have a business or are you planning to start one?,"Just curious—do any of you guys already run a business, have a side hustle, or are planning to start something soon? Also, how old are you? 👀 Would be interesting to see how many people are thinking about business at a young age and what kind of businesses you’re interested in. Read more",,text,1,,13,https://www.reddit.com/r/kolkata/comments/1vw3k22/do_you_guys_have_a_business_or_are_you_planning/,,,,,,,False,False,470956,0,26,2026-08-27T08:38:32.925Z,raw/kolkata/2026-08/posts.jsonl#L500
kolkata,t3_1vw3ml0,2026-08-23T10:28:09.057Z,theunluckydeku,CAT Prep | Buddy Needed,Hi So I am preparing for CAT (shitty right now) I need a buddy to help prepare In or around rishra if it's offline or online peeps work too Procrastinate a lot .... Read more,,text,2,,6,https://www.reddit.com/r/kolkata/comments/1vw3ml0/cat_prep_buddy_needed/,,,,,,,False,False,470956,0,26,2026-08-27T08:38:30.045Z,raw/kolkata/2026-08/posts.jsonl#L494
kolkata,t3_1vw3ndy,2026-08-23T10:29:25.408Z,Few-Language-4126,"Anyone up for being friends? I’m an 18yr old guy, pretty introverted and not bold 😭 Just looking for some chill people to talk to and be friends with",Getting so bored.i am 18 years old college introvert guy. Always study and work. It is getting hard Always do that same shi💔. the durga puja is coming. Still single since 3 years. Please guys don't tell me go to tinder or something 😭. We will get only hoes there. I need some good real funny friends. If anyone here. Don't forget to dm me. 🫠 Read more,,text,0,,12,https://www.reddit.com/r/kolkata/comments/1vw3ndy/anyone_up_for_being_friends_im_an_18yr_old_guy/,,,,,,,False,False,470957,0,26,2026-08-27T08:40:06.526Z,raw/kolkata/2026-08/posts.jsonl#L761
kolkata,t3_1vw3u0c,2026-08-23T10:39:53.589Z,Top-Masterpiece7299,At saltlake stadium,Karor kache extra mohanbagan er 2 to tickets pawa jabe 😭😭😭😭😭.,,text,4,,0,https://www.reddit.com/r/kolkata/comments/1vw3u0c/at_saltlake_stadium/,,,,,,,False,False,470956,0,26,2026-08-27T08:38:29.514Z,raw/kolkata/2026-08/posts.jsonl#L490
kolkata,t3_1vw3u8h,2026-08-23T10:40:12.869Z,GoodNobody4597,Finally brought maa from Kolkata to Hyderabad 😭,"Might be a very small thing for most people, but I come from a pretty humble background so this genuinely feels like a big achievement for me 😭 Moved to Hyderabad for work and finally got to bring maa here from Kolkata. Taking her around, showing her where I work/live and being able to spend on her with my own money just hits different man :') Idk just wanted to share this somewhere 😭 Also fellow Kolkata people in Hyd, drop some places I should take her to pls 🙏",,text,89,,50,https://www.reddit.com/r/kolkata/comments/1vw3u8h/finally_brought_maa_from_kolkata_to_hyderabad/,,,,,,,False,False,470957,0,26,2026-08-27T08:39:10.322Z,raw/kolkata/2026-08/posts.jsonl#L608
kolkata,t3_1vw3xcx,2026-08-23T10:44:58.674Z,ImportanceEnough5392,আজ এই বইটা শেষ করলাম- অবশেষে যবনিকা পতন,"Share your experience if you have read about Byomkesh, Feluda or any other bengali detective character. Recommend me too-- Read more",,image,28,,16,https://www.reddit.com/r/kolkata/comments/1vw3xcx/%E0%A6%86%E0%A6%9C_%E0%A6%8F%E0%A6%87_%E0%A6%AC%E0%A6%87%E0%A6%9F_%E0%A6%B6%E0%A6%B7_%E0%A6%95%E0%A6%B0%E0%A6%B2%E0%A6%AE_%E0%A6%85%E0%A6%AC%E0%A6%B6%E0%A6%B7_%E0%A6%AF%E0%A6%AC%E0%A6%A8%E0%A6%95_%E0%A6%AA%E0%A6%A4%E0%A6%A8/,,,,,,,False,False,470956,0,0,2026-08-27T08:38:21.777Z,raw/kolkata/2026-08/posts.jsonl#L478
kolkata,t3_1vw42ze,2026-08-23T10:53:23.668Z,blueberry19_,College doubt?,Which one will be better for BA(Hons) Psychology? Loreto College Kolkata or Bethune College? Please tell me they do not hinder chances of going abroad later for masters and beyond🥀 everyone is already preparing for colleges and I'm just meh A good academics and good student life?,,text,2,,4,https://www.reddit.com/r/kolkata/comments/1vw42ze/college_doubt/,,,,,,,False,False,470956,0,26,2026-08-27T08:39:08.311Z,raw/kolkata/2026-08/posts.jsonl#L592
kolkata,t3_1vw4sk7,2026-08-23T11:31:15.172Z,Financial-Yak1654,Ilish Fish,Is llish fish overrated?,,text,0,,8,https://www.reddit.com/r/kolkata/comments/1vw4sk7/ilish_fish/,,,,,,,False,False,470956,0,26,2026-08-27T08:38:56.715Z,raw/kolkata/2026-08/posts.jsonl#L571
kolkata,t3_1vw50il,2026-08-23T11:43:12.622Z,Lavender_Lotika,Op made sunday lunch while watching a film✨,"Also, again I made chicken with whatever I found in kitchen. And a must watch flim. Read more",,image,22,,5,https://www.reddit.com/r/kolkata/comments/1vw50il/op_made_sunday_lunch_while_watching_a_film/,,,,,,,False,False,470956,0,26,2026-08-27T08:38:01.821Z,raw/kolkata/2026-08/posts.jsonl#L419
kolkata,t3_1vw53mk,2026-08-23T11:47:48.718Z,Advayah,URGENT. Guidence needed regarding Group-D government job in Nabanna.,"Hey everyone! I really want you guys to answer this, as it is a very tough decision for me. I have no-one to guide me. So, I’m currently in 2nd year of my UG degree through distance learning, and I’m also preparing for competitive exams alongside my studies. Now, I have received an offer for a Group D government job at Nabanna (the WB Government Secretariat). Should I accept the offer and continue my studies alongside the job? I’d really appreciate if you could share the realities of working in such Group-D posts, along with any other relevant factors I should consider. For context, Nabanna is around 10 km from my home. So, am I being unrealistic in thinking that I can comfortably manage the job alongside my studies? Also, my elder brother recently passed away. He was the main breadwinner of our family. My father is also employed, but his income isn’t enough to comfortably support the entire family. Given the circumstances, what would you suggest I do? Do share your opinions.",,text,4,,7,https://www.reddit.com/r/kolkata/comments/1vw53mk/urgent_guidence_needed_regarding_groupd/,,,,,,,False,False,470956,0,26,2026-08-27T08:38:42.472Z,raw/kolkata/2026-08/posts.jsonl#L518
kolkata,t3_1vw5alx,2026-08-23T11:58:16.962Z,Tall_Dig_3524,Bangla band music recommendations,"Hey! I am a Bengali, born and brought up in another city/state. I’ve listened to only a handful of Bangla music growing up with my parents. Looking for recommendations of good Bangla albums or artists. I am aware of fossils and I’ve listened to few of their albums back in the day on cassettes (Asha Audio). Thanks! Leer más",,text,5,,13,https://www.reddit.com/r/kolkata/comments/1vw5alx/bangla_band_music_recommendations/,,,,,,,False,False,470957,0,26,2026-08-27T08:39:26.458Z,raw/kolkata/2026-08/posts.jsonl#L647
kolkata,t3_1vw5av2,2026-08-23T11:58:38.256Z,gravity_fleshlight,Gauahar Khan: 'বগল পেলেই শুঁকতে শুরু করে দেয়!' স্বামী জায়েদের কোন গোপন অভ্যাসের কথা ফাঁস করলেন গওহর খান?,What the hell type of news are tv9 bangla reporting on?? 😂😂,,link,7,,21,https://www.reddit.com/r/kolkata/comments/1vw5av2/gauahar_khan_%E0%A6%AC%E0%A6%97%E0%A6%B2_%E0%A6%AA%E0%A6%B2%E0%A6%87_%E0%A6%B6%E0%A6%95%E0%A6%A4_%E0%A6%B6%E0%A6%B0_%E0%A6%95%E0%A6%B0_%E0%A6%A6%E0%A6%AF_%E0%A6%B8%E0%A6%AC%E0%A6%AE_%E0%A6%9C%E0%A6%AF%E0%A6%A6%E0%A6%B0_%E0%A6%95%E0%A6%A8_%E0%A6%97%E0%A6%AA%E0%A6%A8/,https://tv9bangla.com/entertainment/gauahar-khan-reveals-zaid-darbar-underarm-fetish-age-gap-marriage-bengali-1340638.html?fbclid=IwdGRjcAT3vvpjbGNrBPe-33Bkb2YBZXh0bgNhZW0CMTEAc3J0YwZhcHBfaWQMMzUwNjg1NTMxNzI4AAEe3AA5RnKhs1dwbibFBijprOgVL5DvDgreJhkWcm9PwoAlVR6Re6y8omb7nTU_aem_dK5uWLu9yhRYvyvJjRB9rg&utm_id=97758_v0_s00_e0_tv1_a1demo0e54r8g8,tv9bangla.com,,,,,False,False,470956,0,26,2026-08-27T08:38:12.959Z,raw/kolkata/2026-08/posts.jsonl#L452
kolkata,t3_1vw5l2a,2026-08-23T12:12:13.512Z,Glad_Scar_8726,Onam sadya / celebration,"Hello guys, I am a mallu from Thrissur, Kerala residing in Newtown , Kolkata. Looking forward to get details regarding onam celebrations in or around Newtown area. Also onam sadya providers like as in association programs, hotels/restaurants etc.",,text,2,,1,https://www.reddit.com/r/kolkata/comments/1vw5l2a/onam_sadya_celebration/,,,,,,,False,False,470957,0,26,2026-08-27T08:42:57.315Z,raw/kolkata/2026-08/posts.jsonl#L931
kolkata,t3_1vw5q21,2026-08-23T12:19:00.662Z,Radiant_Raccoon_7947,JOY East Bengal ❤️💛,Today's Hat-trick hero ❤️💛 Read more,,image,129,,9,https://www.reddit.com/r/kolkata/comments/1vw5q21/joy_east_bengal/,,,,,,,False,False,470956,0,26,2026-08-27T08:37:54.135Z,raw/kolkata/2026-08/posts.jsonl#L405
kolkata,t3_1vw5w4s,2026-08-23T12:27:19.596Z,Nilesh_69_,Valo lage? Lagate hobe 😝,,,image,133,,19,https://www.reddit.com/r/kolkata/comments/1vw5w4s/valo_lage_lagate_hobe/,,,,,,,False,False,470956,0,25,2026-08-27T08:37:43.441Z,raw/kolkata/2026-08/posts.jsonl#L376
kolkata,t3_1vw5wh8,2026-08-23T12:27:47.812Z,ben10alienx,Onekdin por 🙃🫠,"Side o ota extra gravy, kono dal na 🥲🤧",,image,6,,0,https://www.reddit.com/r/kolkata/comments/1vw5wh8/onekdin_por/,,,,,,,False,False,470956,0,26,2026-08-27T08:38:21.063Z,raw/kolkata/2026-08/posts.jsonl#L472
kolkata,t3_1vw5ztc,2026-08-23T12:32:21.069Z,TritiyaPandav,Who will have the last laugh ? Durand Derby Final.,,,image,9,,2,https://www.reddit.com/r/kolkata/comments/1vw5ztc/who_will_have_the_last_laugh_durand_derby_final/,,,,,,,False,False,470956,0,26,2026-08-27T08:37:54.139Z,raw/kolkata/2026-08/posts.jsonl#L407
kolkata,t3_1vw60ti,2026-08-23T12:33:41.806Z,dntdeservelove,Cheap and fun bars in kolkata,"The title is self explanatory, I have only shifted to kolkata since the last two years despite being a bangali by birth(lol) I need some recommendations for good bars or pubs or clubs here, which don't have a huge pocket pinch but are also fun, having a dance floor adds points but isn't essential, another thing is i will have to visit during the afternoon (strict family🥲) and get out by 5pm, but I heard bars are mostly empty in afternoons so I am looking for a bar which has at least a little crowd, happy hour deals highly appreciated, anyone who has any recs pls help out this fellow bangali🙏🏻💅🏻 Read more",,text,4,,12,https://www.reddit.com/r/kolkata/comments/1vw60ti/cheap_and_fun_bars_in_kolkata/,,,,,,,False,False,470956,0,26,2026-08-27T08:38:20.060Z,raw/kolkata/2026-08/posts.jsonl#L464
kolkata,t3_1vw6isb,2026-08-23T12:57:15.204Z,Euthanasia1111,What do you think??,Isn't it catastrophic?,,video,50,,51,https://www.reddit.com/r/kolkata/comments/1vw6isb/what_do_you_think/,,,,,,,False,False,470956,0,26,2026-08-27T08:38:21.778Z,raw/kolkata/2026-08/posts.jsonl#L480
kolkata,t3_1vw6mh9,2026-08-23T13:01:38.454Z,duskycharmer,Glassware shop recommendations,Best glassware shops in kolkata? Read more,,text,1,,0,https://www.reddit.com/r/kolkata/comments/1vw6mh9/glassware_shop_recommendations/,,,,,,,False,False,470956,0,26,2026-08-27T08:38:46.678Z,raw/kolkata/2026-08/posts.jsonl#L533
kolkata,t3_1vw6rfu,2026-08-23T13:07:41.594Z,Safe-Rise-4790,গরীবী হঠাও,Oori Read more,,video,33,,17,https://www.reddit.com/r/kolkata/comments/1vw6rfu/%E0%A6%97%E0%A6%B0%E0%A6%AC_%E0%A6%B9%E0%A6%A0%E0%A6%93/,,,,,,,False,False,470956,0,26,2026-08-27T08:38:07.279Z,raw/kolkata/2026-08/posts.jsonl#L431
kolkata,t3_1vw6vwa,2026-08-23T13:13:30.235Z,BangaliBabu01,Anyone on Discord - Groups or People?,boy_in_the_box_1 Read more,,link,1,,3,https://www.reddit.com/r/kolkata/comments/1vw6vwa/anyone_on_discord_groups_or_people/,https://discord.gg/mTwN4qNs,discord.gg,,,,,False,False,470956,0,26,2026-08-27T08:39:22.698Z,raw/kolkata/2026-08/posts.jsonl#L630
kolkata,t3_1vw6xk9,2026-08-23T13:15:32.876Z,WrongdoerAdept3985,10 Underrated Bengali Songs from ‘Epar Bangla’ & ‘Opar Bangla’ - Pt. II,"Here’s another list of 10 Bengali songs that deserve more love. For Part II, I’ve included songs that are more on the heavier side. Dhongsho Romonthon - Fossils [An in-and-out metal song from them. Not everyone will like this one, but metalheads would love it.] 2. Hariye Jabar Poth - Kripa [A metal band from our city. Not many people know about them. The vocalist and guitarist of the band is an ex-Prithibi member.] 3. Kobi Dao Kobita Hobo - Cactus [This is from their heaviest album, ‘Tuccho’. This one is hard-hitting, tight, and packs a punch.] 4. Jehad - Prithibi [Not your typical Bangla rock song. It has a story, punchy bass, and the music production on this is very good.] 5. Tomake Chai - Delete [Delete was a band from our city. They rose to the spotlight during the “বাংলা রক্ ম্যাগাজিন” era. They had a few heavy songs, and this is one of them. The drummer was insane (I know him personally).] 6. Otripto Pran - Vibe [Ive talked about Vibe in my previous post. This song is heavy, and the lyrics feel like ‘মহাকাব্য’ on this one.] 7. Mritoder Andhokup - Atmahatya [A Bengali death metal song from a death metal band from Calcutta.] 8. Mitthyer Agrashon - Powersurge [Powersurge is a well-known thrash metal band from Opar Bangla. Their instrumentation is a masterclass.] 9. Padabi - Lakkhichchara [A full-on Bangla metal song from our beloved band.] 10. Palao - Fossils [This is a Bangla punk rock song. Very few punk songs have been made in Calcutta, and this is definitely one of the best.] Here's the updated Spotify playlist for y'all :) Done & dusted - Part II. This time, I made the list for all the heavy listeners. If non-metalheads want to discover some heavy Bangla songs, this list is for you. Here's a link to the part I",,text,7,,12,https://www.reddit.com/r/kolkata/comments/1vw6xk9/10_underrated_bengali_songs_from_epar_bangla_opar/,,,,,,,False,False,470957,0,26,2026-08-27T08:40:07.956Z,raw/kolkata/2026-08/posts.jsonl#L763
kolkata,t3_1vw6yyf,2026-08-23T13:17:13.242Z,CharacterBit5048,দুধ ( কবিতা),"মায়ের স্তন উথলে ওঠে সুধায় রাস্তা জুড়ে মানুষ হাঁটে ক্ষুধায় চাদর পাতে, উনুন জ্বালায় আর শুকনো হাতে ফোটাচ্ছে সংসার ""তোর কেউ নেই? প্রেমিক কিম্বা বর? এই মেয়ে তোর কিসের এত ধক্ চালচুলো নেই, আস্তানা নেই, ঘর, তবুও দেখ বাচ্চা নেবার শখ! "" বাগান গোছায় রাষ্ট্রবাদী কোদাল বৃষ্টি নামলে মাটির গন্ধ সোঁদা কেন্নো, কেঁচো পিষেই মেরে আজ চকচকে হোক তোমার ফুটপাত তবুও বাঁচে পয়স্বিনী মা শক্ত করে আঁকড়ে রাখে সদ্যজাতের হাত... Picture credit, Mali's from facebook Read more",,image,22,,2,https://www.reddit.com/r/kolkata/comments/1vw6yyf/%E0%A6%A6%E0%A6%A7_%E0%A6%95%E0%A6%AC%E0%A6%A4/,,,,,,,False,False,470956,0,26,2026-08-27T08:38:02.834Z,raw/kolkata/2026-08/posts.jsonl#L421
kolkata,t3_1vw71xo,2026-08-23T13:20:54.786Z,IzumiCypherX,OP made cookies for the first time!! Would make again :),"First in my bloodline to make handmade cookies lol. So I made these Brown Butter Dark Chocolate Cookies this Saturday 😀 I followed various recipes from YouTube and made my own! Had no stand mixer, so make sure to not skip arm day in that case 10/10 would try again. Keu recipe taa chaile comment e likhe dio 🍪 [edit: added recipe in comments] Read more",,image,43,,16,https://www.reddit.com/r/kolkata/comments/1vw71xo/op_made_cookies_for_the_first_time_would_make/,,,,,,,False,False,470956,0,26,2026-08-27T08:38:04.199Z,raw/kolkata/2026-08/posts.jsonl#L425
kolkata,t3_1vw7byw,2026-08-23T13:33:01.324Z,Ill_Confidence_3248,Amader Hridoy 💛 Rokto ❤️,Joy East Bengal Read more,,text,4,,1,https://www.reddit.com/r/kolkata/comments/1vw7byw/amader_hridoy_rokto/,,,,,,,False,False,470956,0,16,2026-08-27T08:38:21.060Z,raw/kolkata/2026-08/posts.jsonl#L471
kolkata,t3_1vw7c5b,2026-08-23T13:33:14.274Z,danyonff,Anyone up for a random evening hangout?,"Hey, this might be a little random lol. I've been feeling lonely and like going out lately — nothing fancy, just getting some ice cream, walking around, grabbing a coffee or something and heading back home. But the problem is I don't really have anyone to make random plans with at the moment cause I am new here😭 So I thought, why not ask here. I'm 24M, and I'd be happy to meet someone around my age who's also looking for some company. Doesn't have to be some big plan — even a 1-2 hour walk and ice cream would be nice. If you're from Kolkata, new garia side and feel like doing something similarly random sometime, feel free to DM me. We can chat a bit first and see if we vibe. No pressure, no weird expectations. Just trying to get out of the house and meet some nice people :) Read more",,text,2,,6,https://www.reddit.com/r/kolkata/comments/1vw7c5b/anyone_up_for_a_random_evening_hangout/,,,,,,,False,False,470956,0,26,2026-08-27T08:38:35.192Z,raw/kolkata/2026-08/posts.jsonl#L503
kolkata,t3_1vw7jqr,2026-08-23T13:42:23.848Z,boujee_bishh,Group-D government job in Nabanna.,"IMPORTANT! (Posting this on behalf of someone else, as they have low karma.) Hey everyone! I really want you guys to answer this, as it is a very tough decision for me! I have no-one to guide me. So, I’m currently in my 2nd year of my UG degree through distance learning, and I’m also preparing for competitive exams alongside my studies. Now, I have received an offer for a Group D government job at Nabanna (the WB Government Secretariat). Should I accept the offer and continue my studies and competitive-exam preparation alongside the job? I’d really appreciate it if you could share the realities of working in such Group D government posts, along with any other relevant factors I should consider. For context, Nabanna is around 10 km from my home. So, am I being unrealistic in thinking that I can comfortably manage the job alongside my studies? Also, my elder brother recently passed away. He was the main breadwinner of our family. My father is also employed, but his income isn’t enough to comfortably support the entire family. Given the circumstances, what would you suggest I do? Please, help me out. Thank you! Read more",,text,2,,5,https://www.reddit.com/r/kolkata/comments/1vw7jqr/groupd_government_job_in_nabanna/,,,,,,,False,False,470956,0,26,2026-08-27T08:38:57.137Z,raw/kolkata/2026-08/posts.jsonl#L573
kolkata,t3_1vw8839,2026-08-23T14:10:47.728Z,Temporary-Sale2160,How much would you pay for this 🤔,. Read more,,image,3,,14,https://www.reddit.com/r/kolkata/comments/1vw8839/how_much_would_you_pay_for_this/,,,,,,,False,False,470956,0,26,2026-08-27T08:38:20.900Z,raw/kolkata/2026-08/posts.jsonl#L470
kolkata,t3_1vw88yg,2026-08-23T14:11:51.807Z,a2zheavengaming,Will i get hostel? Barasat medical college,"West bengal mbbs seniors, please help, Will i get hostel in Barasat government medical college? ​​My house is 57km away from the college and my family income is very low and i cannot afford a pg so knowing this will really help me fill choices during counselling and if yes/no, when will get to know whether i will get hostel or not? will i have time to upgrade clg in case i dont get hostel?",,image,7,,15,https://www.reddit.com/r/kolkata/comments/1vw88yg/will_i_get_hostel_barasat_medical_college/,,,,,,,False,False,470956,0,25,2026-08-27T08:37:53.914Z,raw/kolkata/2026-08/posts.jsonl#L400
kolkata,t3_1vw8a8b,2026-08-23T14:13:23.517Z,Good_Neighborhood131,Music Lessons,"Any place offering music lessons after 9pm in Kolkata, preferably near Alipore? Slave of a bank from 9 to 9 😭",,text,1,,2,https://www.reddit.com/r/kolkata/comments/1vw8a8b/music_lessons/,,,,,,,False,False,470956,0,26,2026-08-27T08:38:45.416Z,raw/kolkata/2026-08/posts.jsonl#L524
kolkata,t3_1vw8fjd,2026-08-23T14:19:24.655Z,magur_maacher_lyaja,Dentist has done a nice job,,,video,19,,19,https://www.reddit.com/r/kolkata/comments/1vw8fjd/dentist_has_done_a_nice_job/,,,,,,,False,False,470956,0,26,2026-08-27T08:38:20.827Z,raw/kolkata/2026-08/posts.jsonl#L467
kolkata,t3_1vw8fz2,2026-08-23T14:19:55.248Z,Present-Beyond1328,Some cool stuffs I made 🥀,,,image,142,,48,https://www.reddit.com/r/kolkata/comments/1vw8fz2/some_cool_stuffs_i_made/,,,,,,,False,False,470956,0,26,2026-08-27T08:37:43.061Z,raw/kolkata/2026-08/posts.jsonl#L375
kolkata,t3_1vw8j5y,2026-08-23T14:23:37.368Z,ImportantGarage69,Kolkata metro r bhootera ki sudhu rabindra sarobar ei bondi?😔,Bhoot ra to bibhinno jaygay ghure berate pare! Lokjon tahole je bole ekmatro naki rabindra sarobar stationei bhoot dekhte pawa jay! Majhe modhye to tara onno station e giyeo haana dite pare naki😕 Read more,,image,43,,36,https://www.reddit.com/r/kolkata/comments/1vw8j5y/kolkata_metro_r_bhootera_ki_sudhu_rabindra/,,,,,,,False,False,470956,0,26,2026-08-27T08:38:28.780Z,raw/kolkata/2026-08/posts.jsonl#L487
kolkata,t3_1vw8juv,2026-08-23T14:24:24.617Z,Beautiful-Object-467,Doi puchka or jol puchka,I personally prefer doi puchka. I can easily eat 13-14 pieces in one sitting 😭🤭What about you guys ?,,text,5,,33,https://www.reddit.com/r/kolkata/comments/1vw8juv/doi_puchka_or_jol_puchka/,,,,,,,False,False,470956,0,26,2026-08-27T08:38:01.433Z,raw/kolkata/2026-08/posts.jsonl#L418
kolkata,t3_1vw8pf4,2026-08-23T14:30:42.398Z,the_weeknd_X0,mechanical keyboard buying suggestion,"Can I get a good mechanical keyboard between 1.5k-2k from computer stores in the chandi chowk. Want the Per key rgb keyboards, cosmic byte have some in this 2k range so can I get that from there?",,text,1,,5,https://www.reddit.com/r/kolkata/comments/1vw8pf4/mechanical_keyboard_buying_suggestion/,,,,,,,False,False,470956,0,26,2026-08-27T08:38:52.038Z,raw/kolkata/2026-08/posts.jsonl#L553
kolkata,t3_1vw8sfy,2026-08-23T14:34:03.437Z,Icy-Passenger2186,"Holo nahh, holo nahh 😂❤️💛","ছিলাম, আছি, থাকবো। ❤️💛 Read more",,image,107,,8,https://www.reddit.com/r/kolkata/comments/1vw8sfy/holo_nahh_holo_nahh/,,,,,,,False,False,470956,0,26,2026-08-27T08:37:32.527Z,raw/kolkata/2026-08/posts.jsonl#L363
kolkata,t3_1vw9154,2026-08-23T14:44:10.410Z,Final-Distribution-8,Is this overhyped ?,To me it is. Tried it from Peter cat but didn't like it as much. I don't know what the craze is for tbh.,,image,257,,132,https://www.reddit.com/r/kolkata/comments/1vw9154/is_this_overhyped/,,,,,,,False,False,470956,0,26,2026-08-27T08:37:44.135Z,raw/kolkata/2026-08/posts.jsonl#L379
kolkata,t3_1vw924o,2026-08-23T14:45:16.792Z,JazzlikeWinter7676,Kittens up for adoption,"i have got 3 kittens id like to give up for adoption, location near South Kolkata. please let me know if anybody is interested. 2 of them are female and one is unknown.",,text,1,,1,https://www.reddit.com/r/kolkata/comments/1vw924o/kittens_up_for_adoption/,,,,,,,False,False,470956,0,26,2026-08-27T08:39:10.108Z,raw/kolkata/2026-08/posts.jsonl#L599
kolkata,t3_1vw9377,2026-08-23T14:46:29.013Z,Calm-Caterpillar9017,Everyday we see new things :),,,image,40,,25,https://www.reddit.com/r/kolkata/comments/1vw9377/everyday_we_see_new_things/,,,,,,,False,False,470956,0,26,2026-08-27T08:37:54.063Z,raw/kolkata/2026-08/posts.jsonl#L404
kolkata,t3_1vw9ail,2026-08-23T14:54:42.312Z,Bawhoman,Investment of Rs 3500 crore inaugurated by Rajnath Singh in West Bengal,,,image,82,,63,https://www.reddit.com/r/kolkata/comments/1vw9ail/investment_of_rs_3500_crore_inaugurated_by/,,,,,,,False,False,470956,0,26,2026-08-27T08:37:30.729Z,raw/kolkata/2026-08/posts.jsonl#L351
kolkata,t3_1vw9faq,2026-08-23T15:00:00.057Z,Prantik2021,How to find pg near jadavpur university.,"Got admission in ju mtech, plz suggest how to find an affordable single shearing pg near ju campus",,text,1,,0,https://www.reddit.com/r/kolkata/comments/1vw9faq/how_to_find_pg_near_jadavpur_university/,,,,,,,False,False,470957,0,26,2026-08-27T08:39:10.551Z,raw/kolkata/2026-08/posts.jsonl#L610
kolkata,t3_1vw9j7k,2026-08-23T15:03:51.959Z,Kooky_Ad_5082,Looking for places to buy a second hand phone,"Like the title says I'm planning to buy a phone however due to the ram prices I'm thinking of getting a second hand phone as that will be much better. Considering devices like Poco F7, X7 pro, oppo K13 turbo. Basically a kind of flagship killer in an affordable range. I live near park street. Don't say chandni market as from what I know they change the inner components of the phone. Read more",,text,0,,3,https://www.reddit.com/r/kolkata/comments/1vw9j7k/looking_for_places_to_buy_a_second_hand_phone/,,,,,,,False,False,470956,0,25,2026-08-27T08:38:29.688Z,raw/kolkata/2026-08/posts.jsonl#L491
kolkata,t3_1vw9p8f,2026-08-23T15:10:22.855Z,mewvow,Good gastroenterologist in Kolkata,"Anyone has any recommendation for good gastroenterologist in Kolkata who listens to the patient, doesn't dismiss concerns, and takes patients seriously. Have been suffering since 2021. At this point, I just want a diagnosis. That's all I ask. Please help",,text,0,,6,https://www.reddit.com/r/kolkata/comments/1vw9p8f/good_gastroenterologist_in_kolkata/,,,,,,,False,False,470956,0,26,2026-08-27T08:38:45.941Z,raw/kolkata/2026-08/posts.jsonl#L527
kolkata,t3_1vw9zlh,2026-08-23T15:21:43.371Z,Wide_Open_Librar,It was about on Friday - 'late post',"Thank you for the lovely little meetup, my new friend from Reddit. It was genuinely fun meeting someone with a similar level of insanity. The food recommendations were on point and those conversations about a bunch of random stuff were funny af. Thanks again for making time for this short meetup. Hopefully this is just the first of many more such meetups in the future. 🤞🏻 PS - she clicks good pictures (even this one is clicked by her) Read more",,image,8,,7,https://www.reddit.com/r/kolkata/comments/1vw9zlh/it_was_about_on_friday_late_post/,,,,,,,False,False,470956,0,26,2026-08-27T08:38:09.832Z,raw/kolkata/2026-08/posts.jsonl#L443
kolkata,t3_1vwa5h8,2026-08-23T15:28:05.293Z,mighty-eagle2005,Isn't the sky pretty?,"Photo of Sky near Merlin Shalimar, Howrah",,image,3,,1,https://www.reddit.com/r/kolkata/comments/1vwa5h8/isnt_the_sky_pretty/,,,,,,,False,False,470956,0,26,2026-08-27T08:38:45.414Z,raw/kolkata/2026-08/posts.jsonl#L523
kolkata,t3_1vwaag9,2026-08-23T15:33:23.510Z,Hikarizasureiya,চা চিনি দুধে,,,video,56,,23,https://www.reddit.com/r/kolkata/comments/1vwaag9/%E0%A6%9A_%E0%A6%9A%E0%A6%A8_%E0%A6%A6%E0%A6%A7/,,,,,,,False,False,470956,0,26,2026-08-27T08:38:12.934Z,raw/kolkata/2026-08/posts.jsonl#L450
kolkata,t3_1vwadmw,2026-08-23T15:36:49.816Z,Difficult-Loan-4981,Need Review!!!,"Anyone here can give review of CA Rajesh Nagalia’s classes in Kolkata? Hey guys, just wanted to ask if anyone here has experience with CA Rajesh Nagalia’s classes. I’m considering joining and wanted to know how the classes actually are from someone who’s been there. How’s his teaching and overall experience? Would love to hear your honest thoughts :) Read more",,image,0,,4,https://www.reddit.com/r/kolkata/comments/1vwadmw/need_review/,,,,,,,False,False,470956,0,26,2026-08-27T08:38:28.782Z,raw/kolkata/2026-08/posts.jsonl#L488
kolkata,t3_1vwas7e,2026-08-23T15:52:47.580Z,Final-Distribution-8,Nothing beats Kolkata roadside chowmein with chilli chicken,This combination hits different. Tried this last month at a random street side shop near park street and damn it was good.,,image,427,,58,https://www.reddit.com/r/kolkata/comments/1vwas7e/nothing_beats_kolkata_roadside_chowmein_with/,,,,,,,False,False,470956,0,26,2026-08-27T08:37:32.125Z,raw/kolkata/2026-08/posts.jsonl#L360
kolkata,t3_1vwasep,2026-08-23T15:53:00.367Z,3310_sumit,কলকাতার ছেলে যখন সিকিমে,এটা SMIT পাশের এটা ওয়াসিস ক্যাফে আছে সেটার উল্টো দিকে থেকে তোলা। Read more,,image,2,,0,https://www.reddit.com/r/kolkata/comments/1vwasep/%E0%A6%95%E0%A6%B2%E0%A6%95%E0%A6%A4%E0%A6%B0_%E0%A6%9B%E0%A6%B2_%E0%A6%AF%E0%A6%96%E0%A6%A8_%E0%A6%B8%E0%A6%95%E0%A6%AE/,,,,,,,False,False,470956,0,26,2026-08-27T08:38:30.645Z,raw/kolkata/2026-08/posts.jsonl#L496
kolkata,t3_1vwau8q,2026-08-23T15:54:59.053Z,Isha_capybara2003,Need Advice,"Okay I have thought about it a lot but idk it's weird to share all this messy stuff . I am a f(22) in a relationship with my bf(23) for 4 years and from the last few months things have turned differently . He had to move to a new place for his MBA and I am happy for him ,he promised me that he is going for us so that we can settle and make our dreams into reality . Now ik ldr is difficult and it makes me cry every time thinking about him cause i miss him a lot , a lot more ..before ldr we used to meet everyday and all and went to our favourite spots and now whenever I came across from those places it reminds me of him which makes me more sad . Btw we never talked properly since the day he went for MBA Now, ik mba people get busy due to work culture and pressure ..he had his exams and i even used to stay awake with him ..after his exams got over I thought now it might be the time for him to call me but due to as time changes priority changes too and one thing I have realized that during my college time I used to call him every single day , not a day even skipped where I didn't call him but when it comes to him he gave away excuses like ""I am busy try to understand "" . Day went by and I tried to understand him but NGL I sometimes get angry at him like what about my feelings ? I am hurt and sad at the same time . I wait for hours and hours and at 2:30 a.m after his party gets over he calls me and that call was never a good call btw this way things got bad . Once I told him to call me when he gets free and I was really feeling low so wanted to talk to him to feel better . That call never came and I waited for him again . Now when I opened up to tell him everything ..he blames me as I talk to him very badly and improperly ..also neither understands him . Which makes me question myself. Am I even worthy enough to him ? Naki 4 bochor ja chilo sob Mitte ? Maybe ami beshi overthink korchi ? This thing is eating me from inside out .",,text,13,,28,https://www.reddit.com/r/kolkata/comments/1vwau8q/need_advice/,,,,,,,False,False,470956,0,26,2026-08-27T08:38:13.611Z,raw/kolkata/2026-08/posts.jsonl#L456
kolkata,t3_1vwauir,2026-08-23T15:55:15.761Z,Massive-Sky6944,এইগুলো বাড়াবাড়ি 😑 ID না‌ থাকলে ঢুকতে দেবে না এতটাও adult scene থাকবে না আশা করি 🤷🏻 (এর থেকে কত adult জিনিষপত্র ID ছাড়া দেখে সবাই 😂),এর আগে Oppenheimer এর সময়ও এরকম লিখেছিলো - গিয়ে দেখি Florence Pugh এর scene টায় ওকে কালো কাপড় দিয়ে ঢেকে দিয়েছে 🤦🏻,,image,6,,21,https://www.reddit.com/r/kolkata/comments/1vwauir/%E0%A6%8F%E0%A6%87%E0%A6%97%E0%A6%B2_%E0%A6%AC%E0%A6%A1%E0%A6%AC%E0%A6%A1_id_%E0%A6%A8_%E0%A6%A5%E0%A6%95%E0%A6%B2_%E0%A6%A2%E0%A6%95%E0%A6%A4_%E0%A6%A6%E0%A6%AC_%E0%A6%A8_%E0%A6%8F%E0%A6%A4%E0%A6%9F%E0%A6%93_adult_scene_%E0%A6%A5%E0%A6%95%E0%A6%AC/,,,,,,,False,False,470957,0,0,2026-08-27T08:40:19.876Z,raw/kolkata/2026-08/posts.jsonl#L793
kolkata,t3_1vwauns,2026-08-23T15:55:23.391Z,SignificantBite87841,Ebare শুনছি,Nobomi r din naki rewaji bikri hbe na Is it true guys?,,text,3,,3,https://www.reddit.com/r/kolkata/comments/1vwauns/ebare_%E0%A6%B6%E0%A6%A8%E0%A6%9B/,,,,,,,False,False,470956,0,26,2026-08-27T08:38:12.810Z,raw/kolkata/2026-08/posts.jsonl#L449
kolkata,t3_1vwb2o8,2026-08-23T16:03:38.443Z,TritiyaPandav,Durand Cup Champions East Bengal Congratulations 👏🎉👏,,,image,27,,0,https://www.reddit.com/r/kolkata/comments/1vwb2o8/durand_cup_champions_east_bengal_congratulations/,,,,,,,False,False,470956,0,26,2026-08-27T08:37:53.835Z,raw/kolkata/2026-08/posts.jsonl#L399
kolkata,t3_1vwbf3l,2026-08-23T16:16:53.889Z,Far-Complaint4980,Guidance regarding flat in Kolkata near sector V,"Hi, I am a 24 years Male, in IT. Can anyone please help me find a budget friendly flat or PG with air conditioning near Saltlake Sector 5? I want to move out from my house.",,text,1,,0,https://www.reddit.com/r/kolkata/comments/1vwbf3l/guidance_regarding_flat_in_kolkata_near_sector_v/,,,,,,,False,False,470956,0,26,2026-08-27T08:39:01.596Z,raw/kolkata/2026-08/posts.jsonl#L581
kolkata,t3_1vwbhab,2026-08-23T16:19:14.500Z,wt_kevin,Anyone up for chat,Just kinda bored after studying so anyone up for chat about anything to pass the time until dinner time,,text,2,,11,https://www.reddit.com/r/kolkata/comments/1vwbhab/anyone_up_for_chat/,,,,,,,False,False,470956,0,26,2026-08-27T08:38:13.190Z,raw/kolkata/2026-08/posts.jsonl#L454
kolkata,t3_1vwbin8,2026-08-23T16:20:33.173Z,viswaguru,"Chini 75 , rice 100 aar petrol 170","Tahole bondhura and bhokto ra bolo ebar E20 diye gari kharap holo, chini er daam barlo , rice o costly holo. Freebies diye govt er khajna khali tax barbe, aar petrol er daam aar kombe na , hote pare aaro barbe balance korar jonno. Edike inflation odike economy aste aste slow hobe , tarpor economic depression cycle suru hoye jabe. Ki hobe ke jane ... Bengali der priyo mishti er daam barle ki korbo amra . Mone hocche jeno sob kichui mismanagement hoyeche 12 bochor dhore , ebar tar fol paowa jacche , bas sudu PR aar horse trading chara kichui hoyni. Ebar mone hocche Annapurna bhandar sobar e neowa uchit, ja jinis er daam barche eto to salary o bare na . Apnader ki mone hoy...",,text,106,,46,https://www.reddit.com/r/kolkata/comments/1vwbin8/chini_75_rice_100_aar_petrol_170/,,,,,,,False,False,470956,0,26,2026-08-27T08:37:18.438Z,raw/kolkata/2026-08/posts.jsonl#L333
kolkata,t3_1vwbpo2,2026-08-23T16:27:54.609Z,BoundbyChoice,Need some FREE advice...,"So basically, I do not come from a BBA/Bcom background. Yet i am looking for jobs in Talent Acquisition/ Human Resource Recruiter/ Human Resource Executive etc domain. I did some certification course from online for HR domain backup er jonno (coz am too broke to afford a professional or diploma degree) Please help me find some internships where I can atleast learn from experienced professionals and kickstart my career. Is HR/TA becoming an incentive based position? Just curious coz recently jekhane jekhane ami gechi interview dite more or else sob jayega te e dekhlam targets dewa. So what's happening I really wanna know. BPO/Customer Support ba eisb experience ki relevant HR/TA position er jonno? Amr kono idea nei so just thought of asking for help in this anonymous platform Read more",,text,1,,16,https://www.reddit.com/r/kolkata/comments/1vwbpo2/need_some_free_advice/,,,,,,,False,False,470956,0,26,2026-08-27T08:38:53.909Z,raw/kolkata/2026-08/posts.jsonl#L566
kolkata,t3_1vwbs3b,2026-08-23T16:30:25.855Z,Top-Cod-5017,A lawyer wants to open a playschool. Can anybody guide me?,"I'm a lawyer and currently working as a corporate lawyer. Tbh I hate this profession, I feel like this profession Isn't meant for me. I need a low pressure career or anything that I genuinely like. I'm thinking of opening a playschool. Can anyone who is already in the business guide me? Is this business profitable? If I start a school in Kolkata how much initial investment is required and how much profit can I expect? Or any other important guiding factor that I should keep in mind? Read more",,text,2,,1,https://www.reddit.com/r/kolkata/comments/1vwbs3b/a_lawyer_wants_to_open_a_playschool_can_anybody/,,,,,,,False,False,470957,0,13,2026-08-27T08:39:57.115Z,raw/kolkata/2026-08/posts.jsonl#L733
kolkata,t3_1vwbwsb,2026-08-23T16:35:24.849Z,iscrappedthe_data,Threatened With Sexual Violence For Asking a Question: A Journalist's Chilling Day Outside Her Own Alma Mater,https://m.thewire.in/women/i-asked-abvp-about-a-molestation-case-they-asked-me-to-meet-them-at-night Leer más,,image,292,,13,https://www.reddit.com/r/kolkata/comments/1vwbwsb/threatened_with_sexual_violence_for_asking_a/,,,,,,,False,False,470956,0,25,2026-08-27T08:38:28.379Z,raw/kolkata/2026-08/posts.jsonl#L485
kolkata,t3_1vwc29i,2026-08-23T16:41:10.597Z,Upbeat_Sand9010,Any SXC Seniors?,"What do they ask in Enactus Interviews, is it a good soc?",,text,1,,0,https://www.reddit.com/r/kolkata/comments/1vwc29i/any_sxc_seniors/,,,,,,,False,False,470956,0,26,2026-08-27T08:38:38.651Z,raw/kolkata/2026-08/posts.jsonl#L509
kolkata,t3_1vwc98q,2026-08-23T16:48:42.394Z,Hozierisking,How to get get shada norom luchi instead of the brown type?,"Okay so I remember eating ekdum shada very soft luchi from my friends' tiffin boxes. Whereas at my home I would always get the brown semi soft semi korkore type luchi, even when it was cooked by the rannar pishi. When I used to ask my dad he used to tell me they added more moyom (Idk the spelling) and he won't make it like that because he doesnt like it. First 2 pictures are the type I want and the next 2 are the type I usually get at home. Do yall have any tips to get the white kind of luchi? Edit: we make it using only maida at home. Read more",,image,252,,46,https://www.reddit.com/r/kolkata/comments/1vwc98q/how_to_get_get_shada_norom_luchi_instead_of_the/,,,,,,,False,False,470956,0,26,2026-08-27T08:37:32.919Z,raw/kolkata/2026-08/posts.jsonl#L366
kolkata,t3_1vwccj6,2026-08-23T16:52:26.407Z,Necrotic_tissue49,Drop your favs,Apnader bhalo laga r kichu actually darun darun Sunday suspense suggest korun,,text,1,,7,https://www.reddit.com/r/kolkata/comments/1vwccj6/drop_your_favs/,,,,,,,False,False,470956,0,26,2026-08-27T08:38:49.981Z,raw/kolkata/2026-08/posts.jsonl#L546
kolkata,t3_1vwchyb,2026-08-23T16:58:22.430Z,bong_ebong_young,Where are my fellow middle-class Bongs shopping for Pujo? 🛍️,"My fellow Bongs, Pujo is just around the corner, and the shopping fever is officially upon us! 😄 I was curious as to where are you all shopping for your Pujo clothes this year? I've been browsing places like Shoppers Stop, Pantaloons, etc., and honestly, some of the prices seem a little too steep for my humble moddhobitto Bong wallet. And yes, I know, I know - before someone says it: they're businesses, they have operating costs, they need to make a profit, and nobody is forcing me to shop there. I completely get that 😅. But I'm wondering if there are any reasonably priced alternatives where one can get good-quality clothes without burning a hole in the pocket. I'm not looking for dirt-cheap options - just something that offers decent value for money. One small requirement: AC is highly preferred, since my dear parents will be joining me, and I'd rather not make them shop in Kolkatar famous pyachpyache gorom 🔥. So, fellow moddhobitto Bongs, where do you shop for Pujo? Please share your favourite stores/markets and, if possible, the approximate price range. Help a fellow Bong survive Pujo shopping without declaring bankruptcy 😭.",,text,14,,41,https://www.reddit.com/r/kolkata/comments/1vwchyb/where_are_my_fellow_middleclass_bongs_shopping/,,,,,,,False,False,470956,0,25,2026-08-27T08:38:12.704Z,raw/kolkata/2026-08/posts.jsonl#L448
kolkata,t3_1vwd0nx,2026-08-23T17:18:01.981Z,Hikarizasureiya,Joy East Bengal ❤️💛,,,image,180,,4,https://www.reddit.com/r/kolkata/comments/1vwd0nx/joy_east_bengal/,,,,,,,False,False,470956,0,26,2026-08-27T08:37:34.470Z,raw/kolkata/2026-08/posts.jsonl#L367
kolkata,t3_1vwd1au,2026-08-23T17:18:42.977Z,CautiousParking2639,View of an outsider on Bengal's current politically charged environment.,"First of all, for the love of KOLKATA, I'd like to bring this couplet of ghalib to light ""Kalkatte ka jo zikr kiya tu ne ham-nashin, / Ek teer mere seene mein mara ke haye haye."" He lived in kolkata for one and a half year and it stayed with him so much that he also said """"By God, were I not bound by the chains of family, and had I no regard for the honor and care of my wife and children, I would have freed myself completely and moved there. And for as long as I lived, I would have resided in that paradise of a city—and died right there."" He loved it here for its intellectuals and culture and no one knows how good I feel thinking about ghalib living it up here in kolkata with good conversations and fine wine. Anyway, believe it or not, but I've actually also moved from Delhi to kolkata just last month and it's been a dream to live here ever since I visited kolkata a few times during my stay in kharagpur during 2012-2017. Mein soch rha tha ki kuch kahun ya na kahun, jo mein mehsoos karta hun, lekin maine faisla liya h ki mein keh hi deta hun, mujhe lgta h bjp bengal mein aayi h cheating se aur unko lgta h woh jeet gae hain, lekin mera bharosa jo h bengal ke logon pe woh kehta h ki bjp aayi nahin h balki apne karmon ke phal ki wajah se aisi zameen(west bengal) pe laayi gai h jiski mitti se bahut badi taadad (large numbers) mein aise mahaan logon(scientists, intellects, philosophers, poets, revolutionaries) ne janm liya h, ki mujhe nahin lgta ki bjp ki choti aur gandi ideology wale log yahan apne mann ki sarkar bina kisi virodh ke chala payange. To iska matlb yeh hua ki sarkar chalaane nahin aaye, balki bengal mein qudrat(nature or universe) inko girane ke liye laayi h. (law of karma) Rashtra kavi Ramdhari Singh Dinkar kehte hain ""जब नाश मनुज पर छाता है, पहले विवेक मर जाता है।"" (vivek - sahi galat ki pehchaan) yahan ke woh zinda dil log jinke dil insaniyat, emaandaari aur acchai se itne bhare hue hain, ki unke chehron pe saaf padh sakte hain unke dilon ko, to mujhe nahin bengal ki mitti ke logon ka vivek kabhi maraa h aur marega aur isliye mujhe nahin lgta ki yahan bjp panapne ke liye aayi h balki apne vinash ke liye laayi gai h. aap mere hum-khayal hon, zaroori to nahin nazar sabki ek jaisi ho, zaroori to nahin lazmi h ki kuch log uthte suraj ko khuda kah denge lekin mein bhi us bheed ka hissa rahun, zaroori to nahin (hum khayal- people with same views) yeh bekar sa sher mera h so I'll call myself a poet now but my pen name is yet to be decided. Read more",,text,6,,6,https://www.reddit.com/r/kolkata/comments/1vwd1au/view_of_an_outsider_on_bengals_current/,,,,,,,False,False,470956,0,25,2026-08-27T08:37:53.583Z,raw/kolkata/2026-08/posts.jsonl#L394
kolkata,t3_1vwdj74,2026-08-23T17:37:35.843Z,Over-Letterhead7051,MEN'S TEAM : CHAMPIONS LEAGUE 2 WOMEN'S TEAM : CHAMPIONS LEAGUE EAST BENGAL LEADING THE NATION! 🇮🇳🔥❤️,,,image,70,,2,https://www.reddit.com/r/kolkata/comments/1vwdj74/mens_team_champions_league_2_womens_team/,,,,,,,False,False,470956,0,26,2026-08-27T08:37:42.891Z,raw/kolkata/2026-08/posts.jsonl#L372
kolkata,t3_1vwdje2,2026-08-23T17:37:48.931Z,zack_0171,What's your best foto of this place! 👀,,,image,14,,3,https://www.reddit.com/r/kolkata/comments/1vwdje2/whats_your_best_foto_of_this_place/,,,,,,,False,False,470956,0,26,2026-08-27T08:38:09.198Z,raw/kolkata/2026-08/posts.jsonl#L440
kolkata,t3_1vwdzvl,2026-08-23T17:55:13.819Z,socially_anxious123,Need help with Bengali translation,"Hii, I don't know Bengali, but I need help in translating a paragraph from English to Bengali. Any sort of help would be much appreciated.",,text,1,,6,https://www.reddit.com/r/kolkata/comments/1vwdzvl/need_help_with_bengali_translation/,,,,,,,False,False,470956,0,26,2026-08-27T08:38:49.168Z,raw/kolkata/2026-08/posts.jsonl#L544
kolkata,t3_1vwe3at,2026-08-23T17:58:41.942Z,Alternative_Area6228,Class 12 students engaged in a physical altercation over a TC in Malda.,,,video,133,,23,https://www.reddit.com/r/kolkata/comments/1vwe3at/class_12_students_engaged_in_a_physical/,,,,,,,False,False,470956,0,26,2026-08-27T08:37:45.292Z,raw/kolkata/2026-08/posts.jsonl#L382
kolkata,t3_1vweb6l,2026-08-23T18:06:29.085Z,CaptainJack555,Any freelance content/copywriters in da house?,"Pherands, looking for freelance content/copywriters to connect with. I work in an MNC but am also looking for some other freelance work which will help me kill a bit of free time (khub bore laage boss) and earn a bit as well (money not always follows brotha). Provide me any leads too if you have any!",,text,0,,4,https://www.reddit.com/r/kolkata/comments/1vweb6l/any_freelance_contentcopywriters_in_da_house/,,,,,,,False,False,470956,0,25,2026-08-27T08:38:51.584Z,raw/kolkata/2026-08/posts.jsonl#L549
kolkata,t3_1vwerem,2026-08-23T18:23:00.049Z,Fun-Professional1006,I don’t think I’ll ever forget the day I ran for her ❤️,"Honestly, I don’t think I’ll ever forget the day either. My girl was supposed to catch the bus to go back home after having a rough day. Things just didn't go her way all day and she was already late for the bus. I had reached the bus stand already and was pleading with the bus driver to wait for her as she caught up. It was a rough time for me as well. I was really anxious and kept on requesting the driver to step down as she was already late for the bus and had faced enough that day. Then she was running towards the bus and suddenly I saw her stop and cry. I don't really know what compelled me to run towards her at that moment. All I know was that I took her hand in mine along with one of her bags and started running with her. It was like the world around me stopped as I ran with her in my hands with no thought about the traffic or how tired I was or even if we would catch the bus or not. It was like at that moment I forgot all about my fears except for her and the fact that I could not leave her all alone. The truth is that day, I was weak too. Her tears, pleading, and anxiety were too much to handle for me at that moment, and part of me was still scared that I would not be strong enough to handle the situation. But somehow when she needed me, those fears just vanished, and the only thing that came out was my need to take care of her. I held her hand and ran till I caught that bus with her. When I think about that day, I am still filled with this strange feeling of joy and relief because everything worked out for the best. But I know she will always think of that day as the day I helped her catch the bus. I will always think of that day as the day I saw her cry, and somehow the sight of her crying was enough to remove all my worries. I didn't do anything special or heroic. I just couldn't bear to leave her all alone, and that's what I did because I love her. ❤️",,text,16,,2,https://www.reddit.com/r/kolkata/comments/1vwerem/i_dont_think_ill_ever_forget_the_day_i_ran_for_her/,,,,,,,False,False,470956,0,26,2026-08-27T08:38:18.061Z,raw/kolkata/2026-08/posts.jsonl#L458
kolkata,t3_1vwf22h,2026-08-23T18:34:03.631Z,stochastic_error4496,Don't u guys think Reddit is basically FB of GenZ nd millennials ? 🙂‍↔️,Same as above Read more,,text,0,,10,https://www.reddit.com/r/kolkata/comments/1vwf22h/dont_u_guys_think_reddit_is_basically_fb_of_genz/,,,,,,,False,False,470956,0,26,2026-08-27T08:39:19.197Z,raw/kolkata/2026-08/posts.jsonl#L619
kolkata,t3_1vwfdwq,2026-08-23T18:46:27.860Z,DIP469,2008 Honda Shine er RC almost 30 months expired — West Bengal e renew korte koto khorcha porte pare? ar ki process follow korte hbe??,"Amader ekta 2008 Honda Shine ache, West Bengal registration. RC ta 22 February 2024 e expire hoye geche, mane ekhon almost 30 months hoye gelo. Ebar bike ta abar proper documents niye use korte chai, tai RC renew koranor plan korchi. Kintu total koto khorcha porte pare seta niye ektu confused. Online e dekhlam motorcycle er khetre RC renewal late hole ₹300 per month/part-month late fee ache. Sei hisabe 30 months hole sudhu late fee-i around ₹9,000 , tar sathe normal renewal fee etc. add hobe. Kintu abar kichu purono discussion e dekhlam je renewal/late charges er maximum cap thakte pare, especially jodi accumulated charges vehicle-er actual value/resale value-r theke beshi hoy. 2.5 years-er moto RC expired thakar por renew korte actually koto taka legechilo? ₹300/month late fee-er kono maximum cap ache? Jodi previous lifetime road tax already paid thake, tahole road tax abar pay korte hoy? Vehicle-er current resale/assessed value ki kono bhabe payable amount-er upor effect kore? VAHAN-e ki age thekei exact amount dekha jay, naki RTO-te giye calculation hoy? Renewal fee chara inspection, smart card, ba onno kono additional charge ache? Bike-er road tax RC expire howar age porjonto completely clear chilo . Amar father bochorer por bochor bike-ta daily office commute-er jonno use korten. Insurance ar PUC-o currently valid. Basically ami bujhte chaichi je realistically ₹3–4k, ₹10k-er kachakachi, naki tar thekeo beshi budget kore rakha uchit. Especially jara Alipore RTO ba onno kono WB RTO-te recently expired RC renew korechen , nijeder actual experience share korle khub help hobe.",,text,2,,0,https://www.reddit.com/r/kolkata/comments/1vwfdwq/2008_honda_shine_er_rc_almost_30_months_expired/,,,,,,,False,False,470956,0,26,2026-08-27T08:38:21.763Z,raw/kolkata/2026-08/posts.jsonl#L474
kolkata,t3_1vwg8bf,2026-08-23T19:18:15.524Z,Dear-Celery7013,Amader ektu sukh o sojhho holona kakima?,Reuploaded,,image,16,,1,https://www.reddit.com/r/kolkata/comments/1vwg8bf/amader_ektu_sukh_o_sojhho_holona_kakima/,,,,,,,False,False,470956,0,26,2026-08-27T08:37:48.922Z,raw/kolkata/2026-08/posts.jsonl#L386
kolkata,t3_1vwgiwv,2026-08-23T19:29:49.455Z,Nghtcrwlrr,আজকে রাতের গান (রঙ্গন- The Frisbees),,,video,2,,3,https://www.reddit.com/r/kolkata/comments/1vwgiwv/%E0%A6%86%E0%A6%9C%E0%A6%95_%E0%A6%B0%E0%A6%A4%E0%A6%B0_%E0%A6%97%E0%A6%A8_%E0%A6%B0%E0%A6%99%E0%A6%97%E0%A6%A8_the_frisbees/,,,,,,,False,False,470956,0,26,2026-08-27T08:38:07.446Z,raw/kolkata/2026-08/posts.jsonl#L435
kolkata,t3_1vwglzd,2026-08-23T19:33:08.543Z,Chemical_Scar_5001,First time artist,Tried drawing with colors (gouache) for the first time ever. Any tips on how I can improve?,,image,22,,8,https://www.reddit.com/r/kolkata/comments/1vwglzd/first_time_artist/,,,,,,,False,False,470956,0,26,2026-08-27T08:37:53.921Z,raw/kolkata/2026-08/posts.jsonl#L403
kolkata,t3_1vwh9eo,2026-08-23T19:58:09.692Z,PsychologyQuirky1741,Random রাত ১: ৩০টায় মাথায় এলো। কেন এলো?,একেনহাইমার Read more,,image,49,,6,https://www.reddit.com/r/kolkata/comments/1vwh9eo/random_%E0%A6%B0%E0%A6%A4_%E0%A7%A7_%E0%A7%A9%E0%A7%A6%E0%A6%9F%E0%A6%AF_%E0%A6%AE%E0%A6%A5%E0%A6%AF_%E0%A6%8F%E0%A6%B2_%E0%A6%95%E0%A6%A8_%E0%A6%8F%E0%A6%B2/,,,,,,,False,False,470956,0,26,2026-08-27T08:37:44.011Z,raw/kolkata/2026-08/posts.jsonl#L378
kolkata,t3_1vwhapq,2026-08-23T19:59:32.190Z,R97Shark,Callin' a Date Night,"Went for a solo ride on a rainy night just because I felt like it. Wet roads, empty-ish streets, headlight cutting through the dark… that quiet kind of freedom hits different when you’re alone. Ended the night with a proper self date — sushi, some sauce, and my gear keeping me company at the table. No plans, no rush, just me, the helmet, and good food. Sometimes the best company is your own. Anyone else do self date nights like this?",,image,4,,3,https://www.reddit.com/r/kolkata/comments/1vwhapq/callin_a_date_night/,,,,,,,False,False,470957,0,26,2026-08-27T08:40:54.776Z,raw/kolkata/2026-08/posts.jsonl#L846
kolkata,t3_1vwhhu5,2026-08-23T20:06:44.397Z,dipayanmahato,"For the past few days, I’ve been receiving messages on Telegram asking me to become a male escort, and they’re asking for registration money. Is this some kind of new scam?","For the past few days, I’ve been receiving messages on Telegram asking me to become a male escort, and they’re asking for registration money. Is this some kind of new scam? Read more",,text,1,,9,https://www.reddit.com/r/kolkata/comments/1vwhhu5/for_the_past_few_days_ive_been_receiving_messages/,,,,,,,False,False,470956,0,25,2026-08-27T08:38:20.363Z,raw/kolkata/2026-08/posts.jsonl#L465
kolkata,t3_1vwhi1u,2026-08-23T20:06:59.902Z,994mrx,Most likely Missing Durgapujo and Kalipujo this year and my heart aches for this.,18 (M) My midsem is at the same time as durgapuja . So I will most likely miss it and There is only 1 day off for diwali.So Kalipujo also missed . I will be missing them for the first time in my life . I used cross days on calendar before Durgapujo . Only if I got a good college in West Bengal,,text,2,,1,https://www.reddit.com/r/kolkata/comments/1vwhi1u/most_likely_missing_durgapujo_and_kalipujo_this/,,,,,,,False,False,470956,0,26,2026-08-27T08:38:18.086Z,raw/kolkata/2026-08/posts.jsonl#L460
kolkata,t3_1vwhjrq,2026-08-23T20:08:53.810Z,SoftExit8545,Help me plan a 7 day North Bengal Trip.,Main highlights of the trip should be 2 days at Darjeeling and the rest of the days at various offbeat locations. Planning this trip after pujo with my girlfriend. Shall require a private car from NJP-NJP. Also help me with a budget breakdown. We are looking at a 3-4 star hotel at Darjeeling with best views and the rest of the places can be homestays. Read more,,text,1,,0,https://www.reddit.com/r/kolkata/comments/1vwhjrq/help_me_plan_a_7_day_north_bengal_trip/,,,,,,,False,False,470956,0,26,2026-08-27T08:38:21.777Z,raw/kolkata/2026-08/posts.jsonl#L479
kolkata,t3_1vwhprv,2026-08-23T20:15:27.701Z,little_white_hilt,Weekend over folks! Gd Night 😪,ABCD,,text,0,,5,https://www.reddit.com/r/kolkata/comments/1vwhprv/weekend_over_folks_gd_night/,,,,,,,False,False,470956,0,26,2026-08-27T08:38:21.770Z,raw/kolkata/2026-08/posts.jsonl#L477
kolkata,t3_1vwi6iu,2026-08-23T20:33:36.524Z,babybillilovesherbf,What is your go to item in flurrys?,,,image,10,,8,https://www.reddit.com/r/kolkata/comments/1vwi6iu/what_is_your_go_to_item_in_flurrys/,,,,,,,False,False,470956,0,26,2026-08-27T08:38:10.222Z,raw/kolkata/2026-08/posts.jsonl#L444
kolkata,t3_1vwi7nj,2026-08-23T20:34:49.242Z,fkoenal,Salt Lake Stadium has never looked more beautiful,,,image,776,,23,https://www.reddit.com/r/kolkata/comments/1vwi7nj/salt_lake_stadium_has_never_looked_more_beautiful/,,,,,,,False,False,470956,0,26,2026-08-27T08:37:15.092Z,raw/kolkata/2026-08/posts.jsonl#L329
kolkata,t3_1vwiflt,2026-08-23T20:43:35.828Z,Dimension_distractor,Any NightOwl there?,,,image,10,,43,https://www.reddit.com/r/kolkata/comments/1vwiflt/any_nightowl_there/,,,,,,,False,False,470956,0,26,2026-08-27T08:37:52.508Z,raw/kolkata/2026-08/posts.jsonl#L390
kolkata,t3_1vwis1m,2026-08-23T20:57:08.941Z,superrdramallama,I'm looking for Maroon 5 fans. I know something happening in Kolkata that might excite you!,What's your favourite album?,,text,6,,16,https://www.reddit.com/r/kolkata/comments/1vwis1m/im_looking_for_maroon_5_fans_i_know_something/,,,,,,,False,False,470956,0,26,2026-08-27T08:38:09.310Z,raw/kolkata/2026-08/posts.jsonl#L442
kolkata,t3_1vwizki,2026-08-23T21:05:17.993Z,alterego5437,Anyone wanna talk about life?,How was your sunday? How are u doing in life currently? What are your current life goals? Like honestly Read more,,text,0,,3,https://www.reddit.com/r/kolkata/comments/1vwizki/anyone_wanna_talk_about_life/,,,,,,,False,False,470956,0,26,2026-08-27T08:38:12.452Z,raw/kolkata/2026-08/posts.jsonl#L447
kolkata,t3_1vwje3a,2026-08-23T21:21:18.526Z,Witty-Section1126,GOLPOO KORBOOO 😭☝️,"Bhai 3 te bajte chollo ghum amar ashche naa , korar kichu kaaj o nei , golpo korboo 😭 keo jege ?????",,text,0,,5,https://www.reddit.com/r/kolkata/comments/1vwje3a/golpoo_korbooo/,,,,,,,False,False,470956,0,26,2026-08-27T08:38:18.130Z,raw/kolkata/2026-08/posts.jsonl#L463
kolkata,t3_1vwjn07,2026-08-23T21:31:22.893Z,tanishqdelight,"Solo trip to Kolkata for Durga Puja 2026 — need pandal-hopping, food & budget stay tips 🙏🎉","Hey everyone! 👋 I’m 22M, planning my first solo trip to Kolkata for Durga Puja 2026. I’ll mainly be there for pandal hopping, exploring the city, trying local food, and experiencing the Puja vibe. Since this is going to be a budget-friendly trip, I’d really appreciate some advice from locals and experienced pandal-hoppers. 🛕 Pandal-hopping suggestions Please suggest the must-visit pandals divided into: North Kolkata Central Kolkata South Kolkata Also, which pandals are best to visit during the day vs late evening/night, and what route would be easiest for a solo traveller? 🍛 Food / Bhandara Looking for budget-friendly food options too: Free bhog/bhandara during Puja Community meals Cheap & good local food Places where I can eat without spending too much Any tips on where and when bhog is usually available would be really helpful! 🛏️ Budget stay Please suggest safe and affordable areas to stay for someone mainly interested in pandal hopping. Hostels, dorms, budget hotels, etc. are all welcome. If you know any areas where I can get a decent stay without paying crazy Puja-season prices, please let me know. 🤝 Looking to connect I’m also hoping to meet people who are solo travelling to Kolkata for Puja or locals who enjoy pandal hopping and wouldn't mind joining for a few hours. Could be fun to explore together, grab some bhog/food and experience the Puja madness! 😄 Any tips, routes, hidden gems, safety advice, food recommendations or budget hacks are welcome. Thanks in advance! ❤️ Jai Maa Durga! 🙏 Read more",,text,3,,2,https://www.reddit.com/r/kolkata/comments/1vwjn07/solo_trip_to_kolkata_for_durga_puja_2026_need/,,,,,,,False,False,470956,0,26,2026-08-27T08:37:53.913Z,raw/kolkata/2026-08/posts.jsonl#L401
kolkata,t3_1vwjzix,2026-08-23T21:45:51.713Z,Realistic_Tune9972,Best smartphone under 20k for my senior citizen parents,"Priorities: long battery life, good speaker, easy to user interface and decent camera Read more",,text,1,,1,https://www.reddit.com/r/kolkata/comments/1vwjzix/best_smartphone_under_20k_for_my_senior_citizen/,,,,,,,False,False,470957,0,26,2026-08-27T08:39:19.192Z,raw/kolkata/2026-08/posts.jsonl#L616
kolkata,t3_1vwm4zu,2026-08-23T23:17:01.885Z,Cautious-Gas-5269,up for a chat?,"Bengali m25 in dublin rn, pujo te kolkata jabo, anyone up for pandal hopping? My friends are mostly out of country or state, so need new pals. Feel free to send a dm and introduce yourself regardless of your gender",,text,1,,24,https://www.reddit.com/r/kolkata/comments/1vwm4zu/up_for_a_chat/,,,,,,,False,False,470956,0,26,2026-08-27T08:38:03.240Z,raw/kolkata/2026-08/posts.jsonl#L423
kolkata,t3_1vwpuym,2026-08-24T02:07:40.160Z,ImaginationFull5643,Any active Chess player here,Chess. com player,,text,0,,8,https://www.reddit.com/r/kolkata/comments/1vwpuym/any_active_chess_player_here/,,,,,,,False,False,470956,0,26,2026-08-27T08:38:21.750Z,raw/kolkata/2026-08/posts.jsonl#L473
kolkata,t3_1vwqkr3,2026-08-24T02:42:13.536Z,Walter_Xe,My gf missed her periods this month,Hello everyone.. I am 24M and my partner is 24F .. we are in a relationship for the last 6 years.. and comitted to each other. So this month she should have her periods 22 or 23rd Aug... But today is 24th of August. We are very tensed that she may get pregnant as we don't want anything like this atp. We have taken all kind of precautions during sex. We can't let our family involved you guys know why. So anyone in this sub faced somthing like this please share your experiences.. and help me out how to handle this situation. Your help will be much appreciated. Read more,,text,23,,53,https://www.reddit.com/r/kolkata/comments/1vwqkr3/my_gf_missed_her_periods_this_month/,,,,,,,False,False,470956,0,25,2026-08-27T08:37:44.702Z,raw/kolkata/2026-08/posts.jsonl#L380
kolkata,t3_1vwqlb3,2026-08-24T02:43:00.230Z,Subject__xiii,Damn it,,,image,160,,5,https://www.reddit.com/r/kolkata/comments/1vwqlb3/damn_it/,,,,,,,False,False,470956,0,26,2026-08-27T08:36:58.856Z,raw/kolkata/2026-08/posts.jsonl#L270
kolkata,t3_1vwqmrx,2026-08-24T02:44:56.170Z,Subject__xiii,Moms have a secret weapon for every argument,,,image,434,,43,https://www.reddit.com/r/kolkata/comments/1vwqmrx/moms_have_a_secret_weapon_for_every_argument/,,,,,,,False,False,470956,0,26,2026-08-27T08:37:19.061Z,raw/kolkata/2026-08/posts.jsonl#L337
kolkata,t3_1vwqpv7,2026-08-24T02:49:02.861Z,sand0987,OLX Mac Mini 16GB for 32k in Kolkata — “Samsung India Electronics” — legit or scam?,"Hi Kolkata friends, Found a Mac Mini 16GB for 32k on OLX. Seller name is “SAMSUNG INDIA ELECTRONICS PVT.LTD” in Taratala, Kolkata. Got their WhatsApp via OLX. Details they gave: Address: G895+4V3, CPT Colony, Taratala, Kolkata, West Bengal 700088 Insta: @adityapcstore Website: pcseller.store WhatsApp: 9006181372 GSTIN: 19AAACS5123K1ZA Their story: Mac Mini is in Haldia port container warehouse, “no Indian owner yet,” so I must pay first to book it. Then they’ll send invoice + tracking in 1 hour. 30-day return + 1-year warranty. Say I can come to the store and pay directly. Red flags: Can’t test before paying — only ships after payment “Pay to unlock ownership” sounds like a classic import scam 32k is way below market for a 16GB Mac Mini Won’t let me see it physically before payment despite saying “store pickup available” Anyone in Kolkata dealt with this seller or address? Or know if this is a real Samsung India branch? Don’t want to lose 32k to an OLX scam. Screenshots attached",,image,0,,38,https://www.reddit.com/r/kolkata/comments/1vwqpv7/olx_mac_mini_16gb_for_32k_in_kolkata_samsung/,,,,,,,False,False,470956,0,26,2026-08-27T08:38:18.111Z,raw/kolkata/2026-08/posts.jsonl#L462
kolkata,t3_1vwqqte,2026-08-24T02:50:16.360Z,Complex_Command_8377,D Mart,Why Kolkata and WB dont have D Mart? They have great discounts and the products there are cheap and better quality than Spencer’s and reliance mart Read more,,text,33,,31,https://www.reddit.com/r/kolkata/comments/1vwqqte/d_mart/,,,,,,,False,False,470956,0,26,2026-08-27T08:38:14.343Z,raw/kolkata/2026-08/posts.jsonl#L457
kolkata,t3_1vwqxh3,2026-08-24T02:59:20.758Z,The_Gemini_Man_2151,Belur Rashbari,,,image,79,,4,https://www.reddit.com/r/kolkata/comments/1vwqxh3/belur_rashbari/,,,,,,,False,False,470956,0,26,2026-08-27T08:37:13.654Z,raw/kolkata/2026-08/posts.jsonl#L318
kolkata,t3_1vwra59,2026-08-24T03:16:06.193Z,Fit-Put9758,The invincible 42,A glimpse of the standing 42,,image,36,,16,https://www.reddit.com/r/kolkata/comments/1vwra59/the_invincible_42/,,,,,,,False,False,470956,0,26,2026-08-27T08:37:31.071Z,raw/kolkata/2026-08/posts.jsonl#L356
kolkata,t3_1vwt2cv,2026-08-24T04:49:06.026Z,Euthanasia1111,What's going on??,Is it another Masturstroke?? মানে সবকিছুই কি এইবার A & A দের হাতেই থাকবে?? https://www.moneycontrol.com/news/india/isro-to-step-back-from-rocket-manufacturing-as-private-sector-takes-bigger-role-report-says-14013124.html https://www.thenewsminute.com/news/newsisro-to-phase-out-launch-vehicles-madhavan-nair-questions-viability https://timesofindia.indiatimes.com/education/news/more-than-100-scientists-have-left-isro-in-recent-months-is-indias-premier-space-agency-losing-its-appeal/articleshow/132538390.cms,,image,157,,92,https://www.reddit.com/r/kolkata/comments/1vwt2cv/whats_going_on/,,,,,,,False,False,470956,0,26,2026-08-27T08:38:13.581Z,raw/kolkata/2026-08/posts.jsonl#L455
kolkata,t3_1vwt8gt,2026-08-24T04:58:40.851Z,No_Plastic_3393,Urgent query regarding svmcm 2025-26,I'm a PG student for MCA under MAKAUT ( AICTE AFFILIATED ) I applied for svmcm in march and now it's August end but still didn't get the scholarship.. on the portal it says approved - not disbursed yet... Now it's almost time to pay my semester fees .........What's going on ? Read more,,image,1,,6,https://www.reddit.com/r/kolkata/comments/1vwt8gt/urgent_query_regarding_svmcm_202526/,,,,,,,False,False,470956,0,26,2026-08-27T08:38:07.196Z,raw/kolkata/2026-08/posts.jsonl#L429
kolkata,t3_1vwta9f,2026-08-24T05:01:05.913Z,prat-rivo,rastar chowmein er taste aladai hoy.,"recently ekta post dekhlam, abar aaj etao dekhlam. hya ota full packet chowmein Read more",,image,3,,0,https://www.reddit.com/r/kolkata/comments/1vwta9f/rastar_chowmein_er_taste_aladai_hoy/,,,,,,,False,False,470956,0,26,2026-08-27T08:37:55.700Z,raw/kolkata/2026-08/posts.jsonl#L416
kolkata,t3_1vwtdvw,2026-08-24T05:06:27.251Z,HealthyRow9697,Kolkata Durga Puja pandal,I m first time at kolkata Which pandals must be seen with family Read more,,text,0,,5,https://www.reddit.com/r/kolkata/comments/1vwtdvw/kolkata_durga_puja_pandal/,,,,,,,False,False,470956,0,26,2026-08-27T08:37:54.138Z,raw/kolkata/2026-08/posts.jsonl#L406
kolkata,t3_1vwtzhv,2026-08-24T05:39:55.343Z,mighty-eagle2005,📍 Park Circus,A construction site near Quest Mall Read more,,image,6,,1,https://www.reddit.com/r/kolkata/comments/1vwtzhv/park_circus/,,,,,,,False,False,470956,0,26,2026-08-27T08:38:21.767Z,raw/kolkata/2026-08/posts.jsonl#L475
kolkata,t3_1vwu0yh,2026-08-24T05:42:13.192Z,TheJosh15,Spot the billionaire at Durand,,,image,83,,13,https://www.reddit.com/r/kolkata/comments/1vwu0yh/spot_the_billionaire_at_durand/,,,,,,,False,False,470956,0,26,2026-08-27T08:37:02.561Z,raw/kolkata/2026-08/posts.jsonl#L298
kolkata,t3_1vwulqe,2026-08-24T06:14:48.373Z,ImaginationFull5643,"Any daily runners around park circus , em bypass",Or running club,,text,0,,2,https://www.reddit.com/r/kolkata/comments/1vwulqe/any_daily_runners_around_park_circus_em_bypass/,,,,,,,False,False,470956,0,26,2026-08-27T08:38:20.830Z,raw/kolkata/2026-08/posts.jsonl#L468
kolkata,t3_1vwuxez,2026-08-24T06:33:32.613Z,Agreeable-Cream7130,Looking for a video editor,Work: need documentory and motion graphics Length : 10-15mins Pp: upi Buget : 150/min Mm: no Need 1mins sample by today Only after effects and professional editors msg me Long term,,text,2,,1,https://www.reddit.com/r/kolkata/comments/1vwuxez/looking_for_a_video_editor/,,,,,,,False,False,470956,0,25,2026-08-27T08:38:07.621Z,raw/kolkata/2026-08/posts.jsonl#L437
kolkata,t3_1vwuys5,2026-08-24T06:35:43.638Z,Aromatic-Opposite221,Looking for online singing lessons,"Hi! I’m looking for online singing classes for adults. I’m a complete beginner and would love to learn from scratch. If you know any good teachers or online classes, please recommend them! Help a fellow Redditor finally unlock their singing potential. 😄🎶",,text,0,,1,https://www.reddit.com/r/kolkata/comments/1vwuys5/looking_for_online_singing_lessons/,,,,,,,False,False,470956,0,26,2026-08-27T08:37:53.379Z,raw/kolkata/2026-08/posts.jsonl#L393
kolkata,t3_1vwuysz,2026-08-24T06:35:45.705Z,Stabok_Bose,Took a few street photos! Please open them to get the full view. Rate them!,,,image,25,,4,https://www.reddit.com/r/kolkata/comments/1vwuysz/took_a_few_street_photos_please_open_them_to_get/,,,,,,,False,False,470956,0,26,2026-08-27T08:37:13.752Z,raw/kolkata/2026-08/posts.jsonl#L319
kolkata,t3_1vwv1gm,2026-08-24T06:40:10.521Z,MammothShoulder7919,Need genuine advice,"Myquals 12th passed 22F will turn into 23 years in November. I want your thoughts on this topic. This year I cracked neet and got a good gmc. I also scored good in cuet ug exam. I didn't give any other exam in the prev 4 years bc my family didn't agree but this year some how managed, gave cuet ug. Now my main question is? Should I take the gmc seat Or just go with the general course. My planning: bsc biotechnology ➡️ mba. Then further. Them microbiology or either agriculture My first preference is biotechnology though. ONE MORE IMPORTANT THING I DON'T CARE ABOUT MY AGE. DON'T HAVE THE BURDEN OF MARRIAGE OR TAKING CARE OF FAMILY. So this reasons doesn't concern me. I only have to feed myself and my mom other than this I don't care about anyone else. Shadi, family ke points chor ke kya opinion hay? I discussed with the mbbs with my family they are saying they have enough funds to financially support me till 30 age. So I'm a bit confused. The thing is my family didn't even know there were pressuring me into neet now they are be like do what's good for you but ik maybe if I take bsc course they won't support me financially that much ;) Ek aur baat I don't have math background so don't mention about it. Obv it doesn't matter which course I'll be taking I'll start to earn as early as possible. Is really mba after bsc biotech that tough. I want genuine thoughts.",,text,0,,7,https://www.reddit.com/r/kolkata/comments/1vwv1gm/need_genuine_advice/,,,,,,,False,False,470956,0,25,2026-08-27T08:38:09.173Z,raw/kolkata/2026-08/posts.jsonl#L439
kolkata,t3_1vwv1hn,2026-08-24T06:40:13.466Z,awakener03,Looking for recommendations: Where to buy freshly roasted coffee beans in Kolkata?,"Hey coffee lovers! Can anyone suggest a good shop to buy roasted coffee beans in Kolkata? I'm looking for a place that offers different grind size options as well. Please share the shop name,with the exact location. (Like Blue tokai,Park street,Chowringee road) Read more",,text,0,,6,https://www.reddit.com/r/kolkata/comments/1vwv1hn/looking_for_recommendations_where_to_buy_freshly/,,,,,,,False,False,470956,0,26,2026-08-27T08:38:12.948Z,raw/kolkata/2026-08/posts.jsonl#L451
kolkata,t3_1vwv1qh,2026-08-24T06:40:37.064Z,SpecialistProud5720,Rain-rain,"Who am I without comparing the rain of Delhi to Kolkata's, without constantly trying to reunite with Kolkata’s rain while living in Delhi, and without the cinemas of my childhood showing plots that would eventually become eerily relatable to my adult life?",,video,28,,14,https://www.reddit.com/r/kolkata/comments/1vwv1qh/rainrain/,,,,,,,False,False,470956,0,26,2026-08-27T08:37:14.522Z,raw/kolkata/2026-08/posts.jsonl#L325
kolkata,t3_1vwv2mf,2026-08-24T06:42:09.514Z,Positive_Bumblebee38,PUJO ESHE GELO ALMOOST😋🥰✨,shobar shopping done???? Kar ki plans bolo,,text,6,,14,https://www.reddit.com/r/kolkata/comments/1vwv2mf/pujo_eshe_gelo_almoost/,,,,,,,False,False,470956,0,26,2026-08-27T08:37:53.743Z,raw/kolkata/2026-08/posts.jsonl#L397
kolkata,t3_1vwvbvt,2026-08-24T06:57:28.373Z,Next-Swordfish9561,"আরেকটা বছর কেটে তাও ""এবার কেন অন্যরকম পুজো"" অনুভূতি এলো না",What about others did you guys find your person to be together in Panchami?! Read more,,text,5,,20,https://www.reddit.com/r/kolkata/comments/1vwvbvt/%E0%A6%86%E0%A6%B0%E0%A6%95%E0%A6%9F_%E0%A6%AC%E0%A6%9B%E0%A6%B0_%E0%A6%95%E0%A6%9F_%E0%A6%A4%E0%A6%93_%E0%A6%8F%E0%A6%AC%E0%A6%B0_%E0%A6%95%E0%A6%A8_%E0%A6%85%E0%A6%A8%E0%A6%AF%E0%A6%B0%E0%A6%95%E0%A6%AE_%E0%A6%AA%E0%A6%9C_%E0%A6%85%E0%A6%A8%E0%A6%AD%E0%A6%A4_%E0%A6%8F%E0%A6%B2_%E0%A6%A8/,,,,,,,False,False,470956,0,26,2026-08-27T08:37:32.582Z,raw/kolkata/2026-08/posts.jsonl#L364
kolkata,t3_1vwvpkx,2026-08-24T07:19:30.764Z,wiwiiwiwiiwiwi,Where can i buy affordable jewellery like these?,,,image,6,,22,https://www.reddit.com/r/kolkata/comments/1vwvpkx/where_can_i_buy_affordable_jewellery_like_these/,,,,,,,False,False,470956,0,26,2026-08-27T08:37:35.967Z,raw/kolkata/2026-08/posts.jsonl#L371
kolkata,t3_1vwvyc7,2026-08-24T07:33:50.420Z,KookyPineapple768,"Why people in their 30s, 40s, also senior citizen play no sports in kolkata?","I have seen in kolkata that in public parks it's very rare for people of age category 25 to 50 or senior retired people to play any sports like badminton, football. While in Delhi public parks, I have seen all age category guys play in groups. Read more",,text,1,,13,https://www.reddit.com/r/kolkata/comments/1vwvyc7/why_people_in_their_30s_40s_also_senior_citizen/,,,,,,,False,False,470956,0,26,2026-08-27T08:38:25.357Z,raw/kolkata/2026-08/posts.jsonl#L483
kolkata,t3_1vwvyn1,2026-08-24T07:34:21.396Z,Fair-Whereas1010,My experience in this sub asking for people to meet or talk to and a generalised solution= group for people going through similar things,"This is my last Hail Mary attempt at Socializing. I(M24) had posted in this sub expressing that most people my age have gone out of state to work, and few of us who remain are stuck in WFH jobs and have very little opportunity to socialise; hence, I'm looking to meet people and go out in the city for food or activities. I got comments from men, but they didn't convert to DM. I got DMs from like 3 women, 1 of them was married but looking for some validation, so she started sending her pics expecting compliments ig; another one was interested in meeting but assumed I had an existing group (I didn't) and hence ghosted me, the last clearly mentioned that she would only be up for chats which I was fine with until I noticed that she stopped replying. Getting ghosted isn't something that affects me anymore; I'm sure they are influenced by previous negative experiences from Reddit. What came across to me as a solution was: why don't we form a group in an anonymous media modality like Telegram for people who are genuinely looking to socialize? If this idea seems fine and we can have enough people expressing interest I can go ahead and make a group. As I said in my last post je ami bangla bolte bhule jachi almost, so i'm okay with even planning our meetups and coordinating among people; I just need people who are willing to go out...",,text,3,,25,https://www.reddit.com/r/kolkata/comments/1vwvyn1/my_experience_in_this_sub_asking_for_people_to/,,,,,,,False,False,470956,0,26,2026-08-27T08:37:54.778Z,raw/kolkata/2026-08/posts.jsonl#L409
kolkata,t3_1vww22a,2026-08-24T07:40:11.959Z,Remarkable-Movie-431,"Has anyone used Pronto and if so, are they good enough ?",,,image,2,,8,https://www.reddit.com/r/kolkata/comments/1vww22a/has_anyone_used_pronto_and_if_so_are_they_good/,,,,,,,False,False,470956,0,26,2026-08-27T08:37:55.162Z,raw/kolkata/2026-08/posts.jsonl#L413
kolkata,t3_1vww27g,2026-08-24T07:40:23.728Z,Madlad69694,Look who I met last day at lake 🤭,"He was so shy and just running away from me, but i managed to get him to pose and get some pictures 😋",,image,103,,39,https://www.reddit.com/r/kolkata/comments/1vww27g/look_who_i_met_last_day_at_lake/,,,,,,,False,False,470956,0,26,2026-08-27T08:37:14.277Z,raw/kolkata/2026-08/posts.jsonl#L322
kolkata,t3_1vww5uh,2026-08-24T07:46:21.800Z,Ethan_J_Hunt,Omg!,,,image,308,,31,https://www.reddit.com/r/kolkata/comments/1vww5uh/omg/,,,,,,,False,False,470956,0,26,2026-08-27T08:36:48.778Z,raw/kolkata/2026-08/posts.jsonl#L231
kolkata,t3_1vwwh2o,2026-08-24T08:04:56.673Z,idkmanfuc,Lawyers of Calcutta,,,image,54,,1,https://www.reddit.com/r/kolkata/comments/1vwwh2o/lawyers_of_calcutta/,,,,,,,False,False,470956,0,26,2026-08-27T08:37:18.498Z,raw/kolkata/2026-08/posts.jsonl#L334
kolkata,t3_1vwwrf3,2026-08-24T08:22:07.278Z,Final-Distribution-8,One of the most unhygienic eateries,"This place needs a raid. The quality of food is bad af and the owner keeps on shouting all the time. The waiters just wait for tips and if you don’t tip them, you hear them mumble. Read more",,image,148,,29,https://www.reddit.com/r/kolkata/comments/1vwwrf3/one_of_the_most_unhygienic_eateries/,,,,,,,False,False,470956,0,26,2026-08-27T08:36:59.297Z,raw/kolkata/2026-08/posts.jsonl#L283
kolkata,t3_1vwwzfe,2026-08-24T08:35:59.181Z,Deep-Mulberry-8826,I'm a small content creator and editor - Need an experienced cool technician for my PC,"I have had extremely bad experiences with Kolkata technicians. I have a pc setup worth 2.5 lakhs, and I am not willing to take risks since I'm a small creator. In case something goes south, I can't afford further repairs. I primarily want a cleaning service and a few upgrades in terms of SSD. Read more",,text,0,,2,https://www.reddit.com/r/kolkata/comments/1vwwzfe/im_a_small_content_creator_and_editor_need_an/,,,,,,,False,False,470956,0,26,2026-08-27T08:38:09.197Z,raw/kolkata/2026-08/posts.jsonl#L441
kolkata,t3_1vwx8me,2026-08-24T08:51:48.595Z,Nearby_Anywhere_,Peak Durga pujo weather ☁️🤍,Went to explore Kumurtuli and got this view near ferry ghat .,,image,24,,0,https://www.reddit.com/r/kolkata/comments/1vwx8me/peak_durga_pujo_weather/,,,,,,,False,False,470956,0,26,2026-08-27T08:37:09.089Z,raw/kolkata/2026-08/posts.jsonl#L310
kolkata,t3_1vwxbx5,2026-08-24T08:57:14.987Z,Simple_Feedback_5873,Where can I complain about possible contamination in tap water?,"I found small, red, thread-like organisms/worms in my tap water today. I'm concerned that this could indicate some kind of contamination in the water supply. Where should I report this? Is there a specific municipal authority - Kolkata Municipal Corporation department, or other government body that handles complaints about tap-water quality? If anyone has dealt with something similar or knows where to lodge a complaint and what can I do in the meantime, please let me know.",,text,1,,7,https://www.reddit.com/r/kolkata/comments/1vwxbx5/where_can_i_complain_about_possible_contamination/,,,,,,,False,False,470956,0,26,2026-08-27T08:37:57.487Z,raw/kolkata/2026-08/posts.jsonl#L417
kolkata,t3_1vwxezq,2026-08-24T09:01:50.530Z,AALU_PALAK,JOINING MBBS,Guys I’ll joining MCK this year I am not from West Bengal can anyone tell me about how’s West Bengal and what all places to explore anyone can dm Read more,,text,10,,54,https://www.reddit.com/r/kolkata/comments/1vwxezq/joining_mbbs/,,,,,,,False,False,470956,0,25,2026-08-27T08:37:18.543Z,raw/kolkata/2026-08/posts.jsonl#L336
kolkata,t3_1vwxjg7,2026-08-24T09:09:04.849Z,ilikesushinomnom,3 BHK flat in newtown for rent (boys only),"just opposite miraj, near BC block, theres flat available rent is 25,000 for 3BHK and it will be equally divided, there’s already two of us living in one room so that makes it 2 empty rooms, u can either opt for one singular whole room or share with another person to split. for more queries pls dm. even if we get 2 people willing to shift from this post that will make their rent 6k each. also its not furnished, fridge and all and other cooking equipments can be divided, theres a maid who comes for cooking(that will be split too) and rest purchases are yours. also im doing this post on behalf of my friend, hes not on Reddit so im just helping him out🙏🏻🙏🏻🙏🏻🙏🏻",,text,4,,1,https://www.reddit.com/r/kolkata/comments/1vwxjg7/3_bhk_flat_in_newtown_for_rent_boys_only/,,,,,,,False,False,470956,0,26,2026-08-27T08:37:30.403Z,raw/kolkata/2026-08/posts.jsonl#L347
kolkata,t3_1vwxjlw,2026-08-24T09:09:21.993Z,Adventurous_Pop_7258,Does Anyone play efootball here?,,,image,51,,151,https://www.reddit.com/r/kolkata/comments/1vwxjlw/does_anyone_play_efootball_here/,,,,,,,False,False,470956,0,26,2026-08-27T08:36:59.172Z,raw/kolkata/2026-08/posts.jsonl#L274
kolkata,t3_1vwxm7i,2026-08-24T09:13:40.139Z,DaikonScared1616,Madhyamgram e bhalo biriyani option in Swiggy??,"Bondhur bari jacchi/eschi for weekend, and both of us are biriyani pagol… so bhabchi order korbo. I asked him, he says no idea, since he recently shifted. Swiggy te dekchi onek options, but some of them toh konodin nam porjonto shuni ni. Naki shei chok mooje Behrouz theke order kore debo?? Price jodio onek beshi 😵‍💫 Read more",,text,1,,6,https://www.reddit.com/r/kolkata/comments/1vwxm7i/madhyamgram_e_bhalo_biriyani_option_in_swiggy/,,,,,,,False,False,470956,0,25,2026-08-27T08:37:54.989Z,raw/kolkata/2026-08/posts.jsonl#L411
kolkata,t3_1vwxnab,2026-08-24T09:15:27.583Z,Puzzleheaded_Deal792,Controversy ar debate dutoi kora jak,"Lindsay Clancy, a Massachusetts mother and former nurse, is on trial for strangling her three young children—Cora (5), Dawson (3), and Callan (8 months)—on January 24, 2023, before attempting suicide. The high-profile trial centers on whether she was legally insane due to severe postpartum psychosis. Mental health sotti khub akta asol jinis jeta niye aro kotha aro manuske agiye asa uchit kintu tai bole killing ke justify kora to jaina ata amar take abar kar ki boktobbo ache janar icche thaklo.",,text,0,,13,https://www.reddit.com/r/kolkata/comments/1vwxnab/controversy_ar_debate_dutoi_kora_jak/,,,,,,,False,False,470956,0,25,2026-08-27T08:38:03.316Z,raw/kolkata/2026-08/posts.jsonl#L424
kolkata,t3_1vwy0r2,2026-08-24T09:37:14.531Z,Thecosmogreen,Travel With Kaushik Vs Explorer Shibaji - Who is better?,"Kaushik aar Prithijit,Shibaji - eder modhye apnader kake better laage? Amar jemon Kaushik ke beshi pochondo - grounded thake sobsomoy! Shibaji keno janina sobete opinion dey etc. etc. Motamot janaben...",,image,42,,39,https://www.reddit.com/r/kolkata/comments/1vwy0r2/travel_with_kaushik_vs_explorer_shibaji_who_is/,,,,,,,False,False,470956,0,26,2026-08-27T08:37:30.406Z,raw/kolkata/2026-08/posts.jsonl#L348
kolkata,t3_1vwza6k,2026-08-24T10:46:17.492Z,euphoric_soul713,Metro in dino,,,image,259,,35,https://www.reddit.com/r/kolkata/comments/1vwza6k/metro_in_dino/,,,,,,,False,False,470956,0,26,2026-08-27T08:36:52.020Z,raw/kolkata/2026-08/posts.jsonl#L259
kolkata,t3_1vwzd5f,2026-08-24T10:50:34.931Z,Ordinary-Hurry3156,"Hi, does anyone know of any 80 and above aged woman who had worked in Kolkata?",I'm working on a project on working women in postcolonial Kolkata and any leads would be of much help! Thank you.,,text,3,,0,https://www.reddit.com/r/kolkata/comments/1vwzd5f/hi_does_anyone_know_of_any_80_and_above_aged/,,,,,,,False,False,470956,0,26,2026-08-27T08:37:42.908Z,raw/kolkata/2026-08/posts.jsonl#L373
kolkata,t3_1vwzqsa,2026-08-24T11:09:00.460Z,General-Cranberry566,"Share your ""Bangali Byabsha Korbe"" Idea for this Pujo",,,image,198,,21,https://www.reddit.com/r/kolkata/comments/1vwzqsa/share_your_bangali_byabsha_korbe_idea_for_this/,,,,,,,False,False,470956,0,26,2026-08-27T08:36:50.894Z,raw/kolkata/2026-08/posts.jsonl#L235
kolkata,t3_1vx0cmn,2026-08-24T11:38:53.377Z,goon_consultant,"Yup, on the South local line, 'proper Kolkata' ends strictly at Garia. Beyond that, it’s all pure suburbs... except Baruipur.",🥀,,text,3,,4,https://www.reddit.com/r/kolkata/comments/1vx0cmn/yup_on_the_south_local_line_proper_kolkata_ends/,,,,,,,False,False,470956,0,26,2026-08-27T08:37:14.778Z,raw/kolkata/2026-08/posts.jsonl#L327
kolkata,t3_1vx0efy,2026-08-24T11:41:24.076Z,ImaginationFull5643,Gym bros what protein do u take,Asking for homemade not any product Read more,,text,2,,33,https://www.reddit.com/r/kolkata/comments/1vx0efy/gym_bros_what_protein_do_u_take/,,,,,,,False,False,470956,0,26,2026-08-27T08:37:45.318Z,raw/kolkata/2026-08/posts.jsonl#L383
kolkata,t3_1vx0rgg,2026-08-24T11:59:05.603Z,dreamer4400,Renewal of Driving Licence,"Has anybody renewed their DL in Kolkata via online portal? Do you have to visit the RTO for renewal or address change? - since it says both are contactless service? Within how many days did you get it? Was it delivered to your address or you had to visit RTO for pick-up? Should I opt for online portal or through agents? Because I heard even after applying online, they are either taking too long or putting it on hold? Anybody who have renewed their DL in Kolkata recently? Please share your experience. Read more",,text,2,,5,https://www.reddit.com/r/kolkata/comments/1vx0rgg/renewal_of_driving_licence/,,,,,,,False,False,470956,0,0,2026-08-27T08:37:45.698Z,raw/kolkata/2026-08/posts.jsonl#L384
kolkata,t3_1vx0wbf,2026-08-24T12:04:41.014Z,hamayachi-hanma,Kolkata in Ultra graphics.,Took this at around 1 am today! Read more,,image,7,,0,https://www.reddit.com/r/kolkata/comments/1vx0wbf/kolkata_in_ultra_graphics/,,,,,,,False,False,470956,0,12,2026-08-27T08:37:18.514Z,raw/kolkata/2026-08/posts.jsonl#L335
kolkata,t3_1vx0xn1,2026-08-24T12:06:19.395Z,bong_dev,"Need Blood Donor in Tata Medical Center, Kolkata","Urgent Blood Donor Requirement We need a blood donor at Tata Medical Center, Kolkata tomorrow, 25/08/2026, between 8:00–10:00 AM. Any blood group is acceptable. If you can donate or know someone who can, please contact me urgently. Please share this with others. Read more",,text,2,,0,https://www.reddit.com/r/kolkata/comments/1vx0xn1/need_blood_donor_in_tata_medical_center_kolkata/,,,,,,,False,False,470956,0,25,2026-08-27T08:38:07.195Z,raw/kolkata/2026-08/posts.jsonl#L428
kolkata,t3_1vx16w9,2026-08-24T12:18:31.353Z,a_sudden_stranger,What's Your Favourite Bengali Combo,Chicken & Basanti Polao ta amar banano.,,text,13,,44,https://www.reddit.com/r/kolkata/comments/1vx16w9/whats_your_favourite_bengali_combo/,,,,,,,False,False,470956,0,26,2026-08-27T08:37:07.933Z,raw/kolkata/2026-08/posts.jsonl#L308
kolkata,t3_1vx1at1,2026-08-24T12:23:25.485Z,MrAdhi_08,"Selling ddr4 desktop ram 2400mhz 8gb,webcam 480p, Zebronics tranformer m mouse",Ram-Corsair Vengence ddr4 8gb 2400mhz(cl-16) Webcam-480p zebion with build in mic Mouse-Zebronics Tranformer m Price-2500/- Need to be physically present during the process Dm for more info Read more,,image,0,,7,https://www.reddit.com/r/kolkata/comments/1vx1at1/selling_ddr4_desktop_ram_2400mhz_8gbwebcam_480p/,,,,,,,False,False,470956,0,26,2026-08-27T08:37:53.745Z,raw/kolkata/2026-08/posts.jsonl#L398
kolkata,t3_1vx1mv7,2026-08-24T12:38:15.844Z,politicaIanalyst,My parents bought a land on sapoorji,"My parents bought a 2.5 katha land for 25 lakhs on sapoorji close to iskcon newtown, can y'all tell how much it's value will be in next 10-15 years??",,text,4,,32,https://www.reddit.com/r/kolkata/comments/1vx1mv7/my_parents_bought_a_land_on_sapoorji/,,,,,,,False,False,470956,0,26,2026-08-27T08:37:32.603Z,raw/kolkata/2026-08/posts.jsonl#L365
kolkata,t3_1vx259t,2026-08-24T13:00:25.633Z,Ok_Wrongdoer9526,Opinons on lokkhi bhandaar and Annapurna yojana and other cash transfer schemes,"I'm doing a small project on how cash transfer schemes affect women empowerment in WB. So to those who received Lokkhi bhandar, do you think this money actually gave greater decision making power in your family? Many times women see this money not as their 'own money'but as household money and spends it on family, is this true for your case too ? Also do your family members give their opinion on how you will spend this money. Apart from the increase in the amount, do you think Annapurna yojana is better than lokkhi bhandar? As a woman, what do you think are some limitations of these cash transfer schemes. I know many women in the age group of 26-60 do not use social media, so if you know someone who had received lokkhi bhandar and have observed these, can you please answer for them.",,image,0,,13,https://www.reddit.com/r/kolkata/comments/1vx259t/opinons_on_lokkhi_bhandaar_and_annapurna_yojana/,,,,,,,False,False,470956,0,26,2026-08-27T08:37:53.271Z,raw/kolkata/2026-08/posts.jsonl#L391
kolkata,t3_1vx2wn2,2026-08-24T13:30:46.470Z,pink-Raspberryy,Parental trauma is the worst fucking thing,"I have a very love hate relationship with my parents and always keep encouraging people to move away from them and seek a free and independent life but lately I havent been living upto my own words. Over time I am realizing how deep rooted my fear of failure and disappointing them has become. Its horrifying to be honest. I get very scared when I imagine them not having an absolute positive outlook towards me. All my teenage and adulthood they have relied on me for all sorts of emotional support and advise, dumped all their issues and all I wish from them honestly is to let me live my life and leave me alone. I do know they dont want bad for me, but I cant explain that they are not doing me any good. Im just tired.",,text,12,,5,https://www.reddit.com/r/kolkata/comments/1vx2wn2/parental_trauma_is_the_worst_fucking_thing/,,,,,,,False,False,470956,0,25,2026-08-27T08:37:07.427Z,raw/kolkata/2026-08/posts.jsonl#L304
kolkata,t3_1vx31mm,2026-08-24T13:36:09.877Z,Decade594,Does anyone play FC Mobile here?,,,image,54,,82,https://www.reddit.com/r/kolkata/comments/1vx31mm/does_anyone_play_fc_mobile_here/,,,,,,,False,False,470956,0,26,2026-08-27T08:37:08.053Z,raw/kolkata/2026-08/posts.jsonl#L309
kolkata,t3_1vx34n2,2026-08-24T13:39:37.754Z,Own_Primary4136,Visva Bharati (25characters),Did anyone get any mail for payment or councelling of the applied course for UG admission 2026?? Read more,,text,1,,0,https://www.reddit.com/r/kolkata/comments/1vx34n2/visva_bharati_25characters/,,,,,,,False,False,470956,0,26,2026-08-27T08:37:53.380Z,raw/kolkata/2026-08/posts.jsonl#L392
kolkata,t3_1vx354e,2026-08-24T13:40:09.040Z,Willing_Animal_5722,What app do you think should exist for long distance couples but doesn't?,Looking to make something specially for ldr couples. any ideas are welcome Read more,,text,0,,5,https://www.reddit.com/r/kolkata/comments/1vx354e/what_app_do_you_think_should_exist_for_long/,,,,,,,False,False,470956,0,26,2026-08-27T08:37:55.005Z,raw/kolkata/2026-08/posts.jsonl#L412
kolkata,t3_1vx43fk,2026-08-24T14:16:57.881Z,knight_Reesh,এক বৃষ্টিস্নাত বিকেল ও রবীন্দ্র সরোবর 🌧️🍃,Device: Motorola Edge 50 Neo Instagram Handle: @the_snap_survivor Read more,,video,10,,0,https://www.reddit.com/r/kolkata/comments/1vx43fk/%E0%A6%8F%E0%A6%95_%E0%A6%AC%E0%A6%B7%E0%A6%9F%E0%A6%B8%E0%A6%A8%E0%A6%A4_%E0%A6%AC%E0%A6%95%E0%A6%B2_%E0%A6%93_%E0%A6%B0%E0%A6%AC%E0%A6%A8%E0%A6%A6%E0%A6%B0_%E0%A6%B8%E0%A6%B0%E0%A6%AC%E0%A6%B0/,,,,,,,False,False,470956,0,26,2026-08-27T08:37:07.379Z,raw/kolkata/2026-08/posts.jsonl#L302
kolkata,t3_1vx471n,2026-08-24T14:20:43.991Z,Every-Bug-4778,Wildlife of Rabindra Sarobar,,,image,106,,4,https://www.reddit.com/r/kolkata/comments/1vx471n/wildlife_of_rabindra_sarobar/,,,,,,,False,False,470956,0,26,2026-08-27T08:36:51.029Z,raw/kolkata/2026-08/posts.jsonl#L238
kolkata,t3_1vx4a97,2026-08-24T14:24:04.423Z,showmeurx,Best biryani in town,I visited the newly opened Arsalan near south city mall.Truly the Best branch of Arsalan with good hygiene and hospitality on top of some deliciously prepared food,,image,10,,39,https://www.reddit.com/r/kolkata/comments/1vx4a97/best_biryani_in_town/,,,,,,,False,False,470956,0,26,2026-08-27T08:37:14.882Z,raw/kolkata/2026-08/posts.jsonl#L328
kolkata,t3_1vx4i9p,2026-08-24T14:32:34.073Z,Not-a-doctor-77,SIR list কি পরিবর্তন হয়েছে?,বুঝলাম না এটা কেনো পাঠালো। আমার তো নাম আছে লিস্ট এ। তাহলে আবার কিজন্য এসব? Read more,,image,5,,3,https://www.reddit.com/r/kolkata/comments/1vx4i9p/sir_list_%E0%A6%95_%E0%A6%AA%E0%A6%B0%E0%A6%AC%E0%A6%B0%E0%A6%A4%E0%A6%A8_%E0%A6%B9%E0%A6%AF%E0%A6%9B/,,,,,,,False,False,470956,0,26,2026-08-27T08:37:52.186Z,raw/kolkata/2026-08/posts.jsonl#L388
kolkata,t3_1vx4iri,2026-08-24T14:33:04.832Z,Fit-Management-1059,Anybody who read manhwa here,What have you read do far ? Read more,,image,3,,12,https://www.reddit.com/r/kolkata/comments/1vx4iri/anybody_who_read_manhwa_here/,,,,,,,False,False,470956,0,25,2026-08-27T08:37:17.968Z,raw/kolkata/2026-08/posts.jsonl#L330
kolkata,t3_1vx4our,2026-08-24T14:39:24.424Z,idkmanfuc,Anupam Roy is a Father now!,Ebar theke Anupam kaku(unc) bolte hobe dekhchi 😞,,video,547,,14,https://www.reddit.com/r/kolkata/comments/1vx4our/anupam_roy_is_a_father_now/,,,,,,,False,False,470956,0,26,2026-08-27T08:36:51.622Z,raw/kolkata/2026-08/posts.jsonl#L256
kolkata,t3_1vx4oz9,2026-08-24T14:39:32.143Z,WrongdoerAdept3985,"These are some of my favourite films of all time, Please recommend me more movies based on my taste!",So basically neo-noir/ psychological thriller/dramas are my vibe. Please suggest some more... Read more,,image,185,,240,https://www.reddit.com/r/kolkata/comments/1vx4oz9/these_are_some_of_my_favourite_films_of_all_time/,,,,,,,False,False,470956,0,26,2026-08-27T08:36:53.284Z,raw/kolkata/2026-08/posts.jsonl#L264
kolkata,t3_1vx4qkc,2026-08-24T14:41:12.598Z,sousaptak,Any Iem lovers here,Pulled the trigger after a lot of discussion.,,image,98,,107,https://www.reddit.com/r/kolkata/comments/1vx4qkc/any_iem_lovers_here/,,,,,,,False,False,470956,0,26,2026-08-27T08:36:58.566Z,raw/kolkata/2026-08/posts.jsonl#L268
kolkata,t3_1vx4rc1,2026-08-24T14:42:01.512Z,mighty-eagle2005,Howrah Weather,,,image,4,,0,https://www.reddit.com/r/kolkata/comments/1vx4rc1/howrah_weather/,,,,,,,False,False,470956,0,26,2026-08-27T08:37:31.070Z,raw/kolkata/2026-08/posts.jsonl#L355
kolkata,t3_1vx4vr6,2026-08-24T14:46:34.391Z,Suspicious-Estate695,Thoughts about this channel !! I personally appreciate how she discusses political issues objectively and without taking sides.,,,image,105,,37,https://www.reddit.com/r/kolkata/comments/1vx4vr6/thoughts_about_this_channel_i_personally/,,,,,,,False,False,470956,0,26,2026-08-27T08:36:51.620Z,raw/kolkata/2026-08/posts.jsonl#L255
kolkata,t3_1vx589e,2026-08-24T14:59:41.860Z,bruhmomentum_69,BENGAL MEANS BASS,OH MY GOD (KOLKATA) PRINCE OF KOLKATA LOVES YOU (MUAH),,video,1,,77,https://www.reddit.com/r/kolkata/comments/1vx589e/bengal_means_bass/,,,,,,,False,False,470956,0,26,2026-08-27T08:37:31.118Z,raw/kolkata/2026-08/posts.jsonl#L358
kolkata,t3_1vx5is6,2026-08-24T15:10:23.668Z,Level_Sugar_7122,Why is Eder Jonno not showing up in Kolkata??? Is the bulldozer not taking out the shop?,"Why does it feel like the locals don't even want to check these shops, and it went viral for all the wrong reasons outside of Bangladesh? Are these kinds of shops causing problems for the beautification of Kolkata? Read more",,image,146,,84,https://www.reddit.com/r/kolkata/comments/1vx5is6/eder_jonno_kolkata_nongra_hoina_er_dokan_e/,,,,,,,False,False,470956,0,0,2026-08-27T08:36:51.219Z,raw/kolkata/2026-08/posts.jsonl#L246
kolkata,t3_1vx5ofz,2026-08-24T15:16:16.774Z,aditya_35,Rakhi gift suggestions under 700,Rakhi gift suggestions for my didi under 700. Read more,,text,1,,8,https://www.reddit.com/r/kolkata/comments/1vx5ofz/rakhi_gift_suggestions_under_700/,,,,,,,False,False,470956,0,26,2026-08-27T08:37:52.458Z,raw/kolkata/2026-08/posts.jsonl#L389
kolkata,t3_1vx63v8,2026-08-24T15:31:57.296Z,hamri_lungi_meh_wifi,Need flatmate (preferred students),"Need a flatmate here in survey park, santoshpur-jadavpur Walking distance from satyajit ray metro station. Spacious flat with lots of big windows and sunlight, 2 balconies, 2 washroom, Modular kitchen 1st floor, It's in a very very quiet and peaceful ares with all amenities nearby. Absolutely no restrictions except noise Currently occupied by 2 boys both 19 Dm for more details Koi flat lelo pls😭😭 Read more",,image,5,,2,https://www.reddit.com/r/kolkata/comments/1vx63v8/need_flatmate_preferred_students/,,,,,,,False,False,470956,0,26,2026-08-27T08:37:07.928Z,raw/kolkata/2026-08/posts.jsonl#L307
kolkata,t3_1vx65rn,2026-08-24T15:33:50.616Z,Final-Distribution-8,Kolkata's historic yellow taxi,Do these still operate ? I remember these being phased out or something. My friends from US want to try this during pujo but i ain't sure if they operate anymore. Read more,,image,21,,5,https://www.reddit.com/r/kolkata/comments/1vx65rn/kolkatas_historic_yellow_taxi/,,,,,,,False,False,470956,0,26,2026-08-27T08:37:30.911Z,raw/kolkata/2026-08/posts.jsonl#L354
kolkata,t3_1vx66gy,2026-08-24T15:34:35.996Z,goon_consultant,"27M, parents wont stop with the marriage talks and im just done","im 27m, work as a sde. life is okay i guess. but my parents have now fully entered the marriage mode. every single conversation somehow becomes about when am i getting married, time is running out, we want to see grandkids etc etc. im strictly against it. i really feel marriage is designed to exploit us, especially in india. also i dont want to spend next 20-22 years raising kids. i dont think kids are necessary to live a good life at all. to me they are just next generation of slaves that the govt needs so society doesnt fall apart. i have tried explaining this to them calmly many times. they are not convinced at all. they think ive gone mad or become deranged or something. like internet has corrupted me. anyone else going through this? how do you deal with the constant pressure when your views on marriage and kids are so different from what parents expect? Read more",,text,35,,32,https://www.reddit.com/r/kolkata/comments/1vx66gy/27m_parents_wont_stop_with_the_marriage_talks_and/,,,,,,,False,False,470956,0,26,2026-08-27T08:37:02.480Z,raw/kolkata/2026-08/posts.jsonl#L297
kolkata,t3_1vx6dix,2026-08-24T15:41:49.338Z,Possible_Lime_2644,My father has 24+ years in Automotive Electronics & EV R&D — trying to help him find his next leadership role,"Hi everyone, I'm trying to help my father find his next opportunity in Automotive Electronics / EV / Power Electronics R&D, preferably in Delhi-NCR (Noida/Greater Noida/Delhi/Ghaziabad). He has 24+ years of experience in electronics product development and R&D, including leadership roles at Purflux Group and UNO Minda, along with experience at Delta Electronics, ARV India, Neo Light ZKW, NTL Electronics and Pentair. A few highlights from his career: - Led electronics R&D teams of up to 30 engineers - Worked on 24+ commercial products - Automotive electronics & lighting - EV battery chargers and power electronics - DC-DC converters and BLDC systems - Automotive sensors - PCB/PCBA development - EMC testing and product validation - ISO 26262, BIS and RDSO compliance - Supplier management and cross-functional product development We're mainly looking at roles such as: Head/Lead of Electronics R&D | R&D Manager | Engineering Manager | Senior Engineering Manager | Product Engineering Manager | Technical Program Manager I'm posting here because I've seen people on Reddit successfully help others through referrals and connections. If you work in automotive, EV, electronics, power electronics, R&D, engineering recruitment, or know someone hiring for these kinds of roles, I'd genuinely appreciate a referral, lead, or even a pointer to the right hiring manager. Companies such as Motherson, Spark Minda, Bosch, FORVIA HELLA, Valeo, Marelli, JBM, Continental, ZF, Lumax, Sandhar, Sona Comstar, Dixon, Havells and similar automotive/EV companies would be particularly relevant, but we're open to other good opportunities as well. Happy to share his resume over DM. Even if you don't have a vacancy yourself, an upvote or sharing this with someone in automotive/electronics R&D would mean a lot. Thank you! Read more",,text,1,,0,https://www.reddit.com/r/kolkata/comments/1vx6dix/my_father_has_24_years_in_automotive_electronics/,,,,,,,False,False,470956,0,26,2026-08-27T08:38:29.690Z,raw/kolkata/2026-08/posts.jsonl#L492
kolkata,t3_1vx6es9,2026-08-24T15:43:08.473Z,Puzzleheaded-Row-477,Bou k baniye khawabo returns! Part 5 as high protein paneer tawa fry,Chilli oil diye milky mist high protein low fat paneer tossed and topped with mozzarella cheese Add smoky paprika and holde and whatever you deem fit. Now where's the bou?👀🎥 Read more,,image,16,,7,https://www.reddit.com/r/kolkata/comments/1vx6es9/bou_k_baniye_khawabo_returns_part_5_as_high/,,,,,,,False,False,470956,0,26,2026-08-27T08:36:59.257Z,raw/kolkata/2026-08/posts.jsonl#L277
kolkata,t3_1vx6oa8,2026-08-24T15:52:51.881Z,TemporaryEast3771,Cheif Feline Officer of Karunamoyee metro station,Have you guys ever encountered this Officer? She's just super friendly...🥰,,image,71,,7,https://www.reddit.com/r/kolkata/comments/1vx6oa8/cheif_feline_officer_of_karunamoyee_metro_station/,,,,,,,False,False,470956,0,26,2026-08-27T08:36:52.022Z,raw/kolkata/2026-08/posts.jsonl#L261
kolkata,t3_1vx6ua9,2026-08-24T15:59:01.537Z,j1-harakiri,Hello kolkata?,how are you all?,,text,0,,26,https://www.reddit.com/r/kolkata/comments/1vx6ua9/hello_kolkata/,,,,,,,False,False,470956,0,26,2026-08-27T08:37:55.339Z,raw/kolkata/2026-08/posts.jsonl#L414
kolkata,t3_1vx6y8x,2026-08-24T16:02:45.537Z,Dhruv_J_G,multilayer parking maintenance contacts,"Hello everyone, If anyone here has contact with some any vendor or company that provides maintenance/repair services for multilayer car parking systems, please DM or reply to the post.",,text,1,,0,https://www.reddit.com/r/kolkata/comments/1vx6y8x/multilayer_parking_maintenance_contacts/,,,,,,,False,False,470956,0,26,2026-08-27T08:37:49.509Z,raw/kolkata/2026-08/posts.jsonl#L387
kolkata,t3_1vx73aw,2026-08-24T16:07:53.577Z,unexceptional_sikdar,"hi, kolkata redditors interested in movies","why not make a community full of a bunch of movie nerds, bangla/english (not really a big fan of bollywood) but regardless i respect every certain movie genre!",,image,7,,14,https://www.reddit.com/r/kolkata/comments/1vx73aw/hi_kolkata_redditors_interested_in_movies/,,,,,,,False,False,470956,0,26,2026-08-27T08:37:10.840Z,raw/kolkata/2026-08/posts.jsonl#L312
kolkata,t3_1vx74cm,2026-08-24T16:08:55.005Z,scared_soul_15,"Is anyone else having trouble registering for the National Library of India, Kolkata?","Hi everyone, I’m trying to register for the National Library of India, Kolkata, but I’m facing problems with the online registration process. The registration page/server doesn’t seem to be working properly for me, and I’m unable to complete the registration. Is anyone else facing the same issue recently? If you have successfully registered, could you please let me know how you did it or whether there’s any workaround? Thanks in advance!",,image,0,,2,https://www.reddit.com/r/kolkata/comments/1vx74cm/is_anyone_else_having_trouble_registering_for_the/,,,,,,,False,False,470956,0,26,2026-08-27T08:37:30.409Z,raw/kolkata/2026-08/posts.jsonl#L349
kolkata,t3_1vx77he,2026-08-24T16:11:59.805Z,Stabok_Bose,Taken a few photos at my village riverside. Please rate these!,,,image,11,,5,https://www.reddit.com/r/kolkata/comments/1vx77he/taken_a_few_photos_at_my_village_riverside_please/,,,,,,,False,False,470956,0,26,2026-08-27T08:36:59.931Z,raw/kolkata/2026-08/posts.jsonl#L289
kolkata,t3_1vx79oc,2026-08-24T16:14:07.644Z,chickendick07,Unpopular opinion -Instagram ruined Durga puja,Idk what happened but every Durga puja pandal invites influencer for early screening for promotion which killed all the hype u can see all the pandals on your phone days before puja which is wild to me there's no excitement anymore . Read more,,text,5,,11,https://www.reddit.com/r/kolkata/comments/1vx79oc/unpopular_opinion_instagram_ruined_durga_puja/,,,,,,,False,False,470956,0,25,2026-08-27T08:37:29.405Z,raw/kolkata/2026-08/posts.jsonl#L342
kolkata,t3_1vx7j3u,2026-08-24T16:23:13.971Z,Hopeful_Pumpkin_101,Not able to enjoy kolkata or maybe my job,"Came kolkata last year coz got a job in one of the companies here. It's my first job. I don't know, after a year, why I think that I have completely wasted a year of mine. Haven't got any chance to hangout that much (not even visited Victoria brooo). Last year Durga pooja mein all my roommates went to their home, leaving me alone here. Toh pooja enjoy nhi kr paya. Pandal hopping nhi kr paya. Saraswati pooja nhi dekhi, kali pooja nhi dekhi, pehla vaishakh sahi se nhi manaya, digha nhi gaya, chhangani ki kachori nhi khai, randomly Kolkata mein nhi ghooma, kuchh nhi kiya!! 😖 The only thing I did was my job, my freaking office work! Now it feels like I'm not on the right path, or maybe I'm in the early stage of my career so I should focus on my work. But noo bhai! A big no! Aise karte karte toh one day I'll get a job near my hometown, & will go back there. Phir bss, the only thing I'll have on my plate will be regrets, not memories. 30+ waale - Please give your thoughts & opinions 🙏 20s waale - Wants to hear your sufferings or your good experiences here in kolkata(if you're lucky ☀️) Read more",,text,2,,6,https://www.reddit.com/r/kolkata/comments/1vx7j3u/not_able_to_enjoy_kolkata_or_maybe_my_job/,,,,,,,False,False,470956,0,26,2026-08-27T08:37:32.211Z,raw/kolkata/2026-08/posts.jsonl#L361
kolkata,t3_1vx7v3w,2026-08-24T16:35:07.042Z,AgreeableIncrease405,Single room rent in beleghata,"Hii! I recently joined the rcciit college as 1st year engineering student and I urgently need a single room for rent or pg under 5000 in beleghata /cit more/chingrighata. I got into college late so many places are full and I'm desperate rn. If anyone has anything or any lead or know anyone who can help me out, please dm! (I'm girl btw,so no only for boys room/pg) Thank you!!! Read more",,text,4,,3,https://www.reddit.com/r/kolkata/comments/1vx7v3w/single_room_rent_in_beleghata/,,,,,,,False,False,470956,0,26,2026-08-27T08:37:43.965Z,raw/kolkata/2026-08/posts.jsonl#L377
kolkata,t3_1vx7ybq,2026-08-24T16:38:20.673Z,gravity_fleshlight,"Karnataka SIR: Draft electoral rolls to be published on August 24, over 1.07 crore voters set to be excluded.    A bit unrelated but over a crore voter removed from karnataka's roll. In every major state undergoing SIR, crore+ voters are being removed. So WB was not an exception.","What do you think? People were saying WB was targeted by EC , but looks like the results are consistent across all states. Leer más",,link,0,,5,https://www.reddit.com/r/kolkata/comments/1vx7ybq/karnataka_sir_draft_electoral_rolls_to_be/,https://www.thehindu.com/news/national/karnataka/sir-draft-electoral-rolls-to-be-pubslihed-on-aug-24-over-107-crore-voters-set-to-be-excluded/article71380593.ece,www.thehindu.com,,,,,False,False,470956,0,26,2026-08-27T08:38:18.062Z,raw/kolkata/2026-08/posts.jsonl#L459
kolkata,t3_1vx884q,2026-08-24T16:48:06.283Z,mama_ooOOooO,Former Mayor unscathed despite repeated disasters and deaths,,,link,7,,1,https://www.reddit.com/r/kolkata/comments/1vx884q/former_mayor_unscathed_despite_repeated_disasters/,https://youtu.be/QSeFNPt4kSA?si=M21QgnsOUM46-OpE,youtu.be,,,,,False,False,470956,0,26,2026-08-27T08:37:01.994Z,raw/kolkata/2026-08/posts.jsonl#L292
kolkata,t3_1vx88ik,2026-08-24T16:48:26.874Z,Quiet_Classic4629,"Hiring for a small snacks & beverage counter near Garia, Kolkata","Setting up a small snacks/beverage counter near Garia, looking for someone for the evening shift. Role: Handling counter, serving snacks & drinks Shift: 6–10 PM Pay: Competitive Experience: Not required, will train DM or comment if interested! Read more",,text,2,,1,https://www.reddit.com/r/kolkata/comments/1vx88ik/hiring_for_a_small_snacks_beverage_counter_near/,,,,,,,False,False,470956,0,26,2026-08-27T08:37:29.677Z,raw/kolkata/2026-08/posts.jsonl#L343
kolkata,t3_1vx8f4v,2026-08-24T16:55:08.646Z,GoodNobody4597,"CTO / technical cofounder, open to building something new","Hey, figured I'd put this out here since I've been talking to a few founders from this sub recently. I'm currently the CTO of an AI SaaS startup in the adult AI companion space. I joined this from pretty much day zero and built a large part of the product and tech from scratch. It's honestly been my brainchild technically. I still code every day. I'm not really the ""manage Jira tickets and sit in meetings"" kind of CTO. Most of my work is around Python, backend architecture, APIs, Postgres, Redis, cloud infra, GPU infra, payments, queues/workers, AI/ML, GenAI and scaling things once actual users start hitting them. I also work quite a bit with diffusion models. I've worked on training/fine-tuning models, inference and optimization, and deploying them on GPUs. We run our own image and video generation models as part of the platform, so I've had to deal with the ugly side of this stuff too: VRAM, inference speed, GPU costs, queues, concurrency, cold starts, failed generations, storage, etc. Basically, I've already gone through the whole 0 to production journey once. Building the first version, breaking things, fixing them, getting users, dealing with infra bills, figuring out what users actually want, and realizing that half the cool things you can build aren't necessarily worth building lol. I'm posting here because I'd like to eventually build something else as a cofounder too. I'm pretty open on the industry. AI obviously interests me, but fintech, healthcare, social, consumer SaaS or something completely different is fine if the opportunity makes sense. One thing though, my time matters a lot to me. I'm already running and building something, so I'm probably not the right person if you just have an idea and need someone to code the whole thing for equity. You don't need to have raised money or have thousands of users either. But I'd want you to bring something to the table. Could be domain knowledge, distribution, customers, sales, capital, a really strong understanding of the problem, whatever. And yes, I care about the money side of it too. I love building difficult tech, but I don't want to spend years building something impressive that nobody is willing to pay for. If you're working on something interesting and looking for a technical cofounder/CTO, just DM me. Tell me what you're building, where you're at right now, what you bring to the table, and what you're looking for in a cofounder.",,text,0,,4,https://www.reddit.com/r/kolkata/comments/1vx8f4v/cto_technical_cofounder_open_to_building/,,,,,,,False,False,470956,0,26,2026-08-27T08:37:48.496Z,raw/kolkata/2026-08/posts.jsonl#L385
kolkata,t3_1vx8g68,2026-08-24T16:56:11.104Z,CharacterBit5048,দুঃখ কিসে যায়? (ব্যক্তিগত অনুভূতি),"দুঃখ কিসে যায়? একদিন ছাড়িয়া গদি, রাজা মাঠে নেমে যদি হাওয়া খায়। তবে রাজা শান্তি পায়... একটু নস্টালজিক হচ্ছি, ক্ষমা করবেন। আজ থেকে ২৫-৩০ বছর আগে জীবনটা এত কঠিন ছিল না। দিব্যি লোকে ধীরে সুস্হে একটা কাজে বেরোত, চাকরি বা ব্যবসা। উনুনে ভাত ফুটত, ফ্যান চুঁইয়ে পড়ত ঢাকনার পাশ থেকে। পুড় পুড় শব্দ করে খড়ি পুড়ত আখায়। পাটকাঠির বেড়ায় ঝাঁকড়া কাকরোল গাছে সাদা ফুল ছেয়ে থাকত। ছেলে পুলে সরকারি স্কুলে যেত। আমিও গেছি। প্রাইভেট স্কুল তো ছিল না বললেই চলে। বাড়ি ফিরে একথালা ভাত। দৌড়ে মাঠে গিয়ে ডাংগুলি, ফুটবল, দাঁড়িয়াবাধা। একটা সামান্য কেরানী ও দিব্যি স্বচ্ছলতায় দিন কাটিয়ে দিত। প্রাইমারি শিক্ষক সসম্মানে ঐ বেতনে দিন গুজরান করত। বাড়িতে মাছ ওয়ালা, চাল ওয়ালা, সবজি দিদি এসে গপ্পো জুড়ত। মা- জেঠি দাওয়াত ঠেস দিয়ে গল্প করত।পান সাজত, সুপুরি কুচে মুখে ফেলত। এক সুখ সুখ রোদ ছিল... এই সারি সারি ফ্ল্যাট, বড় বড় আবাসন- এতে সুখী লোক থাকে? হয়তো থাকে। সবাই খালি ছুটছে দেখি। দেখি মানে এপিকিউরিয়ান দেখা নয়। আমিও ছুটতে ছুটতেই দেখি। খুব দৌড়। চাকরি, ছেলেমেয়েদের প্রাইভেট স্কুলের খরচ, মেডিক্লেম, ফ্ল্যাটের লোন, ই এম আই- এসব পেরিয়ে ছুটতে ছুটতে কতটুকুই বা দেখা যায়? দামী ফ্ল্যাটের ছোট জানালা থেকে কতটুকুই বা আকাশ দেখা যায়? জানালাগুলো আগে দুদিকে চ ওড়া হয়ে খুলত, এখন আধখানা খোলে। আমাদের গ্রামের বাড়ির উঠোনে একটা মস্তবড় আমগাছ ছিল। খুব ছোটবেলায় দুপুরে বিছানায় শুয়ে শুয়ে ঐ গাছের ওপর নীল রঙের আকাশ দেখতে দেখতে ভাবতাম, ঐ উঠোন, গাছ, পাশের রাজুদার বাড়ি, নদীর পাড় পেরিয়ে কি? তার বাইরে কল্পনাও পৌঁছাতে না। এখন সেসব পেরিয়ে দেখি ওর বাইরে একটা মস্তবড় খাঁচা। তার ভেতর খুড়োর কল। এত জিনিস, এত ঠাসাঠাসি ভোগবাদ তবু শান্তি কই? দু দন্ড বসে হাওয়া খাবার অবসর শেষ হয়ে আসছে। কমফোর্ট বেড়েছে, শান্তি কমেছে। লাক্সারি বেড়েছে অবসর কমেছে। ডেটিং বেড়েছে, ভালোবাসা কমেছে। উচ্চমাধ্যমিক এর পর ভুগোলের জয় স্যারের কোচিং এর শেষ দিনে , যে মেয়েটা বলেছিল "" মনে রাখিস"", তার মুখটা দেখছি আর মনে পড়ছে না। যে বন্ধুটা কলেজে, হোস্টেলে থাকাকালীন সারারাত জেগে মাথায় জল পট্টি দিয়েছিল ধুম জ্বরে, তার নাম উত্তম। ফেসবুকে খুঁজব ভাবলাম। কিছুতেই সারনেম মনে পড়ল না। কি যেন একটা ঘটে গেছে। সারা সমাজে। মগজের কোষে। মানুষের মননে। বা হয়তো কিছুই ঘটেনি। বয়সের দোষ। সবাই নিজের নিজের মত খুঁজে নিচ্ছে শৈশব, বন্ধুত্ব, সম্পর্ক। দু ঘন্টা আগে জানলাম, সেই ছোটবেলার এক বন্ধু, আমার একমাত্র ছোটবেলার বন্ধু,মারা গেছে। স্ট্রোক। গ্রামে যাচ্ছি। চাকরির চাপ আছে। ছুটি নেই। না থাক। একবার যাই। দাহ হয়ে যাবে আজ রাতেই। পৌঁছতে পারবে না। তবু যাই। cope করতে লিখছি হয়তো। এর আগে কখনো ট্রেনে বসে বোর হলে ওকে কল করেই সময় কাটাতাম। এই লেখাটাও ওর প্রতিই থাকল। দুঃখ কিসে যায়.... Read more",,text,24,,10,https://www.reddit.com/r/kolkata/comments/1vx8g68/%E0%A6%A6%E0%A6%96_%E0%A6%95%E0%A6%B8_%E0%A6%AF%E0%A6%AF_%E0%A6%AC%E0%A6%AF%E0%A6%95%E0%A6%A4%E0%A6%97%E0%A6%A4_%E0%A6%85%E0%A6%A8%E0%A6%AD%E0%A6%A4/,,,,,,,False,False,470956,0,26,2026-08-27T08:36:59.369Z,raw/kolkata/2026-08/posts.jsonl#L285
kolkata,t3_1vx8hko,2026-08-24T16:57:36.359Z,Narkelnaru,URGENT HELP,"My iphone 13 is facing changing issue,it's battery health is 66%. I want to change that thing. Suggest me some apple showroom where I can replace it.",,text,1,,5,https://www.reddit.com/r/kolkata/comments/1vx8hko/urgent_help/,,,,,,,False,False,470956,0,26,2026-08-27T08:37:34.730Z,raw/kolkata/2026-08/posts.jsonl#L369
kolkata,t3_1vx8jpx,2026-08-24T16:59:48.414Z,Eastern_Mushroom5346,How is Chandraketugarh as a tourist spot?,Has anyone visited Chandraketugarh? How is the place? Is it good for a family visit? Do we get to explore the historical sites?,,text,1,,0,https://www.reddit.com/r/kolkata/comments/1vx8jpx/how_is_chandraketugarh_as_a_tourist_spot/,,,,,,,False,False,470956,0,26,2026-08-27T08:37:18.434Z,raw/kolkata/2026-08/posts.jsonl#L332
kolkata,t3_1vx8m4m,2026-08-24T17:02:04.886Z,Sarath_222,Fully furnished 2bhk available for rent,"Hello All, My Flat in Highland Woods - Maple Tower, South Facing, 10th floor will be available for rent from next month. It’s a fully furnished flat with wood work, fans, lights, beds, diwan, dining table set, aqua guard, fridge. Car parking included Let me know if anyone is interested. Rent : 21300₹ Advance : 2 months Read more",,text,1,,0,https://www.reddit.com/r/kolkata/comments/1vx8m4m/fully_furnished_2bhk_available_for_rent/,,,,,,,False,False,470956,0,26,2026-08-27T08:37:34.552Z,raw/kolkata/2026-08/posts.jsonl#L368
kolkata,t3_1vx8onr,2026-08-24T17:04:33.675Z,iscrappedthe_data,"মোদির পর এবার শুভেন্দু, মণ্ডপে থাকবে শুভেন্দুর মূর্তি 🫪",Source : Anandabazar: https://youtube.com/shorts/_gQnUt7aavo,,video,0,,12,https://www.reddit.com/r/kolkata/comments/1vx8onr/%E0%A6%AE%E0%A6%A6%E0%A6%B0_%E0%A6%AA%E0%A6%B0_%E0%A6%8F%E0%A6%AC%E0%A6%B0_%E0%A6%B6%E0%A6%AD%E0%A6%A8%E0%A6%A6_%E0%A6%AE%E0%A6%A3%E0%A6%A1%E0%A6%AA_%E0%A6%A5%E0%A6%95%E0%A6%AC_%E0%A6%B6%E0%A6%AD%E0%A6%A8%E0%A6%A6%E0%A6%B0_%E0%A6%AE%E0%A6%B0%E0%A6%A4/,,,,,,,False,False,470956,0,26,2026-08-27T08:38:07.518Z,raw/kolkata/2026-08/posts.jsonl#L436
kolkata,t3_1vx8tf7,2026-08-24T17:09:19.180Z,sgh20208,KMC gives NOC for metro pink line,Pink line (Baranagar-Barrackpore) was stalled for a decade due to water transmission lines or so they claimed,,image,28,,8,https://www.reddit.com/r/kolkata/comments/1vx8tf7/kmc_gives_noc_for_metro_pink_line/,,,,,,,False,False,470956,0,26,2026-08-27T08:37:30.910Z,raw/kolkata/2026-08/posts.jsonl#L353
kolkata,t3_1vx9bk6,2026-08-24T17:26:44.802Z,Pavan_Pareek,Garba Community,"Hi, I am looking for any garba community practicing garba. Nearby biswa bangla or any other areas of kolkata. Willing to connect and learn garba before Navratri in Kolkata. Any leads?? Read more",,text,0,,7,https://www.reddit.com/r/kolkata/comments/1vx9bk6/garba_community/,,,,,,,False,False,470956,0,0,2026-08-27T08:41:29.401Z,raw/kolkata/2026-08/posts.jsonl#L886
kolkata,t3_1vx9er3,2026-08-24T17:29:47.182Z,Nghtcrwlrr,আজকে রাতের গান ( কেনো- The prophesor),Channel link - https://youtu.be/aT1Rottpu7M?si=fnJEcbl3xcm4NGw1 প্রচণ্ড underrated band!,,video,2,,0,https://www.reddit.com/r/kolkata/comments/1vx9er3/%E0%A6%86%E0%A6%9C%E0%A6%95_%E0%A6%B0%E0%A6%A4%E0%A6%B0_%E0%A6%97%E0%A6%A8_%E0%A6%95%E0%A6%A8_the_prophesor/,,,,,,,False,False,470956,0,25,2026-08-27T08:37:30.400Z,raw/kolkata/2026-08/posts.jsonl#L346
kolkata,t3_1vx9nh3,2026-08-24T17:38:16.296Z,NebulaNegative2242,What's the top 3 most overhyped eateries in Kolkata?,"I have felt so underwhelmed at so many ""hidden gems"" and ""viral"" eateries in the city and the food bloggers are making palaces of thin air. What do you guys think?",,text,35,,71,https://www.reddit.com/r/kolkata/comments/1vx9nh3/whats_the_top_3_most_overhyped_eateries_in_kolkata/,,,,,,,False,False,470956,0,26,2026-08-27T08:36:59.427Z,raw/kolkata/2026-08/posts.jsonl#L284
kolkata,t3_1vxa06r,2026-08-24T17:50:43.522Z,Captionist_The,Best places for vacation during October.,"Hey there, fabulous Kolkatans! 👋 Spill the tea ☕ on your latest adventures, family escapes 👨‍👩‍👧‍👦, and how much damage it did to your wallet 💸. Just a tiny favor: let's skip the usual suspects, Digha/Mandarmani – my heart yearns for something a little more ""off-the-beaten-path"" 🗺️. Think unique, think awesome! ✨ What hidden gems have you uncovered? 🕵️‍♀️ Share your secrets! 😉🏖️ Edit: For the beings going gaagaagoogoo over AI use, the post didnt write by itself. I still had to write the main body and AI just polished it and added some emojis. WTF is ""vibe"" from a reddit post asking for vacation plans? I'll use whatever tech is available to me to make my life easier, heck I paid for it. If u dont wanna use or adapt, dont use. No one is forcing you to. But dont try to hog karma or spam ""Dont use AI, dont use AI"" in every post you see. Thanks. ✌️ Read more",,text,0,,18,https://www.reddit.com/r/kolkata/comments/1vxa06r/best_places_for_vacation_during_october/,,,,,,,False,False,470956,0,26,2026-08-27T08:37:14.278Z,raw/kolkata/2026-08/posts.jsonl#L323
kolkata,t3_1vxa0db,2026-08-24T17:50:54.636Z,Curiosity_KiLLs3,Anyone who wants to adopt a super intelligent and cute female INDIE?,"So there’s this Indie in my colony who stays on her own, has no pack! Someone had allegedly brought her here from somewhere else then abandoned her. She’s super cute, intelligent, can be trained easily and trust me on the intelligence part, I have been around dogs since 5 years but I have never seen any dog as intelligent as her! For more info anyone can comment/DM",,text,7,,0,https://www.reddit.com/r/kolkata/comments/1vxa0db/anyone_who_wants_to_adopt_a_super_intelligent_and/,,,,,,,False,False,470956,0,26,2026-08-27T08:37:00.460Z,raw/kolkata/2026-08/posts.jsonl#L290
kolkata,t3_1vxaibq,2026-08-24T18:08:10.678Z,Dear-Celery7013,Tenida core,,,image,13,,1,https://www.reddit.com/r/kolkata/comments/1vxaibq/tenida_core/,,,,,,,False,False,470956,0,26,2026-08-27T08:37:30.009Z,raw/kolkata/2026-08/posts.jsonl#L345
kolkata,t3_1vxauir,2026-08-24T18:20:03.625Z,Puzzleheaded-Row-477,"Whatever your political ideology may be, after 16 LONG DAMN YEARS we are seeing progress in this sphere. And that's not possible practically with any other party in power.",I know i am gonna get downvoted but reddit doesn't represent reality anyways https://www.uniindia.com/west-bengal-chief-minister-welcomes-kmc-noc-for-baranagar-barrackpore-metro-corridor/east/news/3953523.html Read more,,image,205,,72,https://www.reddit.com/r/kolkata/comments/1vxauir/whatever_your_political_ideology_may_be_after_16/,,,,,,,False,False,470956,0,26,2026-08-27T08:36:06.209Z,raw/kolkata/2026-08/posts.jsonl#L182
kolkata,t3_1vxb3jx,2026-08-24T18:28:41.280Z,Beneficial_Scar4387,Bizpur,Guys share your thoughts about MLA of Bizpur Read more,,text,2,,8,https://www.reddit.com/r/kolkata/comments/1vxb3jx/bizpur/,,,,,,,False,False,470956,0,26,2026-08-27T08:39:25.743Z,raw/kolkata/2026-08/posts.jsonl#L639
kolkata,t3_1vxbl28,2026-08-24T18:45:15.370Z,Swimming_Spite9990,Annapurna bhandar query,My housemaid's application form is showing this. What is the issue? How to resolve it? Keu janle please bolben.,,image,4,,5,https://www.reddit.com/r/kolkata/comments/1vxbl28/annapurna_bhandar_query/,,,,,,,False,False,470957,0,26,2026-08-27T08:40:35.354Z,raw/kolkata/2026-08/posts.jsonl#L807
kolkata,t3_1vxbt6o,2026-08-24T18:53:13.967Z,IzumiCypherX,OP's Tonight's Experiment: Fusion Chilli Fried Chicken,Don't mind the weird presentation. I forgot to click pictures after serving ;-; Made a fusion style chilli chicken by combining the classic desi-chinese Chilli Chicken with fried chicken restuarants' type chicken Recipe will be in the comments for anyone interested :) Read more,,image,180,,13,https://www.reddit.com/r/kolkata/comments/1vxbt6o/ops_tonights_experiment_fusion_chilli_fried/,,,,,,,False,False,470956,0,26,2026-08-27T08:36:06.264Z,raw/kolkata/2026-08/posts.jsonl#L184
kolkata,t3_1vxbw6n,2026-08-24T18:56:03.698Z,BangaliBabu01,It's midnight & raining || Let's play this game!,let's play this game 😜 Read more,,image,0,,24,https://www.reddit.com/r/kolkata/comments/1vxbw6n/its_midnight_raining_lets_play_this_game/,,,,,,,False,False,470956,0,0,2026-08-27T08:38:20.825Z,raw/kolkata/2026-08/posts.jsonl#L466
kolkata,t3_1vxccux,2026-08-24T19:11:28.245Z,Blueberrykitty_8,Doubt,"Though I'll apply in 2028 and rules may change , I'm just looking out. To apply for Sociology (BA Hons with research), at Presidency University Kolkata, the criteria states B=> % of marks obtained in class 10 maths. I did not have maths in class 10 (ICSE ). It was not compulsory in my school, so I left the subject back in class 8. Will it be a problem?",,image,1,,0,https://www.reddit.com/r/kolkata/comments/1vxccux/doubt/,,,,,,,False,False,470956,0,26,2026-08-27T08:37:45.289Z,raw/kolkata/2026-08/posts.jsonl#L381
kolkata,t3_1vxcl4p,2026-08-24T19:19:27.325Z,snowolf4,Is there anyone building a Start-up from Kolkata?,Hey I'm Mainak I'm a founder from Kolkata and I'm looking to connect with like minded people. Anyone building something or working in any project?,,text,1,,8,https://www.reddit.com/r/kolkata/comments/1vxcl4p/is_there_anyone_building_a_startup_from_kolkata/,,,,,,,False,False,470956,0,26,2026-08-27T08:37:30.906Z,raw/kolkata/2026-08/posts.jsonl#L352
kolkata,t3_1vxcxy6,2026-08-24T19:32:31.583Z,alterego5437,How many of u are single and how do u deal with it guyssss?😭,Single life kerom jacche gaaizz?? Nki sudhu ami parchina thkte ebhabe🙂,,text,6,,110,https://www.reddit.com/r/kolkata/comments/1vxcxy6/how_many_of_u_are_single_and_how_do_u_deal_with/,,,,,,,False,False,470956,0,0,2026-08-27T08:37:32.398Z,raw/kolkata/2026-08/posts.jsonl#L362
kolkata,t3_1vxdahy,2026-08-24T19:45:15.005Z,StockPossible8522,Best restaurant in Jadavpur for lunch with dad,I am 24 and recently finished my post graduation. My father is a busy man and he hardly gets time but he has agreed to going out with me for lunch. Which are the best restaurants with quality food and reasonable price in Jadavpur for lunch? We aren't particularly interested in biryani or chinese. Read more,,text,4,,17,https://www.reddit.com/r/kolkata/comments/1vxdahy/best_restaurant_in_jadavpur_for_lunch_with_dad/,,,,,,,False,False,470956,0,26,2026-08-27T08:37:14.313Z,raw/kolkata/2026-08/posts.jsonl#L324
kolkata,t3_1vxdmuw,2026-08-24T19:57:43.481Z,Farhan-man,Looking for a Sony Handycam like CX405 or better under 10k,"Looking for a Sony Handycam like CX405 or better. Budget is around 10k, Kolkata/nearby preferred. If anyone is selling one, please DM me the model, condition and price. Read more",,text,1,,0,https://www.reddit.com/r/kolkata/comments/1vxdmuw/looking_for_a_sony_handycam_like_cx405_or_better/,,,,,,,False,False,470956,0,26,2026-08-27T08:38:50.342Z,raw/kolkata/2026-08/posts.jsonl#L548
kolkata,t3_1vxeibj,2026-08-24T20:29:09.624Z,Ok_Combination2196,Kisi ko koi dikkat ha toh batao let's chat an discuss,Yap karte ajao,,text,0,,5,https://www.reddit.com/r/kolkata/comments/1vxeibj/kisi_ko_koi_dikkat_ha_toh_batao_lets_chat_an/,,,,,,,False,False,470956,0,26,2026-08-27T08:38:18.087Z,raw/kolkata/2026-08/posts.jsonl#L461
kolkata,t3_1vxfkzf,2026-08-24T21:08:27.416Z,introvert_maw,"Apparently, my sneaker has the power to cause severe emotional trauma and depression to sleeping street dogs. Who is right here?","My girlfriend (26F, who is a huge dog lover) and I recently went to a cafe. When it was time to leave, we found a stray dog fast asleep right next to my scooty, blocking the way to get on. I tried calling the dog a couple of times to wake him up and get him to move. He opened his eyes, looked at me, and just went right back to sleep. My girlfriend told me to leave him alone and suggested I either try to squeeze through a tiny gap or awkwardly maneuver around the back of the scooty to get on. Instead, I gently tapped the dog’s back with my leg (I was wearing sneakers) and told him to move. To be clear: I barely used any force, it was just a normal, light nudge. My reasoning is that I don’t want to bend down and put my hands on an unknown, sleeping street dog to move him, because you never know if they might get startled and bite. The dog barely reacted and remained completely unbothered by the tap. My girlfriend, however, got absolutely furious. She started scolding me, told me I am not kind at all, lack manners, and should be ashamed of myself. She genuinely argued that the dog must have felt heartbroken, felt pain, and is now depressed because I used my foot to move him. She said she couldn't believe I would do something like this to an animal and was incredibly upset. My perspective: It was a purely practical, harmless tap to safely make space without risking a bite. I’ve safely nudged neighborhood strays like this in the past to get them to stand up, and it works without hurting them. I think it’s a completely normal way to handle the situation. Her perspective: Using a foot/leg on an animal is absolutely abnormal and cruel, regardless of the force used. She believes the dog feels sadness and pain from the gesture itself, and that I should never use this ""trick."" It’s been two weeks and we are still debating who is right, and she actually wanted me to get other people's opinions. So, Reddit, who is right here? Is it a practical way to deal with a street dog, or am I in the wrong? Read more",,text,0,,42,https://www.reddit.com/r/kolkata/comments/1vxfkzf/apparently_my_sneaker_has_the_power_to_cause/,,,,,,,False,False,470956,0,26,2026-08-27T08:37:53.677Z,raw/kolkata/2026-08/posts.jsonl#L396
kolkata,t3_1vxgkor,2026-08-24T21:46:04.679Z,Aryan_07_,Does anyone play turf football at intermediate level...it's been long since I played. I CAN JOIN,Dm Read more,,text,0,,0,https://www.reddit.com/r/kolkata/comments/1vxgkor/does_anyone_play_turf_football_at_intermediate/,,,,,,,False,False,470956,0,22,2026-08-27T08:38:07.051Z,raw/kolkata/2026-08/posts.jsonl#L426
kolkata,t3_1vxiiq6,2026-08-24T23:03:35.238Z,i_drew_waifus,Looking for a guitar (even used/beginner) as a birthday gift for my best friend who's wanted one since forever,"Hey everyone. So this is a bit of a personal one. Me and my best friend have known each other since childhood...same class, same school, practically grew up together. He was always the one who stole the show,great attitude, and genuinely talented at singing. I was more the quiet, behind-the-scenes type, the ""craftsman"" who'd tinker with stuff while he was out there performing. His birthday's coming up soon, and he's wanted a guitar for as long as I can remember. I'd love to be the one to finally get it for him, but honestly I'm really tight on money right now. If anyone has a spare acoustic guitar lying around....even beginner-level, used, worn strings, doesn't matter...that you're not using anymore, I'd be so grateful if you'd consider passing it on. I know he'll do real justice to it. I've known him since we were kids, and I know how much this would mean to him. I'm based in Ranchi, Jharkhand, so local pickup/delivery would be easiest, but open to figuring out shipping too if needed. Happy to cover courier costs on my end. Can share more details or chat here/DM. Thank you for reading this far, even if you can't help....means a lot. Read more",,text,2,,0,https://www.reddit.com/r/kolkata/comments/1vxiiq6/looking_for_a_guitar_even_usedbeginner_as_a/,,,,,,,False,False,470956,0,26,2026-08-27T08:37:34.787Z,raw/kolkata/2026-08/posts.jsonl#L370
kolkata,t3_1vxlc2j,2026-08-25T01:02:57.137Z,dopamine-19,Pls share your experience with BSNL sim🤚,"How is the BSNL Sim experience across kolkata. Anyone using, pls share your experience. Planning to get one. Especially how is calling experience? Read more",,image,19,,41,https://www.reddit.com/r/kolkata/comments/1vxlc2j/pls_share_your_experience_with_bsnl_sim/,,,,,,,False,False,470956,0,26,2026-08-27T08:36:48.738Z,raw/kolkata/2026-08/posts.jsonl#L230
kolkata,t3_1vxngzk,2026-08-25T02:38:50.595Z,themillennialunicorn,Answer Honestly on this,"You are a corporate man honestly doing a Job. One day while coming from restaurant with your wife, you got ₹500 on street. What will you do with this money? Please be honest with your thoughts. Scenario: your monthly income is cut to cut.",,text,11,,22,https://www.reddit.com/r/kolkata/comments/1vxngzk/answer_honestly_on_this/,,,,,,,False,False,470956,0,26,2026-08-27T08:36:53.283Z,raw/kolkata/2026-08/posts.jsonl#L263
kolkata,t3_1vxnk3s,2026-08-25T02:42:49.758Z,desolationrow2017,NE shop in Kolkata,Can anyone please share where I find any north eastern grocery and vegetable shop in Kolkata? There's one in beliaghata but they are a small eatery. Apart from this any other leads will be appreciated Read more,,text,3,,3,https://www.reddit.com/r/kolkata/comments/1vxnk3s/ne_shop_in_kolkata/,,,,,,,False,False,470956,0,26,2026-08-27T08:37:29.694Z,raw/kolkata/2026-08/posts.jsonl#L344
kolkata,t3_1vxo5c3,2026-08-25T03:10:41.098Z,RemarkableSpite2323,Need help !!,In Kolkata we all know fabric market for men’s clothing and suits but there is no idea where one can get fabric for women’s clothing or dress fabrics . Does anyone has idea where they can get fabric easily ! Read more,,text,6,,24,https://www.reddit.com/r/kolkata/comments/1vxo5c3/need_help/,,,,,,,False,False,470956,0,26,2026-08-27T08:37:02.463Z,raw/kolkata/2026-08/posts.jsonl#L296
kolkata,t3_1vxoalo,2026-08-25T03:17:43.466Z,Sad-Researcher9791,Help for Violin teacher,Help in finding a violin teacher who can teach me one on one or in a small group. Kind of don't resonate with large groups in music schools. Read more,,text,1,,0,https://www.reddit.com/r/kolkata/comments/1vxoalo/help_for_violin_teacher/,,,,,,,False,False,470956,0,26,2026-08-27T08:37:14.242Z,raw/kolkata/2026-08/posts.jsonl#L321
kolkata,t3_1vxoj2g,2026-08-25T03:29:13.461Z,Eren081,BJP er 108,108 din khomotai Read more,,image,84,,30,https://www.reddit.com/r/kolkata/comments/1vxoj2g/bjp_er_108/,,,,,,,False,False,470956,0,26,2026-08-27T08:36:05.758Z,raw/kolkata/2026-08/posts.jsonl#L174
kolkata,t3_1vxoqvw,2026-08-25T03:39:55.797Z,ppatra,Agnimitra Paul hits back after footpath-milk outrage spills over: ‘Will investors come?’,,,link,5,,26,https://www.reddit.com/r/kolkata/comments/1vxoqvw/agnimitra_paul_hits_back_after_footpathmilk/,https://www.telegraphindia.com/west-bengal/agnimitra-paul-hits-back-after-footpath-milk-outrage-spills-over-will-investors-come/cid/2176498,www.telegraphindia.com,,,,,False,False,470956,0,26,2026-08-27T08:37:19.101Z,raw/kolkata/2026-08/posts.jsonl#L338
kolkata,t3_1vxowip,2026-08-25T03:47:45.478Z,Subject__xiii,Please suggest me some bengali songs,Don't suggest rabindra Sangeet,,text,2,,28,https://www.reddit.com/r/kolkata/comments/1vxowip/please_suggest_me_some_bengali_songs/,,,,,,,False,False,470956,0,26,2026-08-27T08:37:22.272Z,raw/kolkata/2026-08/posts.jsonl#L340
kolkata,t3_1vxphjh,2026-08-25T04:17:24.854Z,Significant-Try7148,Those who have not got annapurna bhandar chillax,"most prolly they are giving it to everyone now my mom's application was showing ""rejected but maybe further verified"" and she got the money this morning Even though my dad works in government sector and has pension we got the money, we put our number of rooms to be 3 and yearly income around 8lakhs i heard modi is coming here on his birthday on 17 September thats why they will give it to most of the people to avoid chaos during the event Read more",,text,3,,7,https://www.reddit.com/r/kolkata/comments/1vxphjh/those_who_have_not_got_annapurna_bhandar_chillax/,,,,,,,False,False,470956,0,26,2026-08-27T08:36:59.240Z,raw/kolkata/2026-08/posts.jsonl#L276
kolkata,t3_1vxplly,2026-08-25T04:23:20.079Z,ChildhoodOdd3619,"Those of you who read books, I really need your light on me.","Ami actually books portam but the habit is long gone after class 10. 6 years hoye gelo and ekhon ami 4th year e achi. Recently, I have started this book atomic habits and also, a little bit context, after jee ami semester er agei khali pori so I don't have any connection with my books anymore. So I wanted to see what I can do to make it worth my time and get back into books and also make a slight change to my habits.. I started to read yesterday which was day 1 and after like 9 mins 57 seconds into the book I felt so sleepy ( the time was just 12.10 am ) that I slept and again after about 8 hours of sleep, woke up and then thought of reading it again. This time it's 16 mins 10 seconds before I felt so sleepy that I had to stop the timer. What significant changes would you suggest me to reduce this problem of feeling sleepy.?",,image,12,,14,https://www.reddit.com/r/kolkata/comments/1vxplly/those_of_you_who_read_books_i_really_need_your/,,,,,,,False,False,470956,0,26,2026-08-27T08:36:51.091Z,raw/kolkata/2026-08/posts.jsonl#L244
kolkata,t3_1vxq7ix,2026-08-25T04:56:12.704Z,bigtimeOptimistic,"To all who had their passport police verification, what were the docs needed during police verification ?!","hello guys did anyone here recently apply for passport whose PS is kasba police station , i wanted to know what are the documents required during police verification ,specifically did they ask for any residential proof (like land deed or rent agreement) ? also did they ask for any nationality proof document of on or before year 1987(if yes, then what did you carry)? Also its been 5 days since PSK verification and till now i haven't received any call or msg from kasba PS. what should i do? Read more",,image,3,,13,https://www.reddit.com/r/kolkata/comments/1vxq7ix/to_all_who_had_their_passport_police_verification/,,,,,,,False,False,470956,0,26,2026-08-27T08:36:59.295Z,raw/kolkata/2026-08/posts.jsonl#L279
kolkata,t3_1vxq9hc,2026-08-25T04:59:13.931Z,Not-a-doctor-77,তাহলে বরানগর- ব্যারাকপুর মেট্রো NOC পেলো অবশেষে?,নতুন জলের পাইপ তৈরি করতে হবে বলছে। খুবই বড় কাজ। এই কাজ টিই করতে অনেক দিন লাগবে মনে হয়! Read more,,image,14,,4,https://www.reddit.com/r/kolkata/comments/1vxq9hc/%E0%A6%A4%E0%A6%B9%E0%A6%B2_%E0%A6%AC%E0%A6%B0%E0%A6%A8%E0%A6%97%E0%A6%B0_%E0%A6%AC%E0%A6%AF%E0%A6%B0%E0%A6%95%E0%A6%AA%E0%A6%B0_%E0%A6%AE%E0%A6%9F%E0%A6%B0_noc_%E0%A6%AA%E0%A6%B2_%E0%A6%85%E0%A6%AC%E0%A6%B6%E0%A6%B7/,,,,,,,False,False,470956,0,25,2026-08-27T08:36:47.139Z,raw/kolkata/2026-08/posts.jsonl#L209
kolkata,t3_1vxqdzs,2026-08-25T05:05:41.885Z,_PLUE_,Looking for Camera & Film Shops,"I recently got an Instax Mini 99 and I’m planning to visit Chandni Chowk this weekend, so I was wondering if there are any good stores there for Instax accessories. I’m especially looking to buy instax films in bulk, so recommendations for shops with decent prices would be great. Read more",,text,1,,3,https://www.reddit.com/r/kolkata/comments/1vxqdzs/looking_for_camera_film_shops/,,,,,,,False,False,470956,0,26,2026-08-27T08:37:13.235Z,raw/kolkata/2026-08/posts.jsonl#L314
kolkata,t3_1vxqgij,2026-08-25T05:09:42.490Z,hellohiiby,Behala to Newtown,Apparently there are wp groups for govt buses where the timings are informed or discussed . Do any of you are in the group of any buses from behala/joka to Newtown? If yes can you please add me?!,,text,1,,0,https://www.reddit.com/r/kolkata/comments/1vxqgij/behala_to_newtown/,,,,,,,False,False,470956,0,26,2026-08-27T08:37:02.461Z,raw/kolkata/2026-08/posts.jsonl#L295
kolkata,t3_1vxqi1s,2026-08-25T05:12:04.026Z,No-Snow971,Toy shops near Newtown,"I'm new to Kolkata and currently residing in Action Area 1, Newtown. So I'm visiting home this week and want to buy toys and some gifts for my nephew and niece. Can you suggest some toy shops near my location where I can buy some interesting stuffs or cool toys for them at best prices. Is there something like a toy mall in Kolkata? Read more",,text,0,,2,https://www.reddit.com/r/kolkata/comments/1vxqi1s/toy_shops_near_newtown/,,,,,,,False,False,470956,0,25,2026-08-27T08:36:59.010Z,raw/kolkata/2026-08/posts.jsonl#L271
kolkata,t3_1vxqti5,2026-08-25T05:29:43.453Z,Beautiful-Dig4196,URGENT HELP NEEDED!! My father has abused my family for our entire lives. Today I finally snapped and seriously hurt him. I don't know what to do now.,"(TL;DR at the end) My father has abused my family for our entire lives. Today I finally snapped and seriously hurt him. I don't know what to do now. I’m 20M, and I have a 16-year-old brother. My parents are 53M and 49F. My father has been abusive toward both of us for essentially our entire lives, ranging from emotional and verbal abuse to physical violence. For the past 19 years, my father worked away from home and would only come back every few months. He was fired (or rather made to resign) from his job around 8–9 months ago because of his aggression, alcoholism, and increasingly bad behavior. Since then, he has been home constantly, and things have gotten dramatically worse. He drinks heavily and has become increasingly aggressive and controlling. A few months ago, he developed heart problems and had a stent put in. We hoped that this would finally make him stop drinking and smoking, but he eventually started doing both again. At this point, he is drinking almost every single night. He treats our home like the hotel environment where he used to work, where he was apparently in charge. He orders everyone around constantly, and if we refuse or even question him, he becomes furious. He screams, insults us, threatens us, and sometimes hits us. He even slaps our 11 month old puppy if she doesn't listen to his orders. This has always happened, but having him at home continuously for the last 8–9 months has made it much worse. This morning, my 16-year-old brother had been vomiting during the night and wasn't feeling well. He also thought he had a UTI. My father assumed he was pretending to be sick because my brother sometimes tries to avoid school. At around 7 a.m., my father started screaming at him to get ready for school. My brother was already saying he would go, but he was taking some time to get up because there was still about half an hour before his school bus arrived. My father kept screaming at him and eventually kicked him. He started calling him horrible names. My brother understandably started yelling back. My father then escalated further and began hitting him, punching him in the face, throat and arm and slapping him. I've seen this kind of thing countless times before. I've also fought back before. When my father has hit me or my brother, I've sometimes shoved or pushed him, and on a couple of occasions I've hit or slapped him. I've also cursed back at him when he cursed at us. Today, though, I became extremely angry watching him hit my brother. I told him that if he kept going, I wouldn't hold myself back. I know I probably should have recorded what was happening. But when these things happen, I don't think rationally. It's like I immediately go into fight-or-flight mode. I genuinely don't know whether I should run away from the house or attack him. I feel like I need therapy or, at the very least, some distance from him. The situation then became even worse. My brother eventually went into the bathroom to get away from the situation. My parents started arguing with each other. I was in another room and couldn't see what was happening, but I heard scuffling and then what sounded like slapping. My father was screaming threats at my mother, including the phrase ""Mai tujhe maar dunga kutiya"", and other extremely abusive Hindi insults. I heard the slapping and ran out. My mother is significantly smaller than him, and because of everything that had just happened with my brother, my mind immediately assumed that my father was hitting her, which I later learnt was the inverse, and she had slapped him due to his inconsiderations. I basically blacked out with anger. I attacked my father and punched him repeatedly in the face and head. When I stopped, he had a bruise around his eye, a small cut underneath his eye, and one of his nostrils was bleeding. I know I should have tried to understand exactly what was happening before hitting him. I know that. But in that moment, it felt like everything that had happened over the past 20 years, him hitting me, hitting my brother, threatening us, insulting us, controlling us, just came out all at once. And now I'm struggling with what I've done. The injuries he has inflicted on us over the years are usually invisible. When I was younger, he would leave bruises all over our bodies. He's older now and perhaps isn't physically capable of causing the same visible injuries anymore, or perhaps he knows how to hit without leaving obvious marks. But today I gave him visible injuries. I don't know if this can come to bite me back. My brother eventually left for school. I left for college several hours before my classes because I couldn't stay in the house. My mother went to her mother's house, which is around 2 hours away from our home. I'm currently sitting at college and I don't know what I'm supposed to do next. I don't have the financial independence to simply move out. I'm a college student and only make some money through part-time work. My father currently pays my college fees and other expenses, so leaving immediately isn't realistically easy for me. I'm especially worried about my 16-year-old brother. He's still a minor and has to live in this environment. I'm also worried about my mother. If she decides to divorce my father, I have absolutely no idea how we're supposed to handle that practically or financially. Our maternal uncles might chip in but we would also need substantial support and a guarantee that she receives alimony, both for her future and ours. I also don't know how much responsibility I should take for what happened today. I don't want to pretend that punching my father was okay just because he's abusive. At the same time, I don't know how I'm supposed to watch someone beat my brother and remain completely calm, especially after experiencing this kind of abuse myself for most of my life. I feel like I'm constantly stuck between wanting to protect my family and being terrified that I'll eventually become violent myself. So I really need advice from people who have dealt with abusive parents or domestic violence: - What steps can I legally take in future if this turns into a case? - What should I do if my mother decides to divorce him? - How do we realistically deal with the financial side if my father stops supporting me? - And most importantly, is there a way for me to get my family out of this situation without making things even worse? I'm in India, if that matters for the kind of resources or legal advice that might apply. I know this is an extremely long post. I just don't know who else to ask. TL;DR: My father has been physically and emotionally abusive toward my family for years, and his behavior has become much worse since he started living at home full-time and drinking heavily. Today, he assaulted my 16-year-old brother, and after hearing what I thought was him attacking my mother, I lost control and repeatedly punched him, causing visible injuries. I know I went too far and I'm worried about the legal consequences and about becoming violent myself. I'm currently away from home and trying to figure out how to keep my mother and brother safe. I'm financially dependent on my father for college, while my mother is considering leaving him. I need advice on protecting my family, the legal situation in India, divorce/financial support, and how to get everyone out safely without escalating the violence.",,text,110,,43,https://www.reddit.com/r/kolkata/comments/1vxqti5/urgent_help_needed_my_father_has_abused_my_family/,,,,,,,False,False,470956,0,25,2026-08-27T08:36:47.879Z,raw/kolkata/2026-08/posts.jsonl#L216
kolkata,t3_1vxrjkc,2026-08-25T06:09:58.530Z,sankhadeepbiswas6,Finally bought a 3D printer,I was thinking of buying a 3D printer. Now I finally bought it. Read more,,image,167,,45,https://www.reddit.com/r/kolkata/comments/1vxrjkc/finally_bought_a_3d_printer/,,,,,,,False,False,470956,0,26,2026-08-27T08:36:01.892Z,raw/kolkata/2026-08/posts.jsonl#L164
kolkata,t3_1vxs1c8,2026-08-25T06:38:37.126Z,MercDroid,Selling mattress and gadda,"As per the heading, I’m selling a fairly new mattress and a gadda at a fairly cheap price as I’m no longer in need of those. So anybody willing to buy it can contact me for the price and picture.",,text,1,,0,https://www.reddit.com/r/kolkata/comments/1vxs1c8/selling_mattress_and_gadda/,,,,,,,False,False,470956,0,26,2026-08-27T08:37:07.747Z,raw/kolkata/2026-08/posts.jsonl#L305
kolkata,t3_1vxs1cv,2026-08-25T06:38:38.961Z,DopamineAccountant,A government actually enforcing the law.,Picture taken by me while the police kaku was having cha. Read more,,image,5,,2,https://www.reddit.com/r/kolkata/comments/1vxs1cv/a_government_actually_enforcing_the_law/,,,,,,,False,False,470956,0,26,2026-08-27T08:36:58.471Z,raw/kolkata/2026-08/posts.jsonl#L267
kolkata,t3_1vxs4i8,2026-08-25T06:43:39.634Z,Royal-Hamster1954,"Is there any way to improve electricity in our area, or it's a gone case","Since 3 months power cuts have gone bonkers, even if it's not raining or hasn't rained or no storm still there's power cuts several times a day, and for 1-3hours once or twice daily has become the norm recently. Earlier if i used to complain through WBSEDCL helpline/website they used to callback to know the issue and even would visit to fix it. Nowadays coincidentally after poriborton they don't even call or if I try calling the local stations, they get mad and start shouting like what can they do, they don't have responsibility etc. ironically this is the same number just 3 months back used to communicate regarding these issues. Now one thing our area still has those bare wires lines, there was some talk regarding upgrading it with cables but that was a few years back and no work was done. I know correlation isn't causation but wtf man, how did things change so much in just 3 months, Local leaders (same party) say I can't do anything, whom should I contact or reach out to for getting things improved. TLDR- Frequent longer than usual electricity cuts since 3 months/start of monsoon, but cuts occur even if weather is fine and WBSEDCL substation not taking accountability or helping. Read more",,text,3,,2,https://www.reddit.com/r/kolkata/comments/1vxs4i8/is_there_any_way_to_improve_electricity_in_our/,,,,,,,False,False,470956,0,25,2026-08-27T08:37:18.166Z,raw/kolkata/2026-08/posts.jsonl#L331
kolkata,t3_1vxs6id,2026-08-25T06:46:51.053Z,idkmanfuc,Teen Yaari Kotha is such a underrated gem from Tollywood,I would suggest everyone who hasn't watched It yet to give it a try Read more,,image,176,,32,https://www.reddit.com/r/kolkata/comments/1vxs6id/teen_yaari_kotha_is_such_a_underrated_gem_from/,,,,,,,False,False,470956,0,13,2026-08-27T08:35:51.997Z,raw/kolkata/2026-08/posts.jsonl#L128
kolkata,t3_1vxsbxg,2026-08-25T06:55:44.871Z,Massive-Sky6944,"Proven again je boyeshei boro hochhi, akhono shei bachha der moton impulsive shopping kore felchi 😓(Insta ads really know their game)","Frankly amar Andrew r Spidey mask ta best lage, look-wise even better than Tom's Spidey. P.S. I really hope this was not a scam 🤞🏻 Delivery na pele amakeo scammed howar list e naam lekhate hobe. However unlike fwb scam, hot wheels scam, cafe date scam, this will be a toy scam for a 29 yo grown up 😭",,image,17,,25,https://www.reddit.com/r/kolkata/comments/1vxsbxg/proven_again_je_boyeshei_boro_hochhi_akhono_shei/,,,,,,,False,False,470956,0,25,2026-08-27T08:36:41.271Z,raw/kolkata/2026-08/posts.jsonl#L205
kolkata,t3_1vxsjp1,2026-08-25T07:07:53.178Z,pagoljoy,Why is nobody talking about this?,https://www.sangbadpratidin.in/app/bengal/minor-girl-allegedly-physically-assulted-in-shason/pid/1304358/ Read more,,image,178,,47,https://www.reddit.com/r/kolkata/comments/1vxsjp1/why_is_nobody_talking_about_this/,,,,,,,False,False,470956,0,25,2026-08-27T08:35:51.711Z,raw/kolkata/2026-08/posts.jsonl#L126
kolkata,t3_1vxsog8,2026-08-25T07:15:25.128Z,Helpful_Cap1,"Wt does ""u look bengali even mean? ""","My sister lives in delhi for her job and sometimes I visit her for weeks or months and recently I downloaded a dating app when I was visiting her and there I matched with few guys and legit some of them told me 'I look bengali' fym? Tf does that even mean honestly it sounded so rude and weird bcz I don't think anyone looks like anything tbh and wt does that phrase even mean and tbh I get the ""u look bengali"" Phrase from a lot of ppl and even like one of my sister's friend said that when I was visiting her atp I don't even know if that's bad or good?? I just hope it's not like a xenophobic comment bash 😭✌ Read more",,text,0,,87,https://www.reddit.com/r/kolkata/comments/1vxsog8/wt_does_u_look_bengali_even_mean/,,,,,,,False,False,470956,0,26,2026-08-27T08:37:13.592Z,raw/kolkata/2026-08/posts.jsonl#L317
kolkata,t3_1vxszaa,2026-08-25T07:33:18.621Z,Hairy_Stranger1198,The kolkata derby shots,Went to the Durand cup final and was genuinely amazed by the atmosphere and fans. It was a full crowd and God felt as if I were attending a European game. I love the moon and it looked beautiful 😍😍,,image,17,,1,https://www.reddit.com/r/kolkata/comments/1vxszaa/the_kolkata_derby_shots/,,,,,,,False,False,470956,0,26,2026-08-27T08:36:37.017Z,raw/kolkata/2026-08/posts.jsonl#L198
kolkata,t3_1vxt90f,2026-08-25T07:49:47.060Z,Massive_Aside_9339,Am I cooked?,"Gorom chai er cup dhore felechi angul ta erom hoye geche, it is burning alot, what to do 😭 Am I cooked?",,image,6,,39,https://www.reddit.com/r/kolkata/comments/1vxt90f/am_i_cooked/,,,,,,,False,False,470956,0,26,2026-08-27T08:37:20.693Z,raw/kolkata/2026-08/posts.jsonl#L339
kolkata,t3_1vxtbtw,2026-08-25T07:54:22.245Z,ilish_bhaja,the bus driver and the conductor kept smoking despite :,'no smoking' 🥀 (i brightened the picture because it was captured in a dark setting) Read more,,image,33,,10,https://www.reddit.com/r/kolkata/comments/1vxtbtw/the_bus_driver_and_the_conductor_kept_smoking/,,,,,,,False,False,470956,0,26,2026-08-27T08:36:07.185Z,raw/kolkata/2026-08/posts.jsonl#L186
kolkata,t3_1vxtevi,2026-08-25T07:59:30.457Z,AwkardOiledBalls1984,Is casual racism normalised in Kolkata or WB?,"So I am a Bengali man(29YO), I am originally from Hoogly but was raised in Kolkata from my childhood. I have lived in Kolkata for almost 27years of my life. The more I get older people here pass weird comments about my looks - Example 1: last year I went to arunachal pradesh and when I came back and visited the office, some of my colleagues commented after seeing my picture ""Toke oi pare chinese ra nijer bhebe niye jayni? Tui to oder motoi dekhte"". Example 2: My previous partner out of the blue commented that ""ami bhabini toke etota chinese/nepali lage dekhte"" Example 3: One of the Friends who I go on bike rides with throws comments almost everyday ""Kire nepali? Koyta momo banali ajke?"" He once asked one of my other friend ""Oke dada dekhte nepali ba pahari pahari lage na"" Example 4: My another ex partner said to me ""Once I saw you for the first time entering the room I thought you were someone from the hills"" Example 5: One of my other friend casually commented ""bhai tui pahare chole ja koyekdin thak okahner meye ra toke emni i biye kore nebe karon tui saab ji der moto dekhte"" I know Bengalis have ""mongoloid"" genes and some Bengalis can look like nepali or people from the hills but why do we point it out again and again to people like us? Is casual racism so normalised in cities like kolkata? At this point I just take it as a compliment because it is so common these days. Has anyone else faced this?",,text,42,,104,https://www.reddit.com/r/kolkata/comments/1vxtevi/is_casual_racism_normalised_in_kolkata_or_wb/,,,,,,,False,False,470956,0,25,2026-08-27T08:36:04.636Z,raw/kolkata/2026-08/posts.jsonl#L167
kolkata,t3_1vxth7b,2026-08-25T08:02:59.631Z,easybrezze,Xenophobia against bengali,This is from a IG post regarding the recent death of IIT Delhi Msc 2nd year student. As someone who is aware about Indian academia and a part of it Bengalis are an overwhelming majority. I am not saying in support of the IITD director many bengali students have also passed away due to the intense pressure of IITs/IISC /IISER . It's not unknown . But how do people find out such ideals to propagate xenophobic hate . I am baffled would this be said if the person wasn't a bengali and the same thing be said for south Indians or north indians like this ? Read more,,image,57,,36,https://www.reddit.com/r/kolkata/comments/1vxth7b/xenophobia_against_bengali/,,,,,,,False,False,470956,0,25,2026-08-27T08:36:11.597Z,raw/kolkata/2026-08/posts.jsonl#L189
kolkata,t3_1vxtlye,2026-08-25T08:11:08.777Z,Granger_Hermione434,Can anyone tell me where I can get scarves like these in Kolkata?,"I have been looking for these twilly scarves to tie my hair with for long, but I couldn't really find them anywhere. I am aware that these are available online, but I don't really wanna buy from there. Can anyone please tell me which shop I can get these from, preferably in Esplanade, Sealdah, Howrah or Gariahat? Thank you:)",,image,4,,0,https://www.reddit.com/r/kolkata/comments/1vxtlye/can_anyone_tell_me_where_i_can_get_scarves_like/,,,,,,,False,False,470956,0,26,2026-08-27T08:36:51.277Z,raw/kolkata/2026-08/posts.jsonl#L249
kolkata,t3_1vxtuek,2026-08-25T08:25:32.283Z,Lavender_Lotika,Sickness wouldn't stop me from cooking 💀🥀,Made this after 12 years😭♥️,,image,77,,36,https://www.reddit.com/r/kolkata/comments/1vxtuek/sickness_wouldnt_stop_me_from_cooking/,,,,,,,False,False,470956,0,26,2026-08-27T08:35:54.106Z,raw/kolkata/2026-08/posts.jsonl#L148
kolkata,t3_1vxtyeb,2026-08-25T08:32:26.443Z,West-Technician-4856,Looking for a Flat on rent in Action Area 1D.,Same as the title. Please help me get a 1 or 2 bhk flat in Action Area 1D or Action Area 1C.,,text,0,,0,https://www.reddit.com/r/kolkata/comments/1vxtyeb/looking_for_a_flat_on_rent_in_action_area_1d/,,,,,,,False,False,470956,0,26,2026-08-27T08:37:01.383Z,raw/kolkata/2026-08/posts.jsonl#L291
kolkata,t3_1vxu8oh,2026-08-25T08:49:57.365Z,Least_Time_5214,I REALLY NEED TO FIX MY SLEEP SCHEDULE,"I really need to fix my sleep schedule. Last night I slept at 3 am or after that. All I was doing was scrolling the phone, on YouTube. Please tell me what to do. I can't sleep early at night. And then suddenly it's 2/3 am. Sometimes overthinking make it worse. Help 😭",,text,8,,33,https://www.reddit.com/r/kolkata/comments/1vxu8oh/i_really_need_to_fix_my_sleep_schedule/,,,,,,,False,False,470956,0,26,2026-08-27T08:36:48.529Z,raw/kolkata/2026-08/posts.jsonl#L227
kolkata,t3_1vxuiff,2026-08-25T09:05:48.311Z,Aint_A_Saint_,I need a singing teacher in or nearby Newtown.,Looking for a coach to start my vocal training. Read more,,text,1,,1,https://www.reddit.com/r/kolkata/comments/1vxuiff/i_need_a_singing_teacher_in_or_nearby_newtown/,,,,,,,False,False,470956,0,26,2026-08-27T08:36:59.020Z,raw/kolkata/2026-08/posts.jsonl#L273
kolkata,t3_1vxuurj,2026-08-25T09:25:40.533Z,CharacterBit5048,উচ্ছেদ ( ছোটগল্প),"কে কার দিকে যায়, কার টানে? কেই বা ছড়িয়ে হাত আমরন দাঁড়িয়ে থাকে জীবনের মাঝখানে কার খুব কষ্ট হয়, কালো মেঘ আকাশের জল পেলে? তুমি যাকে ছুঁড়ে ফেলে এগিয়েছ রাস্তায়, পথ জুড়ে বসে আছে সেই ছেলে বসে থাক। কেঁদে যাক।তাকিও না সংসারে সুখী হবে ঠিক এখনও কান্না দিনে যার মুখ মনে পড়ে আমি সেই প্রথম প্রেমিক... গল্পটা ছোট। প্রেমের গল্প ছোট ই হয়। বড় করতে গেলে ঘেঁটে যায়। প্যানপেনে, মেলোড্রামাটিক। একটা দূর্যোগের সন্ধ্যায় অফিস থেকে ফিরতে গিয়ে বৃষ্টিতে আটকে গেল সুমন। বর্ষাকালে বাইকে যাতায়াতের এই এক ঝামেলা। কখন বৃষ্টি নামে বলা মুশকিল। ঝিরিঝিরি হলে বর্ষাতি পড়ে তবু খানিকটা রেহাই পাওয়া যায়। কিন্তু এমন ঝড় জলে দৃশ্যমানতা শূন্য। গাড়ি চালানোই বিপজ্জনক। বাইক তো দূর অস্ত। ফুটপাতে একটা চায়ের দোকানের সামনে থামল সুমন। সল্টলেকের এই রাস্তাটায় তার আসা হয় না। করুণাময়ী দিয়ে যাতায়াত করলে অনেক সময় বাঁচে। কিন্তু ও দিকটায় কি খোঁড়াখুড়ি চলছে তাই ঘুরে যেতে হচ্ছে। ঝম ঝম শব্দে বৃষ্টি পড়ছে চায়ের দোকানের মাথায় লাগানো টিনের শেডের ওপর। এখন পুরো সল্টলেক জুড়ে হকার উচ্ছেদ চলছে। একসময় গম গম করা দোকানগুলোর কঙ্কাল ছড়িয়ে ছিটিয়ে পড়ে আছে। এই দোকানটাও উঠে যাবে কোনোদিন। এক ভাঁড় চা চাইল সুমন। সঙ্গে একটা ছোট গোল্ড। একজন মহিলা দোকানটা চালাচ্ছিল। পাশের একজনের সাথে কথা বলছিল মহিলাটি। চা খেতে খেতে ও তাদের কথা শুনতে শুনতে সুমন যা বুঝল, দোকানটার আয়ু শেষ। ইতিমধ্যে উচ্ছেদের নোটিশ দিয়ে গেছে। আলোর তার কেটে দিয়ে গেছে। প্রায় ঘুটঘুটে অন্ধকারে মহিলাটির গলা কান্না ভেজা। কোনোমতে লোকটিকে বোঝাচ্ছে যে এই দোকান না থাকলে না খেয়ে মরতে হবে তাদের। বর অ্যাক্সিডেন্টে পঙ্গু, বিছানায় পড়ে থাকে। দুই মেয়ে। তাদের স্কুলে পড়ানো, বই খাতা, টিউশন খরচ, এই দোকান থেকেই আসে। অন্ততঃ এক মাস সময় না দিলে ভিক্ষে করা ছাড়া উপায় নেই। লোকটা গম্ভীর মুখে শুনছিল, কিংবা শুনছিল না। ফোন ঘাঁটতে বলল, ""সব ই বুঝলাম, কিন্তু নতুন সরকার। আগের সিস্টেম নেই। সুনার বাঙলা তৈরি হবে। পার্টি খুব কড়া। হাজার দশেক দিলে চেষ্টা করতে পারি"" - ""কিন্তু দোকান লাগানোর সময় আমিতো টাকা দিয়েছিলাম, আপনাকেই "" মেয়েটা বলল। - আরে আমি কি আর আগের দল করি? আমি এখন নতুন দলে না? সেখানে দিতে হবে। আমি খাব থোড়াই! ""দেখ জোগাড় করতে পারো কিনা, নইলে এই শনিবার উঠে যেও"" বলে লোকটা ছাতা ফুটিয়ে চলে গেল। সুমন সবটা শুনল। মনে মনে একটু খারাপ লাগলেও কিছু করার নেই। এমন তো কতই হচ্ছে চারপাশে। তার নিজের চাপ কি কম? চার মাস হল চাকরি পেয়েছে। বাইকের ই এম আই, বাবার ওষুধ, ভাইয়ের কলেজের ফি। নাহ্, এত ভেবে কাজ নেই। দোকানের সামনে ঝোলানো লাইটার থেকে সিগারেট ধরানো যাক বরং। লাইটারটাও ভিজে গিয়ে কাজ করছে না। দু চার বার ব্ল্যাঙ্ক মারল। তারপর ফস্ করে জ্বলে উঠল। সেই আবছা আলোয় মেয়টির মুখটা দেখতে পেল সুমন। এই প্রথমবার। আট বছর আগে, এমন ই একটা শ্রাবনের মাসে তাকে শেষবার দেখা করে নূপুর বলেছিল, ""একমাস পর আমার বিয়ে। হয় আমার বাবার সাথে কথা বলো। নাহলে আমাকে ভুলে যেও সুমন দা! "" কলেজের জুনিয়ার ছিল নুপুর। ছোটখাটো চেহারা। থুতনিতে একটা জুড়ুল। খুব ভালো রবীন্দ্রসংগীত গাইত। তিন বছর সম্পর্কের পর বলেছিল তাকে ভুলে যেতে। সুমন তখন সদ্য কলেজ ছেড়েছে। চাকরি বাকরি নেই। বাবার পেনশনে সংসার চলে না। সাহস হয়নি হাত ধরে বলার যে যাস না। আমি সব ঠিক করে দেব। পরে কতবার নিজেকে দুষেছে। কপাল কে গাল দিয়েছে। শেষে দুষেছে নূপুরকে। ""প্রেম করতে হলে সহ্য করতে হয়। বাড়ি থেকে বলল বলেই বিয়ে করে নিলি। ধান্দাবাজ!"" মনে মনে ভেবেছে সুমন। তারপর চেষ্টা করেছে ভুলে থাকার। একটা প্রেমও করেছিল মাঝখানে। টেঁকেনি।সারাক্ষণ নতুন প্রেমিকার মধ্যে নূপুর কে খুঁজলে সেই প্রেম টেঁকেও না। এখন লাইটারের হলুদ আলোয় সুমন দেখল নূপুররে সেই মুখ। চোখ মুখ শুকিয়ে এসেছে, চুল হালকা হয়ে এসেছে, রোগাও হয়েছে অনেক। কিন্তু থুতনির জুড়ুলটা অবিকল এক আছে। সুমনের বুকের ভেতর ও বৃষ্টি হতে লাগল, মেঘ ডাকতে লাগল। দূর্যোগ শুরু হল যেন। লাইটারের আলোতেই দেখল দোকানের নাম, নূপুর টি স্টল। -"" পনেরো টাকা"" দু হাতে মাথা গুঁজে বসে নূপুর।কোনমতে বলল , "" ঐ বাক্সটায় রেখে যান। খুচরো দেবেন""। নিজের জায়গা থেকে ওঠার ও শক্তি নেই তার। সুমন একটু থমকালো। এক মূহুর্ত ভাবল। তারপর পনেরো টাকা আর আঙুলের সোনার আঙটিখানা খুলে রেখে এল ঐ বাক্সের ভেতর। বৃষ্টিতে বাইক চালিয়ে যখন সুমন ফিরছে, তার বুকে জমে থাকা হিমালয় ধুয়ে ধুয়ে মিশে যাচ্ছে নর্দমার জলে... গল্পটা ছোট হল না। প্রাগম্যাটিক ও হল না। থাক! গল্প যেমন ই হোক। ভালোবাসা বড়ই হয়। ভালোবাসা মেলোড্রামাটিকই হয়",,image,3,,0,https://www.reddit.com/r/kolkata/comments/1vxuurj/%E0%A6%89%E0%A6%9A%E0%A6%9B%E0%A6%A6_%E0%A6%9B%E0%A6%9F%E0%A6%97%E0%A6%B2%E0%A6%AA/,,,,,,,False,False,470956,0,26,2026-08-27T08:36:47.941Z,raw/kolkata/2026-08/posts.jsonl#L220
kolkata,t3_1vxuv8g,2026-08-25T09:26:27.687Z,Fantastic-Web9761,Kpc vs malda medical college,I want to know about extracurricular activities too..are there such opportunities in malda medical college or should I just choose kpc,,text,4,,21,https://www.reddit.com/r/kolkata/comments/1vxuv8g/kpc_vs_malda_medical_college/,,,,,,,False,False,470956,0,25,2026-08-27T08:36:48.487Z,raw/kolkata/2026-08/posts.jsonl#L226
kolkata,t3_1vxv5j6,2026-08-25T09:43:12.538Z,Own-Algae7011,Buyer ৩ মাসের মধ্যে পুরো payment না করলে কী হবে?,"আমি একটা জমি বিক্রি করতে চাই, যার মূল্য প্রায় ₹78 লাখ। Buyer পুরো payment করতে ৩ মাস সময় চাইছে। ইতিমধ্যে সে ₹5 লাখের একটা cheque দিয়েছে এবং বলেছে আরও ১০–১৫ দিনের মধ্যে পরের cheque দেবে। এখনও আমাদের মধ্যে কোনো written agreement হয়নি। Buyer আমাদের পরিচিত local person হওয়ায় এখনও পর্যন্ত সবকিছু verbalভাবেই আলোচনা হয়েছে। Buyer বলেছে, পুরো payment পাওয়ার পরেই property registration করা হবে। আমার concern হলো, যদি সে ৩ মাসের মধ্যে পুরো payment করতে না পারে, তাহলে আমি কী ধরনের legal problem-এর মুখে পড়তে পারি? ৩ মাস পরেও যদি সে full payment না করে, তাহলে তার দেওয়া টাকা ফেরত দিয়ে কি আমি deal cancel করে অন্য কোনো buyer-এর কাছে জমিটা বিক্রি করতে পারব? নাকি আগের buyer legal action নিয়ে আমাকে অন্য buyer-এর কাছে জমি বিক্রি করা থেকে আটকাতে পারে? Read more",,text,0,,6,https://www.reddit.com/r/kolkata/comments/1vxv5j6/buyer_%E0%A7%A9_%E0%A6%AE%E0%A6%B8%E0%A6%B0_%E0%A6%AE%E0%A6%A7%E0%A6%AF_%E0%A6%AA%E0%A6%B0_payment_%E0%A6%A8_%E0%A6%95%E0%A6%B0%E0%A6%B2_%E0%A6%95_%E0%A6%B9%E0%A6%AC/,,,,,,,False,False,470956,0,26,2026-08-27T08:37:02.054Z,raw/kolkata/2026-08/posts.jsonl#L293
kolkata,t3_1vxv72v,2026-08-25T09:45:44.907Z,MastodonAccurate9124,How can I earn some money as a first year BA student,"I’m a first-year BA student right now and I want to start earning some money on the side. My family is going through some financial difficulties at the moment and I need money for travel, some regular expenses and other personal needs. I feel guilty every time I have to ask my family for money, especially when I know they’re already dealing with financial pressure. I also want to become a little more independent and be able to take care of some of my own expenses. Read more",,text,0,,7,https://www.reddit.com/r/kolkata/comments/1vxv72v/how_can_i_earn_some_money_as_a_first_year_ba/,,,,,,,False,False,470956,0,26,2026-08-27T08:37:10.639Z,raw/kolkata/2026-08/posts.jsonl#L311
kolkata,t3_1vxv89e,2026-08-25T09:47:45.886Z,TritiyaPandav,"New Arrival Lee Erwin joins Mohun Bagan Super Giant as their sixth foreign signing. 💚❤️ The experienced Scottish striker brings strength, height and a proven eye for goal. After a disappointing derby, the Mariners will hope Erwin can add the cutting edge their attack needs. Welcome to Kolkata,",,,image,45,,9,https://www.reddit.com/r/kolkata/comments/1vxv89e/new_arrival_lee_erwin_joins_mohun_bagan_super/,,,,,,,False,False,470956,0,26,2026-08-27T08:36:50.889Z,raw/kolkata/2026-08/posts.jsonl#L234
kolkata,t3_1vxva60,2026-08-25T09:50:41.932Z,Sea-Minimum9406,What can I do during a 9-hour overnight layover in Kolkata?,"I have a 9 hour 10 minute layover at Kolkata (CCU) while travelling from Chennai to Guwahati. I’ll be landing in Kolkata at 10:10 PM and my connecting flight is at 7:20 AM the next morning . Instead of spending the whole night at the airport, I’m thinking of heading into the city for a few hours. What would you recommend doing between roughly 11 PM and 4 AM ? Looking for: Good late-night Kolkata food Places that are worth seeing at night Safe areas to walk/drive around Anything uniquely Kolkata that can be experienced at those hours Also, what time would you recommend getting back to CCU for the 7:20 AM flight? Would love suggestions from Kolkata locals or anyone who has done a similar overnight layover!",,text,6,,7,https://www.reddit.com/r/kolkata/comments/1vxva60/what_can_i_do_during_a_9hour_overnight_layover_in/,,,,,,,False,False,470956,0,26,2026-08-27T08:37:03.661Z,raw/kolkata/2026-08/posts.jsonl#L301
kolkata,t3_1vxvdfr,2026-08-25T09:55:50.937Z,ss-Mousse8152,Kolkata from howrah bridge,Amazing,,image,5,,1,https://www.reddit.com/r/kolkata/comments/1vxvdfr/kolkata_from_howrah_bridge/,,,,,,,False,False,470956,0,26,2026-08-27T08:36:51.425Z,raw/kolkata/2026-08/posts.jsonl#L251
kolkata,t3_1vxvdmi,2026-08-25T09:56:11.476Z,ImportantGarage69,Are you a beach person or Mountain person 🤨,Amar to chhotobela beach bhalo lagto beshi but ekhonkar beach gulote ja bhir thake always tar theke to paharer shanto poribesh far better😔,,image,69,,90,https://www.reddit.com/r/kolkata/comments/1vxvdmi/are_you_a_beach_person_or_mountain_person/,,,,,,,False,False,470956,0,26,2026-08-27T08:35:58.943Z,raw/kolkata/2026-08/posts.jsonl#L155
kolkata,t3_1vxvm9c,2026-08-25T10:09:48.412Z,TritiyaPandav,"Baranagar to Barrackpore Metro Corridor (Pink Line) Project - NOC Granted by KMC Metro Railway, Kolkata | Kolkata Municipal Corporation | Ministry of Railways, Government of India | Rail Vikas Nigam Limited |",,,image,14,,4,https://www.reddit.com/r/kolkata/comments/1vxvm9c/baranagar_to_barrackpore_metro_corridor_pink_line/,,,,,,,False,False,470956,0,25,2026-08-27T08:36:40.283Z,raw/kolkata/2026-08/posts.jsonl#L203
kolkata,t3_1vxvr1s,2026-08-25T10:17:24.447Z,raskolniko_v,Ekdom mon bhalo lagchena 😮‍💨,"Koto ar boi porbo, porashona korbo, coffee khabo, ar YouTube chalabo. Dhyaaarrrrr Read more",,image,19,,34,https://www.reddit.com/r/kolkata/comments/1vxvr1s/ekdom_mon_bhalo_lagchena/,,,,,,,False,False,470956,0,26,2026-08-27T08:36:49.752Z,raw/kolkata/2026-08/posts.jsonl#L232
kolkata,t3_1vxvtub,2026-08-25T10:21:36.382Z,strawhatlovegood,Looking for a Clinical Psychologist in the city. Urgent,Need clinical psychologist or psychotherapist recommendation who understands trauma + attachment/relationships + major medical trauma. Even better if they have experience working with cancer patients/survivors and be trained in EMDR.,,text,3,,1,https://www.reddit.com/r/kolkata/comments/1vxvtub/looking_for_a_clinical_psychologist_in_the_city/,,,,,,,False,False,470956,0,26,2026-08-27T08:36:51.084Z,raw/kolkata/2026-08/posts.jsonl#L243
kolkata,t3_1vxw424,2026-08-25T10:37:05.694Z,FlorentinePizza,Best kaju katli in Kolkata,Guys I am looking for the tastiest kaju katli in the city 😋 Best quality. ⭐️Bonus point if delivery possible through swiggy zomato.,,text,1,,1,https://www.reddit.com/r/kolkata/comments/1vxw424/best_kaju_katli_in_kolkata/,,,,,,,False,False,470956,0,26,2026-08-27T08:37:13.372Z,raw/kolkata/2026-08/posts.jsonl#L315
kolkata,t3_1vxwq3k,2026-08-25T11:08:06.995Z,Weary-Possible9768,Any driving schools in kolkata with automatic cars?,I already know how to drive manual and have a license but i want to gain more confidence on the road so is there any driving school in kolkata that teaches on automatic cars?,,text,0,,7,https://www.reddit.com/r/kolkata/comments/1vxwq3k/any_driving_schools_in_kolkata_with_automatic_cars/,,,,,,,False,False,470956,0,26,2026-08-27T08:37:14.591Z,raw/kolkata/2026-08/posts.jsonl#L326
kolkata,t3_1vxww6x,2026-08-25T11:16:33.406Z,DeeperThinker112,স্বরচিত...,আরেকবার post করলাম কারন আগের বার অনেকেই ভেবেছিলেন যে এটা AI generated Read more,,image,3,,2,https://www.reddit.com/r/kolkata/comments/1vxww6x/%E0%A6%B8%E0%A6%AC%E0%A6%B0%E0%A6%9A%E0%A6%A4/,,,,,,,False,False,470956,0,26,2026-08-27T08:36:51.008Z,raw/kolkata/2026-08/posts.jsonl#L237
kolkata,t3_1vxwwb7,2026-08-25T11:16:44.251Z,Classic_Actuator6710,Kolkata Guide,"We have a couple of Guests arriving during the Durga Puja. Does anybody have the contact of any professional guide to take them around for kolkara sightseeing, cultural walks etc. Or if there is any guide here kindly connect with me.",,text,1,,1,https://www.reddit.com/r/kolkata/comments/1vxwwb7/kolkata_guide/,,,,,,,False,False,470956,0,26,2026-08-27T08:36:58.764Z,raw/kolkata/2026-08/posts.jsonl#L269
kolkata,t3_1vxxeh5,2026-08-25T11:41:22.728Z,snehasish_mukhherjee,High sugar prices imacting Bengali happiness ?,src https://indianexpress.com/article/opinion/columns/how-the-sugar-crisis-has-put-a-tax-on-bengali-happiness-10844599/,,text,0,,2,https://www.reddit.com/r/kolkata/comments/1vxxeh5/high_sugar_prices_imacting_bengali_happiness/,,,,,,,False,False,470956,0,26,2026-08-27T08:37:02.140Z,raw/kolkata/2026-08/posts.jsonl#L294
kolkata,t3_1vxxfp7,2026-08-25T11:43:01.068Z,Remote_Panda6884,How’s the arranged marriage market for Bengali girls these days?,"For the Bengali girls who are currently in the arranged marriage market — how’s it going? Especially if you’re using online matrimonial apps/sites. I’m curious about the current experience in Kolkata/Bengal: Are you actually finding decent, compatible people on apps, or is it mostly a sea of profiles that make you want to delete the app within 48 hours? Whether you’re getting genuine, serious prospects What the pool is like in terms of education, career, age, family expectations, etc. Whether you’ve actually met someone through these apps who went somewhere Any particularly funny/weird experiences Would especially love to hear from women who are currently going through the process rather than people who got married through arranged marriage 10–15 years ago. 😅 How’s the market looking right now? Read more",,text,0,,26,https://www.reddit.com/r/kolkata/comments/1vxxfp7/hows_the_arranged_marriage_market_for_bengali/,,,,,,,False,False,470956,0,26,2026-08-27T08:37:31.072Z,raw/kolkata/2026-08/posts.jsonl#L357
kolkata,t3_1vxxh9a,2026-08-25T11:45:08.673Z,Chemical_Scar_5001,Went to Chinatown Restaurant,"For the food portions, I'd say the cost was a bit high. It was very empty when I went there. Do people actually go there? Food was good though but I felt everything was a little too sweet. Also can anyone suggest some actual Chinese food spots. Like I love Sichuan chili oil, do you know any places that have really spicy Chinese food?",,image,23,,6,https://www.reddit.com/r/kolkata/comments/1vxxh9a/went_to_chinatown_restaurant/,,,,,,,False,False,470956,0,26,2026-08-27T08:36:05.288Z,raw/kolkata/2026-08/posts.jsonl#L171
kolkata,t3_1vxxoit,2026-08-25T11:54:52.904Z,AdNeither8072,Plumbing Help,Need Help in finding adjustable legs for wall mixer in my bathroom... Can't find it anywhere in my area,,video,15,,10,https://www.reddit.com/r/kolkata/comments/1vxxoit/plumbing_help/,,,,,,,False,False,470956,0,25,2026-08-27T08:36:47.134Z,raw/kolkata/2026-08/posts.jsonl#L208
kolkata,t3_1vxxyhc,2026-08-25T12:06:50.863Z,Efficient_Bat_476,How to reach at quest mall by metro. Please suggest the easier ways from shyambazar,"If possible, tell the other ways too Read more",,text,3,,13,https://www.reddit.com/r/kolkata/comments/1vxxyhc/how_to_reach_at_quest_mall_by_metro_please/,,,,,,,False,False,470956,0,26,2026-08-27T08:38:10.290Z,raw/kolkata/2026-08/posts.jsonl#L445
kolkata,t3_1vxy49f,2026-08-25T12:14:07.619Z,raskolniko_v,Peyaramakha time,"Peyara with aam kashundi, chat masala, beetnoon ar leburrosh. Read more",,image,27,,6,https://www.reddit.com/r/kolkata/comments/1vxy49f/peyaramakha_time/,,,,,,,False,False,470956,0,26,2026-08-27T08:36:12.019Z,raw/kolkata/2026-08/posts.jsonl#L190
kolkata,t3_1vxy73n,2026-08-25T12:17:37.653Z,doi_maach_deadlift,Confused on what to gift my parents for durga pujo...,"Hi, so I just received my first stipend from my internship and I want to gift something to my parents. It will be the first time that I gift them something with my own earned money. Problem is that I am quite confused on what to gift them. I was looking forward to gift them something for durga pujo. Initially I was thinking about gifting a saree and a silver jewelry for my mom but I have absolutely zero knowledge about sarees and jewelry as a guy. So I need your help there. For dad I was thinking about punjabi with something that he could use daily, like a watch or maybe something else. Can you please help me solve my problem? Thank you. As for budget, I can allocate around 14-15k for both of them (around 7k for each of them).",,image,28,,7,https://www.reddit.com/r/kolkata/comments/1vxy73n/confused_on_what_to_gift_my_parents_for_durga_pujo/,,,,,,,False,False,470956,0,26,2026-08-27T08:36:04.802Z,raw/kolkata/2026-08/posts.jsonl#L169
kolkata,t3_1vxy9s7,2026-08-25T12:20:57.855Z,Veilix0,Looking for a content partner,"Hey folks, I'm looking for someone (preferably a girl) from Kolkata who'd be interested in working with an early-stage startup. The role is pretty simple: - Join me at small tech meetups, hackathons, and community events occasionally. - Help create short-form content (reels, photos, behind-the-scenes, interviews, etc.). - Sometimes just chill at home/our workspace and brainstorm or record content. - Bonus if you're active on X and understand Web3/tech Twitter culture or are willing to learn. - Not camera shy. This is a paid gig, but I'll be transparent—it's a startup, so the pay is quite low for now. As we grow, the compensation will grow too. If you're into tech, startups, content creation, or just want to meet interesting people, drop me a DM with a little about yourself and, if you have one, your X/Instagram. Thanks!",,text,0,,0,https://www.reddit.com/r/kolkata/comments/1vxy9s7/looking_for_a_content_partner/,,,,,,,False,False,470956,0,26,2026-08-27T08:37:32.037Z,raw/kolkata/2026-08/posts.jsonl#L359
kolkata,t3_1vxy9t5,2026-08-25T12:20:59.941Z,Otherwise-Comb7916,Does anyone know where i can get apple watch screen fixed?,"I have a broken apple watch screen, i want to get it fixed (cheaper the better). Does anyone know where I can get it fixed in kolkata. Thanks",,image,0,,13,https://www.reddit.com/r/kolkata/comments/1vxy9t5/does_anyone_know_where_i_can_get_apple_watch/,,,,,,,False,False,470956,0,26,2026-08-27T08:37:02.617Z,raw/kolkata/2026-08/posts.jsonl#L299
kolkata,t3_1vxyci8,2026-08-25T12:24:11.592Z,Top-Gap-4578,Your opinions on him?,basically the title.,,image,0,,31,https://www.reddit.com/r/kolkata/comments/1vxyci8/your_opinions_on_him/,,,,,,,False,False,470956,0,26,2026-08-27T08:37:43.035Z,raw/kolkata/2026-08/posts.jsonl#L374
kolkata,t3_1vxyfqs,2026-08-25T12:28:07.676Z,ppatra,"On meeting the family who's video went viral after West Bengal Minister Agnimitra Paul inspected a footpath in the Park Street, WB CM Suvendu Adhikari says, “She is saying she has faith in the CM and BJP. Mamata Banerjee has been sending people to her trying to bribe her to speak against the BJP",,,link,0,,4,https://www.reddit.com/r/kolkata/comments/1vxyfqs/on_meeting_the_family_whos_video_went_viral_after/,https://x.com/ANI/status/2092166702989791331,x.com,,,,,False,False,470956,0,26,2026-08-27T08:37:07.400Z,raw/kolkata/2026-08/posts.jsonl#L303
kolkata,t3_1vxyka9,2026-08-25T12:33:27.594Z,Right_Excitement6371,Really... Again?,,,image,4,,6,https://www.reddit.com/r/kolkata/comments/1vxyka9/really_again/,,,,,,,False,False,470956,0,26,2026-08-27T08:36:47.721Z,raw/kolkata/2026-08/posts.jsonl#L213
kolkata,t3_1vxz9sk,2026-08-25T13:03:42.943Z,Level-Vegetable-3026,শখের লেখা আর একটা ভাটের ডিগ্রি,"নিচের লেখাটি ইঞ্জিনিয়ারিং ম্যাথমেটিক্স এর ক্লাসে লেখা মৃত্যুর প্রত্যাশা সামান্য এক পথিক হয়ে এ পৃথিবীতে আসা। পৃথক সব শেষ থেকে যে শুরু। এই মরণে মিলবে যে সুখ স্মৃতির থেকেও বৃহৎ। আশা করেছি অনেক কিছু কিন্তু পাওয়ার থেকে না পাওয়ার তালিকা অনেক বেশি বৃহৎ। হৃদয়ের অন্তরে সুপ্ত থাকা বহু দিনের ক্ষোভ অনেক চেষ্টা করছি হচ্ছেনা কিছু। চার দেওয়ালে বদ্ধ যা কিছু বৃহৎ তা অতি ক্ষুদ্র এই পৃথিবীর সামনে। অবসাদ চার অক্ষর দাড়া গঠিত শব্দ। কী দুঃখ জীবনে? সব কিছু আবহমান। সুখ সেই ছোট্ট স্থান সেই জানালাটা আর সেই শুরু... নিত্য দিন আলাদা, অগোছালো এক আলমারি আর একটা বদ্ধ মস্তিষ্ক। মুক্তি চাই মুক্তি অন্য কিছু চাইনি শুধু প্রতীক্ষা আর এক শুরু যা অন্তহীন",,text,18,,15,https://www.reddit.com/r/kolkata/comments/1vxz9sk/%E0%A6%B6%E0%A6%96%E0%A6%B0_%E0%A6%B2%E0%A6%96_%E0%A6%86%E0%A6%B0_%E0%A6%8F%E0%A6%95%E0%A6%9F_%E0%A6%AD%E0%A6%9F%E0%A6%B0_%E0%A6%A1%E0%A6%97%E0%A6%B0/,,,,,,,False,False,470956,0,26,2026-08-27T08:36:37.675Z,raw/kolkata/2026-08/posts.jsonl#L201
kolkata,t3_1vxzx9k,2026-08-25T13:30:11.529Z,Chkb_Souranil21,Op finally got his dream setup from childhood,I still can't believe it i actually managed to get all the components of my dream desktop setup. Yeah got the senheiser pair on freedom sale. Used to dream about a setup like this but i can finally afford it too. I think i can say my hard work paid off. Not super aesthetic though cause i moved recently to blr so i don't have my big desk. Ik not super related to the sub but felt like sharing still. Read more,,image,65,,37,https://www.reddit.com/r/kolkata/comments/1vxzx9k/op_finally_got_his_dream_setup_from_childhood/,,,,,,,False,False,470956,0,0,2026-08-27T08:35:52.220Z,raw/kolkata/2026-08/posts.jsonl#L138
kolkata,t3_1vy0332,2026-08-25T13:36:50.295Z,itiswhatitis04,Lost about job went to tarot and came back more lost,"22f and I have just completed my master's degree. My friend is a tarot reader. Ami out of curiosity oke jiggessh korechilam about my career, jehutu middle class family ekta বাধ্যবাধকতা থাকে যে সরকারি চাকরি পেতে হবে, সেটা না থাকলেও আমার নিজের ইচ্ছে একটা সরকারি চাকরি, but o jeta bollo tate dekhachhe j I will be doing jobs which are not really government jobs like based on IT or writing or content writing whatsoever. Eta shonar por i am really lost. Like ami jodi amar parents ke eshob boli, prothom kotha they do not believe in these things and will not take a heed to what I think. And secondly, i myself do not want to be a corporate majdoor. Emnitei ami master's kore ei compititive exams er duniye theke onek pichiye cause I hate maths and can't do maths( lojja lagche but it is what it is) I have to start from the beginning ebong seta korar jonno raji achi. Should I take her reading for granted, jeta o tarot e boleche ? Karon o khub jor dichhilo j major arcana eseche and it kinda means destiny etc etc. The thing is amar ekhon sob kichui pointless lagche jodi ami chakri na pai? Then I will have no way but to think of corporate jobs( it's not easy to get a high paying corporate job either) and amar skills niyeo ami doubt e and I don't want to get married without getting financially stable. Amar ki kora uchit ? Should I just try for government jobs and forget about her reading? Or should I let her reading take over my consciousness? Read more",,text,5,,66,https://www.reddit.com/r/kolkata/comments/1vy0332/lost_about_job_went_to_tarot_and_came_back_more/,,,,,,,False,False,470956,0,26,2026-08-27T08:36:51.702Z,raw/kolkata/2026-08/posts.jsonl#L257
kolkata,t3_1vy0zfe,2026-08-25T14:11:28.032Z,mama_ooOOooO,Too many deshdrohis these days?,Source: https://youtu.be/Ji19e5ulR_s,,video,64,,8,https://www.reddit.com/r/kolkata/comments/1vy0zfe/too_many_deshdrohis_these_days/,,,,,,,False,False,470956,0,26,2026-08-27T08:35:52.056Z,raw/kolkata/2026-08/posts.jsonl#L131
kolkata,t3_1vy12kd,2026-08-25T14:14:47.026Z,Bawhoman,"১০ বছরে কেন্দ্রীয় শূন্যপদ দ্বিগুণ, বছরে ২ কোটি চাকরির জুমলা ফের প্রকাশ্যে, অর্ধেক কর্মীই চুক্তিভিত্তিক",,,link,45,,15,https://www.reddit.com/r/kolkata/comments/1vy12kd/%E0%A7%A7%E0%A7%A6_%E0%A6%AC%E0%A6%9B%E0%A6%B0_%E0%A6%95%E0%A6%A8%E0%A6%A6%E0%A6%B0%E0%A7%9F_%E0%A6%B6%E0%A6%A8%E0%A6%AF%E0%A6%AA%E0%A6%A6_%E0%A6%A6%E0%A6%AC%E0%A6%97%E0%A6%A3_%E0%A6%AC%E0%A6%9B%E0%A6%B0_%E0%A7%A8_%E0%A6%95%E0%A6%9F_%E0%A6%9A%E0%A6%95%E0%A6%B0%E0%A6%B0_%E0%A6%9C%E0%A6%AE%E0%A6%B2_%E0%A6%AB%E0%A6%B0/,https://bartamanpatrika.com/news/central-government-vacancies-have-doubled-in-10-years-the-jumla-of-20-million-annual-jobs-has-resurfaced-half-the-workforce-is-contractual,bartamanpatrika.com,,,,,False,False,470956,0,26,2026-08-27T08:35:51.996Z,raw/kolkata/2026-08/posts.jsonl#L129
kolkata,t3_1vy1jxo,2026-08-25T14:33:01.922Z,self_obsessed_01,Help me get my girl her dream dress?,"Same as title. She has been looking for this dress on literally every platform, but isn't able to get the exact same cut. There are similar dresses, but not the same, and that's a deal breaker. I really want to gift her this dress, so ladies, your help would be much appreciated. there's no specific budget, I'm ready to spend millions for her.",,text,0,,3,https://www.reddit.com/r/kolkata/comments/1vy1jxo/help_me_get_my_girl_her_dream_dress/,,,,,,,False,False,470956,0,26,2026-08-27T08:36:59.278Z,raw/kolkata/2026-08/posts.jsonl#L278
kolkata,t3_1vy1kmo,2026-08-25T14:33:47.610Z,Nikko24k,I got scammed for a watch,I just got scammed for a watch and I want to make this guy suffer I ordered a watch but he gave me those 100 rupees watches from footpath My order bill was around 3000 rupees Please help me report this gug,,image,1,,0,https://www.reddit.com/r/kolkata/comments/1vy1kmo/i_got_scammed_for_a_watch/,,,,,,,False,False,470956,0,26,2026-08-27T08:37:13.882Z,raw/kolkata/2026-08/posts.jsonl#L320
kolkata,t3_1vy1s70,2026-08-25T14:41:55.217Z,Ok_Philosopher992,Just visited Turtuk — and people really come here for only a few hours?,,,image,2,,0,https://www.reddit.com/r/kolkata/comments/1vy1s70/just_visited_turtuk_and_people_really_come_here/,,,,,,,False,False,470956,0,26,2026-08-27T08:36:47.183Z,raw/kolkata/2026-08/posts.jsonl#L210
kolkata,t3_1vy1thk,2026-08-25T14:43:16.012Z,hellohiiby,Behala to Newtown,Apparently there are wp groups for govt buses where the timings are informed or discussed . Do any of you are in the group of any buses from behala/joka to Newtown? If yes can you please add me?!,,text,2,,0,https://www.reddit.com/r/kolkata/comments/1vy1thk/behala_to_newtown/,,,,,,,False,False,470956,0,26,2026-08-27T08:36:51.182Z,raw/kolkata/2026-08/posts.jsonl#L245
kolkata,t3_1vy1y3u,2026-08-25T14:48:07.821Z,Active-Comedian-4475,Went to Frankfinn (allen Park),"Tbh my worst experience... The staff the people the head absolutely disgusting idk how they make people ready for a industry which offers customer service when they themselves are so rude and disgusting.. They forced me to pay 1,56,000 with additional 15,000 on spot minding I was alone with no parents they called my mom and started disrespecting for not being able to payy. Totally disappointed. Read more",,text,1,,0,https://www.reddit.com/r/kolkata/comments/1vy1y3u/went_to_frankfinn_allen_park/,,,,,,,False,False,470956,0,25,2026-08-27T08:36:48.526Z,raw/kolkata/2026-08/posts.jsonl#L228
kolkata,t3_1vy24re,2026-08-25T14:55:10.821Z,Ashamed_Instance7335,Taal Fuluri and Luchi 🫡,"আজ তালময় ডিনার হবে, মায়ের বানানো তাল ফুলুরি আর তালের লুচি 😭🫠 Read more",,image,167,,46,https://www.reddit.com/r/kolkata/comments/1vy24re/taal_fuluri_and_luchi/,,,,,,,False,False,470956,0,8,2026-08-27T08:35:30.355Z,raw/kolkata/2026-08/posts.jsonl#L86
kolkata,t3_1vy2axh,2026-08-25T15:01:28.836Z,AlphaDominusX,Got M17 delivered in this frustrating smartphone price market,"Is there better than this at this price (₹22k, charger bought seperately at 850/-) ? Yes. The fact is availability. Let me tell you why I bought this. So finally got galaxy M17 delivered a week ago, for my mom. She's been using a redmi phone since 2020 (android:10) and it was mandatory to purchase a new phone coz some imp apps (banking, digi, AMZN) along with some govt apps she has to work with are no longer supporting the software of the redmi phone. We were extremely on tight budget this time and a new smartphone was needed ASAP. So I started to research a lot only to find that the current smartphone market is absolutely disgusting!💔 Shortlisted some phonesn(under 20k), checked Amazon flipkart and found that : Budget phones are always out of stock Not deliverable ( = same as out of stock coz I checked changing the pin codes) Currently unavailable So I visited and called multiple offline stores. They were saying no shortlisted phones are available or available at much higher prices. I gave up vising stores. I was extremely frustrated with the market and its ridiculously frustrating prices. I even dropped the idea of buying a new phone for me. I spent days researching, shortlisting , going through all the specifications of each shortlisted phone. As the phone was needed ASAP so I gave up digging anymore and finally chose Galaxy M17 over M36 coz M36 was constantly increasing its price (upto 26k). As my mom will be using this one so no gaming apps will be there. She will use it for her main govt apps, some banking apps and normal usage (YT, WhatsApp, some photos) that's all. There are better phones at this price range but either they're unavailable or available at high price and a new phone was needed at this time for her works. I found this phone absolutely perfect for parents. Following are the specs : Processor : 5 nm Exynos 1330 RAM-ROM : 8 GB LPDDR4X / 128 GB UFS 2.2 Display : 6.7"" FHD+ Super AMOLED, 90 Hz Rear camera : 50MP main + 5 MP ultra wide + 2 MP macro Front : 13 MP Battery & Charging : 5000 mAh / 25 W Software support : Android 15, 6 yr OS + 6 yr security Charging adaptor NOT included",,image,38,,18,https://www.reddit.com/r/kolkata/comments/1vy2axh/got_m17_delivered_in_this_frustrating_smartphone/,,,,,,,False,False,470956,0,26,2026-08-27T08:35:55.496Z,raw/kolkata/2026-08/posts.jsonl#L153
kolkata,t3_1vy2lkq,2026-08-25T15:12:36.625Z,UjanRoy2008,10/10 bleed out spot.,,,image,244,,24,https://www.reddit.com/r/kolkata/comments/1vy2lkq/1010_bleed_out_spot/,,,,,,,False,False,470956,0,26,2026-08-27T08:36:01.595Z,raw/kolkata/2026-08/posts.jsonl#L162
kolkata,t3_1vy2qcg,2026-08-25T15:17:32.462Z,DilliWaleBhaiSaab,Have a question,"আমি কলকাতা তে থাকি না। CMDA বেহালা area er apartment এর ব্যাপারে একটু ইনফো চাই। How is it? What kind of complex? If anyone has any idea, please share the information. TiA Read more",,text,2,,0,https://www.reddit.com/r/kolkata/comments/1vy2qcg/have_a_question/,,,,,,,False,False,470956,0,0,2026-08-27T08:36:59.238Z,raw/kolkata/2026-08/posts.jsonl#L275
kolkata,t3_1vy2yf0,2026-08-25T15:25:45.719Z,Matrix_Wanderer,what % of this sub is childfree,"I want to know what % of this sub is childfree, particularly the GenZ (1997-2005) Born and 90s born millennials . I decided to become childfree the moment I turned 18 . I had a difficult childhood, the economic condition of this country is horrible, overpopulation, Disease etc are some of the reasons but my major reason for being CF is I don't want to be responsible for anyone. I also have too many hobbies so I don't have time to raise children. What are your thoughts on this please share",,text,7,,108,https://www.reddit.com/r/kolkata/comments/1vy2yf0/what_of_this_sub_is_childfree/,,,,,,,False,False,470956,0,26,2026-08-27T08:36:11.496Z,raw/kolkata/2026-08/posts.jsonl#L188
kolkata,t3_1vy34ow,2026-08-25T15:32:11.526Z,beforethest0rm,Need to buy some paintings to hang in my room,So I have this empty space in my wall and I want to hang a 3ft by 2ft painting in there. I checked few shops near me but most of the paintings are religious and the rest are like very old fashioned boring (motel art u may call them). Where can I buy interesting paintings online and offline. suggest for not too high a price.,,text,0,,2,https://www.reddit.com/r/kolkata/comments/1vy34ow/need_to_buy_some_paintings_to_hang_in_my_room/,,,,,,,False,False,470956,0,26,2026-08-27T08:36:51.552Z,raw/kolkata/2026-08/posts.jsonl#L254
kolkata,t3_1vy3hub,2026-08-25T15:45:28.474Z,CrazyProfessor8244,kindly advice,"hi i am from westbengal , i need a computer but my budget is max22k inr . my use is online classes , video lectures , cbt exam practice and basic media use and surfing wht should i purchase , i have a local brandnew pc offline quotation consistent h81 , consistent ddr3 1660 mhz , consistent 256 gb sata ssd , i5 4th 4570 basic cabinet and smps and a hp mouse keyboard combo + a frontech 19'monitor . GETTING ALL THIN IN 19280 INR WITH GST OR BUY A 2ND HAND LAPTOP Read more",,text,2,,31,https://www.reddit.com/r/kolkata/comments/1vy3hub/kindly_advice/,,,,,,,False,False,470957,0,26,2026-08-27T08:40:13.752Z,raw/kolkata/2026-08/posts.jsonl#L776
kolkata,t3_1vy3joz,2026-08-25T15:47:18.037Z,gablusky,Country side Evening - Receding Monsoon,Clicked this while returning from Midnapore. Place unknown.,,image,4,,0,https://www.reddit.com/r/kolkata/comments/1vy3joz/country_side_evening_receding_monsoon/,,,,,,,False,False,470956,0,26,2026-08-27T08:36:51.081Z,raw/kolkata/2026-08/posts.jsonl#L241
kolkata,t3_1vy3pp1,2026-08-25T15:53:22.067Z,chickendick07,People who lived in pune how is it ?,Being born and brought up in kolkata one of my friend is shifting to pune soon so people who are working there and those who are living there what are the pros and cons of Pune and how's the food culture and overall lifestyle how different it is from Kolkata? Read more,,text,1,,11,https://www.reddit.com/r/kolkata/comments/1vy3pp1/people_who_lived_in_pune_how_is_it/,,,,,,,False,False,470956,0,26,2026-08-27T08:38:07.288Z,raw/kolkata/2026-08/posts.jsonl#L432
kolkata,t3_1vy44ay,2026-08-25T16:07:28.826Z,sommukhopadhyay,Let's discard Unity in diversity and Embrace Unity in Unison...,"Unity in diversity matters… however, I think, at this moment what Bharatmata needs is just the opposite - unity in unison... to recreate the crescendo - the resonance of the true Bharat - the Bharat that was there from the early days of human existence on this planet - the river of civilization on the banks of which great kingdoms were established - great philosophy was discovered - great sages enlightened the whole mankind - unselfish - purposeful - and the most surprising of all - the same river is still flowing - with a little pollution from external forces thrust upon it - and we have lost the true pure Bharat - to accommodate, to fit ourselves in the outside world. Interesting? Read the complete blog post.",,link,0,,2,https://www.reddit.com/r/kolkata/comments/1vy44ay/lets_discard_unity_in_diversity_and_embrace_unity/,https://sommukhopadhyay.blogspot.com/2022/05/lets-discrad-unity-in-diversity-and.html?m=1,sommukhopadhyay.blogspot.com,,,,,False,False,470956,0,26,2026-08-27T08:36:59.617Z,raw/kolkata/2026-08/posts.jsonl#L286
kolkata,t3_1vy45a4,2026-08-25T16:08:23.026Z,DepartureBusiness440,Found Bengali text in a game...,"This is Watch Dogs Legion, set in future London...just found it cool and wanted to share 🫠👍",,text,7,,7,https://www.reddit.com/r/kolkata/comments/1vy45a4/found_bengali_text_in_a_game/,,,,,,,False,False,470956,0,26,2026-08-27T08:36:36.398Z,raw/kolkata/2026-08/posts.jsonl#L195
kolkata,t3_1vy4s09,2026-08-25T16:31:11.157Z,_the_sky_10,Mobile phone kinte chai under 80k,"Ami ekta notun phone kinte chai under 80k, extra 5k budget extend kora jete pare. New phone newar reason holo green line chole esche. Ekhon ja smartphone er market tai ektu osubidha hocche kinte, tai bhabchi offline store theke kenar kotha. Kichu trusted dokan er sondhan dite parbe jekhane ektu kom dame pabo mobile gulo jegulo online a stock a nei ba overpriced. Ar ei price er modde kichu suggestion thakle bolun. Read more",,text,4,,42,https://www.reddit.com/r/kolkata/comments/1vy4s09/mobile_phone_kinte_chai_under_80k/,,,,,,,False,False,470956,0,26,2026-08-27T08:36:51.874Z,raw/kolkata/2026-08/posts.jsonl#L258
kolkata,t3_1vy52js,2026-08-25T16:41:59.256Z,Narkelnaru,Who is he?,@rudragarga Read more,,image,27,,17,https://www.reddit.com/r/kolkata/comments/1vy52js/who_is_he/,,,,,,,False,False,470956,0,26,2026-08-27T08:36:48.337Z,raw/kolkata/2026-08/posts.jsonl#L224
kolkata,t3_1vy5fl9,2026-08-25T16:54:45.164Z,ScaleOverall7886,Address Layout??,"Today I was filing a form. While writing my address, I noticed, for the first time, that the initials had some numbers seperated by slashes followed by the lane/street name, locality/neighbourhood, district, state and PIN. Occasionally there is PO(Post Office) and PS(Police Station) as well. However, I'm confused what this layout actually says. I tried to figure out its meaning by sort of assuming it as coordinates. Nothing really helped much. Very little information I gathered from the internet. Interestingly, the layout/format is same in my locality but numbers are different and gets messy even in the same neighborhood. Like two houses nearby have their addresses like this: X/X/X or X/X My house Format: X/X/X/X(/X) *I have seen my father do this addition(/X) sometimes. Read more",,text,4,,1,https://www.reddit.com/r/kolkata/comments/1vy5fl9/address_layout/,,,,,,,False,False,470956,0,26,2026-08-27T08:36:06.010Z,raw/kolkata/2026-08/posts.jsonl#L176
kolkata,t3_1vy669t,2026-08-25T17:20:55.095Z,Possible-General4396,Beta access updates:Shiuli,I’m still sending out beta access emails—there are quite a few more users than I initially expected. ..I’m also taking some time to fix a few security loopholes before opening things further. Thank you for your patience and for waiting! ❤️..,,text,1,,2,https://www.reddit.com/r/kolkata/comments/1vy669t/beta_access_updatesshiuli/,,,,,,,False,False,470956,0,26,2026-08-27T08:36:51.078Z,raw/kolkata/2026-08/posts.jsonl#L240
kolkata,t3_1vy6bb9,2026-08-25T17:25:53.610Z,Stabok_Bose,Streets shots at my village... Please rate them. Thanks!,,,image,20,,3,https://www.reddit.com/r/kolkata/comments/1vy6bb9/streets_shots_at_my_village_please_rate_them/,,,,,,,False,False,470956,0,26,2026-08-27T08:35:51.031Z,raw/kolkata/2026-08/posts.jsonl#L121
kolkata,t3_1vy6c7k,2026-08-25T17:26:44.470Z,Federal_Leg5278,Your go to Pizza Place??,,,image,21,,26,https://www.reddit.com/r/kolkata/comments/1vy6c7k/your_go_to_pizza_place/,,,,,,,False,False,470956,0,26,2026-08-27T08:38:02.838Z,raw/kolkata/2026-08/posts.jsonl#L422
kolkata,t3_1vy6tgi,2026-08-25T17:43:38.360Z,idkmanfuc,Arguments over the quality of Biryani served at Arsalan,,,video,123,,50,https://www.reddit.com/r/kolkata/comments/1vy6tgi/arguments_over_the_quality_of_biryani_served_at/,,,,,,,False,False,470956,0,26,2026-08-27T08:35:35.078Z,raw/kolkata/2026-08/posts.jsonl#L94
kolkata,t3_1vy7bsb,2026-08-25T18:01:36.696Z,Necessary-Ruin8829,She is going back to Bokaro,"There’s this girl I met at a salon. I’ve met her a few times before and have taken a few facials from her, but I don’t know what happened. I kind of ignored it and didn’t think much about her. But recently, precisely since Thursday, I’ve been going a little crazy about her. I visited on Thursday, Friday, Saturday, and Sunday, and kept going back repeatedly. I even tried to visit on Monday, but after all these days, I couldn’t really get my work done properly. I took a lot of time, got free too late, and by then the salon had already shut. Today, I tried again and was actually able to meet her. But all of a sudden, she said she had gotten her period and was leaving earlyover call. I tried to give her a gentle hint, like, “Okay, if you don’t mind, maybe we can just meet for a little while,” blah blah blah. Then she said her mom had also called and was asking her to come back home. According to her, since she had gotten her period and work was going to get hectic, she thought it would be better to just go back home. I honestly don’t know what to make of it. I’m feeling a little sad about the whole thing. She’s only a little older than me anyway. I’m 26 and she’s 28.",,video,0,,18,https://www.reddit.com/r/kolkata/comments/1vy7bsb/she_is_going_back_to_bokaro/,,,,,,,False,False,470956,0,26,2026-08-27T08:36:59.507Z,raw/kolkata/2026-08/posts.jsonl#L280
kolkata,t3_1vy7l4w,2026-08-25T18:10:26.699Z,ScaleOverall7886,Tourist Card,I have seen advertisements for this festive season metro card last year. Is this only valid for 3-5 days?? can I not use it as a normal metro smart card?? Do I have to return it after the validity ends? I also read that these cards can be used for unlimited rides during the festive season. Will these cards not deduct a penny from the balance of Rs 250 or Rs 550 respectively? Read more,,image,8,,2,https://www.reddit.com/r/kolkata/comments/1vy7l4w/tourist_card/,,,,,,,False,False,470956,0,26,2026-08-27T08:36:42.630Z,raw/kolkata/2026-08/posts.jsonl#L207
kolkata,t3_1vy7o2l,2026-08-25T18:13:16.496Z,ScaleOverall7886,What if the validity of my metro card ends?,Same as the title. Also do I have to buy a yet another metro card or it will resume its validity again after the first recharge??,,text,0,,1,https://www.reddit.com/r/kolkata/comments/1vy7o2l/what_if_the_validity_of_my_metro_card_ends/,,,,,,,False,False,470956,0,26,2026-08-27T08:36:48.166Z,raw/kolkata/2026-08/posts.jsonl#L222
kolkata,t3_1vy7otu,2026-08-25T18:13:59.135Z,Recent-Birthday2109,Pizza,"Love language: What do you want to eat? I think it's the most effective one on me. Fab fungo from Fabbrica. If there are recommendations anyone can add, I'd be happy to venture out. I have been sticking to Fabbrica for years now, because I eat pizza only once in a while and I don't want to ruin the experience. But I kind of want to explore more. Kindly suggest places which serves good Neapolitan style pizza. Rather than meaty pizza I prefer ones with variety of mushrooms and truffle oil or simple Pizza Margherita.",,image,103,,50,https://www.reddit.com/r/kolkata/comments/1vy7otu/pizza/,,,,,,,False,False,470956,0,26,2026-08-27T08:35:52.296Z,raw/kolkata/2026-08/posts.jsonl#L139
kolkata,t3_1vy7u30,2026-08-25T18:18:54.112Z,ScaleOverall7886,Tourist Card,Follow-up questions: What if the validity end? Do I have to buy a yet another metro card or it will resume it's validity again after the first recharge?? Read more,,text,0,,3,https://www.reddit.com/r/kolkata/comments/1vy7u30/tourist_card/,,,,,,,False,False,470956,0,26,2026-08-27T08:36:59.735Z,raw/kolkata/2026-08/posts.jsonl#L288
kolkata,t3_1vy80f8,2026-08-25T18:24:57.234Z,ScaleOverall7886,How to get the security deposit of my metro card?,Same as the title. How is it actually done? How will I get my remaining balance? Recently I read some very different experiences of few people of how inconvenient it is. One person said that it is quite easy. He/she said just return the card and ask for the security deposit. The operator would take the card and return the security deposit. Another wrote a huge piece of epic to describe how long the process is. First I would have to write a letter stating the reason for the return of smart card. Then submit it to a station master of a station including a photocopy of an aadhar card. Then I would have to wait for atleast a week or so. Now I'm very confused and puzzled. Read more,,text,2,,1,https://www.reddit.com/r/kolkata/comments/1vy80f8/how_to_get_the_security_deposit_of_my_metro_card/,,,,,,,False,False,470956,0,26,2026-08-27T08:36:50.800Z,raw/kolkata/2026-08/posts.jsonl#L233
kolkata,t3_1vy85cd,2026-08-25T18:29:44.323Z,Puzzleheaded-Row-477,We bengalis should develop an element of ego honestly.,"Days back i was conversing with an oaf here in the same subreddit who was constantly bickering about "" ohh soo what u can't be proud ur bengali, u have no right to feel superior"" and among other things. I want to you to imagine this. In this era full of hatred the only way to to push back is having an element of ego An element only well. In my school days I wasn't in wb. But i happened to realise, albeit a bit late, that i am not one of them. And instead of neutrality and sensibility of mixing, i took a different route. I simply started to believe i was better than all the bunch of them By the time my school ended, i managed to prove that hehe winning and topping everything and yes a lot of them reacted as "" wow ur not a marathi/odia?"". And yes this is a personal way of seeing things but helps a lot in confidence that i can tell. See marathis or tamils for example. WHEREVER they go they start to build a super strong community Tamils in particular don't even identify as indians in many cases. (Coz tamils present in malaysia singapore usa south africa and sri lanka) They are tamils who happened to be indians. Why can't we be like that? I am not asking to be hareful (READ THIS REACTIONARIES). Kannadigas/marathis/tamils/ even the north east have done this well. But simply that we start demanding respect instead of expecting it. ?. And before anyone comes at me. This is a way to view things and go berserk in your methods. Not a way to increase talent magically. Obviously we would leave the state / return for jobs and all that for growth But the element of ego we carry? That would be eternal! আলবাত! Read more",,image,104,,37,https://www.reddit.com/r/kolkata/comments/1vy85cd/we_bengalis_should_develop_an_element_of_ego/,,,,,,,False,False,470956,0,26,2026-08-27T08:36:51.437Z,raw/kolkata/2026-08/posts.jsonl#L252
kolkata,t3_1vy8f0i,2026-08-25T18:39:13.602Z,Ctrl_Alt_Chaos,Puri Stay Recommendations Needed 🙏,"Hey everyone! Me and my family, including 2 ladies, are planning to visit Puri at the end of this month. I’m checking hotels and Airbnbs, but the prices seem crazy high 😭. Not sure if it’s because of the season or some other reason. Since this is a Kolkata group, I thought I’d ask here as well—if anyone from Kolkata has recently visited Puri and can recommend a safe, clean and affordable hotel/Airbnb near Jagannath Temple or Puri Beach, please share! Looking for a family-friendly place with decent rooms, good location and easy transport access. Any genuine recommendations or personal experiences would be really appreciated. 🙏 Jai Jagannath! ❤️",,text,1,,1,https://www.reddit.com/r/kolkata/comments/1vy8f0i/puri_stay_recommendations_needed/,,,,,,,False,False,470956,0,26,2026-08-27T08:36:51.085Z,raw/kolkata/2026-08/posts.jsonl#L242
kolkata,t3_1vy8q4k,2026-08-25T18:50:12.858Z,Beautiful-Object-467,What's your favourite Rabindra Sangeet?,"Mine are Ekla Cholo Re , Majhe Majhe Tobo , Gram Chhara Oi and Dariye Acho Tumi . There are more , but I can't remember them right now",,text,2,,19,https://www.reddit.com/r/kolkata/comments/1vy8q4k/whats_your_favourite_rabindra_sangeet/,,,,,,,False,False,470956,0,26,2026-08-27T08:36:48.232Z,raw/kolkata/2026-08/posts.jsonl#L223
kolkata,t3_1vy8qi3,2026-08-25T18:50:35.586Z,TryHarder527,What is keeping you up?,"Its 12:20 am,why are you still up? Tell me the reasons that are keeping you up Is it a bad sleep schedule? Is it an important exam? Is it your broken heart? Is it just plain old loneliness? Or it is just cuz u cant sleep at all",,text,7,,118,https://www.reddit.com/r/kolkata/comments/1vy8qi3/what_is_keeping_you_up/,,,,,,,False,False,470956,0,26,2026-08-27T08:36:06.477Z,raw/kolkata/2026-08/posts.jsonl#L185
kolkata,t3_1vy8tfz,2026-08-25T18:53:25.993Z,Personal-Magician-80,Khidirpur-Ramnagar safety concern,"Hello guys. Recently khidirpur e , specifically ramnagar er por, garden reach area e ek jaygay job opportunity peyechi. Bari onek dure, daily commute kora difficult. Barir lok chintay pore gache je erom jaygay kikore kaj korbo aar kothay thakbo. Any suggestions kothay pg niye thaka jay, and also, adeo jayga tay daily jatayat kore kaaj kora safe kina as a woman?",,text,2,,1,https://www.reddit.com/r/kolkata/comments/1vy8tfz/khidirpurramnagar_safety_concern/,,,,,,,False,False,470956,0,26,2026-08-27T08:36:47.525Z,raw/kolkata/2026-08/posts.jsonl#L212
kolkata,t3_1vy90nj,2026-08-25T19:00:38.196Z,GoldMiserable4239,Ke apnar sleep schedule bhangar jonyo dayi?,Kara jege ache ? Read more,,image,30,,116,https://www.reddit.com/r/kolkata/comments/1vy90nj/ke_apnar_sleep_schedule_bhangar_jonyo_dayi/,,,,,,,False,False,470956,0,26,2026-08-27T08:35:35.558Z,raw/kolkata/2026-08/posts.jsonl#L98
kolkata,t3_1vy90zo,2026-08-25T19:00:54.274Z,muttonkosha555,Ektu bhoot er golpo hoyejak?,Ektu hoyejak halka kore...raat akhun. You guys are not going to sleep anyway...so tell me some real stories or fictional stories that you have written or heard,,text,3,,19,https://www.reddit.com/r/kolkata/comments/1vy90zo/ektu_bhoot_er_golpo_hoyejak/,,,,,,,False,False,470956,0,26,2026-08-27T08:36:36.332Z,raw/kolkata/2026-08/posts.jsonl#L194
kolkata,t3_1vy94m2,2026-08-25T19:04:15.568Z,MediaSignificant4614,Need to know ways to earn money as a college student,Im a college student in 2nd year. Really need to start earning for my own expenses. I feel so guilty asking for money from my parents every time. So if you guys know anything about earning money online please lemme know. Read more,,text,2,,18,https://www.reddit.com/r/kolkata/comments/1vy94m2/need_to_know_ways_to_earn_money_as_a_college/,,,,,,,False,False,470956,0,26,2026-08-27T08:36:47.877Z,raw/kolkata/2026-08/posts.jsonl#L217
kolkata,t3_1vy9e73,2026-08-25T19:13:31.048Z,Interesting_Tell_393,Builder cheated us,I paid 25 lakhs advance for a 3bhk flat in beniapukur. The builder is local. There are 3 partners. 20 lakhs were transferred to Partner A and 5 lakhs to partner B. I selected a flat on the 3rd floor and an agreement was made accordingly.I recently came to know that the builder has sold our flat to someone else. Partner B is avoiding our calls and refusing to meet. What legal actions can we take to stop the construction and force the builder to do the registry in our name? Please advise.,,text,7,,14,https://www.reddit.com/r/kolkata/comments/1vy9e73/builder_cheated_us/,,,,,,,False,False,470956,0,26,2026-08-27T08:36:06.207Z,raw/kolkata/2026-08/posts.jsonl#L181
kolkata,t3_1vy9rjl,2026-08-25T19:26:23.933Z,Potential_Music_8175,ekhane koto jon howrah theke?,kaaj nei toh aar ki korbo bolo😔,,text,1,,2,https://www.reddit.com/r/kolkata/comments/1vy9rjl/ekhane_koto_jon_howrah_theke/,,,,,,,False,False,470956,0,0,2026-08-27T08:36:59.021Z,raw/kolkata/2026-08/posts.jsonl#L272
kolkata,t3_1vy9w3n,2026-08-25T19:30:58.114Z,SunJumpy7842,Happy birthday..,Happy Happy,,text,57,,43,https://www.reddit.com/r/kolkata/comments/1vy9w3n/happy_birthday/,,,,,,,False,False,470956,0,26,2026-08-27T08:35:30.497Z,raw/kolkata/2026-08/posts.jsonl#L88
kolkata,t3_1vya688,2026-08-25T19:41:00.920Z,_innocentslut,How is Ragging in District Medical colleges,"I am a girl and come from a minority (religion wise). I only have experience of living in kolkata. Most of my childhood was spend outside kolkata and I never learned bengali fluently because of that. I have had a mixed cultural upbringing. I am applying for medical colleges in Durgapur, Nadia, Budge budge, Shantiniketan Bolpur, Krishnanagar etc. My parents are discouraging me from getting a relatively good college because it is in the above mentioned places , saying that the ragging scene there will turn out to be horrible in my odds (since I am a minority religion, a girl, dont know bengali fluently) If anyone can tell me about the ragging cultural in the colleges in these places, you will help me out in making the right choice saving me from hell for 5 years. And any information about how these places are in general will also be really helpful Like transportation And places to hand out Women safety etc Any information will be appreciated. Read more",,text,1,,11,https://www.reddit.com/r/kolkata/comments/1vya688/how_is_ragging_in_district_medical_colleges/,,,,,,,False,False,470956,0,26,2026-08-27T08:36:51.271Z,raw/kolkata/2026-08/posts.jsonl#L248
kolkata,t3_1vya90y,2026-08-25T19:43:49.101Z,GoodNobody4597,Got WFH approved but at what cost 😭,"Got WFH for tomorrow and Friday hehe Condition is I have to get the whole product deployed by Thursday 💀 So technically I got WFH, practically I just moved the office suffering to my room. Still worth it tho 😭",,text,0,,2,https://www.reddit.com/r/kolkata/comments/1vya90y/got_wfh_approved_but_at_what_cost/,,,,,,,False,False,470956,0,26,2026-08-27T08:36:53.508Z,raw/kolkata/2026-08/posts.jsonl#L265
kolkata,t3_1vyaciu,2026-08-25T19:47:19.510Z,hellohiiby,Career Options,21F. I come from a totally non-tech background (zoology major) since many of you here are working in IT sector can you please tell me which has opportunities and how long it will take to learn and also suggest in the meantime if I can do something to earn a little bit Also can't afford higher courses like mba etc!! So please suggest me which route I should go to Read more,,text,1,,34,https://www.reddit.com/r/kolkata/comments/1vyaciu/career_options/,,,,,,,False,False,470956,0,26,2026-08-27T08:36:48.736Z,raw/kolkata/2026-08/posts.jsonl#L229
kolkata,t3_1vyal8r,2026-08-25T19:55:57.753Z,OweMySoul,Which of the stories you want to listen from these two and who you want in which character?,For me it would be Bishalgorer Duhshashan by Hemendra Kumar Roy Mir in Dracula character Somak in the protagonist character Maybe Agni in character of the professor,,image,5,,13,https://www.reddit.com/r/kolkata/comments/1vyal8r/which_of_the_stories_you_want_to_listen_from/,,,,,,,False,False,470956,0,26,2026-08-27T08:36:05.667Z,raw/kolkata/2026-08/posts.jsonl#L173
kolkata,t3_1vyatp1,2026-08-25T20:04:00.355Z,Quibblion,"Going on a photowalk to Kumortuli tomorrow, would any of y'all like to join :D","Hi y'all, so basically the title. I will be going on a photowalk (alone) to Kumortuli at around 2:30 PM, today, i.e on 26/08/26 (said tomorrow cuz its night time). Planning to shoot till like 5 i suppose. If any of y'all would like to join, send me a DM :p Also like places to avoid/ any safety tips from the community would be much appreciated. Ive heard its rather close to the red light area so im a bit worried about going there alone, that too since its my first time. 18M btw Read more",,text,1,,0,https://www.reddit.com/r/kolkata/comments/1vyatp1/going_on_a_photowalk_to_kumortuli_tomorrow_would/,,,,,,,False,False,470956,0,26,2026-08-27T08:36:51.438Z,raw/kolkata/2026-08/posts.jsonl#L253
kolkata,t3_1vybdbi,2026-08-25T20:22:49.502Z,urban_samosa,Where to watch?,Hi chaps. Can anybody tell me where to watch the 1997 movie Cure by Kiyoshi Kurasawa in India? Or does anybody have a copy of it ? Ty.,,text,1,,0,https://www.reddit.com/r/kolkata/comments/1vybdbi/where_to_watch/,,,,,,,False,False,470956,0,26,2026-08-27T08:36:51.267Z,raw/kolkata/2026-08/posts.jsonl#L247
kolkata,t3_1vybdv2,2026-08-25T20:23:22.241Z,deepnoobcoder,Cheaper Kindle Alternative?,"Amazon keeps fucking increasing the price of their Kindle. I saw till last day it was 17k and now when I went to order it's 21k !!!! And it wasn't even a sale when it was 17k. They are just doing whatever the fuck they feel like. Hence, please suggest cheaper Kindle alternatives that you know of. Help a fellow reader out , dhonnyobaad.",,text,1,,19,https://www.reddit.com/r/kolkata/comments/1vybdv2/cheaper_kindle_alternative/,,,,,,,False,False,470956,0,25,2026-08-27T08:36:47.943Z,raw/kolkata/2026-08/posts.jsonl#L221
kolkata,t3_1vybha8,2026-08-25T20:26:38.652Z,PsychologicalUnit693,A small piece of my hobby :),✨ Read more,,image,4,,7,https://www.reddit.com/r/kolkata/comments/1vybha8/a_small_piece_of_my_hobby/,,,,,,,False,False,470956,0,26,2026-08-27T08:36:47.937Z,raw/kolkata/2026-08/posts.jsonl#L218
kolkata,t3_1vybsn0,2026-08-25T20:37:53.507Z,OutsideSurprise1674,Can anyone suggest me good shop for sportswear please,I am looking for affordable sports wear shop please share details if you know any place thankyou ( please reply in hindi or english I don't know bengali i am form jharkhand ),,text,0,,3,https://www.reddit.com/r/kolkata/comments/1vybsn0/can_anyone_suggest_me_good_shop_for_sportswear/,,,,,,,False,False,470956,0,26,2026-08-27T08:36:51.002Z,raw/kolkata/2026-08/posts.jsonl#L236
kolkata,t3_1vyc2e2,2026-08-25T20:47:46.915Z,MooSyMuse0_,Night safe Hang out spot at kol,Guys it's 2:23 am..n I'm out..can u guys gimme sm suggestions of hang out spots at where We can chill n hv food,,text,2,,13,https://www.reddit.com/r/kolkata/comments/1vyc2e2/night_safe_hang_out_spot_at_kol/,,,,,,,False,False,470956,0,26,2026-08-27T08:37:02.768Z,raw/kolkata/2026-08/posts.jsonl#L300
kolkata,t3_1vycc2p,2026-08-25T20:57:38.158Z,wt_kevin,Just a silly doodle,Porchi kal interview ache but to deal with stress made this doodle Read more,,image,2,,2,https://www.reddit.com/r/kolkata/comments/1vycc2p/just_a_silly_doodle/,,,,,,,False,False,470956,0,26,2026-08-27T08:36:47.874Z,raw/kolkata/2026-08/posts.jsonl#L215
kolkata,t3_1vycjne,2026-08-25T21:05:17.181Z,Think_Yesterday_8140,Good women's hair salon recommendations in Kolkata?,Can someone suggest good hair salon for hair cut in south kol preferably near the Gariahat Rashbehari area? Read more,,text,0,,10,https://www.reddit.com/r/kolkata/comments/1vycjne/good_womens_hair_salon_recommendations_in_kolkata/,,,,,,,False,False,470956,0,26,2026-08-27T08:37:07.925Z,raw/kolkata/2026-08/posts.jsonl#L306
kolkata,t3_1vyeie1,2026-08-25T22:20:29.286Z,Puzzleheaded_Deal792,Self Realisation,Apni jekono ghotona dekhun jekono kichu tar mul a paben manus r manus sudhu manus. Weirdly complex creature janen to kokhono mone hbe bhalo abar mone hobe soytan o ar theke bhalo . Ar sei sob r moddhe amio baad porina .,,text,0,,0,https://www.reddit.com/r/kolkata/comments/1vyeie1/self_realisation/,,,,,,,False,False,470956,0,26,2026-08-27T08:36:48.375Z,raw/kolkata/2026-08/posts.jsonl#L225
kolkata,t3_1vyfcv0,2026-08-25T22:55:40.339Z,Takdhinadhin,First ever stoner comedy play in kolkata??!!!,"Hey guys, just came across this quirky little theatre poster on my Instagram feed called- ""Mahalaya Magic"". Apparently eta naki the first ever stoner comedy of kolkata, happening every year on the day of Mahalaya. That too based on Mahalaya! Shune besh interesting laglo, tai AI search koreo bishesh kichu jana gelo na regarding this play or regarding stoner comedy plays in kolkata. Keu ki eyi play ta dekheche aage? Apparently eta naki last 5 years dhore hocche kolkatay, Mahalayar dine. Read more",,image,3,,10,https://www.reddit.com/r/kolkata/comments/1vyfcv0/first_ever_stoner_comedy_play_in_kolkata/,,,,,,,False,False,470956,0,0,2026-08-27T08:36:41.476Z,raw/kolkata/2026-08/posts.jsonl#L206
kolkata,t3_1vyi4w6,2026-08-26T00:53:37.825Z,Dimension_distractor,Just me and my daily fuel,,,image,4,,11,https://www.reddit.com/r/kolkata/comments/1vyi4w6/just_me_and_my_daily_fuel/,,,,,,,False,False,470956,0,26,2026-08-27T08:36:01.593Z,raw/kolkata/2026-08/posts.jsonl#L161
kolkata,t3_1vyjquw,2026-08-26T02:05:44.081Z,1step_onetime,Private place recomendation to talk!,"So my friend has started seeing someone and need recommendations where they can literally sit and talk peacefully. They have done all these cafes/restaurant hopping, long drives but need a place where they won't have to be concious of the surrounding. They both are introverts and is unable to come up with a place idea. Relationship is too early for Airbnb (absolutely not when suggested!) or respective houses. I had suggested maidaan in the evening after sundown - peaceful enough, public enough but not much crowd around. Any other suggestions, I can pass on? This is really not for me. 😅 Read more",,text,0,,22,https://www.reddit.com/r/kolkata/comments/1vyjquw/private_place_recomendation_to_talk/,,,,,,,False,False,470956,0,26,2026-08-27T08:36:51.420Z,raw/kolkata/2026-08/posts.jsonl#L250
kolkata,t3_1vylrtz,2026-08-26T03:38:09.402Z,oldmonk_100,Bus art on its peak,,,image,15,,3,https://www.reddit.com/r/kolkata/comments/1vylrtz/bus_art_on_its_peak/,,,,,,,False,False,470956,0,26,2026-08-27T08:35:34.028Z,raw/kolkata/2026-08/posts.jsonl#L91
kolkata,t3_1vylv50,2026-08-26T03:42:28.966Z,BusbyBoy6,"App-Based Cabs were supposed to end Yellow Taxi hooliganism — BUT, now you can’t get Uber, Ola, Yatri Sathi, Rapido, inDrive, Snap-E, AND a Yellow Taxi","A tale of daily pain for the people of Kolkata....... দাদা, কোথায় যাবেন? ভাড়া কত দেখাচ্ছে? কিন্তু দাদা, ভাড়া তো কম দেখাচ্ছে একটু বাড়িয়ে দেবেন লোকেশানে দাঁড়ান, আসছি (বলে বুকিং ক্যানসেল করে দেওয়া) না দাদা, ওদিকে যাব না।",,text,39,,20,https://www.reddit.com/r/kolkata/comments/1vylv50/appbased_cabs_were_supposed_to_end_yellow_taxi/,,,,,,,False,False,470956,0,26,2026-08-27T08:35:30.116Z,raw/kolkata/2026-08/posts.jsonl#L85
kolkata,t3_1vylyws,2026-08-26T03:47:32.007Z,Dangerous_Disaster65,IN NEED OF LEGAL ADVICE REGARDING ROAD ACCIDENT,"While travelling with my father, who was driving the scooty, a school pool van was coming out of a big apartment complex at speed, without a horn, and no security guard was present to signal to the passersby that a car was coming, and it was our scooty. I could not get the number plate as my father's foot got injured, and he's a diabetic patient and was bleeding profusely. My first concern was my father, and the van ran away. I got a medical report and filed a GD with our local police station, but idk how much they will do. My father had to undergo surgery and is yet to be released because he is at high risk for infection because of diabetes. I just started a new job, so I don't know how to pursue this matter. When I went to do the GD after admitting my father, it was late. accident happened around 7:30 a.m. I went to the PS at 6p.m because first aid and the admission to a govt hospital took up most of my time. The officer behaved rudely with me, saying that I had made a plan and then come; that much time isn't taken for these admissions and all, etc. I am a single child with no guidance; any help or advice will be highly appreciated because i am unable to understand whether to pursue this, if yes then how or if I should just let it go. Sorry for the long post. Read more",,text,4,,2,https://www.reddit.com/r/kolkata/comments/1vylyws/in_need_of_legal_advice_regarding_road_accident/,,,,,,,False,False,470956,0,26,2026-08-27T08:36:37.008Z,raw/kolkata/2026-08/posts.jsonl#L197
kolkata,t3_1vym5br,2026-08-26T03:56:17.076Z,InternCandid1831,Does anyone know where can i buy Raspberry Pi Zero 2 W ?,"Hey, ami ekta chhoto project bananor jonno Raspberry Pi Zero 2 W khujchhi. Kolkatai kono local electronics store a eta pawa jabe (jemon Chandni Market), naki online kono trusted site theke order kora bhalo hobe (like Robocraze, Silverline Electronics, Amazon, etc.)? Karor kachhe jodi kono genuine shop er lead thake jekhane fair price a pawa jabe, tahole ektu share koro. Thanks in advance! Read more",,text,2,,7,https://www.reddit.com/r/kolkata/comments/1vym5br/does_anyone_know_where_can_i_buy_raspberry_pi/,,,,,,,False,False,470956,0,26,2026-08-27T08:36:47.869Z,raw/kolkata/2026-08/posts.jsonl#L214
kolkata,t3_1vymbdp,2026-08-26T04:04:15.437Z,Bawhoman,"CM Suvendu Adhikari himself is the theme of a Durga Puja in Kolkata this year, acc to the news reports.",,,image,90,,33,https://www.reddit.com/r/kolkata/comments/1vymbdp/cm_suvendu_adhikari_himself_is_the_theme_of_a/,,,,,,,False,False,470956,0,26,2026-08-27T08:35:12.987Z,raw/kolkata/2026-08/posts.jsonl#L51
kolkata,t3_1vymbr6,2026-08-26T04:04:45.607Z,Sarbokunn,Majherhat Station theke National Library jawar auto route ache?,Majherhat Station theke National Library (Museum of Words) jawar auto pawa jay?,,text,1,,0,https://www.reddit.com/r/kolkata/comments/1vymbr6/majherhat_station_theke_national_library_jawar/,,,,,,,False,False,470956,0,0,2026-08-27T08:36:05.891Z,raw/kolkata/2026-08/posts.jsonl#L175
kolkata,t3_1vymmbj,2026-08-26T04:18:46.605Z,Moist-Form-948,Ews certificate Related query .Pls help,"Hello! Ami recently ekta exam er jonne ,ews certificate er jonne apply korechi, apply o korahoyegachilo online e ,kintu ekhon bdo r kache document submit korar somoy ora bollo je naki 2024 e naki kono party ews related kono case niye court e jaye (ig supreme court ) , tai naki bdo ra ar document accept korchena ,mane ews banacchena .Eta ki sotti ? Keu etar bepare janle pls ektu help korun . Read more",,text,1,,4,https://www.reddit.com/r/kolkata/comments/1vymmbj/ews_certificate_related_query_pls_help/,,,,,,,False,False,470956,0,26,2026-08-27T08:36:05.665Z,raw/kolkata/2026-08/posts.jsonl#L172
kolkata,t3_1vymrfm,2026-08-26T04:25:57.134Z,No-Lack-4418,West Bengal Private Colleges,"Hello, my AIR is 743xx and my SR is 3200+ (West Bengal). I'm from the general category. I wanted info on the Private medical colleges in West Bengal like JIMS, I Q City, Icare, Gouri Devi, Shantiniketan, JIS, etc. If anybody is from there or knows people who are studying there, please let me know. I have limited knowledge about these colleges. I want to know about its academics because somebody told me most colleges are very strict about academics, also about other things like any hidden charges, ragging, any other info which might be of help. Thank you. Read more",,text,0,,6,https://www.reddit.com/r/kolkata/comments/1vymrfm/west_bengal_private_colleges/,,,,,,,False,False,470956,0,26,2026-08-27T08:36:38.639Z,raw/kolkata/2026-08/posts.jsonl#L202
kolkata,t3_1vymsmy,2026-08-26T04:27:44.084Z,Sea-Assumption-8501,Is anyone here is a WordPress developer and knows custom coding work too?,same as title Read more,,text,1,,0,https://www.reddit.com/r/kolkata/comments/1vymsmy/is_anyone_here_is_a_wordpress_developer_and_knows/,,,,,,,False,False,470956,0,26,2026-08-27T08:37:13.376Z,raw/kolkata/2026-08/posts.jsonl#L316
kolkata,t3_1vymtjl,2026-08-26T04:28:55.803Z,Direct_Scallion1230,I Thought My 21st Birthday Would Be Special… I Wasn’t Ready for This,"I thought my 21st birthday would be one of the happiest and most memorable days of my life. It definitely became memorable — just not in the way I ever expected. At around 8 PM, my friends and I went out to Barbeque Nation to celebrate my birthday. We ate everything, had so much fun, laughed a lot, and honestly had an amazing time. Around 10 PM, we started heading back home in a toto. Everything was normal, and the driver was driving normally. Then, suddenly, a bike came from the side and we had an accident. The toto was badly damaged, and one of the broken glass pieces went into my elbow. Everything happened so quickly. We went to a government hospital, where we had to wait for some time because of the usual procedures. Eventually, I had to undergo an operation. After everything was done, we finally came home. It has been 4 days now, and I’m feeling better. But I know I’ll remember this birthday for the rest of my life. 21st birthday: started with food, friends and laughter… and ended in a hospital. Life really can change in a few seconds. I’m just grateful that I’m still here and getting better. Definitely not the 21st birthday memory I wanted, but one I’ll never forget. Read more",,text,46,,23,https://www.reddit.com/r/kolkata/comments/1vymtjl/i_thought_my_21st_birthday_would_be_special_i/,,,,,,,False,False,470956,0,26,2026-08-27T08:35:36.486Z,raw/kolkata/2026-08/posts.jsonl#L104
kolkata,t3_1vymwvi,2026-08-26T04:33:39.173Z,raydebapratim1,Bookfair 2026-27 organizing committee members decided,,,image,21,,10,https://www.reddit.com/r/kolkata/comments/1vymwvi/bookfair_202627_organizing_committee_members/,,,,,,,False,False,470956,0,7,2026-08-27T08:36:05.235Z,raw/kolkata/2026-08/posts.jsonl#L170
kolkata,t3_1vyndpn,2026-08-26T04:58:13.599Z,aslamloveukum,how LGBTQ dating scene in wb?,"I am a straight guy, but I really wanna know how you guys are doing as in the dating scenes, as a straight it's hard to find someone on same energy level and I don't feel the rush anymore to get into anything. how are you guys doing??",,text,7,,19,https://www.reddit.com/r/kolkata/comments/1vyndpn/how_lgbtq_dating_scene_in_wb/,,,,,,,False,False,470956,0,26,2026-08-27T08:35:36.000Z,raw/kolkata/2026-08/posts.jsonl#L101
kolkata,t3_1vyo19k,2026-08-26T05:32:59.908Z,Low-Illustrator-9830,Onam sadhya recommendation in Kolkata,Is there any place in / near Kolkata that is serving ‘Sadhya’ ( special malayali thali) to celebrate ‘Onam’ ? Read more,,text,0,,1,https://www.reddit.com/r/kolkata/comments/1vyo19k/onam_sadhya_recommendation_in_kolkata/,,,,,,,False,False,470956,0,26,2026-08-27T08:36:06.102Z,raw/kolkata/2026-08/posts.jsonl#L177
kolkata,t3_1vyodlr,2026-08-26T05:51:28.427Z,cat_who_reads,Fashion Factory te purono jamakaporer exchange kobe,"fashion Factory, আগে যেটা Brand Factory ছিল, সেখানে পুরোনো জামাকাপড়ের এক্সচেঞ্জ কবে হবে? Read more",,text,0,,3,https://www.reddit.com/r/kolkata/comments/1vyodlr/fashion_factory_te_purono_jamakaporer_exchange/,,,,,,,False,False,470956,0,26,2026-08-27T08:36:41.220Z,raw/kolkata/2026-08/posts.jsonl#L204
kolkata,t3_1vyog9i,2026-08-26T05:55:22.011Z,Cynical_Optimist_30,Review of Sarfira trips,Has anyone gone on a tour with sarfira trips to Mandarmani or anywhere? Please give an honest review. How's the experience? Read more,,text,0,,1,https://www.reddit.com/r/kolkata/comments/1vyog9i/review_of_sarfira_trips/,,,,,,,False,False,470956,0,0,2026-08-27T08:36:36.129Z,raw/kolkata/2026-08/posts.jsonl#L192
kolkata,t3_1vyolc9,2026-08-26T06:02:46.795Z,Ok_Case_1326,City of Joy,Back in the days... 2011 to 2016 Compilation of my mobile clicks through those periods. Missing those days 😕 Read more,,video,79,,10,https://www.reddit.com/r/kolkata/comments/1vyolc9/city_of_joy/,,,,,,,False,False,470956,0,26,2026-08-27T08:35:13.273Z,raw/kolkata/2026-08/posts.jsonl#L52
kolkata,t3_1vyotgm,2026-08-26T06:15:30.125Z,Final-Distribution-8,Had Luchi and Alur torkari in the flight today morning,,,image,536,,108,https://www.reddit.com/r/kolkata/comments/1vyotgm/had_luchi_and_alur_torkari_in_the_flight_today/,,,,,,,False,False,470956,0,26,2026-08-27T08:35:25.915Z,raw/kolkata/2026-08/posts.jsonl#L73
kolkata,t3_1vyowi4,2026-08-26T06:20:05.300Z,heiseylovesdonuts,How do we come out of this cycle as a society?,,,image,1607,,82,https://www.reddit.com/r/kolkata/comments/1vyowi4/how_do_we_come_out_of_this_cycle_as_a_society/,,,,,,,False,False,470956,0,26,2026-08-27T08:34:47.397Z,raw/kolkata/2026-08/posts.jsonl#L5
kolkata,t3_1vyoxml,2026-08-26T06:21:48.741Z,Ok_Mathematician3831,Anyone up for chat?,"Feeling bored, anyone up for chat? Please DM",,text,2,,14,https://www.reddit.com/r/kolkata/comments/1vyoxml/anyone_up_for_chat/,,,,,,,False,False,470956,0,26,2026-08-27T08:36:07.489Z,raw/kolkata/2026-08/posts.jsonl#L187
kolkata,t3_1vyp12s,2026-08-26T06:27:22.096Z,SadBiscotti9641,Nightlife,"Hey everyone! I’ll be visiting Kolkata this weekend and looking to experience the city’s nightlife. 🍻 Could you recommend some good clubs, pubs, or bars around Park Street and New Town with a fun vibe, good music, and a decent crowd? I’m especially looking for places that are: Good for dancing/partying 🎶 Have a lively crowd on weekends Good music/DJ nights Safe and comfortable for visitors Would love suggestions for both Park Street and New Town , and if there are any places I should avoid, feel free to mention those too. Thanks in advance! 🙌 Read more",,text,0,,1,https://www.reddit.com/r/kolkata/comments/1vyp12s/nightlife/,,,,,,,False,False,470956,0,26,2026-08-27T08:36:31.001Z,raw/kolkata/2026-08/posts.jsonl#L191
kolkata,t3_1vyp3pq,2026-08-26T06:31:26.966Z,Tough-Friendship-397,আদরে বাঁদর,Found this little fella bagbazar bata r goli te. That vigorous yawn deserved a spot on the internet 😂 Read more,,image,388,,22,https://www.reddit.com/r/kolkata/comments/1vyp3pq/%E0%A6%86%E0%A6%A6%E0%A6%B0_%E0%A6%AC%E0%A6%A6%E0%A6%B0/,,,,,,,False,False,470956,0,26,2026-08-27T08:35:30.428Z,raw/kolkata/2026-08/posts.jsonl#L87
kolkata,t3_1vypl6j,2026-08-26T06:58:53.141Z,Deep_drill-,Barber near Ultadanga?,Want a decent cut near bidhannagar dont know where to get one from. If you know a good shop or barber contact share? It would be a great help (mens barber though),,text,1,,1,https://www.reddit.com/r/kolkata/comments/1vypl6j/barber_near_ultadanga/,,,,,,,False,False,470956,0,24,2026-08-27T08:36:37.238Z,raw/kolkata/2026-08/posts.jsonl#L199
kolkata,t3_1vypu3y,2026-08-26T07:12:43.945Z,Top-Scientist3474,I was looking for side hustle and then I found a side hustle,you know how the rest of it goes. My parents do bear all my expenses kintu haat e taka thakle obv bhalo lage. So found a tuition and it's 3k per month for only 3 hours a week. But man. Mane bujhte parina shob subject ei same obostha na maths tai sudhu erokom. One digit number operations angul e gune kake korte hoye. Kono table mukhosto nei. x er sathe x^2 er relation jane na. Last exam e 1/40 peyechilo. Next class e trig sekhabo 🙂 Chharteo dicche na.,,text,38,,36,https://www.reddit.com/r/kolkata/comments/1vypu3y/i_was_looking_for_side_hustle_and_then_i_found_a/,,,,,,,False,False,470956,0,26,2026-08-27T08:37:54.457Z,raw/kolkata/2026-08/posts.jsonl#L408
kolkata,t3_1vyq935,2026-08-26T07:37:12.440Z,Not_the_seller,Blood donation,"Hi, I would need urgent blood donation. My aunt is suffering from stage 3 lukeimia, would need blood in Tata cancer hospital in Kolkata. Please any contacts or leads would be really helpful . Read more",,text,2,,7,https://www.reddit.com/r/kolkata/comments/1vyq935/blood_donation/,,,,,,,False,False,470956,0,26,2026-08-27T08:36:36.542Z,raw/kolkata/2026-08/posts.jsonl#L196
kolkata,t3_1vyq96q,2026-08-26T07:37:22.750Z,kuttar_bachha,Osteome G in Kolkata,"Hello people of Kolkata, this is a weird request I know and may not even be suitable for this sub. But my mom requires this medicine called Osteome G and it's not available anywhere in Kolkata. If you can get me a lead for this medicine or suggest me an alternative, I would be very very grateful. Thank you.",,text,2,,1,https://www.reddit.com/r/kolkata/comments/1vyq96q/osteome_g_in_kolkata/,,,,,,,False,False,470956,0,26,2026-08-27T08:35:53.274Z,raw/kolkata/2026-08/posts.jsonl#L141
kolkata,t3_1vyqbvq,2026-08-26T07:41:47.855Z,Ghumketu,Why this croissant looks like this 💩,I visited a friend's house and they gave me this for breakfast. 🤢 Do you know from where they got this so that I can email the shop to stop producing this abomination? Read more,,image,134,,62,https://www.reddit.com/r/kolkata/comments/1vyqbvq/why_this_croissant_looks_like_this/,,,,,,,False,False,470956,0,26,2026-08-27T08:35:03.140Z,raw/kolkata/2026-08/posts.jsonl#L30
kolkata,t3_1vyqdk1,2026-08-26T07:44:36.560Z,Oxalite_X,Stay Fit and Healthy 💪,,,image,41,,58,https://www.reddit.com/r/kolkata/comments/1vyqdk1/stay_fit_and_healthy/,,,,,,,False,False,470956,0,26,2026-08-27T08:35:12.943Z,raw/kolkata/2026-08/posts.jsonl#L50
kolkata,t3_1vyqdp7,2026-08-26T07:44:50.835Z,Rdsinha,Need website to download bangla movies,Same Read more,,text,7,,20,https://www.reddit.com/r/kolkata/comments/1vyqdp7/need_website_to_download_bangla_movies/,,,,,,,False,False,470956,0,26,2026-08-27T08:35:53.589Z,raw/kolkata/2026-08/posts.jsonl#L146
kolkata,t3_1vyqhcv,2026-08-26T07:51:00.501Z,PsychologicalRip3137,How to increase social circle,"I am a shy introvert in real life dont have much friends, 20 years old study at ISI I would like to meet new different kind of people beyond just fellow maths nerds at my college Any tips what kind of activities to do? Read more",,text,0,,7,https://www.reddit.com/r/kolkata/comments/1vyqhcv/how_to_increase_social_circle/,,,,,,,False,False,470956,0,25,2026-08-27T08:36:06.107Z,raw/kolkata/2026-08/posts.jsonl#L178
kolkata,t3_1vyqibf,2026-08-26T07:52:40.687Z,Lavender_Lotika,Blinkit delivery,"Product review: Bites a lot, ruins dog toys, terrorises dogs",,image,458,,34,https://www.reddit.com/r/kolkata/comments/1vyqibf/blinkit_delivery/,,,,,,,False,False,470956,0,26,2026-08-27T08:35:05.393Z,raw/kolkata/2026-08/posts.jsonl#L38
kolkata,t3_1vyqj6p,2026-08-26T07:54:06.133Z,kuttar-baccha,CM meets the mother of the footpath milk row at Janata Darbar and assures accomodation. The power of social media outrage and the unending empathy of people in the city which Kolkata has forever been known for.,Source : https://www.telegraphindia.com/west-bengal/suvendu-adhikari-meets-footpath-family-promises-shelter-after-agnimitra-paul-viral-rebuke-prnt/cid/2176781 Read more,,image,70,,27,https://www.reddit.com/r/kolkata/comments/1vyqj6p/cm_meets_the_mother_of_the_footpath_milk_row_at/,,,,,,,False,False,470956,0,26,2026-08-27T08:35:37.967Z,raw/kolkata/2026-08/posts.jsonl#L105
kolkata,t3_1vyqv4t,2026-08-26T08:13:26.327Z,refrizzerator7,Help me find good flower shops in kolkata.,"Where can I find this sorta pinteresty bouquets?(within reasonable price range).Briefly mention the address please, I'll appreciate it so much. Any location between kalyani to dum dum besides kolkata will help asw. Thanks",,image,18,,17,https://www.reddit.com/r/kolkata/comments/1vyqv4t/help_me_find_good_flower_shops_in_kolkata/,,,,,,,False,False,470956,0,26,2026-08-27T08:35:13.392Z,raw/kolkata/2026-08/posts.jsonl#L53
kolkata,t3_1vyr135,2026-08-26T08:23:15.518Z,wt_kevin,Anyone up for chat bcz the commute is boring and same,Just going home after an interview by auto rickshaw and luckily it went well but has a gadha majuri twist 🤧 Read more,,text,0,,6,https://www.reddit.com/r/kolkata/comments/1vyr135/anyone_up_for_chat_bcz_the_commute_is_boring_and/,,,,,,,False,False,470956,0,26,2026-08-27T08:36:06.126Z,raw/kolkata/2026-08/posts.jsonl#L179
kolkata,t3_1vyr50w,2026-08-26T08:29:38.662Z,subhojit4450,2BHK Flat In Behala,"Hi Guys hi I have a furnished 2Bhk flat in Manton Behala ,located at 1 min walking from DH road (700 sq ft) on 1st floor! How much minimum and maximum rent I can expect from it! Read more",,text,0,,5,https://www.reddit.com/r/kolkata/comments/1vyr50w/2bhk_flat_in_behala/,,,,,,,False,False,470956,0,26,2026-08-27T08:36:59.301Z,raw/kolkata/2026-08/posts.jsonl#L282
kolkata,t3_1vyr7wy,2026-08-26T08:34:40.165Z,Not-a-doctor-77,ছোটবেলার এক স্মৃতির কথা মনে পড়ল হঠাৎ একটা REDDIT post দেখে,"Reddit ঘাটতে গিয়ে Rafflesia ফুলের একটি ভিডিও দেখলাম আজ - বিশ্বের সবচেয়ে বড় ফুল ছোটবেলায় আমাদের পাড়ায় কালীপূজা তে quiz competition হতো,আমি তখন 10 বছরের ছিলাম। কুইজ এ কোনোদিনই ভালো ছিলাম না। কিন্তু পার্টিসিপেট করতে খুব ভালো লাগতো। উপহার হিসেবে একটি 7 টাকার পেন দিত। খুব ভালো ছিল দিন গুলো 🥀 তো এবার গল্পে ফিরি। সেবার প্রথম সারি তে বসে ছিলাম(কম্পিটিশন টা ওপেন ফর অল ছিল - যে কেউ অংশগ্রহণ করতে পারত) । তো বসে আছি , প্রশ্ন করছে ,আর আমি উত্তর করতে পারছি না। হঠাৎ করে প্রশ্ন হল "" পৃথিবীর বৃহত্তম ফুলের নাম কি?"" আমি তো আনন্দে হাত তুলে উঠলাম। কিছুদিন আগেই টিভি তে দেখেছি - সেই রুফ্ফ্লাসিয়া ফুলের ছবি ! কুইজ মাস্টার ও খেয়াল করেছে এই ছেলেটি হাত তুলেছে(ছোট পাড়া, সবাই সবাইকে চিনত ) এবং বলে উঠলেন এবার আমাদের ছোটো ভাই কে বলার সুযোগ দেওয়া হোক! ( অনেকেই হাত তুলেছিল , অবশ্যই এর উত্তর অনেকেই জানত) - আমি বলে উঠলাম - রুফ্ফ্লাসিয়া!! - কুইজ মাস্টার বলে উঠল , "" নাহ , ওটা Rafflesia arnoldii"" - আমি তখন কত ছোট! তাও ভাবলাম ,আমি কি ভুল উত্তর দিলাম! ? - এবার পাড়ার আরেক দাদা বলে উঠল - "" ওতো নামের প্রথম পার্ট টা বলেছে ঠিকই- ওকেই প্রাইজ তা দেওয়া উচিত! "" তারপর আর কি। কুইজ মাস্টার বলল আচ্ছা! বলে পেন টা দিলো , সবাই হাত তালি দিলো! আমি পেন টা উপহার পেলাম । কিন্তু কেনো জানি না আনন্দ পেলাম না! বার বার মনে হচ্ছিল , আমাকে পেন টা দিলো কেন? আমি তো ঠিক উত্তর দিতে পারলাম না! আমাকে বাচ্চা ভেবে কনসলেশন প্রাইজ দিল? সেই 7 টাকার পেন টি এখন আর আমার কাছে নেই । কোন দাদা আমাকে প্রাইজ দিতে বলেছিল তাও ভুলে গেছি। কিন্তু আজও ভাবি "" আমার উত্তর টা কি সত্যিই ভুল ছিল? আর ভুল হলে আমাকে কেনো প্রাইজ তা দিলো?""",,text,43,,24,https://www.reddit.com/r/kolkata/comments/1vyr7wy/%E0%A6%9B%E0%A6%9F%E0%A6%AC%E0%A6%B2%E0%A6%B0_%E0%A6%8F%E0%A6%95_%E0%A6%B8%E0%A6%AE%E0%A6%A4%E0%A6%B0_%E0%A6%95%E0%A6%A5_%E0%A6%AE%E0%A6%A8_%E0%A6%AA%E0%A6%A1%E0%A6%B2_%E0%A6%B9%E0%A6%A0%E0%A7%8E_%E0%A6%8F%E0%A6%95%E0%A6%9F_reddit_post_%E0%A6%A6%E0%A6%96/,,,,,,,False,False,470956,0,26,2026-08-27T08:34:54.792Z,raw/kolkata/2026-08/posts.jsonl#L17
kolkata,t3_1vyrjr1,2026-08-26T08:54:38.988Z,sevrina-prince,It Was Never About the Milk. Why Are We Missing the Point?,"I think a lot of people are missing the actual point of the backlash. This was never really about the milk. Yes, the woman was heating milk for her baby on the pavement. Yes, the minister later clarified that she did not take the child's milk away and that her concern was about the baby being on a busy road. Fine. Those are valid points to discuss. But that's not why the video upset so many people. It's the way she spoke to that woman. You can say the exact same thing in a hundred different ways. You can tell someone, ""You can't stay here. This is dangerous. Please move your belongings and we'll help you find somewhere safer."" Or you can say it with that particular tone, expression and body language — the kind that makes the person standing in front of you feel small, unwanted and beneath you. And that's what people reacted to. This wasn't some comfortable middle-class family casually setting up a home on Park Street. This is a woman who says she has been living on the pavement for decades and that she has nowhere else to go. Whatever one's opinion on pavement encroachment, that reality doesn't suddenly disappear because the location happens to be Park Street. You can enforce a rule without humiliating the person affected by it. That's the part I wish people would stop reducing to ""Oh, they are protesting because someone didn't let her heat milk."" No . The milk was only the moment that exposed the attitude . The protest is about the treatment of a vulnerable human being. And honestly, if the minister herself later acknowledged that she may have shouted and should have spoken more softly, I don't think it's unreasonable for people to say: Yes. That's exactly what we were talking about. And the meme here is highly insulting to us common people. Read more",,image,61,,5,https://www.reddit.com/r/kolkata/comments/1vyrjr1/it_was_never_about_the_milk_why_are_we_missing/,,,,,,,False,False,470956,0,26,2026-08-27T08:35:05.225Z,raw/kolkata/2026-08/posts.jsonl#L36
kolkata,t3_1vyrml4,2026-08-26T08:59:09.244Z,Dragon-Fire-Fooo,Kolkata is the metro city that soul.. Hope it remains the same.,I really hope that Kolkata doesn't change its nature... My kolkata should have soul. The love the culture..The Joy.. It should not become ruthless Delhi or Gurgaon or other cities.,,text,0,,4,https://www.reddit.com/r/kolkata/comments/1vyrml4/kolkata_is_the_metro_city_that_soul_hope_it/,,,,,,,False,False,470956,0,26,2026-08-27T08:36:06.232Z,raw/kolkata/2026-08/posts.jsonl#L183
kolkata,t3_1vyrs7w,2026-08-26T09:07:46.475Z,Emotional-Medium6543,Chaa khabi ?,Vai jadavpur or baghajatin er ase pase keo achis chaa khabi .... I just want to meet new people Read more,,text,0,,15,https://www.reddit.com/r/kolkata/comments/1vyrs7w/chaa_khabi/,,,,,,,False,False,470956,0,26,2026-08-27T08:36:01.805Z,raw/kolkata/2026-08/posts.jsonl#L163
kolkata,t3_1vyruxt,2026-08-26T09:12:02.517Z,CuteHazel03,Any idea what to do with these people???,Ei ful chor gulor ottachar shudhu Bere choleche. Amader bagane ja ful hoy shob churi kore ney. Tar shathe bairer togor gach gulo toh achei. Any remedy? Read more,,image,62,,90,https://www.reddit.com/r/kolkata/comments/1vyruxt/any_idea_what_to_do_with_these_people/,,,,,,,False,False,470956,0,26,2026-08-27T08:35:25.603Z,raw/kolkata/2026-08/posts.jsonl#L69
kolkata,t3_1vys0t8,2026-08-26T09:21:10.629Z,Jubo_Bangla_Samiti,A Question for Bengal’s Youth,"West Bengal has never lacked voices. We discuss politics. We debate leaders. We argue about the past, the present, and the future. But one question deserves more attention: What are we, the younger generation, actually doing about the problems around us? Broken roads, waterlogging, unsafe public spaces, unemployment concerns, environmental neglect, lack of civic awareness—these are not abstract issues. They affect everyday lives. Criticism is important. Accountability is necessary. But citizenship cannot end with posting, commenting, or waiting for someone else to act. A new generation must learn to ask questions, understand how public systems work, document local problems, support communities, volunteer, and demand solutions through lawful and constructive civic action. This is not about promoting any political party, leader, or organisation. It is about a larger idea: The future of Bengal cannot be built only by those in power. It must also be built by citizens who refuse to remain spectators. The real revolution may not begin with a slogan. Sometimes, it begins when ordinary young people decide that: “This is our locality. This is our society. And this is also our responsibility.” What is one civic problem in your area that people have accepted as “normal” but should no longer tolerate? Let's discuss. Read more",,image,5,,2,https://www.reddit.com/r/kolkata/comments/1vys0t8/a_question_for_bengals_youth/,,,,,,,False,False,470956,0,26,2026-08-27T08:37:25.673Z,raw/kolkata/2026-08/posts.jsonl#L341
kolkata,t3_1vys2rq,2026-08-26T09:24:19.380Z,feministabc,Genuine Q On the perspective Savarkar as a historical personality,"Here in reddit I come across lots of Savarkar memes posted by random handles. It is not that I have any issue with memes and anyway the world won't run based on my likes and dislikes 😄 But I wish to know,just out of academic curiosity and sociological perspective..how many of you have read about the life,philosophy and works of Savarkar from a moderately detailed historical work like that of the two volume book by Vikram sampath? Btw i myself have not been able to finish the whole two volumes of sampath's work 😬 but then I was never a high nerd,but leftists take pride in being nerdy,geeky..so to reiterate my Q for left leaned redditors who seem to dominate the sociopolitical discourse of reddit kolkata...... How many of you have genuinely tried to know about Savarkar,what he thought,what he chose to achieve for an independent India.. Savarkar is possibly the most misunderstood historical personality of 20th century india. But nature has her way of revealing truth with time. Falsehood cannot be sustained just by shouting and trying to suppress the other end of spectrum.",,text,0,,1,https://www.reddit.com/r/kolkata/comments/1vys2rq/genuine_q_on_the_perspective_savarkar_as_a/,,,,,,,False,False,470956,0,26,2026-08-27T08:36:47.940Z,raw/kolkata/2026-08/posts.jsonl#L219
kolkata,t3_1vys5n7,2026-08-26T09:28:47.684Z,snehasish_mukhherjee,Why West Bengal Govt is not taking steps for claiming GI tag for Mishti Doi ?  কিসের অসুবিধে ?,"Apart from football , roshgolla, Durga Puja , KaliPuja and maach ( fish) entire India identifies Mishti Doi too as a cuisine from Bengal but GI tag yet to be claimed . Are we waiting for Odisha / Bihar to proceed in this matter ?",,text,5,,1,https://www.reddit.com/r/kolkata/comments/1vys5n7/why_west_bengal_govt_is_not_taking_steps_for/,,,,,,,False,False,470956,0,25,2026-08-27T08:35:30.025Z,raw/kolkata/2026-08/posts.jsonl#L84
kolkata,t3_1vys8a3,2026-08-26T09:32:58.877Z,sarthakg9,Anyone near Kolkata Airport willing to help collect a Lost & Found parcel?,"Bit of a long shot, but I forgot a small parcel of clothes at Kolkata Airport, and it’s now with Lost & Found. If anyone happens to be around the airport and would be willing to help me collect it and courier it over, I’d be really grateful. Happy to cover all costs and compensate you for the trouble. Please DM if you can help :) Read more",,text,4,,1,https://www.reddit.com/r/kolkata/comments/1vys8a3/anyone_near_kolkata_airport_willing_to_help/,,,,,,,False,False,470956,0,26,2026-08-27T08:35:54.611Z,raw/kolkata/2026-08/posts.jsonl#L150
kolkata,t3_1vys9b0,2026-08-26T09:34:38.474Z,Aromatic_Yak_8998,Jiofibre prepaid termination and security deposit refund,Hi I want to quit jiofibre as it's becoming a real pain. Inconsistent wifi in my area. I only have a receipt where I paid 3K for installation. The have only seems to have charged for connectivity and platform fees...am I entitled for any refund (security deposit) during connection termination?? My jio plan is prepaid - 100mbps unlimited plan,,text,1,,0,https://www.reddit.com/r/kolkata/comments/1vys9b0/jiofibre_prepaid_termination_and_security_deposit/,,,,,,,False,False,470956,0,12,2026-08-27T08:35:50.862Z,raw/kolkata/2026-08/posts.jsonl#L119
kolkata,t3_1vyscki,2026-08-26T09:39:46.268Z,StockPossible8522,"Bhooter Raja Dilo Bor ( Dab chingri, Doi murgi, doi katla, Dal)","I went with Baba for celebrating my post-graduation in mathematics from Presidency with 9.2sgpa in final semester. Here, spicy shrimp is the best. Read more",,image,136,,31,https://www.reddit.com/r/kolkata/comments/1vyscki/bhooter_raja_dilo_bor_dab_chingri_doi_murgi_doi/,,,,,,,False,False,470956,0,0,2026-08-27T08:35:13.628Z,raw/kolkata/2026-08/posts.jsonl#L56
kolkata,t3_1vyscxv,2026-08-26T09:40:19.959Z,Zeehahahahahahahahah,Please drop any decent shops you know of for mobile phone repairs,My 5 year old Redmi note 10 pro's battery has swelled up & service centers near me don't have a replacement Anywhere I can get a replacement battery from a shop that won't scam me,,text,1,,0,https://www.reddit.com/r/kolkata/comments/1vyscxv/please_drop_any_decent_shops_you_know_of_for/,,,,,,,False,False,470956,0,26,2026-08-27T08:35:53.122Z,raw/kolkata/2026-08/posts.jsonl#L140
kolkata,t3_1vysj48,2026-08-26T09:50:11.582Z,Suspicious-Estate695,"Watched TOXIC, and honestly, it felt like pure Rocky Bhai aura-farming with very little substance. The movie is SHIT, except for the twist—which is almost identical to the famous 1999 Brad Pitt movie—and Yash’s performance in the last 15 minutes, which was genuinely impressive.",,,image,22,,6,https://www.reddit.com/r/kolkata/comments/1vysj48/watched_toxic_and_honestly_it_felt_like_pure/,,,,,,,False,False,470956,0,26,2026-08-27T08:35:12.621Z,raw/kolkata/2026-08/posts.jsonl#L47
kolkata,t3_1vysoqp,2026-08-26T09:59:00.329Z,EmergencyAioli3707,Why do some guys wear sando genji when getting married while some wear panjabis?,Genuine question guyzzz🤔,,text,1,,26,https://www.reddit.com/r/kolkata/comments/1vysoqp/why_do_some_guys_wear_sando_genji_when_getting/,,,,,,,False,False,470956,0,26,2026-08-27T08:36:03.613Z,raw/kolkata/2026-08/posts.jsonl#L165
kolkata,t3_1vyst3k,2026-08-26T10:05:14.707Z,PsychologicalRip3137,Drop the best thing about yourself,,,image,13,,45,https://www.reddit.com/r/kolkata/comments/1vyst3k/drop_the_best_thing_about_yourself/,,,,,,,False,False,470956,0,26,2026-08-27T08:35:09.621Z,raw/kolkata/2026-08/posts.jsonl#L44
kolkata,t3_1vysxjk,2026-08-26T10:12:03.367Z,Jazzlike_Time105,Best cheapest Travel agency for some tour in upcoming oct nov.,"I need travel agency who are friendly ,has good reputation ,also cheap but cheap doesnt mean we have to face journey in sleeper class,or room like hostel mess,hotel toilet like sealdah station lol.",,text,1,,1,https://www.reddit.com/r/kolkata/comments/1vysxjk/best_cheapest_travel_agency_for_some_tour_in/,,,,,,,False,False,470956,0,26,2026-08-27T08:36:00.906Z,raw/kolkata/2026-08/posts.jsonl#L160
kolkata,t3_1vyt4ue,2026-08-26T10:22:56.451Z,snehasish_mukhherjee,Rebel TMC MPs from Bengal get show cause notices from Lok Sabha speaker,src- https://www.thehindu.com/news/national/rebel-tmc-mps-get-notices-from-lok-sabha-secretariat-on-disqualification-pleas-asked-to-reply-within-7-days/article71391461.ece,,text,2,,1,https://www.reddit.com/r/kolkata/comments/1vyt4ue/rebel_tmc_mps_from_bengal_get_show_cause_notices/,,,,,,,False,False,470956,0,26,2026-08-27T08:36:00.447Z,raw/kolkata/2026-08/posts.jsonl#L156
kolkata,t3_1vytazq,2026-08-26T10:32:03.460Z,Educational_Kale_907,Yyoo,Any chance je ay app a ami kono friends der pete pari? Jee like ektu unserious hote pare ar besi gyan debe na🫪 And friendly hoi jeno Read more,,text,1,,35,https://www.reddit.com/r/kolkata/comments/1vytazq/yyoo/,,,,,,,False,False,470956,0,1,2026-08-27T08:35:52.054Z,raw/kolkata/2026-08/posts.jsonl#L130
kolkata,t3_1vytdmu,2026-08-26T10:36:00.449Z,sheer-blanket,1 BHK / RK under 8k needed.,"Without Brokerage Metro connectivity (under 700m) is non-negotiable Budget - Under 8k per month Amenities needed - Water purifier, Bed, closet, table-chair, geyser & AC. Non sharing. P.s Ami bangla alpo alpo jaani. Kindly reply in English/hindi. Read more",,text,1,,1,https://www.reddit.com/r/kolkata/comments/1vytdmu/1_bhk_rk_under_8k_needed/,,,,,,,False,False,470956,0,26,2026-08-27T08:37:30.650Z,raw/kolkata/2026-08/posts.jsonl#L350
kolkata,t3_1vytrdq,2026-08-26T10:56:24.950Z,Dragonacious,Regarding Self Enumeration Form,Was everybody able to fill up the self enumeration form online? I see the website is offline now. What is the next step for this? Read more,,text,1,,1,https://www.reddit.com/r/kolkata/comments/1vytrdq/regarding_self_enumeration_form/,,,,,,,False,False,470956,0,26,2026-08-27T08:36:04.645Z,raw/kolkata/2026-08/posts.jsonl#L168
kolkata,t3_1vyub08,2026-08-26T11:23:55.833Z,Accomplished_Tour_66,And there we go,"Already Knew this would happen, but not this soon 😂 https://indianexpress.com/article/cities/kolkata/91-of-names-back-in-bengal-electoral-roll-as-sir-tribunals-dispose-of-handful-of-appeals-10849631/ Clarification: The title by The Indian Express seems to be misleading, so to be clear, the 91% figure means 75,443 out of the 82,782 appeals decided so far resulted in names being restored not 91% of all excluded names. But the bigger concern is the timing: these restorations are happening after the election is over and the government has changed. What about these people's votes? Were they not important enough? And during this whole process, many of these people were also labelled “Bangladeshis” by right-wingers simply because their names were being questioned.",,image,387,,64,https://www.reddit.com/r/kolkata/comments/1vyub08/and_there_we_go/,,,,,,,False,False,470956,0,26,2026-08-27T08:35:25.914Z,raw/kolkata/2026-08/posts.jsonl#L72
kolkata,t3_1vyuosn,2026-08-26T11:42:41.704Z,_stardust_25,Where can I buy good Septum jewellery in Kolkata?,"So I've been searching for septum jewellery for quite some time now...but have'nt found any website or store that sells good quality septum rings... Amazon does sell a few... but those are not of good enough quality, and eBay does also sell multiple of those rings... but still its all prepaid, and I don't want to spend my money on uncertain websites... Does anyone know of any good shop/store or website that sells good-quality septum jewellery and also preferably allows COD Please suggest Read more",,text,1,,7,https://www.reddit.com/r/kolkata/comments/1vyuosn/where_can_i_buy_good_septum_jewellery_in_kolkata/,,,,,,,False,False,470956,0,26,2026-08-27T08:35:52.098Z,raw/kolkata/2026-08/posts.jsonl#L136
kolkata,t3_1vyuy2v,2026-08-26T11:55:22.266Z,Witty-Section1126,Need modelling advice (I'm a freshman),"I’m a freshman with no prior modelling experience. I recently applied to several modelling agencies and, surprisingly, got selected by most of them. A few agencies have contacted me saying that the shoot, grooming, and food will be provided free of cost. However, they are asking me to pay an initial fee for creating my profile or banner. Since I’m completely new to modelling, I’m not sure whether this is a standard industry practice or a potential scam. Should I pay the initial fee, or is this something I should be cautious about? Read more",,text,1,,4,https://www.reddit.com/r/kolkata/comments/1vyuy2v/need_modelling_advice_im_a_freshman/,,,,,,,False,False,470956,0,26,2026-08-27T08:35:50.978Z,raw/kolkata/2026-08/posts.jsonl#L120
kolkata,t3_1vyv2fo,2026-08-26T12:00:46.881Z,Curious_Meal8051,St. Xavier's University,How to reach St.Xavier's University New Town from Karunamoyee metro station?,,text,1,,2,https://www.reddit.com/r/kolkata/comments/1vyv2fo/st_xaviers_university/,,,,,,,False,False,470956,0,26,2026-08-27T08:36:52.022Z,raw/kolkata/2026-08/posts.jsonl#L262
kolkata,t3_1vyv8j1,2026-08-26T12:08:28.849Z,satadru_das,Need help in changing bike registration to BH,"Hello people, In a couple of months I need to move out and I'd take my two wheeler with me. Since I'll be staying longer than a year and would also travel around in surrounding states I'd prefer to have a BH plate. Now as per Google, it seems straightforward. Get form 60 from my company. NOC from bank. Personal documents And upload to the site. However, peers suggesting me to do via dalal since it's government work and will get stuck. The dalal I know denies this is possible and only suggests can be done when buying the vehicle. Not sure why when the internet says otherwise. People who have done this let me know what to do? If any contact you have that can help me do this let me know!",,text,2,,8,https://www.reddit.com/r/kolkata/comments/1vyv8j1/need_help_in_changing_bike_registration_to_bh/,,,,,,,False,False,470956,0,26,2026-08-27T08:35:35.222Z,raw/kolkata/2026-08/posts.jsonl#L96
kolkata,t3_1vyv912,2026-08-26T12:09:07.111Z,Final-Distribution-8,Why does Bengal have so many “bad” food vloggers ?,"Most of them are bad. The reviews are mostly paid and are fake. And why is everything limited to Biriyani, oithihashik Muhurto, Porota and Chorbi diye ghugni.",,image,14,,12,https://www.reddit.com/r/kolkata/comments/1vyv912/why_does_bengal_have_so_many_bad_food_vloggers/,,,,,,,False,False,470956,0,26,2026-08-27T08:35:43.896Z,raw/kolkata/2026-08/posts.jsonl#L112
kolkata,t3_1vyvamc,2026-08-26T12:11:11.716Z,SilentTheorem,"Honestly, I think I hate the corporate world. This feels like an abyss.","I know I’m only 26 (M), so maybe I’m being stupid or dramatic, but sometimes I genuinely feel like I just want to quit everything. I don’t want to spend my life worrying about promotions, targets, emails, deadlines, office politics, or constantly trying to prove that I’m doing something with my life. I just want to write poetry, spend time with my family, read, travel, sit around doing nothing sometimes, and live a peaceful life. And honestly, I don’t even care if I never get married or start a family of my own. I just want a life that feels peaceful and actually belongs to me. The weird thing is, I know I’m supposed to want more at this age. I’m supposed to be ambitious, build a career, make money, keep moving forward. This just feels like this huge abyss, and I genuinely don’t think I was made for it. I feel stressed and depressed every single day, it's not like kono immidiate issue ache, ami nijei janina whyI feel like this everyday. Read more",,text,22,,9,https://www.reddit.com/r/kolkata/comments/1vyvamc/honestly_i_think_i_hate_the_corporate_world_this/,,,,,,,False,False,470956,0,26,2026-08-27T08:35:25.998Z,raw/kolkata/2026-08/posts.jsonl#L76
kolkata,t3_1vyvdk5,2026-08-26T12:14:59.921Z,builder_bob2441139,"I built BooksGraph, a community for rating storybooks in Bengali, English, and more","Hey! I've been building BooksGraph for the past few months and would love your feedback. What it is : A community-driven book discovery and review platform with a focus on stories in Bengali and English - two literary traditions that barely overlap on mainstream platforms like Goodreads. What you can do: - Rate and review storybooks (novel, novella, short story) - Build personal reading lists and track your shelf - Write long-form reading journals (rich text editor) - Discover books by genre, language, and mood - See what the community is reading in real time - Follow other readers and get personalized recommendations Contributions are community-driven: anyone can suggest books, verified members can add and approve, and authors can claim their own profiles. 🔗 Live: https://booksgraph.vercel.app/ I can verify profiles so you folks can add your books and review it as well! Happy to answer any questions about the stack or the product decisions. Would especially love to hear from any readers! 🙏 Read more",,text,3,,2,https://www.reddit.com/r/kolkata/comments/1vyvdk5/i_built_booksgraph_a_community_for_rating/,,,,,,,False,False,470956,0,26,2026-08-27T08:35:25.995Z,raw/kolkata/2026-08/posts.jsonl#L75
kolkata,t3_1vyvmro,2026-08-26T12:26:09.574Z,Beneficial_Seesaw136,Need help from some students of SSKM,Can you guys tell me for how many days diwali holiday is given? What was the previous year diwali date given? And what will be the 2026 diwali holiday dates? Cuz I have book the train to go my hometown in north bengal,,text,3,,0,https://www.reddit.com/r/kolkata/comments/1vyvmro/need_help_from_some_students_of_sskm/,,,,,,,False,False,470956,0,26,2026-08-27T08:35:54.059Z,raw/kolkata/2026-08/posts.jsonl#L147
kolkata,t3_1vyvsbf,2026-08-26T12:32:52.319Z,MarionberryTime3553,Anyone travelling from Slg to Kolkata on 13148? 🫣,I am in the train and if you’re too let’s chat.,,text,0,,4,https://www.reddit.com/r/kolkata/comments/1vyvsbf/anyone_travelling_from_slg_to_kolkata_on_13148/,,,,,,,False,False,470956,0,26,2026-08-27T08:36:04.596Z,raw/kolkata/2026-08/posts.jsonl#L166
kolkata,t3_1vyvv77,2026-08-26T12:36:19.304Z,idkmanfuc,"Casting for the Upcoming Bengali film ""Moharaja Tomare Selam"" based on Satyajit Ray.Thoughts?",It will be directed by Srijit Mukherji Idk but Ritwik Bhowmik kind of looks off for Goopy Read more,,image,104,,35,https://www.reddit.com/r/kolkata/comments/1vyvv77/casting_for_the_upcoming_bengali_film_moharaja/,,,,,,,False,False,470956,0,26,2026-08-27T08:35:00.085Z,raw/kolkata/2026-08/posts.jsonl#L28
kolkata,t3_1vyw5qt,2026-08-26T12:48:51.920Z,Mess8635,Has anyone bought this from Swiggy dineout flash sale,Craft coffee,,text,1,,2,https://www.reddit.com/r/kolkata/comments/1vyw5qt/has_anyone_bought_this_from_swiggy_dineout_flash/,,,,,,,False,False,470956,0,26,2026-08-27T08:35:35.702Z,raw/kolkata/2026-08/posts.jsonl#L100
kolkata,t3_1vywc2o,2026-08-26T12:56:26.443Z,eyeteaseller,It was a beautiful day,Dudin age akash ta besh shundor dekhte lagchilo tai gari theke ei chobee ta tulechilam. Read more,,image,1,,2,https://www.reddit.com/r/kolkata/comments/1vywc2o/it_was_a_beautiful_day/,,,,,,,False,False,470956,0,26,2026-08-27T08:35:50.643Z,raw/kolkata/2026-08/posts.jsonl#L118
kolkata,t3_1vywho1,2026-08-26T13:02:31.500Z,Ok_Owl_3680,Why Behala to Newtown route is so bad,Traveling from Behala to Newtown in local transport is talking almost 3 to 4 hrs. Compared to other routes Behala has the worst transport connection.,,text,3,,4,https://www.reddit.com/r/kolkata/comments/1vywho1/why_behala_to_newtown_route_is_so_bad/,,,,,,,False,False,470956,0,26,2026-08-27T08:35:51.200Z,raw/kolkata/2026-08/posts.jsonl#L122
kolkata,t3_1vywk2d,2026-08-26T13:05:15.160Z,Wooden-Salad4635,"Thinking of install hathway broadband? Wash your brains, think quintuple times. If no other isp in your location shift yourself","Hathway has to be one of the most frustrating ISPs I’ve ever dealt with. Paying for a 150 Mbps connection and still getting garbage-level performance is ridiculous. The speed on paper means absolutely nothing when the ping keeps jumping from 40 ms to 100, 200+ ms for no reason. Even on Ethernet , the connection can still be unstable. Online gaming becomes a complete joke—constant lag, ping spikes, and random connectivity issues. At this point, I’m paying for a service that I can’t reliably use. And the customer support? Even worse. You complain, explain the problem repeatedly, and somehow nothing actually gets fixed. It’s just endless excuses and the same useless troubleshooting. Hathway, if you can’t provide a stable connection, stop advertising yourselves as a reliable broadband provider. A 150 Mbps plan is worthless when the actual experience is this terrible. Honestly, save yourself the headache and choose another ISP if you have the option.",,text,5,,3,https://www.reddit.com/r/kolkata/comments/1vywk2d/thinking_of_install_hathway_broadband_wash_your/,,,,,,,False,False,470956,0,22,2026-08-27T08:35:25.280Z,raw/kolkata/2026-08/posts.jsonl#L66
kolkata,t3_1vywq1o,2026-08-26T13:12:09.744Z,Agitated-bitch-9238,How is weather this time in digha?,Planning to go during this weekend how is the weather there right now?,,text,0,,0,https://www.reddit.com/r/kolkata/comments/1vywq1o/how_is_weather_this_time_in_digha/,,,,,,,False,False,470956,0,26,2026-08-27T08:35:44.138Z,raw/kolkata/2026-08/posts.jsonl#L113
kolkata,t3_1vywsu2,2026-08-26T13:15:18.073Z,WeepingShade,Anybody know about a good shooting academy?,Amar akjon relative besh interested sports shooting er byapare. Keu valo shooting club ba academy r sondhan dite parben? South Kolkata r dike hole better hoy. Dhonnyobad.,,text,2,,1,https://www.reddit.com/r/kolkata/comments/1vywsu2/anybody_know_about_a_good_shooting_academy/,,,,,,,False,False,470956,0,25,2026-08-27T08:35:43.652Z,raw/kolkata/2026-08/posts.jsonl#L108
kolkata,t3_1vyx0vc,2026-08-26T13:24:30.135Z,Debayan_karanjai,Goodbye Darjeeling!!! ♥️ Hello Kolkata!!!,Had a Lovely vacation with family at Darjeeling and DawaiPani. Enjoy some pics!!! Read more,,image,25,,2,https://www.reddit.com/r/kolkata/comments/1vyx0vc/goodbye_darjeeling_hello_kolkata/,,,,,,,False,False,470956,0,26,2026-08-27T08:35:21.143Z,raw/kolkata/2026-08/posts.jsonl#L62
kolkata,t3_1vyx53s,2026-08-26T13:29:03.085Z,Little_dove2,"Saint Teresa, our very own Mother Teresa","Every time I enter Nirmala Shishu Bhavan, I am surrounded by innocent little faces. I would sit with them, hold them, talk to them, play with them. Little hands would reach for mine. Someone would tug at my clothes, wanting my attention, whereas another would simply climb into my lap and rest her head against me. All this fills me with an extraordinary sense of tenderness. I love these children. What touches me even more is the way they too love me back. There is something deeply moving about their instinctive bond of love which is so uncomplicated. They seek nothing, except that, you be present. And perhaps that is why I keep returning to them. Spending time with them gives me a strange sense of fulfilment. I remember, there was once a frail little girl, named Meghla, perhaps nine orten years old or so, whom I would meet during my initial days of visits to the Shishu Bhavan. Set against her fragile face were her large, green eyes, unusual against her dusky complexion, were amazingly innocent. Every time I visited, she would come up to me requesting me to take her to my home. I would gently explain that I couldn't because the mission had its rules. Then she would ask me about the people who lived with me in my home, and she would listen with great curiosity. Perhaps, in her little world, my home seemed like a magical place where she imagined herself belonging. Then one day, when I went to Shishu Bhavan again, Megla wasn't there. I asked about her, and what I heard left me speechless. She had died a couple of days ago. I came to know that the poor child had been suffering from leukemia. My heart was filled with a strange emptiness at having to accept that the little girl who had so eagerly asked me to take her home was no longer there to ask again. Her innocent question came back to me, “Who all live in your home?” Was she simply curious? Or was she searching for a place she could call her own home? I will never know. Today is the birthday of one of the greatest humanitarians of our age, Saint Teresa, our very own Mother Teresa. She established a home for abandoned children named Nirmala Shishu Bhavan, and showed the world how to love and serve the less fortunate around us. In her words, ""The hunger for love is much more difficult to remove than the hunger for bread.""",,text,2,,1,https://www.reddit.com/r/kolkata/comments/1vyx53s/saint_teresa_our_very_own_mother_teresa/,,,,,,,False,False,470956,0,25,2026-08-27T08:35:52.065Z,raw/kolkata/2026-08/posts.jsonl#L133
kolkata,t3_1vyxafw,2026-08-26T13:34:39.816Z,Spirited_Visual_6997,"Opened a New Business, Please Support 🙏♥️","✨ Launch Week Alert! ✨ Check out my new brand, Swarnaika by S&S ! 💍 DM♥️ Read more",,image,20,,8,https://www.reddit.com/r/kolkata/comments/1vyxafw/opened_a_new_business_please_support/,,,,,,,False,False,470956,0,26,2026-08-27T08:35:04.820Z,raw/kolkata/2026-08/posts.jsonl#L33
kolkata,t3_1vyxnfo,2026-08-26T13:49:04.626Z,juralapa,One less puja pandal to visit this year,,,image,366,,45,https://www.reddit.com/r/kolkata/comments/1vyxnfo/one_less_puja_pandal_to_visit_this_year/,,,,,,,False,False,470956,0,26,2026-08-27T08:34:47.912Z,raw/kolkata/2026-08/posts.jsonl#L10
kolkata,t3_1vyxqu4,2026-08-26T13:52:50.214Z,iinattanii,Institute that teach ISL,"I want to learn ISL, and I dont particularly know any place that teaches. I could try learning online, but I cannot produce any proof of my learning. Is there any institute where I can learn it? Preferably near South Kolkata. Read more",,text,3,,1,https://www.reddit.com/r/kolkata/comments/1vyxqu4/institute_that_teach_isl/,,,,,,,False,False,470956,0,26,2026-08-27T08:35:25.679Z,raw/kolkata/2026-08/posts.jsonl#L70
kolkata,t3_1vyxyes,2026-08-26T14:01:00.226Z,No-Door9343,Theree day holidays coming from 3rd Sept... suggest some good places for exploring and refreshing.. kolkata or nearby places,"Planning to go solo ... please don't suggest digha, mandarmani, puri etc...as been there done that...",,text,1,,1,https://www.reddit.com/r/kolkata/comments/1vyxyes/theree_day_holidays_coming_from_3rd_sept_suggest/,,,,,,,False,False,470956,0,26,2026-08-27T08:36:56.847Z,raw/kolkata/2026-08/posts.jsonl#L266
kolkata,t3_1vyy1do,2026-08-26T14:04:11.433Z,Wooden-Salad4635,"Since I am fed up with Hathway broadband, I am switching my wifi. Need ISP recommendations for gaming","I’m located in Darjeeling, but I’d really appreciate opinions from everyone from WB as well, since most of the game servers I play on are in/around Mumbai. I’m currently using Hathway 150 Mbps, and the routing is honestly terrible for gaming. Download speeds are fine, but I get unstable ping, random spikes and packet loss. Even mobile games like CODM have inconsistent ping. I mainly play Valorant and other PC games, so I don’t really care about having crazy download speeds. I just want stable ping, low jitter, and no packet loss, especially to Mumbai servers. I’m not sure about the availability and other details, but JioFiber is an option I could consider if it’s available in my area. If you’re using JioFiber, Airtel, BSNL or a local ISP, what has your gaming experience been like? ● What ping do you usually get in Valorant? ● Is it stable during peak hours? ● Any packet loss or random spikes? ● How is it for mobile games like CODM? I’m mainly looking for recommendations that would work well in Darjeeling, but I’d definitely like to hear from everyone please.🙏 Read more",,text,2,,6,https://www.reddit.com/r/kolkata/comments/1vyy1do/since_i_am_fed_up_with_hathway_broadband_i_am/,,,,,,,False,False,470956,0,24,2026-08-27T08:35:25.517Z,raw/kolkata/2026-08/posts.jsonl#L68
kolkata,t3_1vyy1lf,2026-08-26T14:04:25.578Z,Wooden-Salad4635,"Since I am fed up with Hathway broadband, I am switching my wifi. Need ISP recommendations for gaming","I’m located in Darjeeling, but I’d really appreciate opinions from everyone from WB as well, since most of the game servers I play on are in/around Mumbai. I’m currently using Hathway 150 Mbps, and the routing is honestly terrible for gaming. Download speeds are fine, but I get unstable ping, random spikes and packet loss. Even mobile games like CODM have inconsistent ping. I mainly play Valorant and other PC games, so I don’t really care about having crazy download speeds. I just want stable ping, low jitter, and no packet loss, especially to Mumbai servers. I’m not sure about the availability and other details, but JioFiber is an option I could consider if it’s available in my area. If you’re using JioFiber, Airtel, BSNL or a local ISP, what has your gaming experience been like? ● What ping do you usually get in Valorant? ● Is it stable during peak hours? ● Any packet loss or random spikes? ● How is it for mobile games like CODM? I’m mainly looking for recommendations that would work well in Darjeeling, but I’d definitely like to hear from everyone please.🙏 Read more",,text,1,,5,https://www.reddit.com/r/kolkata/comments/1vyy1lf/since_i_am_fed_up_with_hathway_broadband_i_am/,,,,,,,False,False,470956,0,25,2026-08-27T08:35:53.291Z,raw/kolkata/2026-08/posts.jsonl#L143
kolkata,t3_1vyy25m,2026-08-26T14:05:01.129Z,Fluffy_soul20,দুর্গাপূজার আসছে ভাবলে সবার প্রথম মাথায় কি আসে?,,,image,538,,140,https://www.reddit.com/r/kolkata/comments/1vyy25m/%E0%A6%A6%E0%A6%B0%E0%A6%97%E0%A6%AA%E0%A6%9C%E0%A6%B0_%E0%A6%86%E0%A6%B8%E0%A6%9B_%E0%A6%AD%E0%A6%AC%E0%A6%B2_%E0%A6%B8%E0%A6%AC%E0%A6%B0_%E0%A6%AA%E0%A6%B0%E0%A6%A5%E0%A6%AE_%E0%A6%AE%E0%A6%A5%E0%A7%9F_%E0%A6%95_%E0%A6%86%E0%A6%B8/,,,,,,,False,False,470956,0,26,2026-08-27T08:34:59.552Z,raw/kolkata/2026-08/posts.jsonl#L25
kolkata,t3_1vyy3hs,2026-08-26T14:06:26.439Z,CauchyHypersurface,Looking for a reliable place in Kolkata to buy a Laptop,"I’m planning to buy a gaming laptop offline in Kolkata, mainly because of the current price situation and I’d prefer checking the unit before purchasing. Looking for recommendations for shops/dealers that are: Genuine/authorized and sell original products Offer good offline prices, ideally close to or better than online pricing Have a good reputation for new, sealed, non-defective units Provide proper GST bill + Lenovo warranty Have reliable after-sales support / easy replacement if there’s a DOA or manufacturing issue I’m particularly interested in LOQ models. Please mention the shop name + location, and roughly what price you got / how your experience was. Also open to stores around Chandni Chowk, Park Street, Salt Lake, New Town, etc. if they're worth travelling to.",,text,1,,0,https://www.reddit.com/r/kolkata/comments/1vyy3hs/looking_for_a_reliable_place_in_kolkata_to_buy_a/,,,,,,,False,False,470956,0,26,2026-08-27T08:35:34.292Z,raw/kolkata/2026-08/posts.jsonl#L93
kolkata,t3_1vyy512,2026-08-26T14:08:06.884Z,Fair-Whereas1010,It worked!! I have something for everyone who is stuck inside their home and genuinely want to connect with people and hangout,"A couple of days ago I wrote in this sub about how I have been forgetting to speak Bengali due to being stuck inside my home and having little to no oppertunity at socialising, and hence would love to find a few people who want to go out, explore the city, or anyone who's stuck in a similar situation as me. I found that a lot of people are going through the same thing and would also love to have a safe space where we can socialise, plan activities and meetups and basically just get out of the house. The solution came as our group, ""Kolkata Touch Grass Society"" which is live with 10 members !! I would love for more people to join us. So... hey, if you're based in or near Kolkata and would love some company to hang out, play games, or play sports, look no further and drop a comment here. I will contact you and add you to our group Note: It's an SFW group, with a strict no-tolerance policy. EDIT: I'M NOT ABLE TO ADD PEOPLE TO TELEGRAM ATM, I WILL RESUME AS SOON AS THE RESTRICTIONS DISAPPEAR. Read more",,text,45,,134,https://www.reddit.com/r/kolkata/comments/1vyy512/it_worked_i_have_something_for_everyone_who_is/,,,,,,,False,False,470956,0,26,2026-08-27T08:35:30.000Z,raw/kolkata/2026-08/posts.jsonl#L82
kolkata,t3_1vyy6gl,2026-08-26T14:09:39.843Z,Nearby_Anywhere_,Suggest an earbud under 1500rs,"So I wanna purchase an earbud between 1000-1500rs . Brand can be boat , realme doesn't matter for me . My actual purpose to buy this are listening a lot of music ( main reason) , a lil bit gaming, watching yt videos . Can you guys name the exact bud or give the link which is fulfilling my requirements. Also you suggest an earbud which is above 1500 but can reduce the price around durgapuja. Read more",,text,1,,4,https://www.reddit.com/r/kolkata/comments/1vyy6gl/suggest_an_earbud_under_1500rs/,,,,,,,False,False,470956,0,26,2026-08-27T08:35:36.108Z,raw/kolkata/2026-08/posts.jsonl#L102
kolkata,t3_1vyyddm,2026-08-26T14:17:01.313Z,snehasish_mukhherjee,West Bengal school education Dept orders imposing and Sanskrit promotion in government schools at the cost of Bengali Rajbanshi Santhali & Nepali languges !,src - https://www.anandabazar.com/education-career/schools-told-to-mark-sanskrit-day-between-august-25-31-in-west-bengal-dgtl/cid/1708640 https://tv9bangla.com/kolkata/bjp-government-allocates-50-crore-specifically-for-this-language-a-major-initiative-for-the-promotion-of-sanskrit-1324527.html West Bengal Budget 2026 allocated 50 crores for Sanskrit language promotion and preservation. Read more,,image,21,,20,https://www.reddit.com/r/kolkata/comments/1vyyddm/west_bengal_school_education_dept_orders_imposing/,,,,,,,False,False,470956,0,26,2026-08-27T08:35:04.843Z,raw/kolkata/2026-08/posts.jsonl#L35
kolkata,t3_1vyymjc,2026-08-26T14:26:43.605Z,Educational_Kale_907,Amar cousin-er tola chobi — kemon hoyeche?,Amar cousin nature photography korte khub bhalobashe. Ei chobitao or tola. Tomader kemon legeche? 🌿📸,,image,15,,9,https://www.reddit.com/r/kolkata/comments/1vyymjc/amar_cousiner_tola_chobi_kemon_hoyeche/,,,,,,,False,False,470956,0,26,2026-08-27T08:35:18.249Z,raw/kolkata/2026-08/posts.jsonl#L59
kolkata,t3_1vyyveo,2026-08-26T14:36:00.970Z,unfettered2nd,I want to talk about Toxic(2026) [spoilers],"On tv tropes, there is a trope called Shoot the shaggy dog. Basically at the end of the story the envdeavors, trials and tribulations of the protagonist mean nothing and turns out to be waste of time. Are you telling me that the narrator, the build-up to the entire conflict between father and son like Rustom and Sohrab-esque plot was all just a schizophrenic-psychosis of a man who had nothing going on for life besides violence and crime? I was expecting some conflict within himself to emerge when the story pits him to pick side between his sister or his lover (or being made to like it was in Bahubali 2). But no, it wasn't going to be that. I feel the entire setup was there for the protagonist to fail, either by his own choice or by forces beyond his control. We never get to see what made their mother kill their father apart from a remark she loved her brothers more, how they ended up on streets, why the mother is now at brothel who sells her own daugher and then he recuses her after killing his mother and the r@pist, only to helplessly watch his sister sell herself to feed themselves as he later starts working with a grave stealing gang at such age (if I am getting the chronology right)? I can't see how that is not leaving him with deep seated issues that don't gets addressed in due course of time. He simply goes on carnage spress or sexual gratifications and that is his only defining traits. Why should I care who he is killing anyway? The entire subplot with Huam Qureshi's character is there just to have his sister killed and yet he blames Kiara's character despite she was forced to do that in her pregnancy. This leads to her suicide so he can atleast accept their son, only to have that son die at the hands of his own father the very next moment. All that crap about being bastard was for nothing and it was never implied that he and his sisters were bastards too so we don't know why he was coming up with all that bullshit. Many are comparing the twist of him imagining his son being alive out their planning his revenge with Fight Club(2003) and the only similarity is the how both characters were same person. In Fight Club, the twist works because it recontextulize the whole story till that point. Here, it renders the whole story pointless and becomes the ""it was all just a dream"" cope out. His conflict with his son was such an interesting story beat in an otherwise chore of a movie, and they destory it in the name of twist. The whole story loses any setup for payoff and writes itself into a cornor where there was never any resolution for the protagonist, just an elongated arc about his self destruction while a side plot of ""chicks dig bad boys"" thrown into the mix in the 2nd half. And I haven't mentioned how come no one knew about it at that point. Why he has a stash of those clicking toys that he himself plants at the places he owns? I find it funny that he even conjured up all those daddy issues of his non-existant son, and I was so emotionally invested in that only for a rug pull at the end. I might have ranted too much about this stupid movie but I feel a good plot was wasted. His loyalty to his sister given their backstory and resulting conflict needed bigger plot than montages of him killing people like a butcher in aviary but all we got was a pointless 2nd half, and I feel pissed. Huma Qureshi's character's claim that she got the last laugh was true and our ""hero"" simply did things to prove her right instead of going on a difficult journey to prove her wrong. Now, that would have been a fairy tale for grown-ups. p.s. - The dialouges were the good part because it was so hilarious.",,text,0,,0,https://www.reddit.com/r/kolkata/comments/1vyyveo/i_want_to_talk_about_toxic2026_spoilers/,,,,,,,False,False,470956,0,25,2026-08-27T08:35:35.140Z,raw/kolkata/2026-08/posts.jsonl#L95
kolkata,t3_1vyz1lo,2026-08-26T14:42:33.059Z,Nghtcrwlrr,আজকে রাতের গান ( রোজ দিন - রোহান বসু),Channel link - https://youtu.be/5sXLg-nEqL4?si=op1l80YeUsKeh0pb,,video,3,,0,https://www.reddit.com/r/kolkata/comments/1vyz1lo/%E0%A6%86%E0%A6%9C%E0%A6%95_%E0%A6%B0%E0%A6%A4%E0%A6%B0_%E0%A6%97%E0%A6%A8_%E0%A6%B0%E0%A6%9C_%E0%A6%A6%E0%A6%A8_%E0%A6%B0%E0%A6%B9%E0%A6%A8_%E0%A6%AC%E0%A6%B8/,,,,,,,False,False,470956,0,26,2026-08-27T08:35:29.932Z,raw/kolkata/2026-08/posts.jsonl#L80
kolkata,t3_1vyz1p4,2026-08-26T14:42:39.003Z,Numerous-Stay7596,Bekhayali cover 🔥,Gave a try at singing Bekhayali 🔥 let me know how it is ✨,,video,2,,3,https://www.reddit.com/r/kolkata/comments/1vyz1p4/bekhayali_cover/,,,,,,,False,False,470956,0,26,2026-08-27T08:35:54.188Z,raw/kolkata/2026-08/posts.jsonl#L149
kolkata,t3_1vyz39v,2026-08-26T14:44:17.729Z,Any-Laugh9237,EWS Certificate,I meet family income eligibility criteria and live in my dida's house from birth we have a land but not a house. Previously when I went to make this certificate they asked me for a land document which I didn't have later my mom told me maybe it got lost. They asked for a bunch of documents and their behaviour was also rude af and later I gave up on the certificate but I feel like I should try once more like if I get that many things will be easier. How is the process now? I saw a comment that they are not issuing an EWS certificate now is it true and also can I write that we don't own any land even though we own? Previously I went to the SDO office because we live in the municipality area. Is there any way I can make this quick and easy? Like anyone has any contacts or anything that can help..... In other states it's pretty easy to get idk why it's so hard here Read more,,text,0,,5,https://www.reddit.com/r/kolkata/comments/1vyz39v/ews_certificate/,,,,,,,False,False,470956,0,26,2026-08-27T08:36:00.753Z,raw/kolkata/2026-08/posts.jsonl#L158
kolkata,t3_1vyz6py,2026-08-26T14:47:50.175Z,Radiant_Brother6558,Looking to rent,"My work place is near 8b, I live in Newtown so I am looking for either one bhk / one rk furnished within that locality or bhaghajatin, Santospur, dhakuria, golf green etc, basically from where I can just take one auto. Preference-Can't be on the ground floor. Range 9-11k. Furnished Don't want to live next to the owner, unnecessaryy trouble. No broker Read more",,text,1,,1,https://www.reddit.com/r/kolkata/comments/1vyz6py/looking_to_rent/,,,,,,,False,False,470956,0,25,2026-08-27T08:38:46.440Z,raw/kolkata/2026-08/posts.jsonl#L532
kolkata,t3_1vyzjli,2026-08-26T15:01:04.955Z,Rims_16,Bengali comic book recommendations,"Choto belaye Bantul, Nonte Fonte etc. toh porechi. Kintu kono bhalo bangla comic book ache jeta DC ba Marvel er moton? Read more",,text,1,,4,https://www.reddit.com/r/kolkata/comments/1vyzjli/bengali_comic_book_recommendations/,,,,,,,False,False,470956,0,26,2026-08-27T08:35:43.204Z,raw/kolkata/2026-08/posts.jsonl#L106
kolkata,t3_1vyzlf3,2026-08-26T15:02:47.501Z,Foreign-Cheetah-8301,Need help in bhabanipur constituency,"I need to make the income certificate of my mother who is a house wife, how can i make it as the tmc councillor is not available and our mla is the cm! Read more",,text,3,,2,https://www.reddit.com/r/kolkata/comments/1vyzlf3/need_help_in_bhabanipur_constituency/,,,,,,,False,False,470956,0,25,2026-08-27T08:36:52.023Z,raw/kolkata/2026-08/posts.jsonl#L260
kolkata,t3_1vyzwqd,2026-08-26T15:14:31.504Z,Holiday-Question520,Petition to Change name of PVR Popcorn to Flaky Sodium,Same as Title,,text,1,,0,https://www.reddit.com/r/kolkata/comments/1vyzwqd/petition_to_change_name_of_pvr_popcorn_to_flaky/,,,,,,,False,False,470956,0,0,2026-08-27T08:36:36.306Z,raw/kolkata/2026-08/posts.jsonl#L193
kolkata,t3_1vyzx2t,2026-08-26T15:14:54.754Z,ironpaul69,"Byabsha, Pujo ebong Kolkata","I have grown up buying balloons and bhelpuris with my parents outside puja pandals all my life. Today I spoke with a ghugni seller who told me how he and his entire family rely on the pujo sale by putting up a stall infront of pujo pandals. However this year he was told that no stall allotments are being made yet, and apparently only registered companies will be allotted rent spaces first. I have seen that the TMC regime was more lenient towards small businesses, whereas BJP has a very top to down approach. I am not criticising anything because i have not seen any results yet to compare, neither am I expecting pujo to be less happening this year, but don't you think we as a city are being less inclusive of different social and economic stratas? I think there's a discussion needed regarding where we are heading as a state and city; I will be glad to hear some constructive visions about it.",,text,9,,7,https://www.reddit.com/r/kolkata/comments/1vyzx2t/byabsha_pujo_ebong_kolkata/,,,,,,,False,False,470956,0,26,2026-08-27T08:35:54.650Z,raw/kolkata/2026-08/posts.jsonl#L152
kolkata,t3_1vz0ccp,2026-08-26T15:30:36.592Z,Savings-Gift7410,Finally!!!!,"I’m making a small group for Bangalis aged 26 or under who live in Kolkata or nearby. Basically just a place to meet people, chat, share random daily gossip, make friends, and obviously have some Pujo adda too 😂❤️... A lot of us study/work and don’t really get the chance to go out and socialise, so thought why not make a group for it???..... Let’s see if we can make a nice little adda group! 🌸",,text,45,,253,https://www.reddit.com/r/kolkata/comments/1vz0ccp/finally/,,,,,,,False,False,470956,0,26,2026-08-27T08:35:20.620Z,raw/kolkata/2026-08/posts.jsonl#L61
kolkata,t3_1vz0xbl,2026-08-26T15:51:28.754Z,Weird_Meet_4586,Hallmark of a Bengali House,This must be the most bengali thing present in every Bengali household,,image,72,,8,https://www.reddit.com/r/kolkata/comments/1vz0xbl/hallmark_of_a_bengali_house/,,,,,,,False,False,470956,0,26,2026-08-27T08:35:36.201Z,raw/kolkata/2026-08/posts.jsonl#L103
kolkata,t3_1vz13bz,2026-08-26T15:57:26.375Z,MediaSignificant4614,Slrup,Havingggg a goooodddd dinnnerrr Read more,,image,20,,37,https://www.reddit.com/r/kolkata/comments/1vz13bz/slrup/,,,,,,,False,False,470956,0,26,2026-08-27T08:34:59.864Z,raw/kolkata/2026-08/posts.jsonl#L27
kolkata,t3_1vz13sx,2026-08-26T15:57:54.674Z,magur_maacher_lyaja,Saturday Cine Club,"If you want to be part of a serious online movie club that meets exclusively on Zoom on Saturday and Sunday mornings , comment down below. We’ll pick a movie, watch it together, and then discuss it (optional). We’re looking for people who have at least some familiarity with cinema history and/or film language. That said, you absolutely don’t need to be an expert to join. If you’re curious about cinema, we’d still love to have you. Our goal is to use movies as a way to share our love of cinema and understand different cultures across borders through the films themselves. Our movies are almost always non English, so subtitle reading is very much required. Bengali and English are the preferred languages of communication. 📅 When: Saturday & Sunday mornings 💻 Where: Zoom If you'd like to join, comment below or send me a DM, and I'll add you to the group! Read more",,text,1,,2,https://www.reddit.com/r/kolkata/comments/1vz13sx/saturday_cine_club/,,,,,,,False,False,470956,0,26,2026-08-27T08:35:43.868Z,raw/kolkata/2026-08/posts.jsonl#L110
kolkata,t3_1vz155z,2026-08-26T15:59:15.528Z,Wrong_Bee_2542,Fastest route To Eco park from jadavpur,Please suggest fastest route from jadavpur to eco park. Uber is way to expensive....please suggest fastest way maybe by switching metro or bus whatever. 🙏 Read more,,text,0,,4,https://www.reddit.com/r/kolkata/comments/1vz155z/fastest_route_to_eco_park_from_jadavpur/,,,,,,,False,False,470956,0,26,2026-08-27T08:36:59.300Z,raw/kolkata/2026-08/posts.jsonl#L281
kolkata,t3_1vz1bdj,2026-08-26T16:05:11.776Z,LatentVoyager,What are the ragging scenes at jadavpur hostel for MCA?,... Read more,,text,1,,1,https://www.reddit.com/r/kolkata/comments/1vz1bdj/what_are_the_ragging_scenes_at_jadavpur_hostel/,,,,,,,False,False,470956,0,26,2026-08-27T08:38:08.943Z,raw/kolkata/2026-08/posts.jsonl#L438
kolkata,t3_1vz1dha,2026-08-26T16:07:09.592Z,TritiyaPandav,Mohun Bagan (U23 / Super Giant reserves) stands around 3rd place in Group A of the Calcutta Football League (CFL) 2026–27 season with roughly 13 points from 7 matches. Today they beat George Telegraph by 6 goals and a hat trick by Suhel. Big win.,,,image,6,,2,https://www.reddit.com/r/kolkata/comments/1vz1dha/mohun_bagan_u23_super_giant_reserves_stands/,,,,,,,False,False,470956,0,26,2026-08-27T08:35:13.505Z,raw/kolkata/2026-08/posts.jsonl#L55
kolkata,t3_1vz1pzx,2026-08-26T16:19:17.254Z,snehasish_mukhherjee,Vishwa Hindu Parishad (VHP) will issue disciplinary guidelines  regarding manner and conduct of Durga Puja 2026 in Bengal.,"src - https://bartamanpatrika.com/news/summoned-to-a-meeting-the-vishwa-hindu-parishad-is-set-to-lay-down-guidelines-for-this-years-durga-puja Directives focusing on compliance with ""sattvik"" worshipping & ""tradition"" . Read more",,image,248,,92,https://www.reddit.com/r/kolkata/comments/1vz1pzx/vishwa_hindu_parishad_vhp_will_issue_disciplinary/,,,,,,,False,False,470956,0,26,2026-08-27T08:35:05.396Z,raw/kolkata/2026-08/posts.jsonl#L39
kolkata,t3_1vz269n,2026-08-26T16:35:27.738Z,votled,REAL ESTATE(Remote),"I am a 21M i started doing commercial real estate just for fun and also to earn money i m basically speaking with high ticket clients and pitch them to invest in certain partnered 5star hospitality projects as an investment opportunity.I started as an intern,I am still a college going student pursuing Data Science.As an intern i used to earn about 7.5k then they Gave raise to 10k per month and then they raised it to 15k i deal in Karnataka Projects not kolkata projects and yes also incentives their is no fixed time aswell to do it leads are generated for me and they are all high ticket clients with simple follow ups its pretty easy to Close.i closed like 8deals in total that sums up to around 15Cr worth of inventory and i get a cut of that like around 85k-1Lakh is my incentive+Salary ik salary is not much but the incentives make up for it but yes the incentives do take time to come as in real estate money takes time to come from clients.but,yes its fun and i can manage my expenses aswell as i dont have to ask money from my parents.Do suggest if their are better options for me to earn money.and one more thing to add i can Take leaves however long i want no questions asked +Other Festival perks are also given. DO DROP DOWN UR THOUGHTS!",,text,1,,1,https://www.reddit.com/r/kolkata/comments/1vz269n/real_estateremote/,,,,,,,False,False,470956,0,26,2026-08-27T08:35:51.300Z,raw/kolkata/2026-08/posts.jsonl#L123
kolkata,t3_1vz26oo,2026-08-26T16:35:50.131Z,Evening-End-3845,"Friday Chillis jacchi, drop your recommendations.",Friday r chillis offer ache City centre jabo so drop your recommendations,,text,1,,5,https://www.reddit.com/r/kolkata/comments/1vz26oo/friday_chillis_jacchi_drop_your_recommendations/,,,,,,,False,False,470956,0,3,2026-08-27T08:35:52.095Z,raw/kolkata/2026-08/posts.jsonl#L134
kolkata,t3_1vz2z3w,2026-08-26T17:03:52.011Z,match_boxx,Feeling like leaving home secretly,"I am a 21 years old guy . A B.Tech student . I am from a lower middle class family . For the first time in my life my mom taunted me harshly and said I just eat food in the family and don't earn anything and contribute to the family. Only I know how I am feeling today . I never expected I would hear something like this from my mother . How can I earn money now , I have to work part time as I am still a college student . Or if I can't find any way to earn money in next 7-10 days I would leave home secretly for ever and will not eat on their money ever again . Please don't make my emotional turmoil as your fun in the replies if you don't have any serious advice. I am not in the right mind to take any memes now 🙏",,text,19,,15,https://www.reddit.com/r/kolkata/comments/1vz2z3w/feeling_like_leaving_home_secretly/,,,,,,,False,False,470956,0,26,2026-08-27T08:34:59.566Z,raw/kolkata/2026-08/posts.jsonl#L26
kolkata,t3_1vz3g7x,2026-08-26T17:20:26.324Z,ExcelGamer,Expired Milk,Alive or not? Read more,,image,1,,2,https://www.reddit.com/r/kolkata/comments/1vz3g7x/expired_milk/,,,,,,,False,False,470956,0,26,2026-08-27T08:35:30.502Z,raw/kolkata/2026-08/posts.jsonl#L89
kolkata,t3_1vz3icn,2026-08-26T17:22:35.815Z,SeaworthinessHuge933,Are we this body or soul?,"Why You Can't Focus Anymore — And What the Gītā Knew First You open a textbook. Twenty minutes later you are watching a stranger sand a chair. That is not weak character. That is design. Researchers at UC Irvine have measured how long people stay on one screen before switching. Two decades ago it was roughly two and a half minutes. Today it is closer to 47 seconds. Every switch costs more than it appears to. Work on ""attention residue"" shows that part of your mind lingers on the task you just abandoned, so you begin the next one already depleted. The device need not even ring: in one large experiment, people who left their phones in another room outscored those whose phones lay silent and face-down beside them on tests of memory and reasoning. Nearness alone taxes you. The pull is deliberate. Feeds pay out unpredictably — the same intermittent reward schedule Skinner showed produces the most stubborn habits in animals. None of this is new. The Bhagavad-gītā maps the identical sequence in its second chapter: linger on something and attachment forms; attachment hardens into craving; craving breeds agitation; judgement clouds; memory fails; discernment collapses. It reads like a transcript of a lost evening. In the sixth chapter Arjuna concedes the mind is harder to hold than the wind. Krishna answers with two words — abhyāsa and vairāgya . Practice, and loosened craving. Attention science arrives at the same pair. Trials of brief mindfulness training report sharper comprehension, stronger working memory and less mind-wandering. And the most dependable remedy for craving is not willpower — it is changing the room you sit in. Focus is not a trait you are born with or without. It is trained. That training is what a free year-long program for Kolkata's first-year students was built to give. Verify before publishing: Mark (UC Irvine attention studies); Leroy (2009) on attention residue; Ward et al. (2017) on smartphone proximity; Mrazek et al. (2013) on mindfulness training; Bhagavad-gītā 2.62–63, 6.34–35.",,link,0,,0,https://www.reddit.com/r/kolkata/comments/1vz3icn/are_we_this_body_or_soul/,https://www.festivalofindependence.com/,www.festivalofindependence.com,,,,,False,False,470956,0,26,2026-08-27T08:35:51.707Z,raw/kolkata/2026-08/posts.jsonl#L125
kolkata,t3_1vz3isg,2026-08-26T17:22:59.133Z,TritiyaPandav,নেপালে নিখোঁজ কলকাতার ৩২ জন!,,,image,8,,4,https://www.reddit.com/r/kolkata/comments/1vz3isg/%E0%A6%A8%E0%A6%AA%E0%A6%B2_%E0%A6%A8%E0%A6%96%E0%A6%9C_%E0%A6%95%E0%A6%B2%E0%A6%95%E0%A6%A4%E0%A6%B0_%E0%A7%A9%E0%A7%A8_%E0%A6%9C%E0%A6%A8/,,,,,,,False,False,470956,0,26,2026-08-27T08:35:44.141Z,raw/kolkata/2026-08/posts.jsonl#L114
kolkata,t3_1vz3le1,2026-08-26T17:25:32.648Z,IzumiCypherX,if Impulse-decision was a sandwich,"What's more fun than testing your cooking love buy going in blind into a recipe and using whatever your heart desires? :) So today's candidate is this Egg-chicken sandwich but with caramelized onions and also pickled onions for adding that bougie vibe lol. (Optional question: is it annoying that I post recipes here everytime I cook something?) :v As always, recipe in the comments :D",,image,20,,7,https://www.reddit.com/r/kolkata/comments/1vz3le1/if_impulsedecision_was_a_sandwich/,,,,,,,False,False,470956,0,1,2026-08-27T08:35:52.098Z,raw/kolkata/2026-08/posts.jsonl#L137
kolkata,t3_1vz3u75,2026-08-26T17:34:14.298Z,Intelligent_Big626,HOW IS IEM FO BCA?,"**Title: How is IEM Kolkata for BCA?** I'm considering IEM Kolkata for BCA and wanted to hear from current students/alumni. I've heard that IEM is quite strict. How strict is it actually? How's the overall college life, freedom, attendance, workload, etc.? Also, how are the **BCA placements** specifically? Are the placement numbers and packages they show genuine? Are these mostly **on-campus placements through IEM**, or do students have to rely mainly on off-campus opportunities? Would really appreciate honest opinions, especially from **current BCA students or recent alumni**.",,text,0,,0,https://www.reddit.com/r/kolkata/comments/1vz3u75/how_is_iem_fo_bca/,,,,,,,False,False,470956,0,0,2026-08-27T08:35:51.994Z,raw/kolkata/2026-08/posts.jsonl#L127
kolkata,t3_1vz445q,2026-08-26T17:44:06.272Z,x___rain,Areas with many street cats in Kolkata?,"Love meeting cats on the streets and photograph them, can you advise some areas with many felines? A market or temple, a neighborhood... There are many cats around Kalighat, but I walked every alleys there. UPD Guys, I am a foreigner, I don't speak Hindi or Bengali, unfortunately.",,text,4,,16,https://www.reddit.com/r/kolkata/comments/1vz445q/areas_with_many_street_cats_in_kolkata/,,,,,,,False,False,470956,0,26,2026-08-27T08:35:33.934Z,raw/kolkata/2026-08/posts.jsonl#L90
kolkata,t3_1vz4ghe,2026-08-26T17:56:08.034Z,ComprehensiveToe8850,Accha is it me only during pujo?,"Am I the only one who feels like this whenever pujo is approaching i feel very sad and alone I mean people are so happy around that pujo asche pujo asche type vibe they are excited about going to kumartuli ,shopping ,pujo plans but I am the only one who wants that tara tari pujor phase ta jak because I feel very much sad I don't have anyone to hangout with make plans with I am all alone during pujo forget about relationship I don't even have any friends to hangout with It makes me very depressed 💔🥀 Read more",,image,140,,28,https://www.reddit.com/r/kolkata/comments/1vz4ghe/accha_is_it_me_only_during_pujo/,,,,,,,False,False,470956,0,26,2026-08-27T08:34:47.258Z,raw/kolkata/2026-08/posts.jsonl#L3
kolkata,t3_1vz4k41,2026-08-26T17:59:46.802Z,Most-Cream3638,cheap xerox shop near or in sodepur,hey guys will you suggest any cheap prinout/xerox shop near sodepur i have to take xerox of 500 pages,,text,0,,0,https://www.reddit.com/r/kolkata/comments/1vz4k41/cheap_xerox_shop_near_or_in_sodepur/,,,,,,,False,False,470956,0,26,2026-08-27T08:35:47.617Z,raw/kolkata/2026-08/posts.jsonl#L115
kolkata,t3_1vz4l1z,2026-08-26T18:00:40.081Z,Free-West-7922,Who do you think will win the upcoming municipality and corporation votes in west bengal?,?? Read more,,text,0,,6,https://www.reddit.com/r/kolkata/comments/1vz4l1z/who_do_you_think_will_win_the_upcoming/,,,,,,,False,False,470956,0,26,2026-08-27T08:35:52.062Z,raw/kolkata/2026-08/posts.jsonl#L132
kolkata,t3_1vz4t7f,2026-08-26T18:08:26.894Z,kundi_547282,Is there any Bengalis in this sub residing in Chennai?,"I'm 21F residing in Chennai, this time I wants to celebrate in pandals of Chennai, Is there any people who can celebrate it with me, ntg more just let me stay beside you during pooja✨🩷as good company ✨🎀",,image,9,,18,https://www.reddit.com/r/kolkata/comments/1vz4t7f/is_there_any_bengalis_in_this_sub_residing_in/,,,,,,,False,False,470956,0,26,2026-08-27T08:34:54.895Z,raw/kolkata/2026-08/posts.jsonl#L18
kolkata,t3_1vz57vw,2026-08-26T18:22:42.990Z,Aantel_69,Chandril,"I love his speeches , brutal honesty,, nyakami- hypocrisy killer Read more",,image,77,,15,https://www.reddit.com/r/kolkata/comments/1vz57vw/chandril/,,,,,,,False,False,470956,0,25,2026-08-27T08:36:47.378Z,raw/kolkata/2026-08/posts.jsonl#L211
kolkata,t3_1vz5bqa,2026-08-26T18:26:24.742Z,bruhmomentum_69,OH MY GOD KOLKATA - BENGALI RENAISSANCE IS HERE.,"the times have been lively with the sacred spirits ॐ turn the bass up, blow the speakers 🔊",,video,5,,3,https://www.reddit.com/r/kolkata/comments/1vz5bqa/oh_my_god_kolkata_bengali_renaissance_is_here/,,,,,,,False,False,470956,0,26,2026-08-27T08:35:35.441Z,raw/kolkata/2026-08/posts.jsonl#L97
kolkata,t3_1vz5pmt,2026-08-26T18:39:36.817Z,Educational_Kale_907,Never mind 🫠,"THIS IS NOT A PROMOTION/ADVERTISMENT I DO NOT HAVE ANY PLANS TO MARKET/SELL/PROFIT FROM ANYTHING IN THIS POST AS PRESENTED- THE USE OF ANYTHING IS ON FREE LICENSE for concept. [i]i do not claim any rights over the image or the artist/music displayed below [/i] AI Disclaimer: The visuals below have been created via an AI for illustrative and concept- showcasing purpose. The music and artists are property of the rights-holders. The UI/design concept is my original work. :) I had been seeing the trending music-player UI/visual concepts on instagram for a while and I thought it would be cool to conceptualise my own Kolkata version. I tried to move past the typicalhighway, roadtrip, late night driver kinda vibes and go for something more like the College Street, Coffee house aesthetic - early morning Kolkatta,yellow cabs, trams, old architectureandadda :) Current track on the player: Coffee Houser Sei Addata Aaj Aar Nei - Manna Dey I'm playing around with it as a music player idea and maybe even for a web project in the future. I'm not putting any kind of advertisement for anything. I'm just fooling around with a concept and taking suggestions. Apologises if I chose the wrong flair, not really sure where this concept comes under. What other songs would fit this Kolkata vibe? Really would like to hear your suggestions, I might do another rendition if you guys really put up good stuff!",,image,4,,0,https://www.reddit.com/r/kolkata/comments/1vz5pmt/never_mind/,,,,,,,False,False,470956,0,26,2026-08-27T08:35:08.676Z,raw/kolkata/2026-08/posts.jsonl#L40
kolkata,t3_1vz5qi9,2026-08-26T18:40:25.441Z,TritiyaPandav,Tickets to go live soon only on district app. Get ready kolkata football lovers.,https://www.facebook.com/share/p/1C5eR1M4Vv/ Read more,,image,3,,0,https://www.reddit.com/r/kolkata/comments/1vz5qi9/tickets_to_go_live_soon_only_on_district_app_get/,,,,,,,False,False,470956,0,26,2026-08-27T08:35:30.021Z,raw/kolkata/2026-08/posts.jsonl#L83
kolkata,t3_1vz5rzk,2026-08-26T18:41:51.710Z,Euthanasia1111,What do you think??,Isn't it a ticking time bomb?? Demographic dividend!!huh!!!?? https://timesofindia.indiatimes.com/india/no-work-no-study-no-training-8-7-crore-indian-youth-caught-in-a-career-gap/articleshow/133433540.cms Read more,,image,11,,4,https://www.reddit.com/r/kolkata/comments/1vz5rzk/what_do_you_think/,,,,,,,False,False,470956,0,26,2026-08-27T08:35:43.771Z,raw/kolkata/2026-08/posts.jsonl#L109
kolkata,t3_1vz6350,2026-08-26T18:52:50.776Z,Ruby_Sqube,​Is This Normal Corporate Culture or Blatant Exploitation?,"So today at the office, my manager really liked my presentation and was super impressed. He told me, ""Very good, keep up the good work!"" I was so happy, but then my senior came and said there was a team dinner tonight. I was excited, and as we were heading to the team dinner, my senior told me, ""You gave an amazing presentation today, and the manager is happy, so you're treating us to dessert!"" At first, I thought, ""No big deal, I can do that."" By the way, there were 10 of us in total (excluding me). But suddenly, two people blurted out, ""We're not eating cheesecake; nothing else will do for us!"" And I was like, ""WTF?!"" They even picked an expensive restaurant. I was literally on the verge of tears, but deep down, I had a little hope that if the bill was huge, I wouldn't have to pay for it all. But guess what? Everyone ate cheesecake, and each cost **550 rupees! That's 550 x 10 = 5500, plus tax!** I cried so much when I got home, you wouldn't believe it. I'm still writing this and crying. I mean, how can people be so cheap? And when my mom saw me crying at home, she asked what happened. I told her everything, and then she started scolding me, asking why I even went with them. How do I explain to her that if I hadn't gone, it would have created a bad impression? So please, guys, if something like this happens in the future, how do I escape such a situation? And if anyone from my team sees this post, I just want to say f**k you😒😒😒😑😑😑 Read more",,text,90,,47,https://www.reddit.com/r/kolkata/comments/1vz6350/is_this_normal_corporate_culture_or_blatant/,,,,,,,False,False,470956,0,26,2026-08-27T08:34:47.606Z,raw/kolkata/2026-08/posts.jsonl#L9
kolkata,t3_1vz65h9,2026-08-26T18:55:04.064Z,subxgbc,Help needed about fujifilm Camera buying from Metro Gali Kolkata,"Currently planning to grab a Fujifilm XT30 III on first week of October full cash. It'll be my first ever camera. Can you please suggest which shop out there will be better as per Price, discount, genuineness of the product and customer experience? Like in between Rational or M.M. or Professional enterprise or something?",,image,2,,2,https://www.reddit.com/r/kolkata/comments/1vz65h9/help_needed_about_fujifilm_camera_buying_from/,,,,,,,False,False,470956,0,26,2026-08-27T08:35:51.485Z,raw/kolkata/2026-08/posts.jsonl#L124
kolkata,t3_1vz6845,2026-08-26T18:57:43.498Z,Key_Professor1658,As a Bengali just flexing my football players autograph card and a small collection,,,image,206,,57,https://www.reddit.com/r/kolkata/comments/1vz6845/as_a_bengali_just_flexing_my_football_players/,,,,,,,False,False,470956,0,26,2026-08-27T08:35:25.885Z,raw/kolkata/2026-08/posts.jsonl#L71
kolkata,t3_1vz68jk,2026-08-26T18:58:11.917Z,Beautiful-Object-467,Aparna Sen's beauty is so classic and timeless.,,,image,40,,7,https://www.reddit.com/r/kolkata/comments/1vz68jk/aparna_sens_beauty_is_so_classic_and_timeless/,,,,,,,False,False,470956,0,25,2026-08-27T08:35:20.333Z,raw/kolkata/2026-08/posts.jsonl#L60
kolkata,t3_1vz6hh2,2026-08-26T19:06:39.256Z,OkMarch4632,bored! anyone wanna hop on valorant?,anyone wanna hop in valorant? bored and dont wanna play alone…. anyone plsssss Read more,,text,0,,7,https://www.reddit.com/r/kolkata/comments/1vz6hh2/bored_anyone_wanna_hop_on_valorant/,,,,,,,False,False,470956,0,26,2026-08-27T08:35:24.788Z,raw/kolkata/2026-08/posts.jsonl#L64
kolkata,t3_1vz6ki5,2026-08-26T19:09:45.214Z,ankdey7,I want to get a Gaming Table made locally in Kolkata,A table somewhat like this with iron structure beneath with powder coating and a wooden top. 5ftx3ft for the top. How much would it cost me locally? Any leads? I stay in Tollygunge Read more,,image,1,,0,https://www.reddit.com/r/kolkata/comments/1vz6ki5/i_want_to_get_a_gaming_table_made_locally_in/,,,,,,,False,False,470956,0,26,2026-08-27T08:36:00.487Z,raw/kolkata/2026-08/posts.jsonl#L157
kolkata,t3_1vz74ri,2026-08-26T19:29:48.878Z,arisu_0022,Second Hand IPOD,Can anyone lmk where to buy old gen ipod in Kolkata (nearby)? Read more,,text,1,,2,https://www.reddit.com/r/kolkata/comments/1vz74ri/second_hand_ipod/,,,,,,,False,False,470956,0,1,2026-08-27T08:35:24.668Z,raw/kolkata/2026-08/posts.jsonl#L63
kolkata,t3_1vz7n4j,2026-08-26T19:47:16.452Z,SaltyShock7484,Is there somewhere I can buy halogen tube (1000w) lights from offline? Please recommend shops. Asking photographers/videographers,Online will do too. Thank you! Read more,,image,0,,0,https://www.reddit.com/r/kolkata/comments/1vz7n4j/is_there_somewhere_i_can_buy_halogen_tube_1000w/,,,,,,,False,False,470956,0,26,2026-08-27T08:35:52.097Z,raw/kolkata/2026-08/posts.jsonl#L135
kolkata,t3_1vz7nzv,2026-08-26T19:48:08.249Z,No-Pomelo-1551,I need help regarding buying a desktop,I want to buy a simple desktop just for basic work purposes....which should I prefer among mdcomputers and e-mall??,,text,1,,5,https://www.reddit.com/r/kolkata/comments/1vz7nzv/i_need_help_regarding_buying_a_desktop/,,,,,,,False,False,470956,0,26,2026-08-27T08:35:53.435Z,raw/kolkata/2026-08/posts.jsonl#L145
kolkata,t3_1vz7qkg,2026-08-26T19:50:33.494Z,Fantastic-Web9761,Kpc,Can someone give me info abt kpc like do ppl get support from faculty and stuff and also abt research opportunities Read more,,text,1,,0,https://www.reddit.com/r/kolkata/comments/1vz7qkg/kpc/,,,,,,,False,False,470956,0,3,2026-08-27T08:37:53.919Z,raw/kolkata/2026-08/posts.jsonl#L402
kolkata,t3_1vz8atc,2026-08-26T20:10:03.223Z,owitsme,Tuitions/Simple Jobs,"Hey. So basically I want to utilise my time, along with that I want to save some money. I was looking for simple part time jobs or tuitions(best option) but being a 17 year old, I can't really find any. Can y'all help me with that? Any advice related to that will be appreciated. I'd be grateful. Thank you. Read more",,text,1,,1,https://www.reddit.com/r/kolkata/comments/1vz8atc/tuitionssimple_jobs/,,,,,,,False,False,470956,0,26,2026-08-27T08:35:29.974Z,raw/kolkata/2026-08/posts.jsonl#L81
kolkata,t3_1vz8p47,2026-08-26T20:24:35.476Z,ecagnuoy666,bikers,"hey guys! do we have a biking group out there? not the kind that races but the kind that go on trips/weekly rides and so on? if so, id love to be a part of it - i mostly ride myself and its honestly fun but its also fun to have a group (preferably friends) to go on rides with, explore places",,image,3,,0,https://www.reddit.com/r/kolkata/comments/1vz8p47/bikers/,,,,,,,False,False,470956,0,26,2026-08-27T08:36:00.904Z,raw/kolkata/2026-08/posts.jsonl#L159
kolkata,t3_1vz8ygy,2026-08-26T20:33:57.750Z,Unique_Butterfly_797,These uncs need to be nuked,"Soo yk few months ago when i was 17....went to Kolkata to my bua's house....while travelling in local train a random unc aged btw 40-45 was standing behind me.....after few mins that unc started putting his hands in my pant man i got shocked nd completely froze my brain went completely blank like wtf then immediately i removed his hand(i didn't want to create any mess there) he again did same then i again removed his hand nd then he grabbed my d!h....man i again froze nd completely blank like wtf nd then i started shouting ""unc ye kya kar rahe "" huh nd started abusing him nd when public came asking ""kya hua kya hua"" that bastard ran away ig at bag Bazar railway station Ngl never coming to Kolkata again my experience was soo horrible",,text,1,,6,https://www.reddit.com/r/kolkata/comments/1vz8ygy/these_uncs_need_to_be_nuked/,,,,,,,False,False,470956,0,25,2026-08-27T08:35:24.931Z,raw/kolkata/2026-08/posts.jsonl#L65
kolkata,t3_1vz944u,2026-08-26T20:39:56.816Z,Pretend_Iron_5029,Maidan jersey market,Where and how should I reach the main maidan market to buy best quality jerseys. Through metro,,text,2,,2,https://www.reddit.com/r/kolkata/comments/1vz944u/maidan_jersey_market/,,,,,,,False,False,470956,0,26,2026-08-27T08:35:09.599Z,raw/kolkata/2026-08/posts.jsonl#L43
kolkata,t3_1vz9f7w,2026-08-26T20:51:39.577Z,False-Application-28,Anyond who is from howrah n made an ews certificate please reach out to me,I need to get it made for entrance exams soon. I am so confused.,,text,1,,0,https://www.reddit.com/r/kolkata/comments/1vz9f7w/anyond_who_is_from_howrah_n_made_an_ews/,,,,,,,False,False,470956,0,26,2026-08-27T08:35:29.825Z,raw/kolkata/2026-08/posts.jsonl#L78
kolkata,t3_1vz9wml,2026-08-26T21:09:46.916Z,Top-Gap-4578,How to tell her? 26M,"So the story is, I like a girl in my gym like too much. I imagine her as my wife (*), she is so beautiful. We share eye contact sometimes (mutual) but never get the right opportunity to talk. She talks with one guy for most time. I am not into whys and hows. I go to gym once or twice a week, so not much opportunity either to develop connection. Truth is, I like her very much. But I can't tell her directly in gym premises. I do not want to be called a creep and humiliate myself in the process. She hasn't accepted my IG request either, despite seeing me for 2+ years. I am not sure what is going on. Honestly, I feel so weird when she is around. Any suggestions on how to deal with this situation? Thanks in advance! Edits/Update: 1.* ""wife"" as in figure of speech to emphasize beauty. Some ppl became oversensitive ignoring the actual intented message. 2. Sent IG request 2 years ago after joining, so there is significant gap between knowing me after joining gym vs 2 yrs later. If this detail makes sense.",,text,0,,29,https://www.reddit.com/r/kolkata/comments/1vz9wml/how_to_tell_her_26m/,,,,,,,False,False,470956,0,26,2026-08-27T08:35:53.280Z,raw/kolkata/2026-08/posts.jsonl#L142
kolkata,t3_1vzaddk,2026-08-26T21:27:26.401Z,stoicChan,They make some of the most beautiful music I’ve ever heard I absolutely love You’ll Never Get to Heaven,"The atmosphere, the vocals, the whole fucking vibe 😭😭",,image,6,,0,https://www.reddit.com/r/kolkata/comments/1vzaddk/they_make_some_of_the_most_beautiful_music_ive/,,,,,,,False,False,470956,0,7,2026-08-27T08:35:00.171Z,raw/kolkata/2026-08/posts.jsonl#L29
kolkata,t3_1vzapwk,2026-08-26T21:40:35.795Z,lardlayer,"If you're the girl from Exide More yesterday who asked me about my laptop bag, DM","Have an extra one at home, you can take it. You look like you could be on reddit. Read more",,text,0,,1,https://www.reddit.com/r/kolkata/comments/1vzapwk/if_youre_the_girl_from_exide_more_yesterday_who/,,,,,,,False,False,470956,0,26,2026-08-27T08:35:34.178Z,raw/kolkata/2026-08/posts.jsonl#L92
kolkata,t3_1vzauxk,2026-08-26T21:45:54.582Z,Pro-Raja,Need suggestions for a new PC cabinet — ₹4000–4500 budget,"My PC specs: CPU: Intel Core i5-14400F Motherboard: MSI PRO B760M-E DDR5 GPU: ASUS Prime RTX 5060 Ti 16GB RAM: Corsair Vengeance DT 16GB DDR5 5200MHz SSD: Crucial P3 Plus 500GB NVMe PSU: Ant Esports PROLAB Design XP-750 Gold Current Cabinet: Ant Esports Elite 1200 I want to replace my Ant Esports Elite 1200 because its USB ports frequently disconnect. My phone’s USB tethering and plug-and-play speakers both randomly lose connection. My income source is currently gone, so my maximum budget is ₹4,000–₹4,500. I want the best value without compromising too much on quality. Main priority: Cabinet I need a cabinet with: Good build quality and airflow Reliable USB ports Component compatibility and GPU clearance Decent pre-installed fans Long-term reliability The cabinet is more important than the CPU cooler. If necessary, I’ll buy the cooler later. Please suggest the best cabinet available in India around ₹4,000–₹4,500. Also suggest a suitable budget tower cooler for the i5-14400F that I can consider later. My main goal is to solve the USB disconnection problem without wasting money again.",,text,1,,1,https://www.reddit.com/r/kolkata/comments/1vzauxk/need_suggestions_for_a_new_pc_cabinet_40004500/,,,,,,,False,False,470956,0,26,2026-08-27T08:35:50.145Z,raw/kolkata/2026-08/posts.jsonl#L117
kolkata,t3_1vzb1t0,2026-08-26T21:53:35.567Z,kxrtiq,Average experience in a girl's life. Should not be average. Video proof at the end,We’ve normalised this way too much. Things like this shouldn’t just be considered a part of being a girl Video from instagram handle @ahmannii,,video,25,,5,https://www.reddit.com/r/kolkata/comments/1vzb1t0/average_experience_in_a_girls_life_should_not_be/,,,,,,,False,False,470956,0,26,2026-08-27T08:34:59.299Z,raw/kolkata/2026-08/posts.jsonl#L22
kolkata,t3_1vzbc6l,2026-08-26T22:04:40.779Z,xINTERNx,HOSTEL MANDATORY OR NOT in IQ City Durgapur?,Is hostel mandatory for this very college for mbbs? Some are saying it's residential something no option to opt out of hostel and mess charges?,,text,0,,0,https://www.reddit.com/r/kolkata/comments/1vzbc6l/hostel_mandatory_or_not_in_iq_city_durgapur/,,,,,,,False,False,470956,0,26,2026-08-27T08:35:54.609Z,raw/kolkata/2026-08/posts.jsonl#L151
kolkata,t3_1vzbdmy,2026-08-26T22:06:16.626Z,rishdevdas,How to get passes for Kolkata Film Festival,Do you guys who have attended the Kolkata Film Festival know how to get passes? I think I'm referring to a Delegate card. Read more,,text,1,,0,https://www.reddit.com/r/kolkata/comments/1vzbdmy/how_to_get_passes_for_kolkata_film_festival/,,,,,,,False,False,470956,0,26,2026-08-27T08:35:58.821Z,raw/kolkata/2026-08/posts.jsonl#L154
kolkata,t3_1vzdzx6,2026-08-26T23:56:07.067Z,Beautiful_House_2675,23 F college dropout,I want to get a ug degree from ignou. Which course will be easier to pass? I had science in 11th 12th. I just want to get a degree with less studying. Please help me. There are a lot of options and I'm very confused. I am interested in ba tourism and travel management but I don't know if that will be easier or not. Read more,,text,3,,3,https://www.reddit.com/r/kolkata/comments/1vzdzx6/23_f_college_dropout/,,,,,,,False,False,470956,0,26,2026-08-27T08:35:09.324Z,raw/kolkata/2026-08/posts.jsonl#L42
kolkata,t3_1vzhem9,2026-08-27T02:26:54.435Z,Jayden_hazard,Is there any bus from baruipur to sector v?,"Ekhon to train e jai sealdah then okhan theke metro but 2 ghonta r besi somoy lege jay, orange line o kholeni ekhono. Sunlam baruipur theke nki bus chalu hoeche sector v?",,text,1,,1,https://www.reddit.com/r/kolkata/comments/1vzhem9/is_there_any_bus_from_baruipur_to_sector_v/,,,,,,,False,False,470956,0,26,2026-08-27T08:35:12.486Z,raw/kolkata/2026-08/posts.jsonl#L46
kolkata,t3_1vzhhec,2026-08-27T02:30:20.448Z,Subject__xiii,ফুলের নামটা কী?,,,image,12,,8,https://www.reddit.com/r/kolkata/comments/1vzhhec/%E0%A6%AB%E0%A6%B2%E0%A6%B0_%E0%A6%A8%E0%A6%AE%E0%A6%9F_%E0%A6%95/,,,,,,,False,False,470956,0,26,2026-08-27T08:35:04.841Z,raw/kolkata/2026-08/posts.jsonl#L34
kolkata,t3_1vziqcn,2026-08-27T03:29:03.611Z,Appropriate_Tie_7522,Best Bengali food restaurant?,"I am confused b/w Mitra Cafe, Kosturi, Bhooter Raja Dilo Bor, Bhajohori Manna. I want to go there on a date with my girlfriend. Suggest some good Bengali Places to eat out please. Read more",,text,1,,11,https://www.reddit.com/r/kolkata/comments/1vziqcn/best_bengali_food_restaurant/,,,,,,,False,False,470956,0,26,2026-08-27T08:36:59.661Z,raw/kolkata/2026-08/posts.jsonl#L287
kolkata,t3_1vziyy7,2026-08-27T03:40:47.273Z,Candy_Bond,"Kolkata, dating apps, and the feeling of being controlled by lust — I don't know how to get myself out of this","I’m honestly just exhausted at this point, and I don’t even know what Kolkata has done to me. When I first came to Kolkata for an internship, everyone kept telling me how great the city was, how easy it was to meet people, find a partner, have fun, etc. The funny thing is, I had absolutely zero intention of doing any of that. I was here for my internship, and that was it. For months, I completely ignored it. But when you constantly see couples everywhere you go, hear people around you casually talking about dating, making out, hookups, relationships, etc., you eventually start wondering whether you should experience some of it too. Eventually, mostly because of the peer pressure and the environment around me, I decided to give dating a try. I downloaded Hinge thinking, ""Why not? Let's see what happens."" And that's where things started getting out of hand. What began as simple curiosity slowly turned into something I think about way too much. I started getting attached to the idea of getting matches, talking to someone, getting a reply, and eventually meeting someone. Now I find myself checking my phone every day, waiting for someone to reply. The frustrating part is that I don't even think I'm particularly bad at talking to women. I've had female friends throughout my life, but when it comes to dating, I genuinely don't know how to talk to someone I'm interested in. Usually, after 4–5 messages, the conversation dies. Sometimes they ghost me, sometimes they unmatch, and I end up wondering what I did wrong. Meanwhile, I constantly hear people around me casually talking about how they made out with someone yesterday, went on a date, hooked up, or whatever else. And I think that environment has amplified my own desires to a point where I don't feel completely in control of them anymore. I've even found myself joining NSFW Reddit communities, hoping that somehow I'd end up being included in something, despite knowing damn well that if someone actually invited me, I'd probably get scared and say no. And that's the part that bothers me the most. I know what I should be focusing on right now. My internship is at a crucial stage. I want to perform well, get a conversion, and build something meaningful for myself. Instead, a significant portion of my mental energy is going toward dating, attraction, sex, getting replies, and wondering whether someone will be interested in me. I don't necessarily want a serious relationship right now either. I guess a part of me just wants to experience life a little, have some fun, meet people, maybe go on a few casual dates, without turning it into this huge thing. But at the moment, it feels like lust is controlling me rather than me controlling it. I don't want to completely suppress these feelings either. They're normal, and I don't think there's anything inherently wrong with wanting intimacy, attraction, or a little fun. I just don't want it to consume me. The constant tug-of-war between wanting to get laid and focusing on my work is exhausting. Read more",,text,28,,111,https://www.reddit.com/r/kolkata/comments/1vziyy7/kolkata_dating_apps_and_the_feeling_of_being/,,,,,,,False,False,470956,0,26,2026-08-27T08:35:25.967Z,raw/kolkata/2026-08/posts.jsonl#L74
kolkata,t3_1vzjsop,2026-08-27T04:22:25.127Z,Mij99009,Where to buy helium in Kolkata,.... I want to purchase helium for some scientific experiment and my budget is around 2k. Where can I find helium for my experiments Read more,,text,0,,0,https://www.reddit.com/r/kolkata/comments/1vzjsop/where_to_buy_helium_in_kolkata/,,,,,,,False,False,470956,0,25,2026-08-27T08:35:09.246Z,raw/kolkata/2026-08/posts.jsonl#L41
kolkata,t3_1vzjw1p,2026-08-27T04:27:21.846Z,Competitive-Cry2491,"Tired of property dealers hiding actual land rates, so I built an open map to track real plot prices across our localities.","Basically as the title says. Local Land Rates are hidden by property dealers, where one dealer can quote different prices to different parties for the same piece of land while for the same piece of land, different dealers can quote different prices to the same party, you get the point. Anyway the point is these prices are right now, completely managed by dealers. And as buyers, there is no data available anywhere for us to compare. We individually are aware of these prices, when we go and talk to dealers in our locality but that's it. That price is present only in that 1 to 1 conversation. Now this creates a lot of information inequality between dealers and buyers. This is what I expect to solve if this gets traction! Any feedback is welcome. Share it with your friends if you like! Available at https://kitnagaz.in/ Cheers! Read more",,link,1,,0,https://www.reddit.com/r/kolkata/comments/1vzjw1p/tired_of_property_dealers_hiding_actual_land/,https://kitnagaz.in/,kitnagaz.in,,,,,False,False,470956,0,26,2026-08-27T08:35:29.928Z,raw/kolkata/2026-08/posts.jsonl#L79
kolkata,t3_1vzkdjq,2026-08-27T04:53:41.868Z,ExistingProblem8455,Need a hostel near kestopur or Baguihati area,"Hi everyone this is the first time I'm posting regarding urgent hostel (Boys) near Kestopur area my budget is low, please if anyone have any contact please DM Read more",,text,0,,1,https://www.reddit.com/r/kolkata/comments/1vzkdjq/need_a_hostel_near_kestopur_or_baguihati_area/,,,,,,,False,False,470956,0,26,2026-08-27T08:35:13.423Z,raw/kolkata/2026-08/posts.jsonl#L54
kolkata,t3_1vzkelt,2026-08-27T04:55:20.001Z,Ready_Head4888,I am Sad.,"I am 24 now. I am from rural bengal bramhin family.When I was young, I loved everyone in my neighborhood—young and old alike—without regard for caste or religion (this thing didn't exist then in our village). They loved me back, too; we shared stories and laughter. I used to thoroughly enjoy the village environment and nature. These made me fall in love with my place. But as I grew up, everything seemed to change abruptly—all because of politics. Villagers and friends no longer talk to me the way they used to. I can’t enjoy the village scenery in the same way either; everything feels strangely empty. I can no longer experience that pure, innocent joy of my childhood. I live in the city now, I work here and the situation here is exactly the same. It makes me feel disheartened whenever I watch the news; there is nothing but hatred all around. People no longer speak openly with one another. Witnessing all this makes me feel suffocated. Politics has ruined our lives. Sometimes I feel I should leave this state or country but God I don't want to. I just want to live here with happiness. And this makes me sad.... Read more",,image,22,,6,https://www.reddit.com/r/kolkata/comments/1vzkelt/i_am_sad/,,,,,,,False,False,470956,0,26,2026-08-27T08:34:59.367Z,raw/kolkata/2026-08/posts.jsonl#L23
kolkata,t3_1vzkntm,2026-08-27T05:09:18.721Z,Disastrous_Head4706,Father got diagnosed with cancer,"Hi everyone, so 3 months ago my father bit his tongue and the swelling was not going. He inforinformed me only after the pain became unbearable. So we went to the ENT in eedf but he said it's a lump which needs to be removed. To take a 2nd opinion we went to peerless and the doctor there has confirmed it's cancer but he said it's not that serious yet however nothing can be determined until biopsy results come. I was just looking out for some advice or suggestions in terms of any oncologist or hospital that deals with oral cancer and how to take care of such patients and in general how things are treated- chemo, radiation surgery. If anyone has any knowledge about it please do share",,text,25,,14,https://www.reddit.com/r/kolkata/comments/1vzkntm/father_got_diagnosed_with_cancer/,,,,,,,False,False,470956,0,25,2026-08-27T08:34:47.115Z,raw/kolkata/2026-08/posts.jsonl#L1
kolkata,t3_1vzkoac,2026-08-27T05:10:00.255Z,Actual-Let8304,Would you use a bike taxi from NJP to the hills?,"Hi! I am a local from Darjeeling, and I’m thinking about starting something for solo travellers coming through NJP and wanted to get some honest opinions before going ahead with it. I currently have access to around 10 experienced hill riders who regularly ride around Darjeeling, Kalimpong and Sikkim later ON. The idea: NJP → Hills by bike → NJP For a solo traveller, it could be an alternative to hiring an entire car or waiting for shared transport. The riders would be locally experienced and familiar with things that can make hill travel tricky — rain, slippery roads, sharp bends, railway crossings, traffic and changing road conditions. I'd also like to offer both male and female riders , and proper travel insurance. The main advantages I see: No waiting around for shared vehicles Easier through traffic More flexible for solo travellers Local rider who knows the hills Potentially more affordable than a private car But before I actually start it, I want to know: Would you take a bike from NJP to Darjeeling/Kalimpong/Sikkim if the rider was experienced and verified? And what would stop you from doing it? Safety? Luggage? Weather? Price? Something else? Genuinely interested in hearing from people who have done these routes.",,text,2,,3,https://www.reddit.com/r/kolkata/comments/1vzkoac/would_you_use_a_bike_taxi_from_njp_to_the_hills/,,,,,,,False,False,470956,0,26,2026-08-27T08:35:17.732Z,raw/kolkata/2026-08/posts.jsonl#L57
kolkata,t3_1vzku5d,2026-08-27T05:18:55.337Z,VegetableLonely3304,Can we have our own study room in google meet or zoom?,"Hi, this is just an opinion being a jee dropper to all the study peers present here be it jee,neet, upsc, cat, gate, govt. exams etc. Since i am a dropper since last few months and it has became extremely loneliness and awful for each bearing day, literally amar kandte mon korchhe kokhono kokhono keno drop nite gelam... amr sob bondhura kono na kono college e admission niye feleche ar ami eka saradin hoyto online e porchi nato question solve korchi, ami khub e lonely feel korchi ar kicchu bhalo lagche na kono discipline maintain korte parchiii na, saradin eisob r chinta asche. pls jodi keo interested hoyo then pls ekta study room create. koro, atleast ekta discipline maintain thakbe? pls dm and comment to let me know",,text,2,,2,https://www.reddit.com/r/kolkata/comments/1vzku5d/can_we_have_our_own_study_room_in_google_meet_or/,,,,,,,False,False,470956,0,26,2026-08-27T08:34:54.908Z,raw/kolkata/2026-08/posts.jsonl#L19
kolkata,t3_1vzl3z3,2026-08-27T05:33:39.941Z,Oxalite_X,I also had a lot of fun with food at Khawa Dawa,,,image,5,,0,https://www.reddit.com/r/kolkata/comments/1vzl3z3/kalker_din_er_khawa_dawa_eka_kheyechi/,,,,,,,False,False,470956,0,26,2026-08-27T08:35:25.454Z,raw/kolkata/2026-08/posts.jsonl#L67
kolkata,t3_1vzl5d6,2026-08-27T05:35:50.467Z,idkmanfuc,What's Your Favourite Bengali Word or Phrase?,,,image,102,,232,https://www.reddit.com/r/kolkata/comments/1vzl5d6/whats_your_favourite_bengali_word_or_phrase/,,,,,,,False,False,470956,0,26,2026-08-27T08:35:04.663Z,raw/kolkata/2026-08/posts.jsonl#L31
kolkata,t3_1vzl8y5,2026-08-27T05:41:34.606Z,Mr-Reddiculous,Good Knee Specialist/ Orthopedist Suggestion,"Posting on a friend's behalf. Hi everyone, I am looking for recommendations for a good doctor for my mother’s knee pain. If you have personally consulted a doctor for knee pain or have taken your parent or family member to someone you would highly recommend, I would really appreciate your suggestions.",,text,1,,0,https://www.reddit.com/r/kolkata/comments/1vzl8y5/good_knee_specialist_orthopedist_suggestion/,,,,,,,False,False,470956,0,26,2026-08-27T08:35:12.810Z,raw/kolkata/2026-08/posts.jsonl#L48
kolkata,t3_1vzlcvh,2026-08-27T05:47:40.446Z,CucumbersSayThings,Where can I find Mawa Cake in Kolkata like the one available in Iyengar Bakery?,It has to be dense and sweet. This is a picture taken from Google images. Read more,,image,9,,8,https://www.reddit.com/r/kolkata/comments/1vzlcvh/where_can_i_find_mawa_cake_in_kolkata_like_the/,,,,,,,False,False,470956,0,1,2026-08-27T08:35:29.820Z,raw/kolkata/2026-08/posts.jsonl#L77
kolkata,t3_1vzlfo7,2026-08-27T05:52:05.985Z,dukkho_amr_noi,"NEET modules- class 11,12 (NEET 2025) dropper (NEET 2026) As good as new, (Kolkata)","Complete 11 12 classroom modules - 2.5k rs Dropper - 3k rs Momentum boosters, Ncert maps (they are not updated, the content remains same every year) (new sealed condition) are priced separately Dms open Read more",,image,1,,0,https://www.reddit.com/r/kolkata/comments/1vzlfo7/neet_modules_class_1112_neet_2025_dropper_neet/,,,,,,,False,False,470956,0,25,2026-08-27T08:34:54.520Z,raw/kolkata/2026-08/posts.jsonl#L14
kolkata,t3_1vzlgjy,2026-08-27T05:53:30.590Z,Optimal_Ad8613,Dokandar der ₹10 er niche online payment korle khepe kno jaye 🫩,"Agerdin akta dokaner hiseb e ektu misunderstanding howa te ₹6 kom payment korechilam, amar kache genuinely cash/kuchro chilona... Idk why dokandar first e bollo ₹6 kuchro e dite hobe amar kache chilona r ashe pashe kono lok o chilona jar theke chaibo ba take online e diye ami kuchro nebo tai ₹6 online korte gelam dokander bollo hobena online e taka asbena but amar deri hocchilo tai payment kore dilam payment hoyeo gelo... Kintu dokandar hotat kore khepe gelo ₹10 er niche online korechilam bole 💀 Read more",,text,11,,25,https://www.reddit.com/r/kolkata/comments/1vzlgjy/dokandar_der_10_er_niche_online_payment_korle/,,,,,,,False,False,470956,0,26,2026-08-27T08:35:43.869Z,raw/kolkata/2026-08/posts.jsonl#L111
kolkata,t3_1vzlk61,2026-08-27T05:59:02.521Z,_dreya_xoxo,About IPGMER & SSKM Hospital,"I might get IPGMER through state counselling in NEET 26. I want to know about the academics (especially First year academic pressure), senior junior relationship and the overall environment of the college. It would be very helpful if any one of you who is closely associated with the college, give me genuine insights regarding it. I am seriously getting bored at home, so i was just curious to know about the college. Read more",,text,1,,0,https://www.reddit.com/r/kolkata/comments/1vzlk61/about_ipgmer_sskm_hospital/,,,,,,,False,False,470956,0,26,2026-08-27T08:34:54.195Z,raw/kolkata/2026-08/posts.jsonl#L12
kolkata,t3_1vzllyq,2026-08-27T06:01:41.479Z,OldAlbatross2001,Is it a bad choice?,Hi . I am from an arts background and recently my graduation is completed so I am pursuing a master's. But the problem is i want to give govt exams but ik in this economy this is like next to impossible.. I haven't fixed which exam as the syllabus for all is mostly the same so my mind is why not all .. jo lag gya woi sahi type . But i have begun my journey for 2 months now but the problem started to occur cause of math as I am from an arts background.. I haven't done math for a long time and I even forget the most basic things .. i seriously need some genuine answers from people who used to be the same as me and now they are in a much better place if yes pls guide me on how u have done it . Thank you.,,text,1,,11,https://www.reddit.com/r/kolkata/comments/1vzllyq/is_it_a_bad_choice/,,,,,,,False,False,470956,0,26,2026-08-27T08:34:54.166Z,raw/kolkata/2026-08/posts.jsonl#L11
kolkata,t3_1vzloax,2026-08-27T06:05:24.228Z,ForeignExplanation95,PS4,Planning to buy a ps4 jailbreak from kolkata. How much and where will I get the best deal? Read more,,text,1,,3,https://www.reddit.com/r/kolkata/comments/1vzloax/ps4/,,,,,,,False,False,470956,0,26,2026-08-27T08:35:17.931Z,raw/kolkata/2026-08/posts.jsonl#L58
kolkata,t3_1vzlqoe,2026-08-27T06:09:22.283Z,Move-Forwardd,Looking for Tuitions,"I am 23F looking for tuitions in South Kolkata. I want to know trusted whatsapp groups where i can find students to teach. I would preferably like to teach science for students in class 6-10. If anyone knows someone who wants to learn online, I am ready to teach online as well.",,text,2,,0,https://www.reddit.com/r/kolkata/comments/1vzlqoe/looking_for_tuitions/,,,,,,,False,False,470956,0,26,2026-08-27T08:35:35.663Z,raw/kolkata/2026-08/posts.jsonl#L99
kolkata,t3_1vzlx8v,2026-08-27T06:19:27.217Z,Greendica,Fresh Organic Palm Pulp for Janmashtami,"Fresh Organic Palm Pulp for Janmashtami This Janmashtami, we got 100% organic sweet palm pulp, freshly prepared from palms grown at our own farmhouse. l've been wanting to share this traditional seasonal ingredient with people who love making authentic sweets and dishes at home. Fresh palm pulp can be used to prepare so many delicious Janmashtami favourites, including pakode, puri, Kheer, Roti, Malpua, Cake. Since the pulp comes directly from our farmhouse, I'm able to offer it fresh during the season. It's naturally sweet and perfect for bringing that authentic homemade palm flavour to your kitchen this Janmashtami. If you're interested in ordering, or would like to know the price, availability, and other details, feel free to DM me here Read more",,image,2,,0,https://www.reddit.com/r/kolkata/comments/1vzlx8v/fresh_organic_palm_pulp_for_janmashtami/,,,,,,,False,False,470956,0,26,2026-08-27T08:36:51.076Z,raw/kolkata/2026-08/posts.jsonl#L239
kolkata,t3_1vzlxd6,2026-08-27T06:19:36.619Z,doraemon23234,Gmc in Kolkata,Is there partiality done by the professor while giving marks in viva .. I'm non Bengali so I'm very concerned regarding this Read more,,text,1,,3,https://www.reddit.com/r/kolkata/comments/1vzlxd6/gmc_in_kolkata/,,,,,,,False,False,470956,0,26,2026-08-27T08:35:05.238Z,raw/kolkata/2026-08/posts.jsonl#L37
kolkata,t3_1vzlzs1,2026-08-27T06:23:30.866Z,pipi42069,Anyone else expecting to land KPC Jadavpur this year?,"Still going through counselling rn, but pretty sure I’ll end up at KPC Medical College, Jadavpur this year. Would be cool to connect with a few people before things actually start, instead of showing up not knowing anyone lol. If you’re in the same boat, drop a comment or hit me up.",,text,0,,7,https://www.reddit.com/r/kolkata/comments/1vzlzs1/anyone_else_expecting_to_land_kpc_jadavpur_this/,,,,,,,False,False,470956,0,25,2026-08-27T08:34:54.491Z,raw/kolkata/2026-08/posts.jsonl#L13
kolkata,t3_1vzm0yt,2026-08-27T06:25:24.340Z,KramerDwight,Vishwa Hindu Parishad (VHP) will be dictating how Durga Puja is conducted in Kolkata and West Bengal from this year onwards and their aim is to make it Sattvik.,,,video,103,,82,https://www.reddit.com/r/kolkata/comments/1vzm0yt/vishwa_hindu_parishad_vhp_will_be_dictating_how/,,,,,,,False,False,470956,0,23,2026-08-27T08:34:47.330Z,raw/kolkata/2026-08/posts.jsonl#L4
kolkata,t3_1vzm1ch,2026-08-27T06:26:01.029Z,ChildhoodOdd3619,Phone distraction and distracting apps are major issues and I have the ultimate solution.,"Amader daily life e amra phone use kori and apps like instagram facebook Twitter, etc amra sobai use kori. Amar personally instagram aar Twitter er screen time 2 plus hours thake each. So I made this app, and this app isn't actually normal distraction app. It was made with purpose. Ei app e ekta timer prothome set thake like the picture above and then you can set your distracting apps. Eibare what's the catch? Sobai toh oirokom e use kore. YOU HAVE TO HOLD YOUR APP FOR 2 MINUTES to open it, it won't really ekdom bondho kore debe na kholar theke it will give you a 2 minute timer jeikhane tomake screen ta hold kore thakte hobe to open it. Why? These will spike down our domaine levels down ( Lyadh khor amra sobai, so, oita hold kore rakhte gelei amader matha gorom hoye jabe so amra nijerai chere debo). Very basic app personally use korechi and marattok helpful hoyeche. Hehe. Just a personal achievement and for personal use. Hehe Read more",,image,3,,2,https://www.reddit.com/r/kolkata/comments/1vzm1ch/phone_distraction_and_distracting_apps_are_major/,,,,,,,False,False,470956,0,26,2026-08-27T08:34:54.602Z,raw/kolkata/2026-08/posts.jsonl#L15
kolkata,t3_1vzm27s,2026-08-27T06:27:21.122Z,Significant_Lunch817,Will Kolkata's iconic trams ever make a comeback??,Chhotobela e tram e chorte bishal bhalo laagto. Koto chorechi. Aar ekhon dekhi je kothao i cholena. Apnader ki mone hoe tram ki kolkata r raastae konodino feroth ashbe given je ekhon notun sorkar esche??,,image,33,,20,https://www.reddit.com/r/kolkata/comments/1vzm27s/will_kolkatas_iconic_trams_ever_make_a_comeback/,,,,,,,False,False,470956,0,26,2026-08-27T08:34:47.469Z,raw/kolkata/2026-08/posts.jsonl#L6
kolkata,t3_1vzm7d5,2026-08-27T06:35:50.540Z,dipankar_gv,Visiting Kolkata First Time for Durga Poojo,"Hi folks, 34M Bengali here, born and brought up in Delhi, and I am visiting Kolkata for the first time in my life this Poojo. I know how that sounds. I grew up near CR Park, went to a bengali medium school, know every ritual, can tell you exactly when Sandhi Puja starts, and have somehow never set foot in this city. It has always felt like a gap I should have closed years ago, Pujo seemed like the right excuse to finally do it. Please help me with: Pandals: I know the famous names, but I am more interested in what is actually worth the queue this year versus what's just hype. Timing: which days and what time of day to do North Kolkata versus South Kolkata without spending the whole night in a line. Food: bhog, Pujo-special street food, bars (saw some nostalgic bars in reels) and one or two proper bengali restaurants that a Delhi bengali would be humbled by. What to avoid: crowd traps, areas that are unmanageable, areas where getting a cab out is impossible, general first-timer mistakes. Anything non-Pujo I should squeeze in: Kumartuli, the trams, a walk somewhere, whatever you would take a friend to. Happy to take opinionated answers. Would rather do a few things properly than tick off a list. Thanks in advance.",,text,3,,2,https://www.reddit.com/r/kolkata/comments/1vzm7d5/visiting_kolkata_first_time_for_durga_poojo/,,,,,,,False,False,470956,0,26,2026-08-27T08:34:55.106Z,raw/kolkata/2026-08/posts.jsonl#L20
kolkata,t3_1vzm9hr,2026-08-27T06:39:21.797Z,sunrise_princess,Opinion,"Amake kono bepar niye jiggesh kora hole ami sei bepar niye kono opinion dite parina.Khub kom kotha boli ;) tai jokhoni keu kono kichu jiggesh kore tokhoni ghabre jai.mind puro blank hoye jai bodh hoi Jokhon eka thaki tokhon ami onk kichu jinis niyei bhabi,tobe all of those are overthinking ig :p Ai ghabriye jawa ta kibhabe bondho korbo. Kono jinis niye jiggesh korle ami sei jinis ta niye ekta bhalo opinion ki kore debo. Basically how to be bold enough ig •\\• Read more",,image,18,,37,https://www.reddit.com/r/kolkata/comments/1vzm9hr/opinion/,,,,,,,False,False,470956,0,26,2026-08-27T08:35:12.877Z,raw/kolkata/2026-08/posts.jsonl#L49
kolkata,t3_1vzm9m2,2026-08-27T06:39:33.155Z,lyadkhorgirgiti,What is the best government job where I can get a permanent posting in Kolkata and also have a good pay scale?,Same as Title,,text,0,,7,https://www.reddit.com/r/kolkata/comments/1vzm9m2/what_is_the_best_government_job_where_i_can_get_a/,,,,,,,False,False,470956,0,26,2026-08-27T08:34:54.684Z,raw/kolkata/2026-08/posts.jsonl#L16
kolkata,t3_1vzmiyx,2026-08-27T06:54:54.801Z,SirPlastic8062,Need keyboard and mouse,Need a durable mouse and keyboard for editing and gaming. Budget 5k. I wish the w key and scroll wheel lasts atleast 5 years. Thanks in advance!,,text,1,,0,https://www.reddit.com/r/kolkata/comments/1vzmiyx/need_keyboard_and_mouse/,,,,,,,False,False,470956,0,26,2026-08-27T08:35:04.751Z,raw/kolkata/2026-08/posts.jsonl#L32
kolkata,t3_1vzmjln,2026-08-27T06:55:55.404Z,Rakesh1620,Real Struggle,,,image,34,,2,https://www.reddit.com/r/kolkata/comments/1vzmjln/real_struggle/,,,,,,,False,False,470956,0,26,2026-08-27T08:34:47.594Z,raw/kolkata/2026-08/posts.jsonl#L8
kolkata,t3_1vzmlca,2026-08-27T06:58:42.729Z,donewithlife291,Moving to Kolkata as a fresher — what salary is enough to live alone?,"I’m planning to move to Kolkata for work, and since my salary could vary, I wanted to know what a realistic monthly budget would be for a basic 1RK + groceries, travel, bills, etc. What would you say is a decent minimum salary to live comfortably? Also, any affordable/safe areas you’d recommend?",,text,0,,27,https://www.reddit.com/r/kolkata/comments/1vzmlca/moving_to_kolkata_as_a_fresher_what_salary_is/,,,,,,,False,False,470956,0,26,2026-08-27T08:35:53.293Z,raw/kolkata/2026-08/posts.jsonl#L144
kolkata,t3_1vzmtc5,2026-08-27T07:11:16.504Z,Desperate_Ant_43,Bas baat karni aani chaiye,When there is nobody text me...but these fellows always do care about me!🫪 Read more,,image,48,,16,https://www.reddit.com/r/kolkata/comments/1vzmtc5/bas_baat_karni_aani_chaiye/,,,,,,,False,False,470956,0,26,2026-08-27T08:34:47.182Z,raw/kolkata/2026-08/posts.jsonl#L2
kolkata,t3_1vzn7me,2026-08-27T07:34:35.279Z,Competitive-Day9457,Kolkata is #2 among the world's most polluted major cities right now — AQI 165,"Just checked the live IQAir ranking — Kolkata is currently #2 at AQI 165, with Delhi at #5 (152). This is an 11 AM–12 PM snapshot, so the ranking can change throughout the day. But still… AQI 165 in Kolkata... ahead of Delhi today. Source: IQAir (screenshot taken just now).",,image,10,,13,https://www.reddit.com/r/kolkata/comments/1vzn7me/kolkata_is_2_among_the_worlds_most_polluted_major/,,,,,,,False,False,470956,0,26,2026-08-27T08:35:09.875Z,raw/kolkata/2026-08/posts.jsonl#L45
kolkata,t3_1vznb5k,2026-08-27T07:40:33.013Z,heiseylovesdonuts,Found this nostaligia trip from 2004!,,,video,48,,9,https://www.reddit.com/r/kolkata/comments/1vznb5k/found_this_nostaligia_trip_from_2004/,,,,,,,False,False,470956,0,26,2026-08-27T08:34:59.448Z,raw/kolkata/2026-08/posts.jsonl#L24
kolkata,t3_1vzndqs,2026-08-27T07:45:00.903Z,AlphaDominusX,How to get RICH without proper academic qualifications,RICH = having big Money 💰,,image,12,,24,https://www.reddit.com/r/kolkata/comments/1vzndqs/how_to_get_rich_without_proper_academic/,,,,,,,False,False,470956,0,26,2026-08-27T08:34:47.521Z,raw/kolkata/2026-08/posts.jsonl#L7
kolkata,t3_1vznh61,2026-08-27T07:50:37.344Z,ankitopp,Svmcm fund saction,"Did anyone of you get svmcm , mine was ar HOI for 6 months and then in August it changed to approved but bikash bhawan is saying there is no fund available for now... Read more",,text,1,,0,https://www.reddit.com/r/kolkata/comments/1vznh61/svmcm_fund_saction/,,,,,,,False,False,470956,0,26,2026-08-27T08:35:43.390Z,raw/kolkata/2026-08/posts.jsonl#L107
kolkata,t3_1vznhcm,2026-08-27T07:50:56.129Z,Parking_Author4390,Guys who expect NRSMCH through WBMCC Plz comment. I Have a lot of doubts regarding documents needed.,Plz help. Read more,,text,1,,0,https://www.reddit.com/r/kolkata/comments/1vznhcm/guys_who_expect_nrsmch_through_wbmcc_plz_comment/,,,,,,,False,False,470956,0,1,2026-08-27T08:35:50.038Z,raw/kolkata/2026-08/posts.jsonl#L116
kolkata,t3_1vznkxy,2026-08-27T07:57:11.326Z,Descat7323,Looking for a rental flat/room,"Is there any female student here who is also looking for a flat or single room and would be interested in finding a place together I’m a student and looking for accommodation around Central Avenue / Chittaranjan Avenue, College Street, Girish Park, Jorasanko, Maniktala, Sealdah, or near Vidyasagar College, Presidency University, Medical College, or Bethune College. If anyone is looking for something similar, we could team up and search for a flat together, or share leads for single rooms. Please DM me if interested! Read more",,text,1,,0,https://www.reddit.com/r/kolkata/comments/1vznkxy/looking_for_a_rental_flatroom/,,,,,,,False,False,470956,0,26,2026-08-27T08:36:37.532Z,raw/kolkata/2026-08/posts.jsonl#L200
kolkata,t3_1vznl1f,2026-08-27T07:57:21.947Z,uvayroy,Confirmed 3AC Tatkal Ticket Available from Kolkata to Delhi,"Hi guys, I’ve booked two Tatkal tickets today from Kolkata to Delhi, one for me and one for my mom. For some reason, I might not be able to travel. If anyone needs to go to Delhi urgently, I have one confirmed 3AC ticket available. Let me know if anyone’s interested. Departure is 18:50 28 August. Read more",,text,1,,1,https://www.reddit.com/r/kolkata/comments/1vznl1f/confirmed_3ac_tatkal_ticket_available_from/,,,,,,,False,False,470956,0,4,2026-08-27T08:37:11.128Z,raw/kolkata/2026-08/posts.jsonl#L313
kolkata,t3_1vznuqu,2026-08-27T08:13:16.589Z,Dizzy_Ad_3892,Let's Become Friends? 🎮🎵🎬,"Gaming amar probably main interest, but games charao movies, series, music, memes, ba literally je kono random topic niye kotha bolte ami always down 😂. Same interest na holeo problem nei actually onno manusher theke notun kichu discover korteo bhalo lage. Tai jodi tomrao online friends banate chao, majhe majhe casually chat korte, eksathe games khelte, music/memes share korte, ba just random kotha bolte, feel free to comment ba DM korte paro!",,text,1,,22,https://www.reddit.com/r/kolkata/comments/1vznuqu/lets_become_friends/,,,,,,,False,False,470956,0,26,2026-08-27T08:34:59.220Z,raw/kolkata/2026-08/posts.jsonl#L21
kolkata,1vzo5ag,2026-08-27T08:31:10.000Z,MayankMojumdar,[ Removed by moderator ],,Politics | রাজনীতি 🏛️,link,2,,1,https://www.reddit.com/r/kolkata/comments/1vzo5ag/india_after_rahul_gandhis_win_in_2029/,https://v.redd.it/6829sxh5pvlh1,v.redd.it,,,,,False,False,470956,2923,26,2026-08-27T08:36:06.146Z,raw/kolkata/2026-08/posts.jsonl#L180
kolkata,t3_1w36wdr,2026-08-31T07:45:33.625Z,kuttar-baccha,Starting the week with this reminder. Forty days to go for Mahalaya. Hope we all stay united in resisting any attempt of erasure of our culture and our festival!,,,image,996,,31,https://www.reddit.com/r/kolkata/comments/1w36wdr/starting_the_week_with_this_reminder_forty_days/,,,,,,,False,False,471911,0,26,2026-09-02T14:18:11.608Z,raw/kolkata/2026-08/posts.jsonl#L997
kolkata,t3_1w3b1rs,2026-08-31T11:30:37.041Z,Trollge-2005,Is it true and if not how can we combat such fake news ?,,,image,367,,121,https://www.reddit.com/r/kolkata/comments/1w3b1rs/is_it_true_and_if_not_how_can_we_combat_such_fake/,,,,,,,False,False,471911,0,26,2026-09-02T14:18:33.665Z,raw/kolkata/2026-08/posts.jsonl#L1002
kolkata,t3_1w3ctz8,2026-08-31T12:48:41.272Z,mitochondriakiller,৭ লাখ/মাস ৩০এর আগে  - কিভাবে গেলাম ৮ হাজার থেকে,"আগেই বলি, সাধারণ ছেলে, কোনো স্পেশাল ট্যালেন্ট নেই। কলেজ? ৭ নম্বর টায়ার। সেখানে হায়েস্ট প্লেসমেন্ট ছিল ৮ হাজার টাকা, সেটাও আমারই। এখন বয়স ৩০-এর নিচে, হাতে পাই ৭ লাখ প্রতি মাসে (ট্যাক্স কাটার পর)। ছোট্ট করে বলি: প্রথম চাকরি - ৮,৫৫০ টাকা (একটা খারাপ সার্ভিস কোম্পানিতে) দ্বিতীয় - ১৫ হাজার (WITCH) তৃতীয় - ২৫ হাজার (এন্টারপ্রাইজ) এরপর যখন স্কিল আপগ্রেড করতে শুরু করি: চতুর্থ - ১ লাখ থেকে ১.৫ লাখ (১০টারও বেশি অফার ছিল, রিমোট) পঞ্চম - ২.৫ লাখ থেকে ৩.৫ লাখ (প্রোডাক্ট স্টার্টআপ) ছয় নম্বর (বর্তমান) - ৫ লাখ থেকে ৭ লাখ (US স্টার্টআপ, রিমোট) শিখেছি কোথায়? ডকুমেন্টেশন পড়ে, একটা Coursera কোর্স করেছিলাম (নাম মনে নেই), আর ওপেন সোর্সে কন্ট্রিবিউট করতাম। লিংকডইন: চতুর্থ চাকরি থেকে লিংকডইন-এ এক্টিভ হই। মাঝে মাঝে যা শিখতাম সেটা পোস্ট করতাম। দুএকটা পোস্ট ভাইরাল হওয়ায় কনফারেন্সে ডাকতে শুরু করে। বর্তমান চাকরিটাও ম্যানেজার লিংকডইন-এ মেসেজ করেছিলেন, দু একটা কল হলো, হয়ে গেলো। সত্যি কথা: কলেজের কোনো রোল ছিল না। ২০২২ সালে IIT থেকে দুজনকে হায়ার করে নিজেই ট্রেনিং দিয়েছিলাম। মাস্টার্স পরে করেছিলাম দূর থেকে, শুধু বাড়িতে কেউ মাস্টার্স করে নি বলে। ক্যারিয়ারে কোনো ইমপ্যাক্ট নেই। এখনো খরচ কমই। মাসে ৫০ হাজারের নিচে খরচা। গতবছর ৭০ হাজার ভাড়ার একটা বাড়ি নিয়েছি কারণ অফিসের বন্ধুরা আসে আর জিম খেলার সুবিধা আছে। যদি কিছু বলতে পারি: দিনে ২৪ ঘন্টা সবারই সমান। আমার ফোন স্ক্রিন টাইম ৩ ঘন্টার নিচে। মুভি, সিরিজ, গেম সব খেলি কিন্তু ঘণ্টার পর ঘণ্টা রিলস স্ক্রল করি না। প্রতিদেন কিছুটা সময় নতুন জিনিস শিখতে দেন, কনসিস্টেন্ট থাকলেই হবে। এখন কী করি: ইউরোপ ঘুরে এলাম ২০ দিন। এখন অ্যান্টার্কটিকার প্ল্যান। আর বিনোদনের জন্য জার্মান শিখছি, এখন ৮টা ভাষা বলতে পারি। যা খুশি জিজ্ঞেস করতে পারেন।",,image,137,,87,https://www.reddit.com/r/kolkata/comments/1w3ctz8/%E0%A7%AD_%E0%A6%B2%E0%A6%96%E0%A6%AE%E0%A6%B8_%E0%A7%A9%E0%A7%A6%E0%A6%8F%E0%A6%B0_%E0%A6%86%E0%A6%97_%E0%A6%95%E0%A6%AD%E0%A6%AC_%E0%A6%97%E0%A6%B2%E0%A6%AE_%E0%A7%AE_%E0%A6%B9%E0%A6%9C%E0%A6%B0_%E0%A6%A5%E0%A6%95/,,,,,,,False,False,471911,0,26,2026-09-02T14:18:33.664Z,raw/kolkata/2026-08/posts.jsonl#L1001
kolkata,t3_1w3dsh4,2026-08-31T13:26:18.171Z,Legitimate_Self0129,"Unpopular opinion: Dev gets way too much flak, but his production choices are single-handedly keeping the Tollywood theatrical experience alive.","We all love to critique Dev's acting range. And sure, he's had his fair share of wooden performances and mass-masala cringe back in the day. But we need to separate being a traditional ""actor"" from being a visionary commercial producer, because right now, nobody else in Tollywood is taking the kind of big-screen financial risks he is. Look at his recent lineup: Khadaan, Bagha Jatin, Raghu Dakat, even Byomkesh Durgo Rahasya (not the Zee Bangla Telefilm style films with Avijit Sen). Love them or hate them, these films have a sheer cinematic scale, production design, and visual ambition that almost no other mainstream Bengali movie bothers to attempt (except the SVF's adventure films which all look the same btw and the recent Jeet's KBBKBD). While the rest of the industry keeps churning out low-budget relationship dramas or safe thrillers that you could easily watch on a laptop (or as I do, on my mobile), Dev is actively trying to force people back into the halls with theatrical spectacles. His DeSu7 teaser also promises to have big set pieces. He understands craft and market pulse in a completely different way. He knows that if regional cinema wants to survive the OTT era, it has to offer scale, sound design, and world-building that demands a 70mm screen. Read more",,image,271,,27,https://www.reddit.com/r/kolkata/comments/1w3dsh4/unpopular_opinion_dev_gets_way_too_much_flak_but/,,,,,,,False,False,471911,0,25,2026-09-02T14:18:09.382Z,raw/kolkata/2026-08/posts.jsonl#L996
kolkata,t3_1w3hs5j,2026-08-31T15:52:01.295Z,Relevant_Tension_92,Goat retires,I will never forget a footballer like him...watching him since 2014 to see him losing the 2014 wc final to lifting the 2022 wc with most memorable moments...thank you leo for the best moments...the retirement was so sudden...it completely broke my heart...thank you leo...happy retirement 🥺😢🇦🇷✨,,image,128,,25,https://www.reddit.com/r/kolkata/comments/1w3hs5j/goat_retires/,,,,,,,False,False,471911,0,26,2026-09-02T14:18:20.708Z,raw/kolkata/2026-08/posts.jsonl#L999
kolkata,t3_1w3hvie,2026-08-31T15:55:17.997Z,Fvck_trust_009,Lionel Messi announces retirement from International football.,"Feels pretty weird and empty knowing I'll never be able to see him in the blue and white jersey again, the same jersey in which I first saw him and fell in love. You were the greatest ever to do it idolo, glad I was born in your era 🐐 Read more",,image,80,,12,https://www.reddit.com/r/kolkata/comments/1w3hvie/lionel_messi_announces_retirement_from/,,,,,,,False,False,471911,0,26,2026-09-02T14:18:42.949Z,raw/kolkata/2026-08/posts.jsonl#L1004
kolkata,t3_1w3jm27,2026-08-31T16:55:14.734Z,Dramatic_Internet193,Damm it was so unpredictable wasn't ready for this .,,,image,129,,21,https://www.reddit.com/r/kolkata/comments/1w3jm27/damm_it_was_so_unpredictable_wasnt_ready_for_this/,,,,,,,False,False,471911,0,26,2026-09-02T14:18:17.624Z,raw/kolkata/2026-08/posts.jsonl#L998
kolkata,t3_1w3ka91,2026-08-31T17:18:07.876Z,vimdhayakjii,"Gracias Leo, Happy Retirement GOAT! 🥹",,,image,39,,6,https://www.reddit.com/r/kolkata/comments/1w3ka91/gracias_leo_happy_retirement_goat/,,,,,,,False,False,471911,0,26,2026-09-02T14:18:33.622Z,raw/kolkata/2026-08/posts.jsonl#L1000
kolkata,t3_1w3kmwm,2026-08-31T17:30:06.369Z,confidentlycringe,Kittens up for adoption,"I’m looking for a loving forever home for my two kittens. They’re both 10 weeks old one female and one male. I’d prefer if they could stay together, if possible. ❤️ If you’re interested or know someone who might be, please DM me!",,image,280,,24,https://www.reddit.com/r/kolkata/comments/1w3kmwm/kittens_up_for_adoption/,,,,,,,False,False,471911,0,25,2026-09-02T14:17:59.102Z,raw/kolkata/2026-08/posts.jsonl#L994
kolkata,t3_1w3npr7,2026-08-31T19:13:15.532Z,neko_san55,Ref : Pinterest,"Couldn’t paint since a week or two as I was caught up with a lot of stuff. Def needed some inspo, found one and painted it. 🍃🌻🩵",,image,60,,24,https://www.reddit.com/r/kolkata/comments/1w3npr7/ref_pinterest/,,,,,,,False,False,471911,0,26,2026-09-02T14:18:59.354Z,raw/kolkata/2026-08/posts.jsonl#L1005
kolkata,t3_1w3o4nl,2026-08-31T19:27:10.698Z,Beautiful-Object-467,Nothing beats a Bangalir bhuribhoj ♥️,,,video,696,,81,https://www.reddit.com/r/kolkata/comments/1w3o4nl/nothing_beats_a_bangalir_bhuribhoj/,,,,,,,False,False,471911,0,26,2026-09-02T14:18:09.258Z,raw/kolkata/2026-08/posts.jsonl#L995
kolkata,t3_1w3rp8d,2026-08-31T21:30:49.980Z,Holiday-Reflection41,Rate my Perfume Collection in Kolkata,Post for Perfume Enthusiasts & Collectors in Kolkata. Guys should i Start an Insta Page and Post Reels since kolkata hardly has Perfume content creators or any active Group of perfume enthusiasts. Also any Perfume collectors who would like to connect with me for a possible meetup/fragtalk or exchange vials/decants? Interested people can feel free to Get in touch with me✌🏻Hoping we can increase the Fragrance culture in Kolkata💙,,image,182,,103,https://www.reddit.com/r/kolkata/comments/1w3rp8d/rate_my_perfume_collection_in_kolkata/,,,,,,,False,False,471911,0,26,2026-09-02T14:18:33.725Z,raw/kolkata/2026-08/posts.jsonl#L1003
kolkata,t3_1w3x1kz,2026-09-01T01:00:36.435Z,madmax_7823,"Looking for Real-World Electronics Project

I’m an ECE student looking for a practical electronics project to work on — not a typical school/college project.
I’d prefer something that involves actual problem-solving, hard-software, embedded systems, IoT, cloud, OpenCV, or a mix of these.

Any ideas?","It could be hardware-focused or a hardware + software project involving embedded systems, IoT, cloud, OpenCV/computer vision, PCB design, automation, sensors, or anything similar. Looking for something practical where I can actually learn and build something useful. Any project ideas or resources would be appreciated!",,text,2,,1,https://www.reddit.com/r/kolkata/comments/1w3x1kz/looking_for_realworld_electronics_project_im_an/,,,,,,,False,False,471926,0,26,2026-09-02T16:52:04.470Z,raw/kolkata/2026-09/posts.jsonl#L230
kolkata,t3_1w3x5fv,2026-09-01T01:05:11.498Z,Striking-Increase377,Tired of Loneliness. Anyone feeling same.,Ami jani hoyto oneke ei post dekhe ultopalta comment korte pare abar oneke ignore kore debe. Kintu amar moton hoyto oneke i hobe je ei loneliness theke tired hoye geche. ekhon bujhte parchi depression kano hoye loker. Kano amader moton introvert cheleder sathe erokhom hoye. Office jai kintu mathar modhye eki chinta hoye je ki korlam amar life e. relationship to durer kotha ekjon true friend nei. Tar modhye pujo chole elo kintu enjoy korar moton keu nei. Janina ager jonme ki emon kharab kaaj kore chilam jar punishment ei jonme pachi. sob kichu jor kore to hoyena ar sobai ja chai seta payena. Amar satheo tai hoyeche. Kintu thik ache kono bepar na. Bhogoban er kache kono obijog korchina just sesh jibon ta ektu valo bhabe katuk eitai bolar. Jodi karo ei post pore kharab ba ja kichu lage please janabe. Read more,,text,0,,17,https://www.reddit.com/r/kolkata/comments/1w3x5fv/tired_of_loneliness_anyone_feeling_same/,,,,,,,False,False,471926,0,26,2026-09-02T16:51:59.791Z,raw/kolkata/2026-09/posts.jsonl#L226
kolkata,t3_1w3yipd,2026-09-01T02:06:39.473Z,topherette,What nicknames have you heard for places in and around Kolkata?,"I ask as part of a linguistic study covering this topic! Examples could include things like Tollywood or Koshtopur (because of traffic), or anything like K-City (used by some musicians - never mind how common they are)... incl. nicknames for schools, parks or other institutions/geographic features Read more",,text,0,,1,https://www.reddit.com/r/kolkata/comments/1w3yipd/what_nicknames_have_you_heard_for_places_in_and/,,,,,,,False,False,471926,0,24,2026-09-02T16:52:07.142Z,raw/kolkata/2026-09/posts.jsonl#L232
kolkata,t3_1w3ynsi,2026-09-01T02:12:53.458Z,Aware_Cry7970,Good morning 🌅,This is near Salt Lake Sector V! Read more,,image,17,,4,https://www.reddit.com/r/kolkata/comments/1w3ynsi/good_morning/,,,,,,,False,False,471926,0,26,2026-09-02T16:51:28.937Z,raw/kolkata/2026-09/posts.jsonl#L197
kolkata,t3_1w3yo4v,2026-09-01T02:13:19.267Z,Sayandeep10,এটা কি Common title?,Sokal Sokal Bazar order korlam. Order receive korar por app e chok gelo. Dadar name ta boro unique. Read more,,image,75,,48,https://www.reddit.com/r/kolkata/comments/1w3yo4v/%E0%A6%8F%E0%A6%9F_%E0%A6%95_common_title/,,,,,,,False,False,471926,0,25,2026-09-02T16:50:54.288Z,raw/kolkata/2026-09/posts.jsonl#L129
kolkata,t3_1w3ytcf,2026-09-01T02:19:40.914Z,No_Tie_505,NEED SOME MOTIVATION,"I am 20 F , passed 12th in the year 2024 . Took 2 drops for neet . Couldn't crack the exam and now I am stuck in my hometown as I took admission under chem honors in the local college (teachers are really good though and are really interested to teach you) . The thing is that till class 10th I never wanted to be a doctor , it was never my dream . But in 11th when I saw everyone running behind NEET , out of Fomo even I started preparing for neet . And YES I know I am really stupid but I even took those 2 drops for neet out of Fomo . Finally this year I decided not to waste more time and changed my path . I am not sad that I didn't get neet . I am just sad that all my batchmates tool admission in all those A grade private institutions in Bangalore, Delhi, Mumbai. Where they have college life , fests , better infrastructure. And here am I stuck in my local college . Please drop some motivation or some advice....... Read more",,text,22,,21,https://www.reddit.com/r/kolkata/comments/1w3ytcf/need_some_motivation/,,,,,,,False,False,471926,0,0,2026-09-02T16:52:18.771Z,raw/kolkata/2026-09/posts.jsonl#L236
kolkata,t3_1w3zmc0,2026-09-01T02:56:42.762Z,Independent_Laugh561,Chini r dam barche naki sunlam....,Sugar rush at it's peak🌄 Read more,,image,3,,18,https://www.reddit.com/r/kolkata/comments/1w3zmc0/chini_r_dam_barche_naki_sunlam/,,,,,,,False,False,471926,0,26,2026-09-02T16:51:49.953Z,raw/kolkata/2026-09/posts.jsonl#L217
kolkata,t3_1w3zq7i,2026-09-01T03:01:29.091Z,Suspicious-Estate695,So amar cousin govt mbbs peyeche Bankura te .. kintu o upgrade korabe next round a .. confirm hoye jabe..To 1st round a admission na niye jodi 2nd a korai kono asubidha ache ??,Same as title,,text,1,,10,https://www.reddit.com/r/kolkata/comments/1w3zq7i/so_amar_cousin_govt_mbbs_peyeche_bankura_te_kintu/,,,,,,,False,False,471926,0,26,2026-09-02T16:52:15.295Z,raw/kolkata/2026-09/posts.jsonl#L233
kolkata,t3_1w403uu,2026-09-01T03:19:34.188Z,wt_kevin,Anyone up for chat while commute to work,Ei just bus dhore kaaj e jachi and the commute is kinda boring and used to so anyone up for chat to pass the time Read more,,text,0,,8,https://www.reddit.com/r/kolkata/comments/1w403uu/anyone_up_for_chat_while_commute_to_work/,,,,,,,False,False,471926,0,26,2026-09-02T16:52:15.607Z,raw/kolkata/2026-09/posts.jsonl#L234
kolkata,t3_1w405g4,2026-09-01T03:21:43.925Z,Far_Fun_6856,Messi… The Goat,Will miss Messi…,,text,8,,8,https://www.reddit.com/r/kolkata/comments/1w405g4/messi_the_goat/,,,,,,,False,False,471926,0,26,2026-09-02T16:51:12.333Z,raw/kolkata/2026-09/posts.jsonl#L162
kolkata,t3_1w40qdu,2026-09-01T03:50:22.783Z,Massive-Sky6944,Finally eshe gache!! ❤️ 🕸️ (Hey Mr Stark! I feel so good!),"Kichu din age Insta e ekta Andrew Spidey mask (TASM cinema r) dekhe lobhe pore order korechilam, hebbi cool legechilo.... Chinta o chilo je scam hoye jabe kina😅 Thakur er Aashirbaad e scam hoye hoyeni ❤️❤️ Gotokal raat e delivery eschilo, aj shokale khullam. Ja vebechilam tar thekeo beshi shundor dekhte. Blinking eye ta khub ekta hoye na dekhlam, but osubidhe nei karon ota Holland er mask ei hoye, Andrew r mask e emnio hoto na. Ar battery lagiye laal neel chokher aaloy tao poshabe na amar. Ar dekhlam mask er pechoner zipper ta khub delicately handle korte hobe. Khub i patla ota. Ar mask ta beshikhon pore thakle kintu oswosti hote pare, visor ta foggy hoye jabe But all in all, 29 bochor boyeshe pouche 14-15 bochor boyesher ekta wish complete holo ❤️ Boyesh barleo bhetore r bachha ta r sokh je evabe metate parlam eta vebe khub bhalo lagche ar bhishon vabe Thakur er kache kritoggo ei shokh puron er jonno (Sedin post ta chokhe na porle aj ei anondo ta petam na 🙏🏻❤️) Courtesy, your friendly neighborhood 🕸️ Read more",,image,242,,85,https://www.reddit.com/r/kolkata/comments/1w40qdu/finally_eshe_gache_hey_mr_stark_i_feel_so_good/,,,,,,,False,False,471926,0,25,2026-09-02T16:50:27.607Z,raw/kolkata/2026-09/posts.jsonl#L113
kolkata,t3_1w40xc5,2026-09-01T04:00:00.771Z,i_amParadox,Is Akasa air reliable?,I am planning to book a flight from Delhi to Kolkata for an upcoming trip. And one of the affordable option is Akasa air. Did anyone of you had any recent experience on this airline? Any suggestions on other airlines?,,text,3,,16,https://www.reddit.com/r/kolkata/comments/1w40xc5/is_akasa_air_reliable/,,,,,,,False,False,471926,0,26,2026-09-02T16:52:03.249Z,raw/kolkata/2026-09/posts.jsonl#L227
kolkata,t3_1w419k9,2026-09-01T04:16:20.862Z,Subject__xiii,Is here any DEEZER user from Kolkata,,,link,0,,2,https://www.reddit.com/r/kolkata/comments/1w419k9/is_here_any_deezer_user_from_kolkata/,https://link.deezer.com/s/34h4gO29uETsl2puOOIYQ,link.deezer.com,,,,,False,False,471926,0,26,2026-09-02T16:52:16.129Z,raw/kolkata/2026-09/posts.jsonl#L235
kolkata,t3_1w41ho0,2026-09-01T04:27:45.128Z,Savvy_2021,The rain tf,"Commute gets tougher! Hata chola tao jolomogno hobe, erom hote thakle ps:- howrah phirchi Read more",,text,2,,2,https://www.reddit.com/r/kolkata/comments/1w41ho0/the_rain_tf/,,,,,,,False,False,471926,0,25,2026-09-02T16:51:25.752Z,raw/kolkata/2026-09/posts.jsonl#L187
kolkata,t3_1w422f8,2026-09-01T04:58:00.754Z,hotelpunsylvania,Jara jara ajke sector 5 e jachhen amar moto,Rest in peace 😭😭😭😭,,text,0,,4,https://www.reddit.com/r/kolkata/comments/1w422f8/jara_jara_ajke_sector_5_e_jachhen_amar_moto/,,,,,,,False,False,471926,0,26,2026-09-02T16:51:57.111Z,raw/kolkata/2026-09/posts.jsonl#L223
kolkata,t3_1w425uc,2026-09-01T05:02:39.867Z,MiddleKid2024,"Hello folks, visiting Kalimpong for a couple of days. Kindly share your recommendations for food and sightseeing. Appreciate it!",Will be in Kalimpong for 2 days. Planning to visit the Gorkhe Haat and the weekday bazaar apart from Delo view point.,,text,0,,0,https://www.reddit.com/r/kolkata/comments/1w425uc/hello_folks_visiting_kalimpong_for_a_couple_of/,,,,,,,False,False,471926,0,23,2026-09-02T16:52:36.088Z,raw/kolkata/2026-09/posts.jsonl#L241
kolkata,t3_1w42gdr,2026-09-01T05:17:40.895Z,me_theunpredictable6,Brishti♥️,Wonderful weatherr! Love Kolkata rainss✨,,image,22,,8,https://www.reddit.com/r/kolkata/comments/1w42gdr/brishti/,,,,,,,False,False,471926,0,26,2026-09-02T16:51:26.577Z,raw/kolkata/2026-09/posts.jsonl#L195
kolkata,t3_1w42hft,2026-09-01T05:19:11.641Z,mercyplays3276,OP visited Kumortuli 🙂‍↕️♥️✨,"30th August, 2026. Read more",,image,144,,10,https://www.reddit.com/r/kolkata/comments/1w42hft/op_visited_kumortuli/,,,,,,,False,False,471926,0,25,2026-09-02T16:51:06.844Z,raw/kolkata/2026-09/posts.jsonl#L144
kolkata,t3_1w42hmt,2026-09-01T05:19:27.040Z,Ghumketu,Is there any alternate way to reach airport from Science city if the Haldiram area is waterlogged?,"Asking this because I need to catch a flight tomorrow morning. If it rains overnight, then the Haldiram area will be waterlogged. Is there any alternate route that can bypass that area ? Read more",,text,4,,13,https://www.reddit.com/r/kolkata/comments/1w42hmt/is_there_any_alternate_way_to_reach_airport_from/,,,,,,,False,False,471926,0,26,2026-09-02T16:51:50.125Z,raw/kolkata/2026-09/posts.jsonl#L218
kolkata,t3_1w42hnn,2026-09-01T05:19:28.702Z,nottinghamreds,[WTS] OLIVEBAR Sailboat 20K,"Selling rechargeable Sailboat 20K disposable - 700 mAh battery - USB-C charging - Dual-mesh coil - LED display and adjustable airflow - Two selectable output modes: Smooth Mode (lower-output setting intended for a smoother draw) and Turbo Mode (higher-output setting for a stronger draw) Condition : New, less than a day old Reason for selling: Ordered online and received a completely different product that I am not interested in and didn't get a refund (hence a personal listing, I am not a seller) Price : ₹2000 but open to offers DM for pictures Read more",,text,0,,0,https://www.reddit.com/r/kolkata/comments/1w42hnn/wts_olivebar_sailboat_20k/,,,,,,,False,False,471926,0,3,2026-09-02T16:51:47.064Z,raw/kolkata/2026-09/posts.jsonl#L214
kolkata,t3_1w42hrr,2026-09-01T05:19:37.242Z,SnooRecipes9628,Selling Some DK Books,"I want to sell some Good Dorling Kindersley titles.Pls text if you are interested.the books contain MARVEL Encyclopedia,Birds a definitive visual guide,A Book on Architecture,A book on designs,A book on military History etc.",,text,0,,0,https://www.reddit.com/r/kolkata/comments/1w42hrr/selling_some_dk_books/,,,,,,,False,False,471926,0,26,2026-09-02T16:52:04.471Z,raw/kolkata/2026-09/posts.jsonl#L231
kolkata,t3_1w42xdu,2026-09-01T05:43:25.340Z,cryinggng,"If I don't do a household chore or somehow fail to do so,my mom always be like ""meye chele manus ei tuku toh korte hobe"" and idk why it always succeeds in triggering me. Can y'all gimme some savage comeback?",For this,,text,55,,48,https://www.reddit.com/r/kolkata/comments/1w42xdu/if_i_dont_do_a_household_chore_or_somehow_fail_to/,,,,,,,False,False,471926,0,26,2026-09-02T16:50:14.232Z,raw/kolkata/2026-09/posts.jsonl#L82
kolkata,t3_1w4313p,2026-09-01T05:49:07.014Z,Least-Comedian-5929,Flat required,"Hi everyone, 26F Looking for a room in a pre occupied flat or 1bhk or a single room in a pg . Locations- Bhawanipur, kali ghat, Elgin or any nearby area. Budget-15k max Please let me if you have any leads . Read more",,text,0,,0,https://www.reddit.com/r/kolkata/comments/1w4313p/flat_required/,,,,,,,False,False,471926,0,26,2026-09-02T16:51:49.825Z,raw/kolkata/2026-09/posts.jsonl#L216
kolkata,t3_1w43bf9,2026-09-01T06:05:03.073Z,Similar-Street-8247,"Commercial LPG prices hiked by ₹10 per cylinder, ATF hiked by ₹6.28/litre ,check kolkata's hike in next slide",Source : https://www.thehindu.com/business/Economy/commercial-lpg-prices-hiked-by-10-per-cylinder/article71413554.ece Read more,,image,4,,1,https://www.reddit.com/r/kolkata/comments/1w43bf9/commercial_lpg_prices_hiked_by_10_per_cylinder/,,,,,,,False,False,471926,0,26,2026-09-02T16:51:07.609Z,raw/kolkata/2026-09/posts.jsonl#L149
kolkata,t3_1w43d2t,2026-09-01T06:07:35.350Z,lime-boy,"""এই মেঘলা দিনে একলা, ঘরে থাকে না তো মন""","বাসে যেতে যেতে এই ছবিটি তুললাম, আশা করি আপনাদের পছন্দ হবে। Read more",,image,96,,16,https://www.reddit.com/r/kolkata/comments/1w43d2t/%E0%A6%8F%E0%A6%87_%E0%A6%AE%E0%A6%98%E0%A6%B2_%E0%A6%A6%E0%A6%A8_%E0%A6%8F%E0%A6%95%E0%A6%B2_%E0%A6%98%E0%A6%B0_%E0%A6%A5%E0%A6%95_%E0%A6%A8_%E0%A6%A4_%E0%A6%AE%E0%A6%A8/,,,,,,,False,False,471926,0,26,2026-09-02T16:51:07.748Z,raw/kolkata/2026-09/posts.jsonl#L150
kolkata,t3_1w43kpg,2026-09-01T06:19:37.775Z,Vital-Twist4594,THE FEAR OF BEING RAINED UPON IN THIS LONELY WORLD,"Ichigo... do you know how I hate rain? And it rains in this world, too. If your heart is troubled, the skies will become cloudy. If you grieve, it will rain ever so easily.I wonder if you can understand... the fear of being rained on in this lonely world... To stop that rain, I shall lend you any strength, any power. If you just have faith in me, I will not allow any rain to fall upon this world*.* Trust me, Ichigo. As long as I am here, you'll never fight alone.- ZANGETSU Read more",,image,74,,19,https://www.reddit.com/r/kolkata/comments/1w43kpg/the_fear_of_being_rained_upon_in_this_lonely_world/,,,,,,,False,False,471926,0,26,2026-09-02T16:50:20.526Z,raw/kolkata/2026-09/posts.jsonl#L102
kolkata,t3_1w43q1o,2026-09-01T06:28:03.575Z,MediumOrdinary9105,View from my Guest House,This is actually a view from my Guest house in which I was working previously 📍sikkim Read more,,image,11,,2,https://www.reddit.com/r/kolkata/comments/1w43q1o/view_from_my_guest_house/,,,,,,,False,False,471926,0,26,2026-09-02T16:51:14.042Z,raw/kolkata/2026-09/posts.jsonl#L166
kolkata,t3_1w43qs2,2026-09-01T06:29:13.803Z,Slow-Ad-2592,Kpc jadavpur batch 2026-27,Hey m taking kpc this year. Anyone else doing the same? Can we connect? Read more,,text,0,,0,https://www.reddit.com/r/kolkata/comments/1w43qs2/kpc_jadavpur_batch_202627/,,,,,,,False,False,471926,0,26,2026-09-02T16:51:47.063Z,raw/kolkata/2026-09/posts.jsonl#L213
kolkata,t3_1w43r4e,2026-09-01T06:29:46.317Z,NewConsideration146,Shuttle service towards baguihati,Is there any shuttle services from or near Elgin road or camac street that goes towards baguihati? Or any other means except metro or local bus?,,text,0,,0,https://www.reddit.com/r/kolkata/comments/1w43r4e/shuttle_service_towards_baguihati/,,,,,,,False,False,471926,0,26,2026-09-02T16:51:46.729Z,raw/kolkata/2026-09/posts.jsonl#L210
kolkata,t3_1w446ay,2026-09-01T06:54:02.783Z,Tathagatra,Ways to travel from Howrah station to Princep Ghat,"Dada o didi ra, best possible way ta ki jodi ami Howrah station theke Princep Ghat jete chai? Ferry te kotokkhon time lagbe? R train ki direct ache? Read more",,text,1,,10,https://www.reddit.com/r/kolkata/comments/1w446ay/ways_to_travel_from_howrah_station_to_princep_ghat/,,,,,,,False,False,471926,0,26,2026-09-02T16:51:51.984Z,raw/kolkata/2026-09/posts.jsonl#L220
kolkata,t3_1w44myv,2026-09-01T07:20:00.607Z,Quirky_Addition7912,"Underrated South Indian gem, Bhupendra Mansion",(very pricy coffee tho ngl) Leer más,,image,6,,2,https://www.reddit.com/r/kolkata/comments/1w44myv/underrated_south_indian_gem_bhupendra_mansion/,,,,,,,False,False,471926,0,26,2026-09-02T16:51:17.803Z,raw/kolkata/2026-09/posts.jsonl#L176
kolkata,t3_1w44ob3,2026-09-01T07:22:07.060Z,TritiyaPandav,No to single use plastic in West Bengal from 1st September 2026.,,,image,163,,61,https://www.reddit.com/r/kolkata/comments/1w44ob3/no_to_single_use_plastic_in_west_bengal_from_1st/,,,,,,,False,False,471926,0,26,2026-09-02T16:50:42.572Z,raw/kolkata/2026-09/posts.jsonl#L121
kolkata,t3_1w44s28,2026-09-01T07:28:13.731Z,aabdhiosttw,Work from home in a rainy day,"Whenever I get tired while looking at screens, my balcony is the go-to place for me Leer más",,image,3,,0,https://www.reddit.com/r/kolkata/comments/1w44s28/work_from_home_in_a_rainy_day/,,,,,,,False,False,471926,0,26,2026-09-02T16:51:37.945Z,raw/kolkata/2026-09/posts.jsonl#L207
kolkata,t3_1w450x4,2026-09-01T07:43:12.377Z,kuttar-baccha,"Does anybody find it embarassing when exes publicly say such things? I mean one of them is married, other committed. Subhashree looked visibly taken aback.",,,video,166,,41,https://www.reddit.com/r/kolkata/comments/1w450x4/does_anybody_find_it_embarassing_when_exes/,,,,,,,False,False,471926,0,25,2026-09-02T16:50:17.390Z,raw/kolkata/2026-09/posts.jsonl#L95
kolkata,t3_1w4565u,2026-09-01T07:51:42.591Z,Alive_Cloud1305,Good gym recommendations in south kolkata,"Can anyone suggest good gyms in South Kolkata ? I am a super beginner in this, I visited few gyms near my house, but no clean washrooms, also very small washrooms. Changing rooms are also super dirty and small. I am happy to pay higher fees for clean and good facilities, please drop your suggestions",,text,0,,4,https://www.reddit.com/r/kolkata/comments/1w4565u/good_gym_recommendations_in_south_kolkata/,,,,,,,False,False,471926,0,26,2026-09-02T16:51:51.985Z,raw/kolkata/2026-09/posts.jsonl#L221
kolkata,t3_1w45hzo,2026-09-01T08:10:22.899Z,Ok_Membership7522,How much does a gym charge in kolkata(I'm from sinthee more area),"Gang, here a gym is asking 2.5k per month...? 😭Is this fr? Id have to workout at home only then😭 I'm a student btw before someone calls me garib😞 Read more",,text,3,,38,https://www.reddit.com/r/kolkata/comments/1w45hzo/how_much_does_a_gym_charge_in_kolkataim_from/,,,,,,,False,False,471926,0,26,2026-09-02T16:51:12.519Z,raw/kolkata/2026-09/posts.jsonl#L165
kolkata,t3_1w45jcx,2026-09-01T08:12:35.898Z,CharacterBit5048,কালীযুগ,"শুনেছেন, বরুন বিশ্বাস মারা গেছে? হ্যাঁ ঐ বরুন বিশ্বাস যে সভা টভা করে মেয়েদের হয়ে লড়াই করত। গরম গরম ভাষন দিত। এলাকায় একটা ঝামেলা পাকিয়ে রেখেছিল। দু পাঁচটা ধর্ষন কোন দেশে হয় না? আজকাল মেয়েগুলোও তেমনি। বেশি পড়ালেখা করে ডানা গজিয়ে গেছে। রাত রাত বাইরে থাকবে। জিন্স পরে ফ্যাশন করবে। চাকরি করার নামে ফস্টিনষ্টি করবে। ছেলেগুলোরই বা কি দোষ বাপু! এমন পোশাক পড়লে তো তাদের মন উচাটন হবেই। আমাদের সময় হলে এমন মেয়েছেলেদের ঠ্যাং খোঁড়া করে রেখে দেওয়া হত। মেয়েমানুষ দের কাজ কি? ঘর সংসার সামলানো, বাচ্চা কাচ্চা মানুষ করা, স্বামী শ্বশুরের সেবা যত্ন করা। এখনকার মেয়েগুলোর এসবের বালাই নেই। শাস্ত্র কি বলে? বলে ""পিতা রক্ষতি কৌমারে ভর্তা রক্ষতি যৌবনে। রক্ষন্তি স্থবিরে পুত্রা ন স্ত্রী স্বাতন্ত্র্যমর্হতি॥"" যবে থেকে এরা ঘরের বাইরে বেড়িয়েছেন, সব গোল্লায় গেছে। এইসব সাহেবী কায়দা কানুন মেয়েজাতিকে অধঃপাতে ঠেলছে। গোল গলা বেলাউজ পরবে, ইন্জিরি শিখবে। সব ঐ ঠাকুর বাড়ির কায়দা কানুন। এসব আমাদের সমাজে চলে না বাপু। নরকে যাবে ঠাকুর বাড়ির সবকটা। ও বাড়ির মেয়ে বউগুনো নাকি নাটক করে, গপ্পো লেখে! ভাবো। ঠাকুর নামের বালাই নেই, সাহিত্য হচ্চে! তা বাপু মেয়ে হয়ে জন্মেছিস, একটু কষ্ট করবিনে। শাস্তরে বলা আছে, মেয়ে জীবন মানেই সওয়া। যে সয়, সে রয়। কুলীন বামুনের মেয়ে। সতী গেলি না। ধম্মে সইবে? ওপরে গিয়ে কি জবাব দিবি? ঐ রামমোহন, ম্লেচ্ছ একটা! সতী বন্ধ করেই ছাড়ল। সাহেবদের সঙ্গে নিয়ে ধম্ম ভ্রষ্ট করে ছাড়ল হিঁদু সমাজের। ওর পাপের ঘড়া পূর্ণ হয়ে গেছে। পাপী, পাপী। ঘোর কলিযুগ, নইলে এই বেঁটে লোকটা কয় কিনা বেধবাদের বিয়ে দেবে!! মুখে আনাও পাপ! আমার ঠাকমা ষোলোতে বেধবা হয়েছিল। মাথা মুড়িয়ে, সাদা থান পড়ে সেই থেকে হবিষ্যি খায়। কোনোদিন রা কাড়েনি। সেদিন তো তর্কালঙ্কার মহাশয়ের মুখে মুখে কি তর্ক ঐ ঈশ্বর ছোকরাটার।কোন তর্কালঙ্কার? ঐ যে বামুন পাড়ার চাটুজ্যে বাড়ি, সেই তর্কালঙ্কার। আরে যিনি গত মাসে দ্বিতীয় পানি গ্রহন করলেন। মানিগন্যি লোক। গঙ্গাধর কবিরাজের প্রিয় পাত্র। কি বলব বাপু, ঐ ঐশ্বর ছোকরার কি তেজ! কি চোপা ! শাস্তর আউড়াচ্ছে যেন কত্ত জ্ঞান! আরে তুই বামুন হয়ে জেলে পাড়ার ছিমন্ত সর্দারের সাথে ঘুরিস। ছোঁয়াছুতের বিচার নেই। তোর পাপে এবার বাড়ির বেধবা রা লাল চেলি পড়ে ড্যাং ড্যাং করে বিয়ের পিঁড়িতে বসবে। সব শেষ! মেয়েদের পড়ানোটাই ঠিক না। পর্দার আড়ালে থাকবে। আল্লার নাম নেবে পাঁচ ওয়াক্ত। ঐ মালালা, একটা ইবলিশের নুমায়ান্দা। গ্রামের বাচ্চা বাচ্চা মেয়েগুলোকে দোখেজের পথে নিয়ে যাচ্ছে। মাথায় একটা গুলি, ব্যাস! খেল খতম। এবার জাহান্নামে গিয়ে পড়। আমেরিকার এজেন্ট ছিল। শরীয়া মানে না। এদের শাস্তি একটাই, গুলি। দুটো গুলি লেগেছিল বরুন বিশ্বাসের। প্রথমটা পিঠে। কাপুরুষদের সাহস হয়নি বুকে গুলি মারার। কাপুরুষদের সাহস হয়নি জ্যোতির্বাঈ কে আটকানোর। তাই গোবর ছুঁড়ে মেরেছিল। কাপুরুষদের সাধ্য হয়নি বিতর্কে যাবার, তাই ঈশ্বরচন্দ্রকে মারতে লেঠেল লাগিয়েছিল। নেহা বোরাকে ছুঁড়ে মেরেছিল কালি। কাপুরুষদের ভয় হয়। যদি ক্ষমতা বেদখল হয়ে যায়। যদি পায়ের তলায় রাখা বঞ্চিত রা উঠে দাঁড়ায়, তাড়া করে? কাপুরুষদের রাতে ঘুম হয় না। একশত পুলিশ, সেনা, অস্ত্র, বন্দুক, গোলা, বারুদ নিয়েও তারা ভয় পায় কলমের অক্ষরকে। কলিযুগ কিনা জানিনা, কালী যুগের সূচনা আসন্ন। Read more",,image,9,,0,https://www.reddit.com/r/kolkata/comments/1w45jcx/%E0%A6%95%E0%A6%B2%E0%A6%AF%E0%A6%97/,,,,,,,False,False,471926,0,26,2026-09-02T16:51:26.129Z,raw/kolkata/2026-09/posts.jsonl#L189
kolkata,t3_1w45o1g,2026-09-01T08:20:14.500Z,Opposite_Ad_1137,House help / cook required,Looking for cook /maid who is from north eastern part of India - knows NE cuisine Read more,,text,0,,4,https://www.reddit.com/r/kolkata/comments/1w45o1g/house_help_cook_required/,,,,,,,False,False,471926,0,25,2026-09-02T16:52:43.294Z,raw/kolkata/2026-09/posts.jsonl#L242
kolkata,t3_1w46kvg,2026-09-01T09:12:25.311Z,Western_Emu_4037,Idkk,I AM SO OVERWORKED YET SO BOREDDDD,,image,12,,2,https://www.reddit.com/r/kolkata/comments/1w46kvg/idkk/,,,,,,,False,False,471926,0,26,2026-09-02T16:51:19.502Z,raw/kolkata/2026-09/posts.jsonl#L180
kolkata,t3_1w46rbu,2026-09-01T09:22:05.671Z,raydebapratim1,400 plus years of Bengali Durga Puja history,"1610 সালে সাবর্ণরায় চৌধুরীদের বড়িশার জমিদার বাড়িতে শুরু হওয়া মাতৃ আরাধনা কালক্রমে তা আজকের 'পৃথিবীর বৃহত্তম পাবলিক আর্ট ফেস্টিভ্যাল ' - এ রুপান্তরিত। প্রায় 400 বছর আগের জমিদার বাড়ির আভিজাত্যের মোরকে দেবীর আকাল বোধন থেকে পর্যায়ক্রমে বারোয়ারি থেকে আজ তা সার্বজনীন উৎসব। বাঙালির কাছে দূর্গা পূজো কোন কালেই স্ট্যাটিক ছিলনা। মহিষাসুরমর্দিনী দেবী চন্ডি বাংলায় এসে হয়েগেলেন বাড়ির মেয়ে উমা। এই বাড়ির মেয়ের বাৎসরিক আগমন ও তার যত্ন আত্তি কে কেন্দ্র করেই বাঙালির উমা আরাধনা। এই 400 বছরের আভিজাত্যের মোরক থেকে আজকের সাধারণ উৎসব ।কোন স্পেসিফিক সময়ের দূর্গা পূজোকে স্ট্যান্ডার্ড বলে মনে করছে উগ্রহিন্দুত্তের ধ্বজাধারীরা । না উওর ভারতীয় হিন্দি বলয়ের নবরাত্রি টাকে শুদ্ধ সনাতনীর ট্যাগ লাগিয়ে বাঙালির উপর চাপিয়ে দেওয়ার চেষ্টা চলছে। সব শেষে একটি কথা বলবো বাঙালির কাছে নিছক পূজো নয় এটি - - - "" লিভিং ডেভেলপিং কালচারাল ট্রাডিশন "" ""পৃথিবীর সর্ববৃহত ওপেন এয়ার আর্ট ফেস্টিভ্যালে আপনাকে স্বাগত ""। Read more",,text,24,,9,https://www.reddit.com/r/kolkata/comments/1w46rbu/400_plus_years_of_bengali_durga_puja_history/,,,,,,,False,False,471926,0,26,2026-09-02T16:50:26.688Z,raw/kolkata/2026-09/posts.jsonl#L106
kolkata,t3_1w46srr,2026-09-01T09:24:21.257Z,lemonpie110010,🎬 EXTRA TICKETS AVAILABLE — INSIDIOUS: OUT OF THE FURTHER 👻,"I accidentally messed up my ticket bookings and now have 2 extra tickets for the wrong timing 😭 🎥 Insidious: Out of the Further 📍 INOX, South City Mall, Kolkata 🕚 11:30 PM — 1st September 💰 ₹360 for both tickets total(originally ₹466) I won’t be attending this show, so if anyone is willing to buy the tickets, please DM me! I know it’s super last-minute, but I only realized my booking mistake way too late 😭💀 Read more",,text,0,,0,https://www.reddit.com/r/kolkata/comments/1w46srr/extra_tickets_available_insidious_out_of_the/,,,,,,,False,False,471926,0,26,2026-09-02T16:52:26.732Z,raw/kolkata/2026-09/posts.jsonl#L240
kolkata,t3_1w46vt2,2026-09-01T09:29:15.234Z,LegitimateMechanic24,Looking for people into The Office / awkward mockumentary comedy,"Looking for people in Kolkata who enjoy The Office / awkward mockumentary comedy Hey, I’m working on a few small YouTube videos with an awkward, mockumentary-style of comedy and looking for a few people in Kolkata who might be interested in appearing in them. The ideas/scripts are already written with a few of my friends, but unfortunately they don't live in Kolkata, so I'm looking for people here instead. No acting experience needed at all. Just looking for people who enjoy this kind of humour and would be up for making something fun. I’m also looking for a few Stardew Valley fans for some separate videos. DM me if interested. Read more",,text,0,,1,https://www.reddit.com/r/kolkata/comments/1w46vt2/looking_for_people_into_the_office_awkward/,,,,,,,False,False,471926,0,4,2026-09-02T16:51:22.528Z,raw/kolkata/2026-09/posts.jsonl#L181
kolkata,t3_1w4719i,2026-09-01T09:37:41.537Z,UNEMPLOED,Badminton!!!,Anyone wanna join me for badminton. Location- phoolbagan/Newtown,,text,0,,0,https://www.reddit.com/r/kolkata/comments/1w4719i/badminton/,,,,,,,False,False,471926,0,26,2026-09-02T16:51:51.894Z,raw/kolkata/2026-09/posts.jsonl#L219
kolkata,t3_1w475qo,2026-09-01T09:44:35.185Z,theAviCaster,desserts i baked in august,"- matcha, espresso, and chocolate cheesecake (oreo base) - dark chocolate truffle torte Read more",,image,127,,39,https://www.reddit.com/r/kolkata/comments/1w475qo/desserts_i_baked_in_august/,,,,,,,False,False,471926,0,26,2026-09-02T16:51:29.184Z,raw/kolkata/2026-09/posts.jsonl#L198
kolkata,t3_1w4793r,2026-09-01T09:49:52.209Z,AnWitnessOwl,জুতো দিয়ে থীম বানালে অসুবিধে কোথায়?,"জুতো তো আমাদের পা কে পেরেক, পাথর, গরম, ঠাণ্ডা, রোগজীবাণু ইত্যাদি থেকে রক্ষা করে। তাছাড়া ট্যানারি শ্রমিক, মুচি, ডিজাইনার প্রভৃতি ব্যক্তিগণ জুতো নির্মাণ করেই জীবিকা নির্বাহ করেন। এখন প্যান্ডেলে জুতোকে কীভাবে থীমে প্রয়োগ করা হচ্ছে তার উপরে নির্ভর করছে সেটি আদৌ অপমানকর কিনা। যদি কেউ মুচিদের জীবনযাত্রা নিয়ে থিম করতে চায়, অথবা জুতো যা আমাদের পা কে রক্ষা করে অথচ তাকে অপমানের প্রতীক হিসেবে দেখা হয় এই ব্যাপারটাকেই যদি কেউ থিম হিসেবে তুলে ধরেন? বি। দ্র। এক। তবলার ছাউনি ও দড়িগুলি পশুর চামড়ায় তৈরী। বহু মন্দিরে তবলা শ্রীখোল পাখওয়াজ ইত্যাদি সহযোগে গান হয়। সেই তুলনায় কেউ রাবার বা প্লাস্টিকের জুতো দিয়ে থীম করতেই পারেন, সমস্যা কোথায়?! বি। দ্র। দুই। মানুষই পা কে অপমানের প্রতীক বানিয়েছে। পা ছাড়া চলতে পারবেন তো? যাঁরা বলছেন জুতো খুলে প্যান্ডেলে ঢুকতে হবে, তাঁরা কি নিজেদে পা দুটোও কেটে বাদ দেবেন? ঠাকুরের কাছটাতে কেউই জুতো পরে ওঠে না। প্যান্ডেল অনেকসময়ই রাস্তার উপর হয় বা কাদা মাঠে হয় অথবা মেঝেতে পেরেক পড়ে থাকতে পারে। তাই জুতো পরে ঢোকে",,text,1,,5,https://www.reddit.com/r/kolkata/comments/1w4793r/%E0%A6%9C%E0%A6%A4_%E0%A6%A6%E0%A6%AF_%E0%A6%A5%E0%A6%AE_%E0%A6%AC%E0%A6%A8%E0%A6%B2_%E0%A6%85%E0%A6%B8%E0%A6%AC%E0%A6%A7_%E0%A6%95%E0%A6%A5%E0%A6%AF/,,,,,,,False,False,471926,0,0,2026-09-02T16:51:25.587Z,raw/kolkata/2026-09/posts.jsonl#L186
kolkata,t3_1w47d30,2026-09-01T09:55:44.435Z,DistressedDoctor,Avian vets in Calcutta,Hello. Im looking for a good exotic *avian* vet in Calcutta OTHER THAN The vet spectrum/ Dr. Rina dev. Would really appreciate any leads and/or experience alongside your impression of the doctor's expertise as an avian veterinarian as well. TIA,,text,2,,0,https://www.reddit.com/r/kolkata/comments/1w47d30/avian_vets_in_calcutta/,,,,,,,False,False,471926,0,26,2026-09-02T16:51:32.784Z,raw/kolkata/2026-09/posts.jsonl#L199
kolkata,t3_1w47d8w,2026-09-01T09:56:00.768Z,RB_2004_h,Mom made some TAAL er BORA!,Plum pakorass Read more,,image,11,,6,https://www.reddit.com/r/kolkata/comments/1w47d8w/mom_made_some_taal_er_bora/,,,,,,,False,False,471926,0,26,2026-09-02T16:51:12.151Z,raw/kolkata/2026-09/posts.jsonl#L161
kolkata,t3_1w47far,2026-09-01T09:59:16.584Z,Introverted-Seeker24,Loreto Dharamtala vs Loreto Bowbazar,Which school is better as of 2026 in terms of preparing a student for life? A lot of schools in kolkata compete academically but I want a school that provides value education and creates a nurturing environment for its students especially during the foundational years. Read more,,text,0,,2,https://www.reddit.com/r/kolkata/comments/1w47far/loreto_dharamtala_vs_loreto_bowbazar/,,,,,,,False,False,471926,0,26,2026-09-02T16:51:35.920Z,raw/kolkata/2026-09/posts.jsonl#L206
kolkata,t3_1w47fmk,2026-09-01T09:59:49.646Z,Objective-Policy8509,Anyone Need flat in Kalikapur,"I'm shifting to Bangalore want to sell all my items. The room which I am in right now the rent is 5000 for 1BHK and 7000 for 2 BHK. Location - Kalikapur . ( 100m to kalikapur Hospital) Items Available to sell - BED , Table & Chair , gas & all the items , Cycle. Read more",,image,0,,5,https://www.reddit.com/r/kolkata/comments/1w47fmk/anyone_need_flat_in_kalikapur/,,,,,,,False,False,471926,0,26,2026-09-02T16:51:59.603Z,raw/kolkata/2026-09/posts.jsonl#L225
kolkata,t3_1w47r0d,2026-09-01T10:16:10.945Z,AggravatingRisk2669,Padma Shri Kazi Masum Akhtar,,,video,291,,15,https://www.reddit.com/r/kolkata/comments/1w47r0d/padma_shri_kazi_masum_akhtar/,,,,,,,False,False,471926,0,25,2026-09-02T16:49:51.051Z,raw/kolkata/2026-09/posts.jsonl#L37
kolkata,t3_1w47sf9,2026-09-01T10:18:11.483Z,mrrdx360,Kalyani city vs midnapore city?,"Which is better city kalyani or midnapore in terms of facilities, nightlife, crowd, culture, exposure, and in all other aspects?? Please give geniune, unbiased opinion",,text,2,,38,https://www.reddit.com/r/kolkata/comments/1w47sf9/kalyani_city_vs_midnapore_city/,,,,,,,False,False,471926,0,1,2026-09-02T16:51:23.289Z,raw/kolkata/2026-09/posts.jsonl#L184
kolkata,t3_1w47xaa,2026-09-01T10:25:01.678Z,Educational_Kale_907,No forcing,"Hey everyone, we're starting a small Discord group called AddaCraft for people who just want to hang out, chat, play games, listen to music, and generally spend some time with fellow Bengalis. It's still pretty new, so we're hoping to find a few people who'd like to join from the beginning and help us shape the community. If you're familiar with Discord and enjoy setting things up, you're also welcome to help out with the server and its layout. Nothing too serious, just a chill community where people can talk and hang out. Feel free to comment or DM if you're interested :)",,text,0,,5,https://www.reddit.com/r/kolkata/comments/1w47xaa/no_forcing/,,,,,,,False,False,471926,0,26,2026-09-02T16:52:19.570Z,raw/kolkata/2026-09/posts.jsonl#L237
kolkata,t3_1w48cmf,2026-09-01T10:47:24.320Z,Teelaikhumbi,Flat at Chinar Park,Hi if anyone is looking for a 2BHK fully furnished flat for rent. Please lemme knw. I’m not a broker. Both bedroom has AC. Living room has sofa set; Washing Machine; TV. Kitchen has gas stove and oven. It’s for rent. Leaving Kolkata. No catch; you can own the AC and other appliances and pay me on EMIs. I repeat I’m NOT a BROKER. You just need to pay the deposits and then continue paying the rent to the owner and the EMIs for the appliances and things to me.,,text,1,,5,https://www.reddit.com/r/kolkata/comments/1w48cmf/flat_at_chinar_park/,,,,,,,False,False,471926,0,26,2026-09-02T16:51:45.945Z,raw/kolkata/2026-09/posts.jsonl#L209
kolkata,t3_1w48dlv,2026-09-01T10:48:46.793Z,ByomkeshBeyond,Ekti Borshar Din,"Janla gulo bondho. Pordata maa kokhon soriye diye geche kheyal nei. Ekta sada muted aalo janlar kaanch bhed kore ghor er ekta kon alokito kore tuleche. Early riser ami noi. Raate ghum hoy na. Sesh raate ghumiye bhor bela uthe pori. Matha tule dekhlam, laptop ta tokhono khola. 14 khana tab open. Spotify open. Discord open. Sob open. Ami bodhoy ekai closed. Baire theke besh borshar awaj asche. Obbhyas bosoto mail er tab ta refresh kora. Na. No reverts. Ei niye koto no. application holo? Chakri ta charar somoy toh besh bir mone hoyechilo. Mone hoyechilo... jak chuloy. Tahole ekhon mon eto khuddho keno? Brishti barche. Bombay te thakte Kyani theke roj Robbar mawa cake khetam. Khub sundor lagto. Ekhane pawa jaay na. Just Baked e ekrokom mawa cake pawa jaay. Monder bhalo. Oi diye chaa er cup e ekta chumuk. Mmhhh... ish. Jeebh ta pureche. Bela hocche. Aalo beshi nei. Borshar obiram kolahol. Ah! Ei sala brain... ek muhurto chup thake na. Onorgol kotha bole jay. Ektu tham. Ektu. Nah abar boshte hobe... application patha te hobe. Laptop e ekta notification. Labonno. Jak etokkhone somoy hoyeche. Nischoi ebar se kaaj e boshbe. Gotokal raat 1 ta obdi adda cholchilo. Or mon mejaj onekdin por bhalo chilo besh. Emnite se 12 tay ghumiye pore. Kintu adda sudhu amar ekar sathe noy. Ektu koshto. Jak. Etodin poreo, eto kache ashar poreo, eke onner byapare eto kichu janar poreo, amra proper bondhu kina sei hiseb tai jokhon thik hoyni, tokhon aar.... Tobe ei ek byakti. Or ashe pashe thaklei kemon iccha kore aaro bhalo manush hoye uthi. Or sathe dekhar howar porei jibika khoj er tagid ta hothat ek dhaape oneek ta bere giyechilo. Madhobi mashi eseche. Ish bhije geche ei borshay. Icche korche ektu beguni banate boli. Labonnor kaaj shuru howar aage abar ektu adda. Ghor er bhetor aalo ta ektu beshi mone hocche na? Baranday eshe baire supari patar opor jolder bindu dekhte pacchi. Pashei kada makhe juto jora rakha. Ei borshay bondi thakte hoy. Bike niye beronor upay nei. Charidike bisrinkhol borsha tar majhkhane ek chhader tolay aami. Boyosh barche. Koto erom raat katbe ghum er ashay, koto erom din katbe mail e ekta revert er ashay, koto erom hridoy bhangbe Labonno ke onno loker sathe somoy katate dekhe.... Kintu ei muhurte, Madhobi mashir beguni bhaja hoye geche. Maa aar ek cup chaa baniye feleche. Sobai ashe pashe koto kaaj korche. Ami chup chap bose moja dekchi. Hahaha. Ei joto din, chaa er chumuk, begunir kamor aar labonnor moto ekta motivation thakbe... hoyto aaro kota din katiye debo. Bah! Baire besh thanda ekta hawa boiche dekchi. Janla ta ebar khola dorkar. Read more",,text,2,,2,https://www.reddit.com/r/kolkata/comments/1w48dlv/ekti_borshar_din/,,,,,,,False,False,471926,0,25,2026-09-02T16:51:07.024Z,raw/kolkata/2026-09/posts.jsonl#L145
kolkata,t3_1w48l03,2026-09-01T10:59:30.850Z,Fluffy_soul20,লাল সন্ত্রাস লিখলে খুব আনন্দ গেরুয়া গুন্ডামি লিখলে চক্ষুশূল?,"আনন্দবাজার পত্রিকা শিরোনাম করেছিল 'গেরুয়া গুন্ডামি'। আজ পত্রিকার অফিস ঘেরাও করে গেরুয়া রং লাগিয়ে হিন্দুত্ববাদী গুন্ডারা প্রমাণ করল, তারা সত্যিই সন্ত্রাস ছড়াতেই চায়৷ সামান্যতম বিরোধী স্বরও এরা সহ্য করতে শেখেনি। ইতিহাসের কারাগারে আটকে না থেকে এই বর্বরদের বিরুদ্ধে সর্বোচ্চ নমনীয়তার ভিত্তিতে ঐক্যবদ্ধ প্রতিরোধই একমাত্র রাস্তা।",,image,251,,26,https://www.reddit.com/r/kolkata/comments/1w48l03/%E0%A6%B2%E0%A6%B2_%E0%A6%B8%E0%A6%A8%E0%A6%A4%E0%A6%B0%E0%A6%B8_%E0%A6%B2%E0%A6%96%E0%A6%B2_%E0%A6%96%E0%A6%AC_%E0%A6%86%E0%A6%A8%E0%A6%A8%E0%A6%A6_%E0%A6%97%E0%A6%B0%E0%A6%AF_%E0%A6%97%E0%A6%A8%E0%A6%A1%E0%A6%AE_%E0%A6%B2%E0%A6%96%E0%A6%B2_%E0%A6%9A%E0%A6%95%E0%A6%B7%E0%A6%B6%E0%A6%B2/,,,,,,,False,False,471926,0,26,2026-09-02T16:50:06.949Z,raw/kolkata/2026-09/posts.jsonl#L68
kolkata,t3_1w48l08,2026-09-01T10:59:30.948Z,joe_goldberggg,Anyone took PRP(without min or fin)for receding hairline or hair thinning ? How's the experience and result ?,btw kolkta te govt hospital gulo te free te prp dey? Keu korecho? korle share your experience. Read more,,text,1,,2,https://www.reddit.com/r/kolkata/comments/1w48l08/anyone_took_prpwithout_min_or_finfor_receding/,,,,,,,False,False,471926,0,25,2026-09-02T16:56:43.718Z,raw/kolkata/2026-09/posts.jsonl#L244
kolkata,t3_1w48xdo,2026-09-01T11:15:38.192Z,Sad_Raspberryy,Puja Barshiki 2026,"Last year I got Kishore bharati puja barshiki, which was really fun to read. This year I'm thinking of getting kishore Bharati and one more publishers, which one should i try?? There are so many options like ananda mela, ananda bazaar, sananda, suktatara.. Read more",,image,38,,11,https://www.reddit.com/r/kolkata/comments/1w48xdo/puja_barshiki_2026/,,,,,,,False,False,471926,0,26,2026-09-02T16:50:27.243Z,raw/kolkata/2026-09/posts.jsonl#L111
kolkata,t3_1w495qo,2026-09-01T11:26:31.857Z,magunahatata,"Corporate Professionals of Kolkata, what benefits are your offices providing you?",☕ Read more,,text,10,,65,https://www.reddit.com/r/kolkata/comments/1w495qo/corporate_professionals_of_kolkata_what_benefits/,,,,,,,False,False,471926,0,26,2026-09-02T16:50:27.522Z,raw/kolkata/2026-09/posts.jsonl#L112
kolkata,t3_1w49gi9,2026-09-01T11:40:35.726Z,iscrappedthe_data,আনন্দবাজার অফিস এ গেরুয়া সন্ত্রাস এর সম্পূর্ণ ভিডিও,Source: https://youtu.be/H0u3PZsx41M Leer más,,video,355,,117,https://www.reddit.com/r/kolkata/comments/1w49gi9/%E0%A6%86%E0%A6%A8%E0%A6%A8%E0%A6%A6%E0%A6%AC%E0%A6%9C%E0%A6%B0_%E0%A6%85%E0%A6%AB%E0%A6%B8_%E0%A6%8F_%E0%A6%97%E0%A6%B0%E0%A6%AF_%E0%A6%B8%E0%A6%A8%E0%A6%A4%E0%A6%B0%E0%A6%B8_%E0%A6%8F%E0%A6%B0_%E0%A6%B8%E0%A6%AE%E0%A6%AA%E0%A6%B0%E0%A6%A3_%E0%A6%AD%E0%A6%A1%E0%A6%93/,,,,,,,False,False,471926,0,26,2026-09-02T16:50:10.447Z,raw/kolkata/2026-09/posts.jsonl#L75
kolkata,t3_1w49k6z,2026-09-01T11:45:17.559Z,mitronnnn,এসব করার জন্য সরকারে এসেছে !!!,"হনুমানের দল আজকে আনন্দবাজারের অফিসের দেওয়াল গেরুয়া রঙ করছে, আর পুলিশ দাড়িয়ে দেখছে চুপ করে । এরা গুন্ডামি করে বেড়াবে, অথচ গুন্ডামি করছে বলা যাবে না !🤬🤬🤬 Read more",,video,52,,9,https://www.reddit.com/r/kolkata/comments/1w49k6z/%E0%A6%8F%E0%A6%B8%E0%A6%AC_%E0%A6%95%E0%A6%B0%E0%A6%B0_%E0%A6%9C%E0%A6%A8%E0%A6%AF_%E0%A6%B8%E0%A6%B0%E0%A6%95%E0%A6%B0_%E0%A6%8F%E0%A6%B8%E0%A6%9B/,,,,,,,False,False,471926,0,26,2026-09-02T16:50:35.493Z,raw/kolkata/2026-09/posts.jsonl#L119
kolkata,t3_1w4amtq,2026-09-01T12:32:30.115Z,mochi2its_kitty,Jadavpur University,JUr kache kono flower bouquet shop ache? Read more,,text,0,,4,https://www.reddit.com/r/kolkata/comments/1w4amtq/jadavpur_university/,,,,,,,False,False,471926,0,26,2026-09-02T16:51:35.046Z,raw/kolkata/2026-09/posts.jsonl#L203
kolkata,t3_1w4aq7o,2026-09-01T12:36:28.917Z,broUstfu,"Met someone from this sub, thought we genuinely connected… and then got blocked everywhere (kinda hilarious)","So yesterday, I came across a comment from a girl on this sub and somehow we started talking. One thing led to another and we ended up talking for around 1.5–2 hours. Surprisingly comfortable conversation. We exchanged Facebook and WhatsApp, talked about life, studies, dating, random Kolkata stuff, etc.. At some point we even started discussing a meeting later this month, basically we were doing a full Kolkata itinerary without actually meeting We ended the conversation normally around 3.30ish. I woke up this morning thinking, “Okay, that actually went pretty well.” Opened phone and boom 💥 I checked WhatsApp. Blocked. Checked Facebook. Blocked. Checked Reddit. Blocked. 😂 My brain at 10 AM: “Brother, what exactly happened between 3 AM and now?” 💀 So apparently the Kolkata dating market has a new game mechanic I wasn't aware of. I'm not even angry at this point. Just confused and slightly impressed by the plot development. 💀 (ps. I'm not posting this to expose anyone. I'm genuinely just sharing the experience because the whole thing was so unexpectedly bizarre) Kolkata Redditors, what the hell was I supposed to learn from this?",,text,1,,7,https://www.reddit.com/r/kolkata/comments/1w4aq7o/met_someone_from_this_sub_thought_we_genuinely/,,,,,,,False,False,471926,0,26,2026-09-02T16:51:06.656Z,raw/kolkata/2026-09/posts.jsonl#L143
kolkata,t3_1w4aw5y,2026-09-01T12:43:31.900Z,sweetysalty02,Kolkata r akhon job er poristhiti Kamon?,same as title,,text,5,,34,https://www.reddit.com/r/kolkata/comments/1w4aw5y/kolkata_r_akhon_job_er_poristhiti_kamon/,,,,,,,False,False,471926,0,26,2026-09-02T16:51:12.335Z,raw/kolkata/2026-09/posts.jsonl#L163
kolkata,t3_1w4b5x9,2026-09-01T12:54:54.373Z,Nearby-Flounder6533,Siliguri to Kolkata!,Is there any chance I can get 3 bus tickets from Siliguri to Kolkata under 2k(each) for 25 Oct? The fares on Abhibus and Redbus are over 4k!!! Will it go down later? Read more,,text,1,,13,https://www.reddit.com/r/kolkata/comments/1w4b5x9/siliguri_to_kolkata/,,,,,,,False,False,471926,0,26,2026-09-02T16:52:03.824Z,raw/kolkata/2026-09/posts.jsonl#L228
kolkata,t3_1w4bdh2,2026-09-01T13:02:56.494Z,Deep_Ride488,Finding a Notary for Attestation Purpose,"I want to get some of my documents attested through Notary Public in Kolkata. Upon contacting fet advocates from google search results, they are quoting absurd rates, i.e. 1k for 10 documents whereas a month ago I got it done at 15 per document in Burdwan Court Compound. I would really appreciate if someone can suggest me how to get it done.",,text,0,,3,https://www.reddit.com/r/kolkata/comments/1w4bdh2/finding_a_notary_for_attestation_purpose/,,,,,,,False,False,471926,0,26,2026-09-02T16:51:26.436Z,raw/kolkata/2026-09/posts.jsonl#L193
kolkata,t3_1w4bgg8,2026-09-01T13:06:11.569Z,Hot-Alternative-5742,OP ektu gaan lekhar chesta korche. Motamot janao,"গুটখা চলতে পারে মাংস খাওয়া বারণ জামা কাপড় গেরুয়া রঙের হিন্দি টানে উচ্চারণ যদি শিক্ষার গন্ধ পেল অমনি হবে কেলো মুসলিম বন্ধু রাখলে পরে Convert হয়ে গেল এ কি হলো গেরো বাড়ি ঝান্ডা ধরে ফের তবে জুটবে তোমার থাকা ন‌ইলে SIR লিস্ট পাকা শুধু না.না না না না, ওই নিয়মটা খিটকেল মেসোমশাই নয় যেন হিটলারের হোটেল",,text,10,,2,https://www.reddit.com/r/kolkata/comments/1w4bgg8/op_ektu_gaan_lekhar_chesta_korche_motamot_janao/,,,,,,,False,False,471926,0,26,2026-09-02T16:50:26.726Z,raw/kolkata/2026-09/posts.jsonl#L107
kolkata,t3_1w4biv5,2026-09-01T13:09:01.968Z,Odd_Scheme_711,Bajrang dal goons tried to enter Ananda bazar Patrika office and painted the walls saffron,Development 😍,,video,524,,123,https://www.reddit.com/r/kolkata/comments/1w4biv5/bajrang_dal_goons_tried_to_enter_ananda_bazar/,,,,,,,False,False,471926,0,26,2026-09-02T16:49:54.743Z,raw/kolkata/2026-09/posts.jsonl#L54
kolkata,t3_1w4bmbi,2026-09-01T13:12:53.760Z,a_gregarious_soul,Anyone working at iMerit as Sr ITES Executive? Need some info about the US Healthcare voice process,"Hey everyone, I recently got hired at iMerit for the Senior ITES Executive position and was told I’ll be working in a US healthcare voice process. I’ve heard that the experience at iMerit can vary quite a bit depending on the project/team, so I wanted to get some honest feedback about this particular process before I join. Does anyone currently work in, or have experience with, the US healthcare voice process at iMerit? I’d mainly like to know about: Actual work and targets Work pressure and WLB Shift timings Management/team environment Incentives, if any Overall experience with the project Also, if anyone has worked on this project and feels it’s better to avoid it, please let me know. I’ve heard some employees leave within a few months because of certain projects, so I’d like to understand whether this is one of those projects. If the project isn’t good, is it possible to discuss a project change with the recruiter/HR before joining? Would really appreciate any genuine experiences. Thanks!",,text,0,,0,https://www.reddit.com/r/kolkata/comments/1w4bmbi/anyone_working_at_imerit_as_sr_ites_executive/,,,,,,,False,False,471926,0,25,2026-09-02T16:51:49.805Z,raw/kolkata/2026-09/posts.jsonl#L215
kolkata,t3_1w4bu13,2026-09-01T13:21:30.291Z,SnooRecipes9628,Seeking Help,Hey can anyone tell me how to find a easy online gig work where i can give around 2 hours to make 5/10k per month or 300/350 per day.any Help or suggestion is highly appreciated.Thank you.,,text,1,,4,https://www.reddit.com/r/kolkata/comments/1w4bu13/seeking_help/,,,,,,,False,False,471926,0,26,2026-09-02T16:51:35.072Z,raw/kolkata/2026-09/posts.jsonl#L204
kolkata,t3_1w4bzen,2026-09-01T13:27:07.611Z,crime_unfolded,Why are most of the AirBnB in kolkata kinda bad!!!,I’ve been in kolkata for a while but always faced hard time finding a good airbnb which is kind of a rarer than rare thing. They either have owners who dorsnt know their sh*t or always have shared space concept or something or the other not in the place. Really hard to get everything at once Read more,,text,0,,0,https://www.reddit.com/r/kolkata/comments/1w4bzen/why_are_most_of_the_airbnb_in_kolkata_kinda_bad/,,,,,,,False,False,471926,0,26,2026-09-02T16:51:25.951Z,raw/kolkata/2026-09/posts.jsonl#L188
kolkata,t3_1w4c6zr,2026-09-01T13:35:24.825Z,doi_maach_deadlift,Looking for merit based earning potential as a college student.,"Hello guys I am a college student currently pursuing MBBS. What are some ways I could earn as a medical student? I am not talking about the general tutorship, dropshipping, buy crypto and all that shit. I am talking about a very different thing, you see many organisations and companies do competition, contributions and various other events where students could participate and earn a money or stipend, I am talking about platforms and online events where people can contribute and earn a stipend or a payment with my merit and knowledge. Please guide me through this. Thank you. Also even if you are not in a medical field, please shed us your ways or methods.",,text,0,,4,https://www.reddit.com/r/kolkata/comments/1w4c6zr/looking_for_merit_based_earning_potential_as_a/,,,,,,,False,False,471926,0,26,2026-09-02T16:51:35.043Z,raw/kolkata/2026-09/posts.jsonl#L202
kolkata,t3_1w4cjsn,2026-09-01T13:49:23.015Z,idkmanfuc,What are your expectations from Winkle Twinkle?Can it make a comeback for Sijjida?,,,image,38,,32,https://www.reddit.com/r/kolkata/comments/1w4cjsn/what_are_your_expectations_from_winkle_twinklecan/,,,,,,,False,False,471926,0,26,2026-09-02T16:50:35.238Z,raw/kolkata/2026-09/posts.jsonl#L118
kolkata,t3_1w4cm6j,2026-09-01T13:51:48.696Z,Soumyadeep_1,How to get vip passes for puja?,,,image,22,,46,https://www.reddit.com/r/kolkata/comments/1w4cm6j/how_to_get_vip_passes_for_puja/,,,,,,,False,False,471926,0,25,2026-09-02T16:50:17.213Z,raw/kolkata/2026-09/posts.jsonl#L93
kolkata,t3_1w4d3sn,2026-09-01T14:10:16.191Z,Forsaken_Toe6826,Please suggest wedding venues in Kolkata,My wedding is end of next year I am looking for venues which can accomodate 550 ish guests and my budget is 11-12L total please suggest,,text,0,,7,https://www.reddit.com/r/kolkata/comments/1w4d3sn/please_suggest_wedding_venues_in_kolkata/,,,,,,,False,False,471926,0,26,2026-09-02T16:51:14.085Z,raw/kolkata/2026-09/posts.jsonl#L167
kolkata,t3_1w4d3zo,2026-09-01T14:10:28.072Z,According_Elk_8009,Durga Puja the emotions of bengali,"Puro Biswa boley Durga Puja is the one of the best cultural or global festivals in the world which unesco also had aggrred and Calcutta is the heaven or the mother of this. But ei ekta jinish niye chirokal bangalider moddhey ekta taak jhal mishti jhogra choltey thakey north Kolkata , south Kolkata , central Kolkata , east Kolkata, west Kolkata kothakar puja ba over all celebration maney rasta sajano pandal para culture pandals theme baised pujo street food or onno khabar kinba cultural or other celebration jinish potro best hoy to amrao ektu dekhi ei groupey kar ki mot ekta opinion poll hoye jaak amader grouper naam jokhun Kolkata o amra sobai jokhun bangali ar please reasoning gulo comment box likhun flood the comment the love for pujo please please please Read more",,text,0,,9,https://www.reddit.com/r/kolkata/comments/1w4d3zo/durga_puja_the_emotions_of_bengali/,,,,,,,False,False,471926,0,0,2026-09-02T16:52:04.469Z,raw/kolkata/2026-09/posts.jsonl#L229
kolkata,t3_1w4dax3,2026-09-01T14:17:23.314Z,CHEEMS_-,WBSEDCL is dogshit,"My electricity bill has a deadline for today and I'm unable to pay the bill due to the shitty server, even tried for 5-6 different apps but NO!! Contacted their consumer helpline number and the guy said why are you paying on the last date🤡? I stopped myself from an argument and cut the call. (Gonna complain on their website) Read more",,text,14,,22,https://www.reddit.com/r/kolkata/comments/1w4dax3/wbsedcl_is_dogshit/,,,,,,,False,False,471926,0,25,2026-09-02T16:50:57.925Z,raw/kolkata/2026-09/posts.jsonl#L134
kolkata,t3_1w4dmba,2026-09-01T14:29:08.043Z,MercDroid,Ektu kotha batra.,Feeling a bit depressed and low today. Would love to converse with someone if you're ready too. Thanks for reading! Read more,,text,1,,33,https://www.reddit.com/r/kolkata/comments/1w4dmba/ektu_kotha_batra/,,,,,,,False,False,471926,0,26,2026-09-02T16:51:38.037Z,raw/kolkata/2026-09/posts.jsonl#L208
kolkata,t3_1w4dmog,2026-09-01T14:29:33.250Z,wt_kevin,Anyone up for chat while I commute from work to home,Ei just auto te uthlam bcz I missed the bus for my stupid mistake I made today anyways while I commute anyone wanna gossip about office or college life,,text,0,,7,https://www.reddit.com/r/kolkata/comments/1w4dmog/anyone_up_for_chat_while_i_commute_from_work_to/,,,,,,,False,False,471926,0,26,2026-09-02T16:51:07.387Z,raw/kolkata/2026-09/posts.jsonl#L148
kolkata,t3_1w4dpta,2026-09-01T14:32:50.267Z,Misa_22,Garbage collection & maintenance,"Apologies if this has been asked already. My house is somewhere between Behala and Tollygunge, in front of our house there was a pond, that dried out and it became a field. Currently people just dump garbage there who live on the edges of that. It is a really horrible situation and I am worried about my parents who live in front of it but don’t share edges. So much disease can spread through that. Where do I file a complaint? I checked an e form on KMC website, is that how to go ahead with it? Has anyone done it before and seen any result? In the morning around 4am -10am in the main road that leads to our para, there is a wholesale vegetable market. Some people bring vegetables in vans, and dump them on that field as well. How do we inform the authority regarding that? will they take action to prevent the garbage piling up, once cleaned? Now that the land is public property and no one really owns it, whose responsibility is to maintain it?",,text,0,,0,https://www.reddit.com/r/kolkata/comments/1w4dpta/garbage_collection_maintenance/,,,,,,,False,False,471926,0,26,2026-09-02T16:51:15.167Z,raw/kolkata/2026-09/posts.jsonl#L172
kolkata,t3_1w4dzfx,2026-09-01T14:42:51.778Z,SecretTadpole9781,is there any violin player near dhakuria :((,i really want to duet with someoneee. preferably female and around my age someone i can be comfortable around (im 18) . i mean age and gender aren't really a problem but as an 18 year old girl it's unsafe if i randomly bring a 40 year old man inside my house to duet with (you understand right...) i really like this song final duet omori and id really wish to learn it alongside a violin player. actually ykw age gender dont matter if you play hmu,,text,2,,8,https://www.reddit.com/r/kolkata/comments/1w4dzfx/is_there_any_violin_player_near_dhakuria/,,,,,,,False,False,471926,0,0,2026-09-02T16:51:26.246Z,raw/kolkata/2026-09/posts.jsonl#L191
kolkata,t3_1w4e2bw,2026-09-01T14:45:46.412Z,minchocky,Second hand camera recommendation,"I’m looking to buy a portable camera on a tight budget, preferably under ₹10,000. I don’t need any professional settings or configurations to tinker with, just something beginner-friendly and easy to use. The image quality doesn’t have to be exceptional either, since I mainly want it for casual photos and that nostalgic, old-camera feel. Any online or irl stores I can check out?",,text,0,,0,https://www.reddit.com/r/kolkata/comments/1w4e2bw/second_hand_camera_recommendation/,,,,,,,False,False,471926,0,26,2026-09-02T16:51:16.159Z,raw/kolkata/2026-09/posts.jsonl#L175
kolkata,t3_1w4ecc8,2026-09-01T14:55:55.708Z,Possible-General4396,How do you like Shiuli ?,"Those who have gotten the beta access, give a short review about it Read more",,text,0,,3,https://www.reddit.com/r/kolkata/comments/1w4ecc8/how_do_you_like_shiuli/,,,,,,,False,False,471926,0,24,2026-09-02T16:51:14.943Z,raw/kolkata/2026-09/posts.jsonl#L171
kolkata,t3_1w4efii,2026-09-01T14:59:06.307Z,Narkelnaru,SALTLAKE,"Bhai Saltlake e ki kono Pranab Kanya Sangha Ashram ache? Pranab Kanya Sangha ekta ashram type hostel,Kew janle please janaben r address ta dile khub bhlo hoy,Google e khujpm paini Read more",,text,0,,0,https://www.reddit.com/r/kolkata/comments/1w4efii/saltlake/,,,,,,,False,False,471926,0,25,2026-09-02T16:51:26.141Z,raw/kolkata/2026-09/posts.jsonl#L190
kolkata,t3_1w4es87,2026-09-01T15:11:21.200Z,InternationalHat3621,Hey OP just deleted all social media!,Only just reddit and telegram are remaining! Should I delete them too !? And if you guys are wandering why the hell I did that ? Honestly I don't know 🙂‍↕️ Read more,,text,0,,36,https://www.reddit.com/r/kolkata/comments/1w4es87/hey_op_just_deleted_all_social_media/,,,,,,,False,False,471926,0,26,2026-09-02T16:52:26.627Z,raw/kolkata/2026-09/posts.jsonl#L239
kolkata,t3_1w4f8hp,2026-09-01T15:27:10.702Z,wasfi_irfan,Can someone recommend some book clubs that i can join,"I just live books like i just spend my day reading books .I want to join book clubs,groups,and discord so that i can share my thoughts and discuss what I read and take suggestions from others.",,text,2,,6,https://www.reddit.com/r/kolkata/comments/1w4f8hp/can_someone_recommend_some_book_clubs_that_i_can/,,,,,,,False,False,471926,0,26,2026-09-02T16:51:14.713Z,raw/kolkata/2026-09/posts.jsonl#L170
kolkata,t3_1w4fgfb,2026-09-01T15:34:55.815Z,YakPowerful3671,"Last Saturday,I watched Maya,Satya,Bhram and it was awesome but why didn't the 3 big bangla reviewers review it?","The atmosphere,the cinematography,The spiritual philosophy,Sob kichu puro chumu...Director Shamik has shined again after his debut with 'Beline' and Sanath Chattopadhyay,who plays 'Trilok baba' really stands out in his debut...If this kind of experimental movie had happened in malaylam,tamil or telugu,it would have been a sensation and would have earned 20-30crores but bengali movies for many reasons ain't that fortunate...So I would recommend you go watch this in theatre and you won't be disappointed...Ei cinemar paashe darale,paa betha korbe na...Besides,it made me sad that for whatever reason,our 3 wise reviewers didn't review although they will review every South or Hindi film no matter how good or trash it is...With this rant,I bid adieu...Ashbo arek din,aaj jaay...",,image,22,,12,https://www.reddit.com/r/kolkata/comments/1w4fgfb/last_saturdayi_watched_mayasatyabhram_and_it_was/,,,,,,,False,False,471926,0,26,2026-09-02T16:53:34.058Z,raw/kolkata/2026-09/posts.jsonl#L243
kolkata,t3_1w4fpoy,2026-09-01T15:44:24.423Z,Beautiful-Object-467,I am a huge horror movie fan and it's an Insidious movie on top of that . Should I watch it ? Is it worth my money? Guys please tell .,,,image,1,,3,https://www.reddit.com/r/kolkata/comments/1w4fpoy/i_am_a_huge_horror_movie_fan_and_its_an_insidious/,,,,,,,False,False,471926,0,25,2026-09-02T16:51:22.956Z,raw/kolkata/2026-09/posts.jsonl#L183
kolkata,t3_1w4fxk2,2026-09-01T15:52:02.510Z,Jazzlike-Lie-7433,Anyone know dress designers and tailors?,"Hello people, I am looking for custom dress designers and tailors. Have you guys worked with anyone such or happen to know someone who might be able to help me out? Read more",,text,0,,8,https://www.reddit.com/r/kolkata/comments/1w4fxk2/anyone_know_dress_designers_and_tailors/,,,,,,,False,False,471926,0,26,2026-09-02T16:51:11.938Z,raw/kolkata/2026-09/posts.jsonl#L159
kolkata,t3_1w4fy20,2026-09-01T15:52:33.043Z,summersong9326,Trustworthy hair salon?,"Hi guys. I am a foreigner, new in Kolkata, and looking for a trustworthy, reliable, and reasonably-priced hair salon. I recently got a haircut from someplace I found online which I can only describe as puzzling. I have curly/frizzy hair and am looking for someone who knows how to handle it & who will listen to what I request (and actually tell me if they can't do it/advise something else). Ideally in the central Kolkata area. I am willing to pay a little extra if they're really good but I'm not in the market for high luxury. Please help me. I live in fear and I want to learn to trust again. Thank you! Read more",,text,0,,12,https://www.reddit.com/r/kolkata/comments/1w4fy20/trustworthy_hair_salon/,,,,,,,False,False,471926,0,26,2026-09-02T16:51:18.476Z,raw/kolkata/2026-09/posts.jsonl#L178
kolkata,t3_1w4gj51,2026-09-01T16:12:53.537Z,CaptainJack555,Ma er phone hariye gayche Yatri Sathi theke - Need Help,"Amar ma er phone hariye gayche aaj. Cab ta book kora hoyechilo Yatri Sathi theke. Cab driver k onekbar call kora hoyeche uni shikar e korchen nah. JD korechi, thana thekeu call kora hoyeche, but uni onek bahana dekhiye kichutei thana te elona. Amar ma er phone tao akhon switch off kore diyeche. We did everything from our end. Eitao bolechi apni ashun apnake 2k debo, phone ta diye jan, kintu uni kichutei shikar korchen nah akhon shobar number block kore rekhe diyeche. Driver er nam Sowmen Paik, Driver mobile number - 8981234947, Car number - WB96F1566 .Please bolun toh ki bhabe phone ta pawa jai? Police kono kaj ei elona. Jodi karor kono upay jana thake. Please help!",,text,3,,9,https://www.reddit.com/r/kolkata/comments/1w4gj51/ma_er_phone_hariye_gayche_yatri_sathi_theke_need/,,,,,,,False,False,471926,0,26,2026-09-02T16:51:35.451Z,raw/kolkata/2026-09/posts.jsonl#L205
kolkata,t3_1w4gnlq,2026-09-01T16:17:02.329Z,gandphatgayiii,Sostay engineering drawing kit kothay pabo for 1st sem.,title,,text,0,,2,https://www.reddit.com/r/kolkata/comments/1w4gnlq/sostay_engineering_drawing_kit_kothay_pabo_for/,,,,,,,False,False,471926,0,6,2026-09-02T16:51:11.599Z,raw/kolkata/2026-09/posts.jsonl#L154
kolkata,t3_1w4gu2y,2026-09-01T16:23:10.233Z,Independent_Laugh561,Yea dukh khaye nahi khatam hota yar😔,This song will cure me as well as give me the memories of the sadness I have ever known... Read more,,image,4,,4,https://www.reddit.com/r/kolkata/comments/1w4gu2y/yea_dukh_khaye_nahi_khatam_hota_yar/,,,,,,,False,False,471926,0,26,2026-09-02T16:51:06.293Z,raw/kolkata/2026-09/posts.jsonl#L140
kolkata,t3_1w4h6kp,2026-09-01T16:35:13.379Z,ExpertDry7788,So called friends made my life a hell,Its very painful definitely not easy i lost all my loved ones in suicide my dad and mom had divorced and when i was in class 11 he committed suicide after that the uncle i loved the most who always supported me commited suicide last year my Labrador passed away my grandfather passed i do love my mom but day by day i lost all my loved ones i dont have any friends now as i recognised their true face and their habit of taking shit behind everyones back i couldn’t fit in with them i dont fit in this world full of people who does shits have double faced characters even mostly are jealous of me because i own things they desire but they never saw i didn’t beg for things or fight at home i always fulfill my dreams on my own be it iphone or my riding gears or any sort of things still in their bad times i helped them always even once a group of friends framed me when i planned for doing mba abroad they put fake allegations of chain theft they kinda kidnapped me took my bike my phone which was recovered by police later that day i committed suicide but i didn’t die and till now thats a burden with hand-full of marks that shows i am a coward people think i may have sliced for my gf or any such thing i cannot tell what battles i am fighting now i am living paying loans that those people took from account and never paid me a penny back Read more,,text,2,,4,https://www.reddit.com/r/kolkata/comments/1w4h6kp/so_called_friends_made_my_life_a_hell/,,,,,,,False,False,471926,0,25,2026-09-02T16:51:10.699Z,raw/kolkata/2026-09/posts.jsonl#L152
kolkata,t3_1w4h9xd,2026-09-01T16:38:21.936Z,Jubo_Bangla_Samiti,A local civic issue in Rishra was raised—and the situation actually improved. Sharing this as a case study.,"I wanted to share something that happened in Rishra, Hooghly . Residents were facing problems with illegal dumping, accumulated drain sludge, and irregular garbage collection in parts of the locality. Our local team documented the situation and submitted a written complaint to the municipality regarding the dumping and sanitation issues. The before-and-after photos show what happened afterward: 🗑️ Garbage accumulation was cleared from one location. 🧹 Drainage sludge that had been left beside the road was eventually removed. 🚧 Some problematic areas were cleaned following complaints. However, the bigger question remains: Why does it often take a formal complaint for basic sanitation work to happen? And how can municipalities make garbage collection and drain cleaning more consistent so that residents don't have to repeatedly complain? We're sharing this not simply as a ""success post"", but to ask people from Rishra, Serampore and Hooghly : What are the biggest civic problems in your locality right now? If you've faced something similar, share the location/problem below. Let's document the issues and discuss practical solutions.",,image,20,,0,https://www.reddit.com/r/kolkata/comments/1w4h9xd/a_local_civic_issue_in_rishra_was_raisedand_the/,,,,,,,False,False,471926,0,26,2026-09-02T16:50:34.367Z,raw/kolkata/2026-09/posts.jsonl#L114
kolkata,t3_1w4hcrm,2026-09-01T16:41:00.565Z,Siya_Roy_2000,A heavenly platter❤️,"I am a corporate girlie from Kolkata living in Delhi. Growing up all i ate was posto, katla macher kaliya, mutton kosha, chingrir malaikari and what not. But all I now eat is butter chicken, chole bhature, matar paneer (I am not complaining tho). This is the platter that I MISS THE MOST. Everytime I go home i look forward to that one day when my mom cooks all this and I devoure it with absolute pleasure ❤️",,image,170,,13,https://www.reddit.com/r/kolkata/comments/1w4hcrm/a_heavenly_platter/,,,,,,,False,False,471926,0,26,2026-09-02T16:50:00.160Z,raw/kolkata/2026-09/posts.jsonl#L66
kolkata,t3_1w4hhj8,2026-09-01T16:45:38.516Z,Fluffy_soul20,মাইয়া রে মাইয়া রে তুই অপরাধী রে,,,image,96,,38,https://www.reddit.com/r/kolkata/comments/1w4hhj8/%E0%A6%AE%E0%A6%87%E0%A6%AF_%E0%A6%B0_%E0%A6%AE%E0%A6%87%E0%A6%AF_%E0%A6%B0_%E0%A6%A4%E0%A6%87_%E0%A6%85%E0%A6%AA%E0%A6%B0%E0%A6%A7_%E0%A6%B0/,,,,,,,False,False,471926,0,26,2026-09-02T16:49:52.491Z,raw/kolkata/2026-09/posts.jsonl#L51
kolkata,t3_1w4hnqe,2026-09-01T16:51:28.828Z,Fluffy_soul20,।।ভয় পাচ্ছি উৎসবটাই মাটি হয়ে যাওয়ার।।,"খুব বাজে একটা আভাস পাচ্ছি।। হাসি,মজা,মিম সব দেখছি দূর্গাপূজা নিয়ে।।এসবের মাঝে ও সিক্সথ সেন্স অন্য কথা বলছে।।এতদিন একরকম দেখে এলাম,এবার সবকিছু অন্যরকম লাগছে।। মনে হচ্ছে নতুন ক্ষমতায় আসা দল আর তার চ্যালাচামুন্ডাদের হাতে নিজের আত্মা,নিজের বিবেক বিলিয়ে দিতে হবেনা তো??আমি চারদিন নিরামিষ খাওয়া নিয়েও ভয় পাচ্ছিনা,সাবেকিয়ানা পূজোর ভয় ও পাচ্ছিনা।।ভয় পাচ্ছি উৎসবটাই মাটি হয়ে যাওয়ার।। ধরুন এই ছবির মূর্তির মতো কোনো মূর্তির সামনে গিয়ে একদল ছেলেপুলে লাঠিসোঁটা নিয়ে বসে গেলো ""মানুষের মতো দেখতে দূর্গা প্রতিমা পূজো কেনো হবে?"" ধরুন কোনো প্যান্ডেলের সামনে সাংস্কৃতিক অনুষ্ঠান চলছে,সেখানে কেউ ""ও গ্ৰামের নওজোয়ান,হিন্দু মুসলমান"" গানে নাচছে,,একদল ছেলেপুলে গিয়ে অনুষ্ঠান বন্ধ করে দিলো।। বা ধরুন এতদিনের ট্র্যাডিশন মেনে বামপন্থীরা বুকস্টল দিলো,সেটা গিয়ে ভেঙে দিলো।। বা কোনো এক দাড়িওয়ালা আইসক্রিম দোকানদারকে ধাক্কাধুক্কি মেরে প্যান্ডেলের সামনে থেকে উঠিয়ে দিলো।। তখন কী হবে??কে আটকাবে??পূজোর জৌলুস কোথায় যাবে?? এতকিছুর ভয় মাথায় নিয়ে দূর্গাপূজা কখনো আসেনি।। আমি এখনো মনে করি পরিবর্তন দরকার ছিলো,সেটা শিক্ষা, স্বাস্থ্য,চাকরি ক্ষেত্রে।। আমরা নিজেদের সংস্কৃতির পরিবর্তন চাইনি, নিজেদের খাদ্যাভাসের পরিবর্তন চাইনি,নিজেদের মা কে পূজো করার জন্য ফতোয়া চাইনি।।। Read more",,image,436,,121,https://www.reddit.com/r/kolkata/comments/1w4hnqe/%E0%A6%AD%E0%A6%AF_%E0%A6%AA%E0%A6%9A%E0%A6%9B_%E0%A6%89%E0%A7%8E%E0%A6%B8%E0%A6%AC%E0%A6%9F%E0%A6%87_%E0%A6%AE%E0%A6%9F_%E0%A6%B9%E0%A6%AF_%E0%A6%AF%E0%A6%93%E0%A6%AF%E0%A6%B0/,,,,,,,False,False,471926,0,26,2026-09-02T16:50:11.297Z,raw/kolkata/2026-09/posts.jsonl#L79
kolkata,t3_1w4ht91,2026-09-01T16:56:39.426Z,Xenon-Acer3,Eta ki chilo,,,video,44,,13,https://www.reddit.com/r/kolkata/comments/1w4ht91/eta_ki_chilo/,,,,,,,False,False,471926,0,26,2026-09-02T16:50:16.638Z,raw/kolkata/2026-09/posts.jsonl#L86
kolkata,t3_1w4hucu,2026-09-01T16:57:46.672Z,hoehoearvhoe,Looking for a flat or room in kalyani,"Hey guys, I have been having issues with my landlord and tbh I'm kind of done with them. My college is in kalyani, so I'm looking for a flat or room for female. Currently I live in kalyani and want a decent place in or around places of kalyani If anyone has any info about anything lemme know This goes out to all flat renters and owners in or around kalyani Chao peeps!",,text,0,,4,https://www.reddit.com/r/kolkata/comments/1w4hucu/looking_for_a_flat_or_room_in_kalyani/,,,,,,,False,False,471926,0,26,2026-09-02T16:51:08.632Z,raw/kolkata/2026-09/posts.jsonl#L151
kolkata,t3_1w4i6cl,2026-09-01T17:09:04.146Z,gaineager-6767,Should Goenka College Be Upgraded to an Institute of National Importance (INI)?,"I've been thinking about the future of Goenka College of Commerce & Business Administration, Kolkata, and I wanted to hear what others think. Goenka has been around since 1905 and is one of the country's long-standing institutions dedicated specifically to Commerce and Business Administration. Bengal Engineering College eventually became IIEST Shibpur after being upgraded as an Institute of National Importance in 2014. If engineering education in West Bengal could receive national-level institutional recognition, couldn't a historic Commerce institution like Goenka at least be considered for a similar transformation? I'm not saying Goenka automatically qualifies for INI status. Such a decision would obviously require evaluation of research, infrastructure, faculty, academic output, governance, national relevance, etc., and ultimately an appropriate legal framework. But I think it's a conversation worth having: Could India have its first major Institute of National Importance dedicated primarily to Commerce and Business? Interested to hear opinions, especially from Goenka students/alumni, academics and people familiar with how INI status actually works.",,image,0,,14,https://www.reddit.com/r/kolkata/comments/1w4i6cl/should_goenka_college_be_upgraded_to_an_institute/,,,,,,,False,False,471926,0,23,2026-09-02T16:51:47.057Z,raw/kolkata/2026-09/posts.jsonl#L212
kolkata,t3_1w4ight,2026-09-01T17:18:35.260Z,Queasy_Wait_1650,Explore,"Anything that I can explore in siliguri? Book stores, stationery???",,text,0,,3,https://www.reddit.com/r/kolkata/comments/1w4ight/explore/,,,,,,,False,False,471926,0,26,2026-09-02T16:51:26.517Z,raw/kolkata/2026-09/posts.jsonl#L194
kolkata,t3_1w4ira2,2026-09-01T17:29:04.097Z,Constant_Analyst_157,Looking for a Persian Cat or Small-Breed Cat 🐱,"I’m looking for a Persian cat or any small-sized cat breed. If anyone has one available for adoption or knows someone who does, please DM me. Thank you! Read more",,text,1,,0,https://www.reddit.com/r/kolkata/comments/1w4ira2/looking_for_a_persian_cat_or_smallbreed_cat/,,,,,,,False,False,471926,0,26,2026-09-02T16:51:06.257Z,raw/kolkata/2026-09/posts.jsonl#L139
kolkata,t3_1w4ivli,2026-09-01T17:33:03.213Z,NeckMany5372,Aiims kalyani college life,"I gotta make a choice btw aiims kalyani and Calicut med college I do wanna have a fun and vibe college life well better infrastructure and hostel facilities too Am really confused Abt the part making a choice btw these two , any ongoing med students or graduates in aiimsk ?",,text,1,,0,https://www.reddit.com/r/kolkata/comments/1w4ivli/aiims_kalyani_college_life/,,,,,,,False,False,471926,0,26,2026-09-02T16:51:11.665Z,raw/kolkata/2026-09/posts.jsonl#L156
kolkata,t3_1w4izl6,2026-09-01T17:36:49.895Z,natatouille_92,Moonsoon Date Ideas? Help,So I'm going out on dates with my boyfriend but the weather isn't in our favor. Could y'all please suggest me indoor spots I could spend hours at. NO CAFE. Could be museums or anything similar. Read more,,text,3,,40,https://www.reddit.com/r/kolkata/comments/1w4izl6/moonsoon_date_ideas_help/,,,,,,,False,False,471926,0,25,2026-09-02T16:51:11.939Z,raw/kolkata/2026-09/posts.jsonl#L160
kolkata,t3_1w4j1qn,2026-09-01T17:38:58.081Z,No-Yoghurt-3377,Drama clubs enquiry,Any drama clubs in kolkata I can take part in? to learn drama to practice just out of passion. Any leads? Read more,,text,1,,3,https://www.reddit.com/r/kolkata/comments/1w4j1qn/drama_clubs_enquiry/,,,,,,,False,False,471926,0,26,2026-09-02T16:51:15.456Z,raw/kolkata/2026-09/posts.jsonl#L174
kolkata,t3_1w4j9e0,2026-09-01T17:46:15.592Z,Mytolyt,I´ve heard you are into cameras?,"Hey! I’m based in Berlin Germany and will be in Kolkata soon. I´ll be gifting a friend a camera and I’m thinking about bringing a few used/vintage film cameras or lenses along, but I don’t want to bring stuff that just sits around. For those of you who actually shoot film or collect cameras: What cameras/lenses are hard to find or particularly wanted in Kolkata right now? Thinking along the lines of Olympus, Yashica, Minolta, Nikon, Canon, Contax/Zeiss etc. Also curious what you’d consider a fair price for a properly tested one. Not a sales post — just trying to figure out what people actually want before I buy anything in Berlin. Thanks everyone! Read more",,text,1,,7,https://www.reddit.com/r/kolkata/comments/1w4j9e0/ive_heard_you_are_into_cameras/,,,,,,,False,False,471926,0,26,2026-09-02T16:51:26.619Z,raw/kolkata/2026-09/posts.jsonl#L196
kolkata,t3_1w4jkx1,2026-09-01T17:57:02.358Z,Ok_Bluebird2143,ANNAPURNA BHANDAR !!!!,guys mere mummy ka annapurna bhandar form aisa show ho rha hai kaya kare,,image,0,,7,https://www.reddit.com/r/kolkata/comments/1w4jkx1/annapurna_bhandar/,,,,,,,False,False,471926,0,26,2026-09-02T16:51:52.711Z,raw/kolkata/2026-09/posts.jsonl#L222
kolkata,t3_1w4jl3a,2026-09-01T17:57:12.094Z,jibonto_laas,কনকনে ঠান্ডা আইসক্রিম + গরম গরম কুকি,উল্টো ছবির জন্য সরি। আইডিয়া পেলাম অন্য একটা সাব থেকে। সেখানে ক্যাফে তে বানানো ভার্সন ছিলো। বেটার দেখতে। কিন্তু আদপে এটাই। রেসিপি: কুকি নিয়ে মাখন মাখান সামান্য। মাইক্রোওয়েভ এ ৩০ সেকেন্ড থেকে ১ মিনিট মতো গরম করে নিন। ঠান্ডা আইস ক্রিম এর উপর রেখে খান। সুগার এর সমস্যা থাকলে অসুবিধা নেই। সুগার ফ্রি কিংবা অল্প সুগার ভার্সন পাওয়া যাএ। মার্জারিন ইউজ করতে পারেন।,,image,7,,10,https://www.reddit.com/r/kolkata/comments/1w4jl3a/%E0%A6%95%E0%A6%A8%E0%A6%95%E0%A6%A8_%E0%A6%A0%E0%A6%A8%E0%A6%A1_%E0%A6%86%E0%A6%87%E0%A6%B8%E0%A6%95%E0%A6%B0%E0%A6%AE_%E0%A6%97%E0%A6%B0%E0%A6%AE_%E0%A6%97%E0%A6%B0%E0%A6%AE_%E0%A6%95%E0%A6%95/,,,,,,,False,False,471926,0,26,2026-09-02T16:51:11.604Z,raw/kolkata/2026-09/posts.jsonl#L155
kolkata,t3_1w4k4gy,2026-09-01T18:15:37.172Z,ReceptionQuiet1748,Any St Xavier's College Kolkata Students?,"Hey there. I'm trying to connect with students of St Xavier's College Kolkata, I had a few queries. Read more",,text,1,,1,https://www.reddit.com/r/kolkata/comments/1w4k4gy/any_st_xaviers_college_kolkata_students/,,,,,,,False,False,471926,0,26,2026-09-02T16:51:18.980Z,raw/kolkata/2026-09/posts.jsonl#L179
kolkata,t3_1w4kdb5,2026-09-01T18:23:51.646Z,Any_Bad_3104,Does loreto college have any exposure ...tbh I am finding this college very dull and the students are also so weird idk,I dont see much scope in my growth or any exposure from this college all they care about it discipline in college godd i find this college so dull .... Read more,,text,2,,0,https://www.reddit.com/r/kolkata/comments/1w4kdb5/does_loreto_college_have_any_exposure_tbh_i_am/,,,,,,,False,False,471926,0,26,2026-09-02T16:51:11.693Z,raw/kolkata/2026-09/posts.jsonl#L157
kolkata,t3_1w4kfxr,2026-09-01T18:26:21.058Z,Any_Bad_3104,Is there any student clubs in kolkata for fun activities or building projects anythings of such kind,To learn skills and connect Read more,,text,2,,0,https://www.reddit.com/r/kolkata/comments/1w4kfxr/is_there_any_student_clubs_in_kolkata_for_fun/,,,,,,,False,False,471926,0,26,2026-09-02T16:51:06.512Z,raw/kolkata/2026-09/posts.jsonl#L142
kolkata,t3_1w4kida,2026-09-01T18:28:41.007Z,Tough-Friendship-397,Photography at kumartolli before pujo,"Anyone who has visited kumartolli recently for photowalks? whats the update on the scenario there? dslr photography requires any fees or something? planning to visit soon before pujo to try out both phone as well as dslr photography, keu giye thakle please bolo kirom ki hochhe, insta te reels e dekhlam chobi tolar jonno koto 300 ki 100 rs nichhe, is that legit? Read more",,text,1,,13,https://www.reddit.com/r/kolkata/comments/1w4kida/photography_at_kumartolli_before_pujo/,,,,,,,False,False,471926,0,25,2026-09-02T16:52:26.350Z,raw/kolkata/2026-09/posts.jsonl#L238
kolkata,t3_1w4kjtq,2026-09-01T18:30:05.536Z,the_life_unused,Eta ki holo? Eta ki sotti?,,,image,197,,47,https://www.reddit.com/r/kolkata/comments/1w4kjtq/eta_ki_holo_eta_ki_sotti/,,,,,,,False,False,471926,0,26,2026-09-02T16:50:27.096Z,raw/kolkata/2026-09/posts.jsonl#L110
kolkata,t3_1w4kkyb,2026-09-01T18:31:06.291Z,Im-From-Village-Area,Jangiya Choice,"Trust me, I had a fight with my brother today regarding which is a more manly underwear brand for men. Is it Calvin Klein or Jockey. 😭",,text,0,,28,https://www.reddit.com/r/kolkata/comments/1w4kkyb/jangiya_choice/,,,,,,,False,False,471926,0,26,2026-09-02T16:51:34.972Z,raw/kolkata/2026-09/posts.jsonl#L201
kolkata,t3_1w4kqw8,2026-09-01T18:36:53.022Z,KramerDwight,"Bengali movie Maya Satya Bhram, by director of Beline. Do give this movie a chance if you can. We don't see such fresh unique work in Bangla cinema often & when it's done, it neither gets shows nor audience support. Honestly if Malayalam or South attempted this it would have been called masterpiece.","Surprisingly, many Bengali movie YouTubers haven't covered it as well sadly. Read more",,image,20,,4,https://www.reddit.com/r/kolkata/comments/1w4kqw8/bengali_movie_maya_satya_bhram_by_director_of/,,,,,,,False,False,471926,0,26,2026-09-02T16:50:19.067Z,raw/kolkata/2026-09/posts.jsonl#L97
kolkata,t3_1w4kuj2,2026-09-01T18:40:18.491Z,Ninca-,Rave west bengal,"Hello, I saw videos of village raves in West Bengal and I loved it. I would like to ask you if you know about some events like that in upcoming days or weeks. I am currently in Kolkata but I will be travelling through West Bengal and I would love to be part of it. Thanks",,text,0,,0,https://www.reddit.com/r/kolkata/comments/1w4kuj2/rave_west_bengal/,,,,,,,False,False,471926,0,26,2026-09-02T16:51:10.990Z,raw/kolkata/2026-09/posts.jsonl#L153
kolkata,t3_1w4l0my,2026-09-01T18:46:00.459Z,Swimming_Power5319,Anyone from beleghata ??,Please let me know Read more,,text,0,,0,https://www.reddit.com/r/kolkata/comments/1w4l0my/anyone_from_beleghata/,,,,,,,False,False,471926,0,26,2026-09-02T16:51:26.364Z,raw/kolkata/2026-09/posts.jsonl#L192
kolkata,t3_1w4l2vq,2026-09-01T18:48:11.401Z,the1ek8,"made a song, let me know what you think 😢🙏🙏🙏🙏",,,video,17,,25,https://www.reddit.com/r/kolkata/comments/1w4l2vq/made_a_song_let_me_know_what_you_think/,,,,,,,False,False,471926,0,26,2026-09-02T16:50:14.409Z,raw/kolkata/2026-09/posts.jsonl#L84
kolkata,t3_1w4lmmv,2026-09-01T19:05:41.890Z,the-one-who_laughs,Hygienic and reasonably priced tattoo parlor,"So I've been looking to get a tattoo done in Kolkata. I don't live in Kolkata right now, but I wanna get my first tattoo when I get back (won't be back for too long so I don't wanna waste my time looking for and enquiring into tattoo parlors). Please suggest some hygienic and reasonably priced tattoo parlors. Also, if I get one on the forearm, will it be painful? Read more",,text,1,,5,https://www.reddit.com/r/kolkata/comments/1w4lmmv/hygienic_and_reasonably_priced_tattoo_parlor/,,,,,,,False,False,471926,0,26,2026-09-02T16:51:14.311Z,raw/kolkata/2026-09/posts.jsonl#L168
kolkata,t3_1w4lqoz,2026-09-01T19:09:08.444Z,Fluffy_soul20,"এখনও আতঙ্কে আছি, ভাবছি রূপম দা এইটা দেখার পর কি ভাবে আছেন!",,,video,87,,33,https://www.reddit.com/r/kolkata/comments/1w4lqoz/%E0%A6%8F%E0%A6%96%E0%A6%A8%E0%A6%93_%E0%A6%86%E0%A6%A4%E0%A6%99%E0%A6%95_%E0%A6%86%E0%A6%9B_%E0%A6%AD%E0%A6%AC%E0%A6%9B_%E0%A6%B0%E0%A6%AA%E0%A6%AE_%E0%A6%A6_%E0%A6%8F%E0%A6%87%E0%A6%9F_%E0%A6%A6%E0%A6%96%E0%A6%B0_%E0%A6%AA%E0%A6%B0_%E0%A6%95_%E0%A6%AD%E0%A6%AC_%E0%A6%86%E0%A6%9B%E0%A6%A8/,,,,,,,False,False,471926,0,26,2026-09-02T16:49:51.877Z,raw/kolkata/2026-09/posts.jsonl#L43
kolkata,t3_1w4lw7x,2026-09-01T19:13:34.136Z,DwaiG91,"An old YouTube video, but still relevant today for corporate folks",,,video,240,,15,https://www.reddit.com/r/kolkata/comments/1w4lw7x/an_old_youtube_video_but_still_relevant_today_for/,,,,,,,False,False,471926,0,25,2026-09-02T16:49:36.556Z,raw/kolkata/2026-09/posts.jsonl#L32
kolkata,t3_1w4m0if,2026-09-01T19:17:01.073Z,Harddik_69,Options,I'm a bit confused on what type of printer should I go for my office printing ? Is it laser or inktank printer ? I sometimes need color copies of documents .,,text,1,,2,https://www.reddit.com/r/kolkata/comments/1w4m0if/options/,,,,,,,False,False,471926,0,0,2026-09-02T16:51:22.955Z,raw/kolkata/2026-09/posts.jsonl#L182
kolkata,t3_1w4mcer,2026-09-01T19:26:40.527Z,aloo_premi,Where's my Dr Toku,Looking for the kind Dr Toku irl 😔,,text,0,,15,https://www.reddit.com/r/kolkata/comments/1w4mcer/wheres_my_dr_toku/,,,,,,,False,False,471926,0,26,2026-09-02T16:51:18.081Z,raw/kolkata/2026-09/posts.jsonl#L177
kolkata,t3_1w4mcy1,2026-09-01T19:27:06.628Z,iblamehazel,"small crochet business , handmade scarfs at just ₹449 with a 5% discount on your first purchase 🫶 please do support.","hey everyone, my mom has started a crochet business where she is selling these handmade scarfs, we will accept custom orders too, since we are just starting that's why I'm posting this here cuz we are shipping only within kolkatar for now 🫶 if you like crochet stuffs and any of these scarfs , feel free to DM us at @_.dhaaga_ on instagram or email us on dhaaga83@gmail.com to place an order or for work related queries.",,image,3,,0,https://www.reddit.com/r/kolkata/comments/1w4mcy1/small_crochet_business_handmade_scarfs_at_just/,,,,,,,False,False,471926,0,26,2026-09-02T16:50:47.935Z,raw/kolkata/2026-09/posts.jsonl#L124
kolkata,t3_1w4mnur,2026-09-01T19:36:18.839Z,tanu004_,Just made this ... rate it,I will add ribbon tomorrow... it's my 2nd work tho .... you can rate it out of 10 ... I'm trying to make better everytime 🤌 Read more,,image,58,,42,https://www.reddit.com/r/kolkata/comments/1w4mnur/just_made_this_rate_it/,,,,,,,False,False,471926,0,26,2026-09-02T16:50:10.092Z,raw/kolkata/2026-09/posts.jsonl#L72
kolkata,t3_1w4mrx3,2026-09-01T19:39:49.133Z,whom_you_know,Anyone got any discount or coupons on district or BOOKMY SHOW for movies? Urgent,Same as title Read more,,text,1,,0,https://www.reddit.com/r/kolkata/comments/1w4mrx3/anyone_got_any_discount_or_coupons_on_district_or/,,,,,,,False,False,471926,0,26,2026-09-02T16:50:40.618Z,raw/kolkata/2026-09/posts.jsonl#L120
kolkata,t3_1w4n51r,2026-09-01T19:50:54.286Z,curiosity_push,Booked my tickets for kolkata in October. Help me out - how to make the best - i have 3 days.,"I am gonna visit kolkata for the first time in October I want to know how i can make the best out of it. I don't wanna miss out on anything tbh food, places, experiences anything at all. I am really excited 😊 so help out this fellow.",,text,0,,2,https://www.reddit.com/r/kolkata/comments/1w4n51r/booked_my_tickets_for_kolkata_in_october_help_me/,,,,,,,False,False,471926,0,26,2026-09-02T16:51:14.666Z,raw/kolkata/2026-09/posts.jsonl#L169
kolkata,t3_1w4n8eh,2026-09-01T19:53:46.228Z,Express_Tailor_4503,Lightning ⚡ and rain ☔,Ghum venge galo vaii,,text,1,,3,https://www.reddit.com/r/kolkata/comments/1w4n8eh/lightning_and_rain/,,,,,,,False,False,471926,0,26,2026-09-02T16:51:02.708Z,raw/kolkata/2026-09/posts.jsonl#L138
kolkata,t3_1w4neon,2026-09-01T19:59:09.449Z,LordOcean8,This rain is annoying me so freaking much.,I hope it won't rain before 12pm on 3rd September. I'll die if it does. Read more,,text,9,,27,https://www.reddit.com/r/kolkata/comments/1w4neon/this_rain_is_annoying_me_so_freaking_much/,,,,,,,False,False,471926,0,25,2026-09-02T16:50:13.593Z,raw/kolkata/2026-09/posts.jsonl#L80
kolkata,t3_1w4nm0b,2026-09-01T20:05:06.033Z,itsbubblegumprincess,PG in Uniworld city Newtown,"🌸 Cozy PG for Women in UNIWORLD CITY, Newtown 🌸 Looking for a peaceful, safe, and well-connected space to call home? there is a beautiful, fully furnished room available in my home for students or working professionals who value comfort, cleanliness, and quiet. 🏠 You’ll Get: •⁠ ⁠Your own private room – one with an attached bathroom •⁠ ⁠Access to a shared drawing room and kitchen (equipped with a microwave) •⁠ ⁠Laundry, housekeeping, WiFi, electricity (inclusive) •⁠ ⁠Access to swimming pool, gym, and club facilities in our gated and safe society Rules: ❌ No partying ❌ No overnight guests ✅ Quiet, respectful atmosphere 💰 Rent: ₹20,000/month per room all-inclusive! 📍Located in UNIWORLD CITY, Newtown – green, clean, and well-connected (close to St Xavier's University and Kolkata airport) If you're looking for a homely, no-fuss space to stay where you can focus on your work or studies, this might just be perfect for you. 📩 DM for details or to schedule a visit! Read more",,text,2,,0,https://www.reddit.com/r/kolkata/comments/1w4nm0b/pg_in_uniworld_city_newtown/,,,,,,,False,False,471926,0,20,2026-09-02T16:50:48.190Z,raw/kolkata/2026-09/posts.jsonl#L125
kolkata,t3_1w4npz7,2026-09-01T20:08:28.305Z,yuvigotnochills,Kolkata thrifting,"kolkata folks drop some good thrift spots, primarily for alt/grunge/y2k accesories and jewellery",,text,3,,3,https://www.reddit.com/r/kolkata/comments/1w4npz7/kolkata_thrifting/,,,,,,,False,False,471926,0,26,2026-09-02T16:50:59.337Z,raw/kolkata/2026-09/posts.jsonl#L137
kolkata,t3_1w4nufw,2026-09-01T20:12:19.219Z,Hitzmer,Want some suggestions for some good eateries,"Me and my GF want to explore some good restaurants, cafes, etc. near the following areas- Mukundapur/Jadavpur Central/New Market We are non-vegetarians, and we don't drink.",,text,3,,9,https://www.reddit.com/r/kolkata/comments/1w4nufw/want_some_suggestions_for_some_good_eateries/,,,,,,,False,False,471926,0,26,2026-09-02T16:50:49.581Z,raw/kolkata/2026-09/posts.jsonl#L128
kolkata,t3_1w4nzu5,2026-09-01T20:16:54.358Z,June-Belle,Bus routes,"Probably a very stupid question but I'm not from here and I'm trying to cut costs at some places, which metro stations have the availability of buses outside them in the blue line like in proximity. At morning hours, im trying to find a route for my college Read more",,text,1,,8,https://www.reddit.com/r/kolkata/comments/1w4nzu5/bus_routes/,,,,,,,False,False,471926,0,26,2026-09-02T16:51:06.322Z,raw/kolkata/2026-09/posts.jsonl#L141
kolkata,t3_1w4ob2f,2026-09-01T20:26:31.759Z,BOHEMIAN_CATSODYYY,where can I find good guitar strings?,"So I am trying to put nylon strings on my 38in acoustic guitar, the nylon strings I found on amazon/flipkart does not look promising, a lot of mixed reviews. I was wondering if there's a promising music store that sells nylon strings (tie end/ ball end, whichever works) which would last long AND wont need re-tuning of the strings quite frequently. Any idea? Read more",,text,0,,1,https://www.reddit.com/r/kolkata/comments/1w4ob2f/where_can_i_find_good_guitar_strings/,,,,,,,False,False,471926,0,26,2026-09-02T16:51:12.339Z,raw/kolkata/2026-09/posts.jsonl#L164
kolkata,t3_1w4qop4,2026-09-01T21:39:56.175Z,StockPossible8522,Tried singing,,,video,3,,3,https://www.reddit.com/r/kolkata/comments/1w4qop4/tried_singing/,,,,,,,False,False,471926,0,26,2026-09-02T16:50:26.564Z,raw/kolkata/2026-09/posts.jsonl#L105
kolkata,t3_1w4qwhr,2026-09-01T21:48:03.232Z,Confident-Abies1505,My opinion on all the contestants of bigboss(as of now),"Laughter Sane: Seems like a chill guy, but he doesn’t voice his opinions enough. Nandini: Liked her during the premiere of Bigg Boss Bangla. She’s quite strong-headed, but she needs to get out of Bharat’s shadow. Srijla: I have no problem with her; it’s just that she acts quite superior to all the other women. Sayak: So annoying, bro. Literally came to Duniya and Jhillum just to create a fight. Sonamoni: She’s playing safe. Bharat: Bro is so narcissistic and thinks he’s on some king-level shit. Doesn’t know how to treat everyone respectfully. He’s so diplomatic that he wouldn’t even put the weakest people in jail. Durnibar: I have no problem with him. He seems like a fun guy, especially when he’s with his group, like Jhillum. Monami: So annoying, bro. Thinks she’s the bari bou in the house. Anindya: He forgot the fact that this is a reality TV show. Lowkey, I was shipping him and Srijla. Alexandra: Fun person, though. Joyita: So, so annoying. I hate her homophobic comment against Laughter Sane. Dipendu: Bro came to the wrong show. Tanushree: My favourite till now. Jhillum: Entertaining, but shobshomai ek jinish bhalo lage na. It was so irritating to hear that cringe-ass song playing every two seconds. Sohini: Spineless.",,image,0,,0,https://www.reddit.com/r/kolkata/comments/1w4qwhr/my_opinion_on_all_the_contestants_of_bigbossas_of/,,,,,,,False,False,471926,0,26,2026-09-02T16:51:34.748Z,raw/kolkata/2026-09/posts.jsonl#L200
kolkata,t3_1w4rj38,2026-09-01T22:10:49.536Z,Plane_Tell_58,কূদঘাট/টালিগঞ্জ এর আশেপাশে ভালো সিবিএসই স্কুলের খোঁজ চাই,"সবাইকে নমস্কার। একটু সাহায্য দরকার। আমার মেয়েকে নার্সারির দ্বিতীয় স্তরে/LKG তে ভর্তি করানোর জন্য কূদঘাট/টালিগঞ্জ এবং আশেপাশে ভালো কোনো সিবিএসই স্কুল খুঁজছি। এই মুহূর্তে ডিপিএস রুবি পার্ক এবং রুবি পার্ক পাবলিক স্কুল—এই দুটি স্কুলের কথা ভাবছি। দুটোরই বেশ ভালো সুনাম আছে বলে শুনেছি। তবে সমস্যা হচ্ছে, আমার বাড়ি থেকে দুটো স্কুলই বেশ দূরে। তাই জানতে চাইছিলাম, কূদঘাটের কাছাকাছি বা যাতায়াতের দিক থেকে সুবিধাজনক দূরত্বে আর কোনো ভালো সিবিএসই স্কুল আছে কি? বিশেষ করে যাঁদের সন্তান বর্তমানে কোনো স্কুলে পড়ছে, তাঁদের বাস্তব অভিজ্ঞতা জানতে চাই। যেমন— • ছোটদের জন্য স্কুলের পরিবেশ কেমন? • শিক্ষক-শিক্ষিকারা বাচ্চাদের প্রতি কতটা যত্নশীল? • পড়াশোনার চাপ কি খুব বেশি? • যাতায়াতের ব্যবস্থা কেমন? • সব মিলিয়ে আপনারা স্কুলটি নিয়ে কতটা সন্তুষ্ট? আর ডিপিএস রুবি পার্ক এবং রুবি পার্ক পাবলিক স্কুল সম্পর্কে কারও ব্যক্তিগত অভিজ্ঞতা থাকলে সেটাও জানাবেন। বিশেষ করে ভালো-মন্দ দুটো দিকই জানালে খুব উপকার হবে। স্কুলের প্রচার বা শুধু সুনামের থেকে অভিভাবকদের বাস্তব অভিজ্ঞতাই আমার কাছে বেশি গুরুত্বপূর্ণ। আগাম ধন্যবাদ সবাইকে। 🙏 Read more",,text,1,,0,https://www.reddit.com/r/kolkata/comments/1w4rj38/%E0%A6%95%E0%A6%A6%E0%A6%98%E0%A6%9F%E0%A6%9F%E0%A6%B2%E0%A6%97%E0%A6%9E%E0%A6%9C_%E0%A6%8F%E0%A6%B0_%E0%A6%86%E0%A6%B6%E0%A6%AA%E0%A6%B6_%E0%A6%AD%E0%A6%B2_%E0%A6%B8%E0%A6%AC%E0%A6%8F%E0%A6%B8%E0%A6%87_%E0%A6%B8%E0%A6%95%E0%A6%B2%E0%A6%B0_%E0%A6%96%E0%A6%9C_%E0%A6%9A%E0%A6%87/,,,,,,,False,False,471926,0,26,2026-09-02T16:50:55.248Z,raw/kolkata/2026-09/posts.jsonl#L133
kolkata,t3_1w4s1ey,2026-09-01T22:30:02.983Z,WheelStrange970,Suggestion for a decent tattoo parlour in Kolkata,"Hi there, I am from South Kolkata....can you people suggest some decent tattoo parlors located in South Kolkata? The tattoo parlour must have Proper hygiene A female tattoo artist If you are comfortable then please share the cost approximately. I have no idea about tattooing, so please guide me through. Thanks in advance.",,text,1,,12,https://www.reddit.com/r/kolkata/comments/1w4s1ey/suggestion_for_a_decent_tattoo_parlour_in_kolkata/,,,,,,,False,False,471926,0,26,2026-09-02T16:51:23.414Z,raw/kolkata/2026-09/posts.jsonl#L185
kolkata,t3_1w4slyt,2026-09-01T22:52:31.533Z,nemesis_rk_07,Why Me ?,"আমিই কেন? এই প্রশ্নটাই ঘুরপাক খাচ্ছে মাথার মধ্যে গত কয়েক ঘণ্টা ধরে। সালটা ২০২২, কোভিদ কাটিয়ে আমাদের ছোটো সংসার (আমি, মা আর বাবা) ভালোভাবেই চলে যাচ্ছিলো। বছরের শুরুর দিকে মা এর শরীর খারাপ হলো। শীতকালের ঠান্ডা লাগা ভেবে ডাক্তার দেখিয়ে ওষুধ চলছিলো। কিন্তু ২ মাস পরেও যখন কাশি আর নাক দিয়ে অনবরত জল পড়া কমলো না,অনেক বড় ডাক্তার দেখলাম। অনেক টেস্ট হলো, কিন্তু আসল রোগ ধরা পড়ল না। তারপর বাবা নিয়ে গেলো মা কে ভেলোরে। ওখানে ১ মাসের মধ্যে ডাক্তাররা দেখে টেস্ট করে জানালো lung cancer হতে পারে। বাবা ওখানে একা বলে কলকাতায় নিয়ে এসে চিকিৎসা শুরু হলো। ডাক্তার জানালো stage 4, ৬-৭ মাসের বেশি বাঁচবে না। সেই দিন তার কথা আমার এখনও মনে আছে - মা কে বলতে পারিনি। সরকারি চাকরির চেষ্টা করা এক নিম্ন মধ্যবিত্ত ছেলের কাছে এই খবর আকাশ ভেঙ্গে পড়ার সমান। মা বেঁচে ছিলো ১ বছর। সেই একটা বছরের প্রতিটা দিন আমার মনে আছে। রাত্রি বেলা ব্যথা তে মা এর চিৎকার করা, প্রতিদিন আমাকে বলা ভালো করে পড় বাবু চাকরি পেতেই হবে আমি থাকি না থাকি , বাবার খেয়াল রাখিস - প্রত্যেকটা কথা আমার কানে এখনও বাজে। মা চলে যাওয়ার এক বছর পর আমি সরকারি চাকরি পেয়েছিলাম। কিন্তু মা-ই তো ছিলো না। আজকে ২০২৬ সাল, আজকে জীবন আমাকে আবার সেই পরিস্থিতি তে এনে ফেলেছে। বাবার গত ২ মাস ধরে খুব শ্বাসকষ্ট। অনেক ডাক্তার দেখিয়ে, টেস্ট করে আজকে জানতে পারলাম থাইরয়েড ক্যান্সার যেটা হয়তো lungs অবধি ছড়িয়েছে। জানার পর কিভাবে বাড়ি এসেছি নিজেই জানিনা। মাথা টা অনবরত ঘোরাচ্ছে। বিশ্বাসই করতে পারছি না। মনে হচ্ছে একটা দুঃস্বপ্নের মধ্যে আছি, ঘুম ভেঙ্গে গেলে দেখবো সব ঠিক হয়ে গেছে। এতদিন আন্দাজ যে করতে পারিনি তা না, কিন্তু denial এ ছিলাম। ভাবছিলাম উপরওয়ালা কি এতটা নিষ্ঠুর হবে? আজকে সেটাই সত্যি হলো। শুক্রবার একটা পরীক্ষা করে জানা যাবে কোন স্টেজ আর কি টাইপ। মা এর শরীর খারাপ এর সময় টা আমাকে আগলে রেখেছিল একজন, ওর সাথে আমার বহুদিনের সম্পর্ক। মা কে আগুনের ভেতর ঢুকিয়েছিল যেদিন, ওর কাঁধে মাথা রেখে খুব কেঁদে ছিলাম। হয়তো ও ছিল বলেই ওই শোক টা কাটিয়ে উঠতে পেরেছিলাম। গতবছর আমার করা কয়েকটা ভুল এর জন্য ওর সাথে আজকে আমার প্রায় সম্পর্ক নেই বললেই চলে। অনেক বার বলেছি ওকে, নিজের ভুল বুঝতে পেরে ক্ষমাও চেয়েছিলাম। কিন্তু কিছু ভুলের হয়তো ক্ষমা হয়না। ছোটোবেলা থেকে বাবা আমাকে কোনোদিন অভাব বা কোনোকিছুর আঁচ টুকুও পেতে দেয়নি। আজকে বাবাকে এতটা ভেঙ্গে পড়তে দেখে নিজেকে সামলাতে পারছি না আমি। বারবার মনে হচ্ছে, আমিই কেন? কি এমন পাপ করেছিলাম আমি যে তার এত বড় শাস্তি পেতে হচ্ছে ? উত্তর পাইনি, হয়তো পাবোও না। উপরে যদি কেউ থাকে, তাকে এটুকুই বলবো- this is not fair। মা কে অনেক চেষ্টা করেও বাঁচাতে পারিনি, এই মারণ রোগ সময় বা সুযোগ - কোনোটাই দেয়না। আজকে জীবনের এরকম একটা পর্যায় আমি দাঁড়িয়ে যেখানে আমার কাছে একটা কাঁধ নেই যেখানে আমি মাথা রাখতে পারবো। আমার বাবা ওকে খুব ভালবাসতো, আমাকে সব কথা না বললেও ওকে সব কথা বলতো। আজকে ওই নেই আমার জীবনে। বাবা প্রতিদিন বলে, কিরে তোদের মধ্যে কি এমন হয়েছে যে ও আর ফোন ও করে না। আমি কিছু বলতে পারিনা। আমি সুইসাইডাল না, কিন্তু আজকে মনে হচ্ছে I can't go through this again। তারপর ভাবি বাবা নিজের সবকুটু দিয়ে আমাকে বড় করেছে, তাকে ছেড়ে চলে গেলে উপরে গিয়েও ক্ষমা হবে না আমার। সিলিং এর দিকে তাকিয়ে ছিলাম অনেকক্ষণ, ঘুম উড়ে গেছে অনেকদিন হয়েছে। আজকে থেকে হয়তো আরও আসবে না। আমি ওর প্রতি বড্ড বেশি ডিপেনডেন্ট হয়ে পড়েছিলাম, মা চলে যাওয়ার পর ওই আমাকে আগলে রেখেছিলো। আজকে আমি কার কাছে যাবো, কাকে বলব আমার কত টা কষ্ট হচ্ছে ? কি করে কেউ এতটা আনলাকি হতে পারে আমাকে দেখে শেখা উচিত। বরাবরের ইন্ট্রোভার্ট আমি, সবার সাথে কথা বলতেও পারিনা। এটাও হয়তো বলবো না। নিজেই লড়ে যাবো যতদিন পারবো, দেখি কে জেতে। উপরে যদি কেউ থাকে তাকেই বলছি - একটা মানুষ কত কষ্ট সহ্য করতে পারে? উত্তর পাইনি, পাবোও না। আজকে ছোটবেলায় বাবা মার সাথে হাত ধরে ঘুরতে যাওয়ার কথা গুলো খুব মনে পড়ছে। মা বাবার মধ্যে ঝগড়া হলে আমি দুজনের হাত ধরে একসাথে করে দিতাম। একটা হাত আমাকে ছেড়ে চলে গেছে, আরেকটা কি হবে জানিনা । আজকে খুব ক্লান্ত আমি, জানিনা এই ক্লান্তি কবে কাটবে। তুমি যেখানেই থাকো মা, তোমার বাবু ভালো নেই, একদম ভালো নেই।",,text,5,,3,https://www.reddit.com/r/kolkata/comments/1w4slyt/why_me/,,,,,,,False,False,471926,0,26,2026-09-02T16:51:59.446Z,raw/kolkata/2026-09/posts.jsonl#L224
kolkata,t3_1w4suy9,2026-09-01T23:02:31.955Z,StockPossible8522,Just found out that one bastard has been inactive on social media since Dec 2025,https://www.reddit.com/r/kolkata/s/R6n5xDaMsq In this post I wrote about the school bastards. Recently I was browsing insta and I got the profile of one of the biggest bastards. And you know what? He used to post every month till Dec 2025 and has since then been inactive.,,text,1,,0,https://www.reddit.com/r/kolkata/comments/1w4suy9/just_found_out_that_one_bastard_has_been_inactive/,,,,,,,False,False,471926,0,26,2026-09-02T16:50:58.206Z,raw/kolkata/2026-09/posts.jsonl#L135
kolkata,t3_1w4tijv,2026-09-01T23:29:29.657Z,Arnab1805,What are some good hotels near esplanade to spend time with girlfriend? Is online booking safer than in-person?,Thinking of visiting a hotel with my ldr girlfriend this durga puja. It's safe to say that i have no experience in booking hotels like this so any help is appreciated 🙏.,,text,0,,1,https://www.reddit.com/r/kolkata/comments/1w4tijv/what_are_some_good_hotels_near_esplanade_to_spend/,,,,,,,False,False,471926,0,26,2026-09-02T16:51:11.823Z,raw/kolkata/2026-09/posts.jsonl#L158
kolkata,t3_1w4tteu,2026-09-01T23:41:54.556Z,Express-Table5431,Getting government medical college in Kolkata,Hey so I am from Delhi getting College of medicine and sagore dutta hospital kolkata If anyone can tell me if the clg is good or not? Read more,,text,0,,0,https://www.reddit.com/r/kolkata/comments/1w4tteu/getting_government_medical_college_in_kolkata/,,,,,,,False,False,471926,0,26,2026-09-02T16:51:15.392Z,raw/kolkata/2026-09/posts.jsonl#L173
kolkata,t3_1w4ugte,2026-09-02T00:08:35.803Z,Reasonable-Elk-8469,Best place for shopping women’s western wear?,"Need suggestions on best places in Kolkata to find these kind of trending western wear for women , best variety and collection at reasonable price . Going for shopping for my gf so help Read more",,image,5,,13,https://www.reddit.com/r/kolkata/comments/1w4ugte/best_place_for_shopping_womens_western_wear/,,,,,,,False,False,471926,0,26,2026-09-02T16:50:35.208Z,raw/kolkata/2026-09/posts.jsonl#L117
kolkata,t3_1w4vwqv,2026-09-02T01:12:33.407Z,northofgrey,Do you all feel pujo is going to be different this year? Do you all feel a sense of cultural dilution? I do,Do you? Les discuss,,text,0,,20,https://www.reddit.com/r/kolkata/comments/1w4vwqv/do_you_all_feel_pujo_is_going_to_be_different/,,,,,,,False,False,471926,0,26,2026-09-02T16:51:07.085Z,raw/kolkata/2026-09/posts.jsonl#L146
kolkata,t3_1w4xc09,2026-09-02T02:17:03.362Z,Prakhar_2692,Proud Moment for Us!!!,,,image,88,,1,https://www.reddit.com/r/kolkata/comments/1w4xc09/proud_moment_for_us/,,,,,,,False,False,471926,0,26,2026-09-02T16:49:26.698Z,raw/kolkata/2026-09/posts.jsonl#L10
kolkata,t3_1w4ya78,2026-09-02T03:01:14.091Z,raydebapratim1,"CPIM's mouthpiece included ""attacks on ABP office"" as their 1st page news but ABP itself didn't",,,image,96,,21,https://www.reddit.com/r/kolkata/comments/1w4ya78/cpims_mouthpiece_included_attacks_on_abp_office/,,,,,,,False,False,471926,0,26,2026-09-02T16:49:36.721Z,raw/kolkata/2026-09/posts.jsonl#L34
kolkata,t3_1w4yccn,2026-09-02T03:03:58.034Z,SaltyShock7484,Kolkatay sobcheye Bhalo macchher kochuri kothay pawa jay?,Please let me know. Bishal craving hocche.,,image,37,,31,https://www.reddit.com/r/kolkata/comments/1w4yccn/kolkatay_sobcheye_bhalo_macchher_kochuri_kothay/,,,,,,,False,False,471926,0,26,2026-09-02T16:49:33.395Z,raw/kolkata/2026-09/posts.jsonl#L23
kolkata,t3_1w4yduw,2026-09-02T03:05:54.052Z,WhimsyFables,Climate change is no longer a distant threat,"I don't know how we aren't becoming more radical about protecting our environment especially after what happened in Nepal. Instead we're doubling down on deforestation to make way for another highway, another mining project, another data center and filling the pockets of a handful billionaires who won't be facing the wrath of nature when it comes. Remember this every time you make another unnecessary, tacky AI image. It's so sad to see real art getting replaced in every reel, youtube thumbnail and even newspapers are also using AI. Source: https://www.telegraphindia.com/world/un-warns-of-immediate-risk-to-millions-in-kolkata-and-mumbai-from-rising-sea-levels/cid/2177844 Read more",,image,123,,13,https://www.reddit.com/r/kolkata/comments/1w4yduw/climate_change_is_no_longer_a_distant_threat/,,,,,,,False,False,471926,0,26,2026-09-02T16:49:33.156Z,raw/kolkata/2026-09/posts.jsonl#L22
kolkata,t3_1w4z86u,2026-09-02T03:46:06.912Z,Critical-Wear-4223,Need a job for surviving.,Recently I completed B.Tech. I need a job for my daily expenses. IF anyone can give me information that's very help full for me.,,text,2,,1,https://www.reddit.com/r/kolkata/comments/1w4z86u/need_a_job_for_surviving/,,,,,,,False,False,471926,0,26,2026-09-02T16:50:47.933Z,raw/kolkata/2026-09/posts.jsonl#L123
kolkata,t3_1w4zdux,2026-09-02T03:54:05.406Z,spidyxxa,Finding digicams in kolkata,"I want to get a digicam for my birthday, i know metro gali is there, can we also find good digicams in emall ?",,text,2,,2,https://www.reddit.com/r/kolkata/comments/1w4zdux/finding_digicams_in_kolkata/,,,,,,,False,False,471926,0,20,2026-09-02T16:50:34.848Z,raw/kolkata/2026-09/posts.jsonl#L115
kolkata,t3_1w4zqt4,2026-09-02T04:11:59.167Z,Subject__xiii,লালু ও ভুলু,,,image,97,,5,https://www.reddit.com/r/kolkata/comments/1w4zqt4/%E0%A6%B2%E0%A6%B2_%E0%A6%93_%E0%A6%AD%E0%A6%B2/,,,,,,,False,False,471926,0,26,2026-09-02T16:49:56.743Z,raw/kolkata/2026-09/posts.jsonl#L58
kolkata,t3_1w507nz,2026-09-02T04:36:39.722Z,Lil-Bit-Everything,Is blinkit down in behala area ?,I'm ordering something from blinkit and it's being cancelled again and again. It never happened before What could be the problem or anyone from behala area is facing the same issue? Read more,,text,0,,3,https://www.reddit.com/r/kolkata/comments/1w507nz/is_blinkit_down_in_behala_area/,,,,,,,False,False,471926,0,26,2026-09-02T16:51:07.249Z,raw/kolkata/2026-09/posts.jsonl#L147
kolkata,t3_1w509md,2026-09-02T04:39:25.128Z,TritiyaPandav,🇮🇳🇧🇷 MARK YOUR CALENDARS! ⏰🔥 The wait is almost over! 🎟️ Tickets for the much-awaited India 🇮🇳 vs Brazil 🇧🇷 clash go LIVE today September 2 at 4 PM IST! Get ready to grab yours and witness a historic football showdown! ⚽🔥,Source District by zomato,,image,6,,0,https://www.reddit.com/r/kolkata/comments/1w509md/mark_your_calendars_the_wait_is_almost_over/,,,,,,,False,False,471926,0,26,2026-09-02T16:49:58.077Z,raw/kolkata/2026-09/posts.jsonl#L61
kolkata,t3_1w50hmx,2026-09-02T04:50:58.028Z,ScaleOverall7886,Lost freedom fighter(s),"Here, OP shared a story about his great uncle who was a freedom fighter hailing from Howrah. Reading this post, I searched all over the internet but it went all in vain. Though I found a freedom fighter with the same name . Born, raised, fought in Howrah He was born in modern day bangladesh. He was KIA During Covid, central government representatives visited his home to formally honor him. He has a statute in front of the Howrah Municipal Corporation building (can’t find pics online) Even I'm unable to find any information about this statue near HMC building. Is there any such statue near or in front of the HMC building?? Please let me know. It would be of great help if anyone of you know about it. I'm trying my best to collect and archive the freedom fighters from Howrah. However, this is the closest thing I got related to HMC that tracks this name. as well as a road and Primary School named after him. There is indeed a road in Shibpur and a primary school in Kadamtala respectively named after him but I'm not certain which Kartik C Dutta it is named after. However, I found an interesting historical work by Mou Banerjee, The Disinherited , where comes the mention of an another Kartik Chandra Dutta who was born way before than the one mentioned above. The Disinherited: The Politics of Christian Conversion in Colonial India The revolutionary terrorism that began in Bengal as a form of protest against the partition, or the Banga Bhanga , slowly gained widespread support among educated Bengali youth. It was an espousal of radical political extremism that depended on two dif­ferent political ideologies. The first was an ideology of self-strengthening, or gaining atmashakti , which would enable Indians to offer passive resistance to British rule, a movement that could bring about the participation of India’s masses. The second involved armed resistance to British repression by a “daring minority” who would embrace violent means and not flinch from bloodshed in response to colonial violence. Brahmabandhab was one of the pioneering intellectuals who initiated this second ideology as a means of gaining swaraj or self-governance from the British colonizers. He worked closely with Aurobindo Ghose, the great ideologue of anticolonial resistance in Bengal, as well as with his younger brother Barin. Brahmabandhab was also friends with the extremist Congress politician Bipin Pal, Satish Chandra Mukherjee of the “Dawn Society,” and Bhupendranath Dutta, who was Vivekananda’s younger brother. All of these men were well known in British surveillance records as founding members of the radical extremist samitis or associations that believed in armed revolution as the only way to overthrow British rule in India. For example, Bhupendranath (or Bhupen, as he was widely known) was suspected of having authored a series of widely circulated seditionist pamphlets titled Sonar Bangla (Golden Bengal), which exhorted the rural Bengali peasantry, both Hindu and Muslim, to rise together in armed insurrection against colonial rule. He had narrowly avoided prosecution for sedition in late 1906 and early 1907. The next person suspected of writing these incendiary pamphlets was Brahmabandhab Upadhyay himself. Their hypernationalistic and profoundly emotional rhetoric was very similar to his own prose style. Bhupendranath Dutta, Abinash Chandra Bhattacharya, and Sandhya’s manager Saradacharan Sen, all close associates of Brahmabandhab, refuted this suspicion. However, the incident clarifies that Brahmabandhab and the Sandhya had long been under surveillance for seditious activity. The British government had just been waiting for an opportune moment to arrest him under charges of sedition. Uma and Haridas Mukhopadhyay quote the chief secretary to the lieutenant governor of Bengal, the infamous Sir Andrew Fraser, advising against Brahmabandhab’s prosecution for the Sonar Bangla pamphlets: “If we want to prosecute, I believe there is hardly a week in which the Sandhya does not publish an article which would justify our doing so.” The colonial police officers charged with suppressing revolutionary activity in Bengal suspected Brahmabandhab of much more than writing seditious articles. Indeed, they clearly felt that Brahmabandhab was far more deeply and practically involved in acts of revolutionary terrorism in Bengal. This is made clear in Denham’s report on the Jugantar group, compiled in 1908, almost a year after Brahmabandhab’s death. For example, Denham mentions Brahmabandhab’s associate Kartik Chandra Dutta, who was in charge of recruiting members ready to commit dacoities of British treasuries and on arms depots in order to supply the revolutionaries of the Jugantar group. Brahmabandhab had presided over a ritual that celebrated the bonding in brotherhood of young revolutionaries at the Sandhya office in late 1906 and early 1907, in which he declared Kartik as the leader of the group and made the other participants swear to protect him with their lives. Kartik had printed the first recipes for making picric-acid bombs in the Jugantar periodical. According to Denham, Brahmabandhab incited Kartik to throw one at a railway booking clerk who had refused to support a strike by his fellow employees against the East Indian Railway in 1906. Kartik apparently refused to commit this murder, and Brahmabandhab handed the task to another revolutionary associate, Keshab Dey. A large number of Brahmabandhab’s close friends and associates were mentioned in Denham’s report. It is impossible to say whether the colonial police’s suspicions regarding Brahmabandhab’s active participation in violent revolutionary activity beyond his editorial activism were in fact true. But it is clear that Brahmabandhab, for a period of five years, occupied an important position in the revolutionary networks of the Jugantar group and was respected and loved for his singular commitment to India’s freedom. As OP mentioned in the post that his great uncle, Kartik C Dutta, was KIA. Now, reading this passage, it seems very likely to happen. However, it is difficult to conclude anything as there are gaps in information and sadly OP, too, has deleted his account. So, in other words, there is no way to verify and establish the fact that this person is related to OP. Original post However this raises an even bigger question. How many more are such names who are nowhere to be found? How many more are such undocumented local freedom fighters and revolutionaries who never made it to the history archives? How many more are abandoned in their own country? To answer these questions, I stated researching about some unsung heros from my locality and neighbourhoods. Luckily, I came across a paper published in AMERICAN Journal of Language, Literacy and Learning in STEM Education . Here, the author lists out a number of grassroots level Congress workers from different regions such as Andul, Mourigram, Domjur, Shibpur, etc. who were actively involved in the freedom struggle. Howrah Freedom Fighters Mourigram Narayan Chandra Basu Domjur Dhirendranath Mukhopadhyay Bali Dr Kanailal Ganguly Shihpur Prabodh Chandra Basu, Gurudas Datta, Sushil Gangopadhyay, Agam Datta, Bibhuti Hazra, Jibon Maiti, Ajit Mallik, Kalobaran Ghosh A few more heros: Mohit Mohan Mukherjee from Baksara Radha Gobinda Kar from Santragachi Bijoy Kumar Bandhopadhyay was arrested for hoisting Congress flag at Mandirtala Indra Narayan Bhattacharya , hailing from Domjur, completed his IA from a college in Andul . . . & many such figures who never got the due respect. Moreover if anyone of you has an interesting tale of your revolutionary forefathers, feel free to share it in the comments. I hope to find more such interesting local and regional stories. Thank you Have a great day Edit: Read this interesting article of a barowari durga pujo based in Salkia, Howrah organised by a bunch of mutineers who fled from Barrackpore after the assassination of Mangal Pandey. Jai Hind",,image,3,,2,https://www.reddit.com/r/kolkata/comments/1w50hmx/lost_freedom_fighters/,,,,,,,False,False,471926,0,25,2026-09-02T16:50:55.069Z,raw/kolkata/2026-09/posts.jsonl#L132
kolkata,t3_1w50sbg,2026-09-02T05:05:57.622Z,AliveWar4844,"Why did 90s cartoons promise us flying cars and robot butlers, but adult life is just aggressively defending our Wi-Fi passwords and stressing over grocery budgets?","We grew up expecting sleek sci-fi utopias, personal jetpacks, and effortless space travel. Instead, modern adulthood hit us with the absurd reality of paying monthly subscriptions just to keep our kitchen appliances connected. People poking fun at how childhood expectations of the future didn't quite match up with the absurdities of adult life today point out that nobody warned us how expensive it is to simply exist. What childhood sci-fi dream died the moment you paid your first electricity bill? Read more",,text,0,,3,https://www.reddit.com/r/kolkata/comments/1w50sbg/why_did_90s_cartoons_promise_us_flying_cars_and/,,,,,,,False,False,471926,0,26,2026-09-02T16:50:54.845Z,raw/kolkata/2026-09/posts.jsonl#L130
kolkata,t3_1w526yv,2026-09-02T06:20:46.316Z,robertangier2096,Harassment during Passport Reissue,"Went to renew my passport in February, got rejected because of outdated Aadhar photo. Got Aadhaar updated and got passport renewal initiated. After that it’s been more than 2 months since I submitted all my documents to the police. However our family has been staying at a rented place since last 70 years and we don’t have a proper rental agreement although we do have rental receipts. Despite submitting all receipts, gas bills etc and after multiple follow ups, the police today mentions that my file is stuck because of rental apartment proofs not being sufficient. He is asking for eAadhaar and bank passbook. Best part is my parent created their passports few months back and their passport were issued without much hassle despite having the same address As a diligent taxpayer it is so frustrating to get a passport renewed in this country, the govt officials will not leave any opportunity to harass you. I’m kinda lost regarding what to do. If anyone has any leads please let me know. Read more",,text,3,,3,https://www.reddit.com/r/kolkata/comments/1w526yv/harassment_during_passport_reissue/,,,,,,,False,False,471926,0,25,2026-09-02T16:50:26.761Z,raw/kolkata/2026-09/posts.jsonl#L108
kolkata,t3_1w52cvt,2026-09-02T06:29:53.570Z,simplesobergal,Kolkata vs Mumbai passport experience-why is there such a stark difference,"Okay, I genuinely want to know if this is just my experience or if other people from Kolkata have noticed this too. I recently applied for my passport from Kolkata, while one of my friends applied from Mumbai. And the difference between our experiences was honestly ridiculous. First, the PSK experience. In Kolkata, you obviously book an appointment and go according to your slot. Fair enough. But once you reach the PSK, there can be a huge crowd outside. Despite having appointment slots, people are made to stand outside for a long time, sometimes in absolutely scorching weather. The building itself is huge, so I genuinely don't understand why there isn't proper shade or adequate seating outside for people waiting for their slots. You're just standing on a dirty roadside waiting for your time to be called. Then you finally enter. The inside is clean and the staff were mostly polite and helpful, so I'm not saying everyone there was rude. But the place was SO overcrowded. There were multiple counters, huge numbers of people, and the whole process took several hours. The waiting area wasn't even adequate for the number of people being processed. My parents were with me and there were times when we literally couldn't find proper seating. Now compare that with my friend in Mumbai. He had an appointment at a PSK in Mumbai, and he told me the entire process inside took around 20 minutes. Twenty. Minutes. Documents were checked, everything was processed, and he was done. And here's where the difference became even more interesting. In Kolkata, my sibling was repeatedly questioned about her voter ID. “Where is your election card?” “Why don't you have it?” “What is the address on your election card?” “Download it right now and show it to us.” She had other documents that were valid for the required purposes, but the focus on the voter ID was insane. My Mumbai friend DID NOT EVEN HAVE HIS VOTER ID WITH HIM. And guess what? Nobody cared. They checked his Aadhaar, previous passport and the other required documents. He wasn't subjected to this whole election-card interrogation. If voter ID is an accepted document, absolutely fine. But why does it sometimes feel like an unofficial compulsory document in Kolkata? Then there was my Aadhaar issue. My Aadhaar biometrics hadn't been updated since I was a minor, and I also didn't have the PVC Aadhaar card at that point. My passport process was held up and I was told to get the Aadhaar-related issue sorted. So I had to go through the whole Aadhaar-update circus. And getting an Aadhaar appointment in Kolkata can itself be a headache. Some smaller post offices don't really function like a straightforward appointment-based system. At my local post office, only a limited number of people were being accommodated each day, and people were reportedly lining up extremely early in the morning. You have people waiting from 4 AM, and then there are concerns about agents/people occupying places in queues. Eventually, I got the Aadhaar work done. The person handling it was actually very nice and helpful. No complaints about him personally. But the overall system was unnecessarily difficult. Then I had to go back for another passport appointment after getting my Aadhaar sorted. And this time, they basically checked my PVC Aadhaar and that was it. So I'm sitting there thinking — why couldn't this have been handled more smoothly in the first place? Now comes the part that really made me compare Kolkata and Mumbai. Police verification. After passport processing, the police verification happens. My friend in Mumbai got contacted by the police within a few days. They told him what documents to bring and asked him to visit the police station. He went there, spent around 10–15 minutes, got everything done and left. And I had actually warned him beforehand. I told him, “Bro, you've travelled to so many countries and your passport has so many stamps. They're probably going to ask you for a LOT of money.” Because that was literally what I had come to expect. And then he told me: “They asked for nothing.” Zero. No “chai-paani.” No “khana-peena.” Nothing. Meanwhile, my experience in Kolkata was completely different. My local police officer called me after about a week regarding the verification. I went there, and I was openly asked for money. Not an official fee. Not some receipt-based payment. Just basically, “Khana-peena ke liye kuch karo.” I tried explaining that I'm a student and don't have much money. I was trying to be polite and somehow get through the situation without creating a confrontation. He then basically told me to go back, bring the money and come again so they could process it. Honestly, that was scary. I eventually managed to arrange some cash and came back. I had around ₹500, and I told him that was all I could give. He took it. And then came the part that made me even more suspicious. My parents had gone through the same process earlier. They paid whatever amount was demanded, and their passports came through their police verification relatively quickly — around a week or so. Mine took significantly longer. It took around two weeks. Now, I obviously cannot prove that the delay was because I paid less. Maybe there were other reasons. But when you see one experience happen after another, it's difficult not to wonder. And this is why I get annoyed when people simply say: “Don't pay bribes.” BRO, I KNOW. Of course we shouldn't have to pay. But what are ordinary people supposed to do when an official is sitting there and openly asking for money while you are trying to get an essential document? Not everyone has a senior police officer as a relative. Not everyone knows someone in the administration. Not everyone can make ten phone calls and get their file pushed through. We're normal people. We just want our documents processed without unnecessary trouble. And that's why my friend's Mumbai experience genuinely shocked me. Same country. Same passport system. Same national documentation requirements. But: Mumbai: Appointment → ~20 minutes at PSK → documents checked → police contacted within a few days → 10–15 minutes at police station → ₹0 unofficial payment. My Kolkata experience: Appointment → long wait outside → overcrowded PSK → several hours inside → repeated voter-ID questions → Aadhaar issue → another appointment → police verification → unofficial cash demand → considerably longer wait. And my sibling's experience in Kolkata was similar in terms of the voter-ID issue and waiting for police verification, while my Mumbai friend didn't face that problem at all. I also want to make one thing clear: I'm NOT saying every Kolkata police officer is corrupt or that every Mumbai police officer is some saint. I'm talking about my personal experience versus my friend's experience. But the difference was so stark that I genuinely started wondering whether this is a broader Kolkata/West Bengal issue. Because the PSK staff themselves weren't necessarily bad. Many were actually kind and helpful. The problem seems to be the system around the citizen — the crowd management, infrastructure, inconsistent document expectations, Aadhaar access, and especially what happens during police verification. So I'm genuinely curious about other people's experiences. Kolkata people: Have you also been asked specifically for voter ID during passport processing? Did your police verification involve “khana-peena” money? Mumbai people: Is passport police verification really this straightforward there? Did you actually pay nothing? And people from other cities — what was your experience? Because if this is just bad luck on my part, fair enough. But if thousands of people are having the same experience, then I think it's worth talking about. TL;DR: Applied for my passport in Kolkata while my friend applied in Mumbai. Kolkata involved long waits, overcrowding, inadequate seating, repeated voter-ID demands, an Aadhaar-related hurdle, another appointment, and an unofficial cash demand during police verification. My Mumbai friend was done at the PSK in ~20 minutes, police verification happened within a few days, took ~10–15 minutes, and he says he paid ₹0. My parents' Kolkata passports also came faster after paying what was demanded, while mine took longer after I paid less. Is this a Kolkata/West Bengal-specific problem, or have others experienced the same thing?",,text,42,,30,https://www.reddit.com/r/kolkata/comments/1w52cvt/kolkata_vs_mumbai_passport_experiencewhy_is_there/,,,,,,,False,False,471926,0,25,2026-09-02T16:49:32.367Z,raw/kolkata/2026-09/posts.jsonl#L20
kolkata,t3_1w52mlb,2026-09-02T06:45:02.126Z,idkmanfuc,Rosogolla is one of the sweetest bengali feel good movies ever made,,,video,127,,14,https://www.reddit.com/r/kolkata/comments/1w52mlb/rosogolla_is_one_of_the_sweetest_bengali_feel/,,,,,,,False,False,471926,0,26,2026-09-02T16:49:26.700Z,raw/kolkata/2026-09/posts.jsonl#L9
kolkata,t3_1w52pou,2026-09-02T06:49:58.466Z,Newvil450,Saffron-clad men protest outside Anandabazar Patrika office in Kolkata,,,image,117,,20,https://www.reddit.com/r/kolkata/comments/1w52pou/saffronclad_men_protest_outside_anandabazar/,,,,,,,False,False,471926,0,26,2026-09-02T16:49:33.189Z,raw/kolkata/2026-09/posts.jsonl#L21
kolkata,t3_1w52zrs,2026-09-02T07:05:29.340Z,aquickbrowndolphin,Any GATE CSE mock test programs?,Anyone here know about any GATE CSE mock test program which are offline in Kolkata? If you know then please let me know. Thanks for the attention. Read more,,text,3,,0,https://www.reddit.com/r/kolkata/comments/1w52zrs/any_gate_cse_mock_test_programs/,,,,,,,False,False,471926,0,25,2026-09-02T16:50:17.069Z,raw/kolkata/2026-09/posts.jsonl#L90
kolkata,t3_1w530qb,2026-09-02T07:07:04.006Z,PsychologicalUnit693,cute one,Little one giving company 🦟🫧 Read more,,image,3,,1,https://www.reddit.com/r/kolkata/comments/1w530qb/cute_one/,,,,,,,False,False,471926,0,26,2026-09-02T16:51:46.746Z,raw/kolkata/2026-09/posts.jsonl#L211
kolkata,t3_1w53cxb,2026-09-02T07:25:55.852Z,Expensive-Example-45,Rainy drive? ☔️🚙,"I know it's raining C&D, and who would even think of going on a drive in such weather?! But what's life without a bit of spontaneity and adventure? Also, yahi baatein to baad me yaad aayengi! So join me for a drive? Let's play our favourite music and enjoy the moment👍🏻",,text,1,,3,https://www.reddit.com/r/kolkata/comments/1w53cxb/rainy_drive/,,,,,,,False,False,471926,0,26,2026-09-02T16:50:49.046Z,raw/kolkata/2026-09/posts.jsonl#L127
kolkata,t3_1w53d99,2026-09-02T07:26:27.732Z,GetridofDerrida,"Where can I buy stationary items like copies, spiral notebooks, notepads, journals etc for cheap in Kolkata ?","Basically, what the title says is all. My cousin is starting college and wants to buy all these things at a cheap rate. He's very organized about his studies, so he's also looking to buy pens, sticky notes, and other stationery. I would have suggested Starmarks, but they've become extremely costly these days. Last week, I saw they were selling journals for 1,000 rupees. Where can I take him today to buy these things, since his college starts on Monday?",,text,6,,18,https://www.reddit.com/r/kolkata/comments/1w53d99/where_can_i_buy_stationary_items_like_copies/,,,,,,,False,False,471926,0,26,2026-09-02T16:50:10.445Z,raw/kolkata/2026-09/posts.jsonl#L74
kolkata,t3_1w53ry3,2026-09-02T07:50:26.572Z,KaleidoscopeOk9333,Bus timings in kolkata,"Hi so I can't find any reliable sources, so are buses available from rabindra sadan to maidan in the morning like 5 am? Need details pls. Read more",,text,1,,0,https://www.reddit.com/r/kolkata/comments/1w53ry3/bus_timings_in_kolkata/,,,,,,,False,False,471926,0,26,2026-09-02T16:50:21.628Z,raw/kolkata/2026-09/posts.jsonl#L103
kolkata,t3_1w53vtw,2026-09-02T07:56:58.836Z,kuttar-baccha,Sometimes I feel so jealous of the students of Ashutosh College. Imagine your psychology professor being Somlata and getting a free concert every now and then!,,,video,558,,23,https://www.reddit.com/r/kolkata/comments/1w53vtw/sometimes_i_feel_so_jealous_of_the_students_of/,,,,,,,False,False,471926,0,26,2026-09-02T16:49:14.959Z,raw/kolkata/2026-09/posts.jsonl#L6
kolkata,t3_1w53x9x,2026-09-02T07:59:25.726Z,girlwithlonghair23,Adult me being happy seeing these colours of health ❤️❤️❤️❤️,,,image,23,,16,https://www.reddit.com/r/kolkata/comments/1w53x9x/adult_me_being_happy_seeing_these_colours_of/,,,,,,,False,False,471926,0,26,2026-09-02T16:49:29.232Z,raw/kolkata/2026-09/posts.jsonl#L18
kolkata,t3_1w53z9a,2026-09-02T08:02:22.090Z,Jazzlike-Lie-7433,Will save this particular news piece as a memoir 😌,,,image,127,,11,https://www.reddit.com/r/kolkata/comments/1w53z9a/will_save_this_particular_news_piece_as_a_memoir/,,,,,,,False,False,471926,0,26,2026-09-02T16:49:14.767Z,raw/kolkata/2026-09/posts.jsonl#L4
kolkata,t3_1w5419m,2026-09-02T08:05:50.626Z,LordOcean8,Oh God make it Stop!,,,image,16,,4,https://www.reddit.com/r/kolkata/comments/1w5419m/oh_god_make_it_stop/,,,,,,,False,False,471926,0,26,2026-09-02T16:50:16.600Z,raw/kolkata/2026-09/posts.jsonl#L85
kolkata,t3_1w544jx,2026-09-02T08:11:31.246Z,swarnava360,Ei brishti te ei khabar tar bepare ki opinion?,"In this much rain, this meal is in a league of its own compared to my all-time favorite meals. Read more",,image,30,,20,https://www.reddit.com/r/kolkata/comments/1w544jx/ei_brishti_te_ei_khabar_tar_bepare_ki_opinion/,,,,,,,False,False,471926,0,26,2026-09-02T16:50:09.670Z,raw/kolkata/2026-09/posts.jsonl#L70
kolkata,t3_1w545tm,2026-09-02T08:13:36.274Z,FlameShadowZXY,Need help finding cancer hospitals in Kolkata,"Guys I need urgent help .. my family member has recently been diagnosed with stomach cancer and our financial condition is not very strong. I'm currently considering three well known cancer hospitals in Kolkata such as CNCI, TMC and SGCC but I'm not sure which one would be best for us as I've come across many mixed reviews online like complaints about poor behaviour and possible negligence at CNCI, long waiting times and queues at TMC, and I'm also concerned that treatment at SGCC might be more expensive than we can afford. If you or someone close to you has had any experience receiving treatment at any of these hospitals I would really appreciate if u share any information about the quality of treatment, doctors, costs, etc overall experience ..it would be extremely helpful thanks ! Read more",,text,2,,5,https://www.reddit.com/r/kolkata/comments/1w545tm/need_help_finding_cancer_hospitals_in_kolkata/,,,,,,,False,False,471926,0,26,2026-09-02T16:50:11.063Z,raw/kolkata/2026-09/posts.jsonl#L77
kolkata,t3_1w5499s,2026-09-02T08:19:05.728Z,Much_Firefighter3692,NEED FRIENDS FOR DURGA PUJA!!,Heya as the title goes... Ik it still got time but was getting insta reels and was getting fomo...... Am from kolkata only... But am doing my engg from UIET chandigarh.... And almost all my friends are in other states too.... And many of them are even not getting holidays to come😭 Soo I need new friendss across kolkata jar sathee can go to pandals👉👈 Anyone across kolkata who still donn got much plans yet(or are like me).... Pleasee doo reply!!(Both guys and girls of similar minded looking for someone to roam with can msgg) Read more,,text,5,,9,https://www.reddit.com/r/kolkata/comments/1w5499s/need_friends_for_durga_puja/,,,,,,,False,False,471926,0,26,2026-09-02T16:50:10.162Z,raw/kolkata/2026-09/posts.jsonl#L73
kolkata,t3_1w549h9,2026-09-02T08:19:24.775Z,Oxalite_X,"1 aalur Porotta and 1 paneer parotta 250rs at a shitty restaurant 😭🤌 , the Train Resturant near Sealdah Station",,,image,5,,9,https://www.reddit.com/r/kolkata/comments/1w549h9/1_aalur_porotta_and_1_paneer_parotta_250rs_at_a/,,,,,,,False,False,471926,0,26,2026-09-02T16:50:34.975Z,raw/kolkata/2026-09/posts.jsonl#L116
kolkata,t3_1w54fit,2026-09-02T08:29:16.848Z,confidentlycringe,Please recommend me a REALLY good Bengali restaurant 😭,My boyfriend is from Lucknow and he’s coming to Kolkata for the first time during Puja. We’re always arguing about whose food is better 😂 so obviously I promised him I’d take him somewhere with amazing Bengali food and prove my point. But the problem is… every Bengali restaurant I’ve tried so far has been pretty average 😭 I don’t want to take him somewhere disappointing. So please recommend me your best Bengali restaurant in Kolkata the kind where the food is actually GOOD and I can proudly brag about Bengali food afterward 😂 Bonus points if you can suggest what dishes we absolutely HAVE to order! Read more,,image,149,,86,https://www.reddit.com/r/kolkata/comments/1w54fit/please_recommend_me_a_really_good_bengali/,,,,,,,False,False,471926,0,26,2026-09-02T16:49:27.025Z,raw/kolkata/2026-09/posts.jsonl#L11
kolkata,t3_1w54xh1,2026-09-02T08:59:05.381Z,mighty-eagle2005,My reaction when someone tries to woke me up from দুপুরের ঘুম in brishti,Ami ekhoner ghum theke uthbo na....,,image,14,,7,https://www.reddit.com/r/kolkata/comments/1w54xh1/my_reaction_when_someone_tries_to_woke_me_up_from/,,,,,,,False,False,471926,0,26,2026-09-02T16:49:52.171Z,raw/kolkata/2026-09/posts.jsonl#L48
kolkata,t3_1w557w7,2026-09-02T09:15:49.849Z,Possible-General4396,Need help about some DevOps work,"I'm building a project, but I'm facing an issue about Dns setup in CloudFlare .. i have already looked up on Gpt , stack overflow ..but nothing helps ...if anyone can assist me then it would be very helpful Read more",,text,2,,3,https://www.reddit.com/r/kolkata/comments/1w557w7/need_help_about_some_devops_work/,,,,,,,False,False,471926,0,26,2026-09-02T16:50:23.331Z,raw/kolkata/2026-09/posts.jsonl#L104
kolkata,t3_1w55pi4,2026-09-02T09:43:25.546Z,Rumlez95,Rakhi gifts,"This year’s Rakhi was extra special — got so many gifts, and I absolutely loved every single one! ❤️✨ Read more",,image,30,,6,https://www.reddit.com/r/kolkata/comments/1w55pi4/rakhi_gifts/,,,,,,,False,False,471926,0,23,2026-09-02T16:49:36.296Z,raw/kolkata/2026-09/posts.jsonl#L28
kolkata,t3_1w55pkd,2026-09-02T09:43:32.014Z,Various_Counter_3365,Overnight stay at Howrah Station – suggestions?,"Hi everyone! I’ll be travelling with 3 people and have a Vande Bharat at 6:05 AM from Howrah , so we’ll need to stay at/near the station overnight. I’ll also be working remotely that night , so ideally looking for a safe place with Wi-Fi, charging and somewhere to sit/rest. I checked the IRCTC retiring rooms , but they’re showing as unavailable. Any suggestions for retiring rooms, waiting lounges, or other good options at/near Howrah Station ? Thanks 🥺",,text,4,,15,https://www.reddit.com/r/kolkata/comments/1w55pkd/overnight_stay_at_howrah_station_suggestions/,,,,,,,False,False,471926,0,26,2026-09-02T16:49:57.216Z,raw/kolkata/2026-09/posts.jsonl#L59
kolkata,t3_1w55vh6,2026-09-02T09:52:56.105Z,shojnephool,no future i see 🫪,source: https://www.indiatoday.in/world/story/sea-level-rise-kolkata-mumbai-un-report-millions-face-immediate-home-loss-risk-ptag-2984694-2026-09-01?fbclid=IwT01FWAUE0QZwZG9mBWV4dG4DYWVtAjEwAHNydGMGYXBwX2lkDDM1MDY4NTUzMTcyOAABHu5Oyy-npDvifRSlHNKQ8xp_-BnUjKeBY_1Wvj4HJo1VuIfPTBqsldDLHTtr_aem_b2g3emY_N7Rt8FT1TWNS9g,,image,355,,115,https://www.reddit.com/r/kolkata/comments/1w55vh6/no_future_i_see/,,,,,,,False,False,471926,0,25,2026-09-02T16:49:27.586Z,raw/kolkata/2026-09/posts.jsonl#L12
kolkata,t3_1w55z7f,2026-09-02T09:58:46.622Z,Greyskulz45,Torrential rains,It has been raining continuously from the past 1 week in my village. Kolkata te o hoche. what’s the scene in the other parts ? Read more,,video,40,,11,https://www.reddit.com/r/kolkata/comments/1w55z7f/torrential_rains/,,,,,,,False,False,471926,0,26,2026-09-02T16:49:29.227Z,raw/kolkata/2026-09/posts.jsonl#L16
kolkata,t3_1w56jzo,2026-09-02T10:30:31.602Z,No_Tie_505,Only COPE and NO HOPE,"Any advice on how to cope up with neet failure . Passed 12th in 2024 , took 2 drops . Scored 517 with 69k rank in re neet. So definitely not getting a college. Right now doing chemistry honours 1st semester. Today got to know that one of my cousin sisters had 74k rank but had EWS quota ( her father is a businessman and they have wayyyy better financial condition than us) and got a medical college 🙃🙃 . AM I JEALOUS? JEALOUS AS HELL . Don't have the energy to give more time to this exam .",,text,8,,2,https://www.reddit.com/r/kolkata/comments/1w56jzo/only_cope_and_no_hope/,,,,,,,False,False,471926,0,0,2026-09-02T16:49:29.075Z,raw/kolkata/2026-09/posts.jsonl#L15
kolkata,t3_1w56ky1,2026-09-02T10:31:59.976Z,Minute_Conflict_471,Help me get some food in this rain.,"Please suggest me some good restaurants to order food from swiggy/zomato in Shibpur, Howrah. I am hungry. I am unable to go out to eat in this rain, I live in PG Read more",,text,1,,4,https://www.reddit.com/r/kolkata/comments/1w56ky1/help_me_get_some_food_in_this_rain/,,,,,,,False,False,471926,0,26,2026-09-02T16:50:48.532Z,raw/kolkata/2026-09/posts.jsonl#L126
kolkata,t3_1w56mrm,2026-09-02T10:34:47.197Z,Fluffy_soul20,"""Festivals make you realize how lonely you are"" when they hear that saptami will last for two days this year",,,video,61,,11,https://www.reddit.com/r/kolkata/comments/1w56mrm/festivals_make_you_realize_how_lonely_you_are/,,,,,,,False,False,471926,0,26,2026-09-02T16:49:33.445Z,raw/kolkata/2026-09/posts.jsonl#L24
kolkata,t3_1w56pdz,2026-09-02T10:38:39.380Z,Suspicious-Estate695,Best gynecologist / hospital for surgery in kolkata ??,,,image,2,,7,https://www.reddit.com/r/kolkata/comments/1w56pdz/best_gynecologist_hospital_for_surgery_in_kolkata/,,,,,,,False,False,471926,0,26,2026-09-02T16:49:58.076Z,raw/kolkata/2026-09/posts.jsonl#L60
kolkata,t3_1w56usu,2026-09-02T10:46:41.467Z,Evil_Eye_1485,Looking for safe couple friendly Accomodation in Kolkata,"Hi everyone! I’m planning to visit Kolkata for 4 days just before Durga Puja to finally meet my dear friend. We’ve been in an online relationship for almost 3 years, and this will be our first time meeting in person. My tickets are booked and I’ll be arriving at Sealdah, so I’m looking for a safe, clean and couple-friendly hotel/BnB nearby where we won’t face any hassle at check-in. Budget: ₹3–4k/night for two. Would you recommend a hotel or BnB for this situation? And any genuine recommendations near Sealdah would be really appreciated. Both of us are adults and will have valid IDs. Thanks!",,text,0,,13,https://www.reddit.com/r/kolkata/comments/1w56usu/looking_for_safe_couple_friendly_accomodation_in/,,,,,,,False,False,471926,0,26,2026-09-02T16:50:16.928Z,raw/kolkata/2026-09/posts.jsonl#L88
kolkata,t3_1w5741u,2026-09-02T11:00:21.770Z,Crafty-Project4403,My college refused to sign my application because it lists an internship as the reason for low attendance,"My college asked students who have less than 75% attendance to submit an application to the HOD. My name appeared on the low attendance list for one of my subjects. I go to college almost every day and attend as many classes as I can to avoid attendance issues. However, professors are taking double classes in a single day, so skipping even one day means losing attendance for multiple classes. For PHP, I skipped two days of college, which meant losing attendance for four classes, bringing my attendance below 75%. At the same time, I am doing an internship at a company. Sometimes we have a heavy workload to finish tasks, and I even have to cover for my co-workers, which forces me to skip college for a day or two. Because of this, I mentioned my internship in the application and took it to my HOD. He refused to sign it, saying I should only work during non-college hours. I told him that I usually do, but sometimes there is too much work left to handle. I explained how I manage to maintain proper attendance in all my other subjects and offered to show my offer letter as proof, but he didn't care at all University expect us to attend all the classes then when are we going to built projects, work on internships, prepare for placements??? It is impossible to manage everything at once. If we don't do projects internship we won't get any jobs. So who is going to take responsibility for this????? Why they are making it mandatory for 3rd 4th year students attend all the classes. I can't quit my internship I use that money to pay for my college fees. My parents have financial issues. Why can't they understand this. I am so frustrated right now. This hod can't even sign a single paper.",,text,2,,4,https://www.reddit.com/r/kolkata/comments/1w5741u/my_college_refused_to_sign_my_application_because/,,,,,,,False,False,471926,0,25,2026-09-02T16:49:51.499Z,raw/kolkata/2026-09/posts.jsonl#L40
kolkata,t3_1w576bq,2026-09-02T11:03:30.872Z,ImportantGarage69,Ekhon theke barir baire nouka/jahaj kore berote hobe,"Aajkal ektu brishti holei chardike bonya poristhiti hoye jacche, manush ki ektu baire berobena! Beroleo ki phirbe na! Eta ki rokomer onnay onachar😔 Read more",,image,6,,3,https://www.reddit.com/r/kolkata/comments/1w576bq/ekhon_theke_barir_baire_noukajahaj_kore_berote/,,,,,,,False,False,471926,0,6,2026-09-02T16:49:36.333Z,raw/kolkata/2026-09/posts.jsonl#L29
kolkata,t3_1w57aul,2026-09-02T11:10:14.945Z,Accomplished_Item740,type sh1t I've to do for this mid college,"sooo i had my internals today (3 exams altogether)😭 and it rained cats and dogs the night before but anw I had no choice but to attend.. got off the auto and there was a 5-10 min walk to uni and to my horror i found that entirety of road was waterlogged and turned into a literal swimming pool and there was noo way I could wade through it and I stood there zoned out ... a while later I was distracted by two women conversing and found one of them on a scooty and i instantly knew what to do.. before I could begin spiralling and overthinking(being an introvert )i decided to walk up to her and try my luck, by asking for a lift 😭 (god bless this woman) she offered me lift to my uni🙏 after my exams got over, I left and i kid you not I see this humongous queue of kids waiting for auto but there's NONE.....one eternity later a tempo happens to pass by 🛻 and some of us hopped on it and anyhow reached the metro as the vehicle was this close to tossing and meeting w an accident, was literally praying for my life this entire time as the vehicle waded through all that water and NOW FINALLY I CAN GET HOME🙏😭",,text,4,,2,https://www.reddit.com/r/kolkata/comments/1w57aul/type_sh1t_ive_to_do_for_this_mid_college/,,,,,,,False,False,471926,0,25,2026-09-02T16:49:51.515Z,raw/kolkata/2026-09/posts.jsonl#L41
kolkata,t3_1w57bhg,2026-09-02T11:11:10.836Z,Top-Scientist3474,College professors how did you get hired,I know you have to be NET qualified but many of my own professors are still doing their PhD so how do you go about finding a job? College websites? Job sites? Any guidance would be welcome. Putting this here because I specifically want to know the kolkata scene. Read more,,text,3,,6,https://www.reddit.com/r/kolkata/comments/1w57bhg/college_professors_how_did_you_get_hired/,,,,,,,False,False,471926,0,26,2026-09-02T16:49:36.912Z,raw/kolkata/2026-09/posts.jsonl#L35
kolkata,t3_1w57cfu,2026-09-02T11:12:33.188Z,Smart-Car6063,"India vs Brazil friendly, October 03",Who got the tickets?,,text,4,,30,https://www.reddit.com/r/kolkata/comments/1w57cfu/india_vs_brazil_friendly_october_03/,,,,,,,False,False,471926,0,26,2026-09-02T16:49:52.014Z,raw/kolkata/2026-09/posts.jsonl#L44
kolkata,t3_1w57l86,2026-09-02T11:24:51.511Z,magunahatata,I'm in my fitness journey and need non veg alternatives for vegetables,I have a tough time eating vegetables. I just hate it! But I need some sort of salad for various nutrients especially to cleanse your liver and improve my pancreatic functions (to reverse insulin resistance) Can you guys genuinely suggest non veg alternatives to vegetables which will do the same work as these veggies would do. 😭 Read more,,text,0,,12,https://www.reddit.com/r/kolkata/comments/1w57l86/im_in_my_fitness_journey_and_need_non_veg/,,,,,,,False,False,471926,0,26,2026-09-02T16:50:19.084Z,raw/kolkata/2026-09/posts.jsonl#L98
kolkata,t3_1w57oym,2026-09-02T11:30:10.209Z,TheJosh15,Anyone going for India vs Brazil game?,,,image,3,,2,https://www.reddit.com/r/kolkata/comments/1w57oym/anyone_going_for_india_vs_brazil_game/,,,,,,,False,False,471926,0,26,2026-09-02T16:50:19.549Z,raw/kolkata/2026-09/posts.jsonl#L100
kolkata,t3_1w57vcp,2026-09-02T11:39:05.127Z,ImpressiveTrack132,Need help,Does anyone know where I can get a gift wrapped like this? I have a present that I would like to wrap in this style as shown in the pictures. Can this be done at florist shops or does anyone know from where can I get it done?,,image,4,,13,https://www.reddit.com/r/kolkata/comments/1w57vcp/need_help/,,,,,,,False,False,471926,0,25,2026-09-02T16:49:59.720Z,raw/kolkata/2026-09/posts.jsonl#L65
kolkata,t3_1w58hbj,2026-09-02T12:07:56.271Z,Free_Sorbet2161,Book reader,"I want to read crime and punishment by fyodor dostoevsky, anyone who lives near budge budge and can lend it to me ??",,text,1,,1,https://www.reddit.com/r/kolkata/comments/1w58hbj/book_reader/,,,,,,,False,False,471926,0,26,2026-09-02T16:50:26.862Z,raw/kolkata/2026-09/posts.jsonl#L109
kolkata,t3_1w58hh8,2026-09-02T12:08:09.815Z,Soumyadeep_1,Date idea dao (parkstreet and esplanade or maybe somewhere jekhentheke metro samne),Budget is 2.5k 🥀,,text,3,,20,https://www.reddit.com/r/kolkata/comments/1w58hh8/date_idea_dao_parkstreet_and_esplanade_or_maybe/,,,,,,,False,False,471926,0,26,2026-09-02T16:49:52.197Z,raw/kolkata/2026-09/posts.jsonl#L49
kolkata,t3_1w58j36,2026-09-02T12:10:18.539Z,OkCranberry7013,I feel bad that I can't do anything -Need Security guard job for my father,"If anyone have any known opportunity in security guard job then please let me know , i would be grateful. I want my father to change his current job of delivery person as he is aging . Actually yesterday accident happened with him due to heavy rain . This made me tensed , I can't sleep anymore but .I tried for him but I am not able to find any suitable opportunity for him .Even I talked with my father to change but he says that at he has no contact and his age is a problem though his age is around 50 and he has good physique . He used to work as security guard till pandemic but after that he lost it and he began doing delivery job and things are going like that from then .I thought the community peoples are good and some might have some contact.",,text,9,,4,https://www.reddit.com/r/kolkata/comments/1w58j36/i_feel_bad_that_i_cant_do_anything_need_security/,,,,,,,False,False,471926,0,26,2026-09-02T16:50:17.244Z,raw/kolkata/2026-09/posts.jsonl#L94
kolkata,t3_1w58jwr,2026-09-02T12:11:24.346Z,jibonto_laas,Just borahonondon activities,Picture is worth a thousand slaps Source: clicked by a disgusted myself at Sealdah metro Read more,,image,125,,34,https://www.reddit.com/r/kolkata/comments/1w58jwr/just_borahonondon_activities/,,,,,,,False,False,471926,0,26,2026-09-02T16:50:17.145Z,raw/kolkata/2026-09/posts.jsonl#L92
kolkata,t3_1w58tgt,2026-09-02T12:23:01.865Z,iscrappedthe_data,"Another day, another attack by abvp goons",Source: https://www.aaroananda.com/story/latest-news/breaking-news/north-bengal-medical-college-abvp-dso-student-clash/11017811,,image,14,,3,https://www.reddit.com/r/kolkata/comments/1w58tgt/another_day_another_attack_by_abvp_goons/,,,,,,,False,False,471926,0,0,2026-09-02T16:49:51.875Z,raw/kolkata/2026-09/posts.jsonl#L42
kolkata,t3_1w58x5e,2026-09-02T12:27:43.944Z,Icy_Low868,Searching for chill people to connect with.... Maybe hangout during puja 🙌,"Hey there guys, all ages are welcome, drop a short intro about yourself, looking for cool people and expanding my friends circle.. and maybe we can hang out during puja Edit : I'm a guy, had to mention this because of the unimaginable numbers of DM asking if I'm a guy or girl 😑😑",,text,0,,7,https://www.reddit.com/r/kolkata/comments/1w58x5e/searching_for_chill_people_to_connect_with_maybe/,,,,,,,False,False,471926,0,26,2026-09-02T16:50:17.068Z,raw/kolkata/2026-09/posts.jsonl#L91
kolkata,t3_1w5944n,2026-09-02T12:36:28.976Z,Complete-Resource423,Ekushe Ain by Sukumar Roy,"As a child, this was a funny poem. As we grew up, we see this poem to be a brilliant piece of political satire.",,image,27,,1,https://www.reddit.com/r/kolkata/comments/1w5944n/ekushe_ain_by_sukumar_roy/,,,,,,,False,False,471926,0,26,2026-09-02T16:49:17.075Z,raw/kolkata/2026-09/posts.jsonl#L8
kolkata,t3_1w59osh,2026-09-02T13:00:41.417Z,Annonymous_7,Most expansive buffet in kolkata which is worth the money?,Budget is not an issue. Tell me the most expansive. Also don’t suggest ITC as i have already went there.,,text,0,,6,https://www.reddit.com/r/kolkata/comments/1w59osh/most_expansive_buffet_in_kolkata_which_is_worth/,,,,,,,False,False,471926,0,26,2026-09-02T16:50:44.496Z,raw/kolkata/2026-09/posts.jsonl#L122
kolkata,t3_1w59x5c,2026-09-02T13:09:50.641Z,sdatta11,ছেলের পরীক্ষা দিতে চেন্নাই যাত্রা:,"ছেলের NMTC পরীক্ষার জন্য সপরিবারে (আমি, গিন্নি আর ছেলে) চললাম চেন্নাইয়ের মাপেডু রোডে। যাওয়ার আগে ইন্টারনেটে চেন্নাইয়ের অটোওয়ালাদের নামে যা সব খতরনাক গপ্পো শুনেছিলাম, ভাবলাম ওখানে গিয়ে নির্ঘাত একটা কুরুক্ষেত্র বাঁধবে। কিন্তু মশাই, চেন্নাই যা এক্সপেরিয়েন্স দিল, সেটা একেবারে অন্য লেভেলের! শুরুতেই খেল দেখাল আমাদের করমণ্ডল এক্সপ্রেস। রাত ৯টায় চেন্নাই সেন্ট্রালে নামিয়ে দিল, ট্রেন সাড়ে তিন ঘণ্টা লেট, তার ওপর ঝমঝম করে বৃষ্টি। গুগল ম্যাপ এদিকে নেশাগ্রস্তের মতো উল্টোপাল্টা রাস্তা দেখাচ্ছে। চেন্নাই মেট্রোর সাবওয়েতে ঢুকে এক কাঁচাপাকা চুলের ভদ্রলোককে ধরলাম। আমার ভাঙাচোরা হিন্দি শুনে উনিও বেশ সুন্দর হিন্দিতেই লেফট-রাইট করে সোজা পার্ক টাউন স্টেশনের রাস্তা বুঝিয়ে দিলেন। পার্ক টাউন স্টেশনটা দেখে মনে হলো যেন আমাদের বিধাননগর স্টেশনে চলে এসেছি! ট্রেনে এক কাকু পেয়ে গেলাম, যিনি ১৯৮৮ সালে কলকাতায় এসে ২ টাকায় ভরপেট খেয়েছিলেন, সেই নস্টালজিক গল্প শোনালেন। আমি বললাম, ""কাকু, এখনও কলকাতায় ২০-৩০ টাকায় পেট ভরে খাওয়া যায়!"" আরেকজন তো বিনা পয়সার ট্যুর গাইড হয়ে গেল! অন্ধকারেই চিপক স্টেডিয়াম, মেরিনা বিচ দেখিয়ে দিল, আর বাতলে দিল কস্তুরবা নগর থেকে বেসান্ত নগর যাওয়ার ২৩C বাস। আশ্চর্যের বিষয়, চেন্নাইয়ে নেমে প্রথম যে তিনজনের সাথে কথা বললাম, তিনজনই দিব্যি হিন্দিতে কথা বলল! এরপর রাত পৌনে দশটায় বাসের ভরসা! chennai সাব-রেডিটেই শুনেছিলাম 'Chennai One' অ্যাপটার কথা। ভাই, কী জিনিস বানিয়েছে! বাসের লাইভ লোকেশন, অল্টারনেট রুট সব দেখাচ্ছে। আমাদের রাজ্য সরকার কবে যে এই জিনিস কলকাতায় আনবে কে জানে! পরের দিন সকাল ৯টায় পরীক্ষা। রেড ট্যাক্সি বুক করেছিলাম গুইন্ডি স্টেশন অব্দি। অবাক কাণ্ড, একদম টাইমে এল আর এক টাকাও বেশি চাইল না! সেখান থেকে লোকাল ট্রেনে পেরুঙ্গুলাথুর। স্টেশনের বাইরে একটা দোকানে ব্রেকফাস্ট করলাম - ৩টে ধোসা আর ৩টে ওমলেট, বিল মাত্র ১৩০ টাকা! কলকাতায় ধোসার সাথে ডিমভাজা খাওয়ার চল নেই, কিন্তু কম্বিনেশনটা ফাটাফাটি। এরপর আসল পরীক্ষা—অটো! ৫ কিলোমিটার ভাঙাচোরা রাস্তার জন্য রেডি হচ্ছিলাম দরাদরি করার জন্য। কিন্তু অটোওয়ালা চাইল মাত্র ১৫০ টাকা! আমি খুশিতে গদগদ হয়ে ২০০ টাকা দিয়ে দিলাম। ভদ্রলোক দারুণ নম্র ছিলেন। দুপুর ১২টায় পরীক্ষা শেষ। খাঁ খাঁ রোদ, অ্যাপে কোনো ক্যাব নেই। হাইওয়ের ধারে দাঁড়িয়ে যখন ভাবছি এবার কী হবে, তখন যেন ভগবান হয়ে দেখা দিল এক খাবারের দোকানের দাদা। আর হ্যাঁ, দাদাটি আদ্যোপান্ত বাঙালি! ওনার হেল্পেই একটা শেয়ার অটো ধরে উদ্ধার পেলাম। এরপর গেলাম টি-নগরে বাজার করতে। জায়গাটা পুরো আমাদের শিয়ালদার বাজারের ফটোকপি! সেখান থেকে নিয়ম করে কিছু স্টিলের বাসনপত্র কেনা হলো। পরের দিন কপালেশ্বর মন্দির। কী দারুণ শান্ত পরিবেশ, কয়েকটা বিয়েও দেখলাম আর আশেপাশে জমিয়ে খেলাম। এবার আসি খারাপ দিকে। বেসান্ত নগর (এলিয়ট) বা মেরিনা বিচ—কোনোটাই ভালো লাগেনি। প্রচুর ভিড় আর যত্রতত্র প্লাস্টিক আর নোংরা পড়ে আছে। কিন্তু সব মিলিয়ে চেন্নাইয়ের MTC বাস আর লোকাল ট্রেন সার্ভিসকে আমার তরফ থেকে একটা বিরাট স্যালুট। পেরুঙ্গুলাথুরের ওই অটোটা ছাড়া পুরো ট্যুরে একটা অটোও নিইনি। মানুষের ব্যবহার আর পাবলিক ট্রান্সপোর্ট—এই দুটো জিনিস চেন্নাইকে মন জয় করে নিতে বাধ্য করেছে! আপনাদের চেন্নাই ঘোরার বা সেখানকার পাবলিক ট্রান্সপোর্ট নিয়ে এরকম কোনো মজার অভিজ্ঞতা আছে নাকি? Read more",,text,25,,2,https://www.reddit.com/r/kolkata/comments/1w59x5c/%E0%A6%9B%E0%A6%B2%E0%A6%B0_%E0%A6%AA%E0%A6%B0%E0%A6%95%E0%A6%B7_%E0%A6%A6%E0%A6%A4_%E0%A6%9A%E0%A6%A8%E0%A6%A8%E0%A6%87_%E0%A6%AF%E0%A6%A4%E0%A6%B0/,,,,,,,False,False,471926,0,26,2026-09-02T16:49:36.286Z,raw/kolkata/2026-09/posts.jsonl#L27
kolkata,t3_1w5a0yy,2026-09-02T13:14:09.584Z,Plasmavortex0,Help. I lost my wallet in Kolkata.,"Help . I lost my wallet in Kolkata metro . It had everything in it. My voter , addhar , pan , driving license & voter card . How do I get it back . I'm from Coochbehar. Read more",,text,2,,2,https://www.reddit.com/r/kolkata/comments/1w5a0yy/help_i_lost_my_wallet_in_kolkata/,,,,,,,False,False,471926,0,25,2026-09-02T16:49:58.079Z,raw/kolkata/2026-09/posts.jsonl#L62
kolkata,t3_1w5a2le,2026-09-02T13:15:56.937Z,kuttar-baccha,"58 yr old Janmashtami celebrations in Mominpore goes Hindu only as BJP leader Rakesh Singh takes charge. According to locals, the celebration was started five decades ago by Md. Kashim, a social worker.",Source: https://www.news18.com/cities/kolkata-news/kolkatas-58-year-old-janmashtami-celebration-goes-hindu-only-what-changed-this-year-ws-l-10305943.html,,image,31,,10,https://www.reddit.com/r/kolkata/comments/1w5a2le/58_yr_old_janmashtami_celebrations_in_mominpore/,,,,,,,False,False,471926,0,25,2026-09-02T16:49:12.938Z,raw/kolkata/2026-09/posts.jsonl#L3
kolkata,t3_1w5a50b,2026-09-02T13:18:36.418Z,gobhikasalad,anyone from techno nt,"from techno international new town. need to buy drawing instruments/ whatever they asked us to get. anyone willing to sell one, DM me!",,text,1,,0,https://www.reddit.com/r/kolkata/comments/1w5a50b/anyone_from_techno_nt/,,,,,,,False,False,471926,0,26,2026-09-02T16:50:17.062Z,raw/kolkata/2026-09/posts.jsonl#L89
kolkata,t3_1w5a80l,2026-09-02T13:21:55.166Z,Billiranii,Running Track Saltlake/Newtown,Is there any good track around for running near Saltlake or Newtown. I've heard about SAI and Saltlake Stadium but I don't think they allow the general public to access them. Or is there any quota/reservation that I can avail? Any help is appreciated. TIA,,text,2,,0,https://www.reddit.com/r/kolkata/comments/1w5a80l/running_track_saltlakenewtown/,,,,,,,False,False,471926,0,25,2026-09-02T16:49:58.438Z,raw/kolkata/2026-09/posts.jsonl#L64
kolkata,t3_1w5aapa,2026-09-02T13:24:52.170Z,uWWu1005,Is it manadatory to get a NOC from Bidhannagar Municipal Corporation before selling my flat to someone? Is it a new norm?,Is it manadatory now to get a NOC from Bidhannagar Municipal Corporation before selling my flat to someone? Is it a new norm? Can anyone please confirm?,,text,2,,0,https://www.reddit.com/r/kolkata/comments/1w5aapa/is_it_manadatory_to_get_a_noc_from_bidhannagar/,,,,,,,False,False,471926,0,25,2026-09-02T16:49:55.021Z,raw/kolkata/2026-09/posts.jsonl#L56
kolkata,t3_1w5acpn,2026-09-02T13:27:00.968Z,theonlypineapple,Rainy day in Howrah Railway Station.,Share your pics of Railway station in a rainy day in comments. Read more,,image,57,,6,https://www.reddit.com/r/kolkata/comments/1w5acpn/rainy_day_in_howrah_railway_station/,,,,,,,False,False,471926,0,25,2026-09-02T16:49:35.678Z,raw/kolkata/2026-09/posts.jsonl#L26
kolkata,t3_1w5ak5r,2026-09-02T13:35:09.759Z,wt_kevin,anyone down to talk feeling a bit demotivated,idk why i am feeling a bit demotivated tai aaj kaaj e o gelam na bcz of demotivation but one thing good happened with me that i got myself a good haircut but still i am feeling low and tbh with u fellas it sucks to be alone when pujo is near ig tai jonne i am feeling depressed jani na kano pujo ashle ar happy feel kori na anyways looking for fellow bengalis to talk around Read more,,text,2,,7,https://www.reddit.com/r/kolkata/comments/1w5ak5r/anyone_down_to_talk_feeling_a_bit_demotivated/,,,,,,,False,False,471926,0,25,2026-09-02T16:50:05.454Z,raw/kolkata/2026-09/posts.jsonl#L67
kolkata,t3_1w5am3i,2026-09-02T13:37:14.600Z,Slow-Ad-2592,BOND will be made after going to the college for reverification right?,the bond and all will be made after we have reverified post reporting right?,,text,1,,1,https://www.reddit.com/r/kolkata/comments/1w5am3i/bond_will_be_made_after_going_to_the_college_for/,,,,,,,False,False,471926,0,0,2026-09-02T16:50:09.810Z,raw/kolkata/2026-09/posts.jsonl#L71
kolkata,t3_1w5aphe,2026-09-02T13:41:01.033Z,Ron_006,My wallet can finally rest. 💸,"I’ve officially caught the Snitch, ended the match, and saved myself from financial ruin by Ludo Bagman. 🧹 Even Lucius Malfoy would look at what I spent on these eggs and tell me to calm down. 🦚",,image,1,,4,https://www.reddit.com/r/kolkata/comments/1w5aphe/my_wallet_can_finally_rest/,,,,,,,False,False,471926,0,25,2026-09-02T16:49:51.411Z,raw/kolkata/2026-09/posts.jsonl#L39
kolkata,t3_1w5aqdr,2026-09-02T13:42:00.092Z,ImaginationFull5643,Group for hangouts,"We made a group for people in their 20s–30s who feel lonely or exhausted and just wanna talk, chill, have random discussions and have some fun. If you wanna join, come hangout :) Please be respectful to each other Dm if interested No spam account is allowed",,text,2,,12,https://www.reddit.com/r/kolkata/comments/1w5aqdr/group_for_hangouts/,,,,,,,False,False,471926,0,26,2026-09-02T16:49:52.030Z,raw/kolkata/2026-09/posts.jsonl#L45
kolkata,t3_1w5aqtq,2026-09-02T13:42:29.987Z,Vital-Twist4594,METAL SCREAM (ATTEMPT 2),Song- 2 faced by linkin park Og- https://youtube.com/shorts/seh9imcY9pU?si=Lx7-OPQl2U0hybVU Sikhchi...aste aste better hobe i hope,,video,6,,6,https://www.reddit.com/r/kolkata/comments/1w5aqtq/metal_scream_attempt_2/,,,,,,,False,False,471926,0,26,2026-09-02T16:49:52.061Z,raw/kolkata/2026-09/posts.jsonl#L46
kolkata,t3_1w5b4fm,2026-09-02T13:57:12.935Z,senorittaaaa,Trd singing this beautiful Bengali song - Ki kore Bolbo Tomaye 🎶✨,I was very excited 🥹 and impatient to sing this nd didn't put much effort into learning the pronunciation...Kindly excuse the mistakes :') not a native. Read more,,video,18,,15,https://www.reddit.com/r/kolkata/comments/1w5b4fm/trd_singing_this_beautiful_bengali_song_ki_kore/,,,,,,,False,False,471926,0,26,2026-09-02T16:49:36.494Z,raw/kolkata/2026-09/posts.jsonl#L31
kolkata,t3_1w5b5n7,2026-09-02T13:58:30.599Z,Slight_Temporary1257,Need home decoration recommendations from Kolkata!,"Hello everyone, I will have exactly two days (in the month of November, before Kali Pujo) to go around shopping for knick knacks from Kolkata 💃 To give you some examples of stuff that's in my bucket list already: Dokra figurines Small kantha work/patachitra paintings to frame Colourful pillow covers with Bengali/Indian stitchwork/print/painting.... (I was thinking Fabindia) If you follow my drift, I am looking to brighten up my space, which currently looks a little IKEAish because I live in Germany - the options are VERY limited, and doesn't satisfy my 'Ruchi'. I am on the threshold of an emotional Bangali meltdown. Since I am not native to Kolkata, I would appreciate your suggestions with locations, or name of the shop . Also, if you've thought up a whimsy or non-mainstream idea, hit me with it ❤️ ✍️(◔◡◔) Dhonnobaad in advance! Read more",,text,4,,4,https://www.reddit.com/r/kolkata/comments/1w5b5n7/need_home_decoration_recommendations_from_kolkata/,,,,,,,False,False,471926,0,26,2026-09-02T16:49:33.530Z,raw/kolkata/2026-09/posts.jsonl#L25
kolkata,t3_1w5bf95,2026-09-02T14:08:15.123Z,MostVoice9216,Downtown Mall vs SP Sukhobrishti-Help me choose,I'm planning to invest in a cake shop of a Very Reputed Brand. The same cake shop has brand in Newtown Downtown mall & near Indian Oil petrol pump of Shapoorji Pallonji Sukhobrishti. Which one will be better to Invest in. How can be the sales I can Expect in these 2? PLS HELP...😭,,text,1,,7,https://www.reddit.com/r/kolkata/comments/1w5bf95/downtown_mall_vs_sp_sukhobrishtihelp_me_choose/,,,,,,,False,False,471926,0,26,2026-09-02T16:50:55.041Z,raw/kolkata/2026-09/posts.jsonl#L131
kolkata,t3_1w5bgxn,2026-09-02T14:10:06.829Z,totallynotabot_95,Cab strike from 6am to 6pm on 3rd September,"There is a strike called by various Cab driver's unions tomorrow. Last time a lot of people faced difficulties getting around. Hence posted this, if it helps anyone in making prior arrangements. Read more",,link,2,,5,https://www.reddit.com/r/kolkata/comments/1w5bgxn/cab_strike_from_6am_to_6pm_on_3rd_september/,https://www.sangbadpratidin.in/kolkata/taxi-app-cab-bike-taxi-drivers-have-called-for-a-12-hour-strike/pid/1311242/,www.sangbadpratidin.in,,,,,False,False,471926,0,26,2026-09-02T16:50:58.395Z,raw/kolkata/2026-09/posts.jsonl#L136
kolkata,t3_1w5bvhz,2026-09-02T14:25:11.296Z,Consistent_Ruin8175,Beware of social media influencers who are grooming young bengali boys to hate their women,"I was coming from office by metro today and a 14-15 year old boy was sitting beside me watching some video at a volume that I could also hear it. The youtuber was showing clips of street interviews where either bengali women are saying they prefer men from North Indian states like UP or hariyana or they were talking about how bengali men only get partners because bengali women are forced to marry them due to common culture. Then the youtuber goes on to say this is because how bengali men allow their women too much freedom thus the bengali women grow up to despise their men while craving for more patriarchal misogynistic men. I was so shocked that the young kid was consuming such type of videos. The youtuber goes on to say if bengali men want to be even considered by their women, they must emulate the toxic patriarchal north indian cultures. I wanted to tell him how he was actually being wrongly influenced but when I saw him like the video, I thought it would create a scene in the metro if I told him anything at all. Please refrain your younger brothers and sons from being influenced by such online content and monitor what they are watching online.",,text,14,,6,https://www.reddit.com/r/kolkata/comments/1w5bvhz/beware_of_social_media_influencers_who_are/,,,,,,,False,False,471926,0,0,2026-09-02T16:49:16.873Z,raw/kolkata/2026-09/posts.jsonl#L7
kolkata,t3_1w5bvwt,2026-09-02T14:25:35.145Z,Striking-Increase377,Let’s Connect Over the Things We Love,"I’ve always believed that the best connections start with shared interests and good conversations. 😊 I’m into good music, great food, travelling to new places, late-night conversations, movies, exploring hidden gems around the city, and learning something new whenever I get the chance. I’d love to connect with people who have their own passions, stories, and interests whether we have the same hobbies or completely different ones. So, let’s start with something simple: what’s one hobby or interest you could talk about for hours without getting bored? Maybe we’ll discover we have more in common than we expected.",,text,3,,11,https://www.reddit.com/r/kolkata/comments/1w5bvwt/lets_connect_over_the_things_we_love/,,,,,,,False,False,471926,0,25,2026-09-02T16:49:42.097Z,raw/kolkata/2026-09/posts.jsonl#L36
kolkata,t3_1w5c31j,2026-09-02T14:32:59.088Z,Sad_Nobody_2185,Need help managing college (BWU) and side project,"Hey Guys, I'm currently studying Multimedia and Animation at Brainware University (Barasat). I'm trying to manage my schedule to build a solid portfolio over the next year or two, as my current main goal is to become an indie animator. I need some opinion coz it's getting hard for me to manage my attendance and focusing on the animaion I am working I was planning to skip a few days to get some time for animation but idk how strict the attendance is, because I am still learning I am kinda slow animator but not beginner It would be really nice if any senior gave me their opinion or advice. Thank you. (Also i wanna mention I took admission in that college only for the degree and maybe learn some advanced stuffs)",,text,1,,1,https://www.reddit.com/r/kolkata/comments/1w5c31j/need_help_managing_college_bwu_and_side_project/,,,,,,,False,False,471926,0,26,2026-09-02T16:49:54.779Z,raw/kolkata/2026-09/posts.jsonl#L55
kolkata,t3_1w5cefn,2026-09-02T14:45:21.893Z,WorthlessAlter,I think I chose the wrong college,"Hey. For context, I’m a 21F studying at, well, a govt college in Kolkata, and honestly, I sometimes really regret taking admission here :( I don’t want to put anyone down, but I feel like the environment here is just very different from what I’m used to, and I struggle so much to find people I genuinely connect with or share interests with. Most of the people I knew from school are now in good private colleges and seem to have their people, going out, partying, hanging around, discussing their interests, making memories, etc. And I’m genuinely happy for them, but seeing all of that on Instagram while my own college life feels so dull and lonely really fucking hurts sometimes. The funny thing is, I don’t even like parties!! I don’t want that exact lifestyle. I just want to have my people and actually feel like I’m having a college experience. Maybe it’s just the difference in environments, but sometimes I really feel like I chose the wrong college. Not looking for advice, just needed to rant 😭",,text,27,,51,https://www.reddit.com/r/kolkata/comments/1w5cefn/i_think_i_chose_the_wrong_college/,,,,,,,False,False,471926,0,25,2026-09-02T16:49:12.624Z,raw/kolkata/2026-09/posts.jsonl#L1
kolkata,t3_1w5cn14,2026-09-02T14:54:05.911Z,Opening-Cup1019,"For those in relationships with strict Indian parents, how did your parents find out?","Being in a relationship while living in a strict Indian household can be tough, especially when it’s your first relationship. As a girl, I’m always worried about how my parents would react if they ever found out. So, to everyone who has been through this how did your parents find out about your relationship, and what was their reaction? Did things turn out better or worse than you expected?",,text,1,,7,https://www.reddit.com/r/kolkata/comments/1w5cn14/for_those_in_relationships_with_strict_indian/,,,,,,,False,False,471926,0,25,2026-09-02T16:50:16.670Z,raw/kolkata/2026-09/posts.jsonl#L87
kolkata,t3_1w5con9,2026-09-02T14:55:42.777Z,Hungry-Act1020,digicams in kolkata,so recently im seeing these people selling second hand digicams in esplanade ....the thing is i waana get one ....anyone here has any idea where to find a genuine shop i can get a vintage digicam like the sony cyber shot or nikon coolpix and what should be my budget ....my budget is around 2k for a preowned camera Read more,,text,1,,0,https://www.reddit.com/r/kolkata/comments/1w5con9/digicams_in_kolkata/,,,,,,,False,False,471926,0,26,2026-09-02T16:50:14.301Z,raw/kolkata/2026-09/posts.jsonl#L83
kolkata,t3_1w5cum8,2026-09-02T15:01:34.508Z,uddipta,Business idea - boat houses,"By now we've all seen that Kolkata jol er tolay dube jabey at some point in the future, as per the UN report. I have decided it is probably a good time to start a boat house business. Can start with doing 1-2 day travels around Sundarbans, into and back from the sea, and Hooghly river around the bridge to the port area downstream and back. Eventually we will get funds from the success of the tourism business and funnel it into full fledged stationary boat houses. There will be no lack of customers because of nostalgia they want to keep they family land and so on. So I have all the pricing power. You can build it over your existing plot, so you don't have to worry about ancestral land. It will be anchored to your submerged house. Scuba diving and treasure hunting gear will also be available at this stage to collect all your belongings. New kinds of tourism will be unlocked at this stage as well - underwater visits of Victoria memorial, museums, art galleries and theatres. If you cannot complete the tours before the oxygen runs out, well you signed a waiver and we aren't responsible. Once this model succeeds in Kolkata, we will expand to pan indian coastal cities such as Mumbai, Kochi, Chennai and Mangalore. And from boat houses branch into boat villas and boat offices, great water facing views for work from home scenarios. Boat skyscrapers will also be unlocked but not till the next century. Please suggest any other improvements I can incorporate, or suggestions that you would like as a customer. Currently I am taking no criticism and negative feedback. Another idea i have is an underwater city, but that's for another day. Read more",,text,1,,0,https://www.reddit.com/r/kolkata/comments/1w5cum8/business_idea_boat_houses/,,,,,,,False,False,471926,0,26,2026-09-02T16:49:51.269Z,raw/kolkata/2026-09/posts.jsonl#L38
kolkata,t3_1w5czqh,2026-09-02T15:06:35.602Z,BengalRevanchist,"After SIR axe, ailing daily wage earner denied free foodgrain in Bengal's North 24-Parganas",,,link,12,,6,https://www.reddit.com/r/kolkata/comments/1w5czqh/after_sir_axe_ailing_daily_wage_earner_denied/,https://www.telegraphindia.com/west-bengal/after-sir-axe-ailing-daily-wager-denied-free-foodgrain-in-bengals-north-24-parganas-prnt/cid/2177883,www.telegraphindia.com,,,,,False,False,471926,0,25,2026-09-02T16:49:29.237Z,raw/kolkata/2026-09/posts.jsonl#L19
kolkata,t3_1w5d5c3,2026-09-02T15:12:21.933Z,izzah_vl,Kitten for Adoption!,,,image,2,,0,https://www.reddit.com/r/kolkata/comments/1w5d5c3/kitten_for_adoption/,,,,,,,False,False,471926,0,26,2026-09-02T16:49:53.575Z,raw/kolkata/2026-09/posts.jsonl#L53
kolkata,t3_1w5d5wx,2026-09-02T15:12:56.089Z,neetard_26,ALL KOLKATA GMC PEEPS,"anyone studying in Kolkata Gmc , do you want to be in a group , sab koi kolkata gmcs ke so that it could be easier for us to communicate or stuff",,image,11,,11,https://www.reddit.com/r/kolkata/comments/1w5d5wx/all_kolkata_gmc_peeps/,,,,,,,False,False,471926,0,26,2026-09-02T16:49:14.880Z,raw/kolkata/2026-09/posts.jsonl#L5
kolkata,t3_1w5d82b,2026-09-02T15:15:04.170Z,mstayoo,ACCOUNT HACKED🥀same city💔💔,"SO LAST WEEK DURING EVENING WHEN I WAS ON MY PHONE A NOTIFICATION COMES THAT SOMEONE IS TRYING TO LOGGIN INTO MY GOOGLE ACCOUNT I DECLINE THAT AND SELECT ""NO"" then again it comes. Then again I select ""no"" It comes consecutively 6 times. And I select no I was so freaked out who was trying to loggin. And in the notification it showed ""DEVICE - WINDOWS CITY- KOLKATA"" And someone can loggin into the Google account only If they know the phone number Or email id.. But why was someone giving 6 times notification. For next 3 days even though I clicked on ""no""",,text,1,,0,https://www.reddit.com/r/kolkata/comments/1w5d82b/account_hackedsame_city/,,,,,,,False,False,471926,0,26,2026-09-02T16:50:10.487Z,raw/kolkata/2026-09/posts.jsonl#L76
kolkata,t3_1w5d83q,2026-09-02T15:15:06.082Z,Southern_Trifle_7256,Trans community nuisance near Victoria memorial,"Every time I visit the Victoria Memorial and the dharamtala stretch, I get extremely annoyed with the trans people begging harassing people for money. If you refuse them they start cursing and cussing you. And you wouldn’t want to mess with them. Even if you agree to give them money to them, in the next few steps there is another batch waiting to loot. As a localite I feel so unsafe every time I walk past those streets. Why isn’t the police doing anything?",,text,23,,14,https://www.reddit.com/r/kolkata/comments/1w5d83q/trans_community_nuisance_near_victoria_memorial/,,,,,,,False,False,471926,0,25,2026-09-02T16:49:29.232Z,raw/kolkata/2026-09/posts.jsonl#L17
kolkata,t3_1w5dh4a,2026-09-02T15:24:04.478Z,neel71127,Looking for gamers,"Hello, I'm looking for people who play multiplayer games ( cross play) i game on a console so anyone who wants to tagalog is welcomed Read more",,text,1,,0,https://www.reddit.com/r/kolkata/comments/1w5dh4a/looking_for_gamers/,,,,,,,False,False,471926,0,26,2026-09-02T16:50:11.180Z,raw/kolkata/2026-09/posts.jsonl#L78
kolkata,t3_1w5e1b9,2026-09-02T15:44:14.614Z,idkmanfuc,Batman Spotted in Kolkata 🦇,,,video,100,,30,https://www.reddit.com/r/kolkata/comments/1w5e1b9/batman_spotted_in_kolkata/,,,,,,,False,False,471926,0,26,2026-09-02T16:49:12.936Z,raw/kolkata/2026-09/posts.jsonl#L2
kolkata,t3_1w5e48u,2026-09-02T15:47:13.240Z,Ok_Requirement_8936,Loneliness,"Hi, I just seeing everyone is having loneliness, boredom, they have no one to talk or share their trauma or feelings. I am also faced something like that. So if anyone want to tell their stories, trauma anything because move on is the best thing....no one judge nobody. And also you can share some funny stories so we can laugh together.",,text,2,,1,https://www.reddit.com/r/kolkata/comments/1w5e48u/loneliness/,,,,,,,False,False,471926,0,26,2026-09-02T16:50:14.042Z,raw/kolkata/2026-09/posts.jsonl#L81
kolkata,t3_1w5e4dd,2026-09-02T15:47:21.952Z,Life_Highlight_2577,Title: Would a tiny home-based storage / parcel-holding service actually work?,"I’ve been thinking about a very small side business and I’m trying to figure out whether this is actually viable or just sounds good in my head. I’m in Kolkata/New Town and I have access to a 1BHK that I share with a roommate. I obviously can't turn the whole place into a warehouse, but I have some otherwise-unused storage space, mainly under-bed space and above-shelf/wardrobe space. My idea is to monetize that space as small-item / parcel storage, rather than trying to compete with traditional warehouses. The basic concept: - Only carton/parcel-sized items, with strict size and weight limits - No furniture, appliances, perishables, hazardous/illegal items, etc. - Customer can store something for 1–2 days, a week, 15 days, or longer - Pricing would depend on both size and storage duration - For example, something small might cost around ₹30 for 1–2 days, ₹120 for 5–7 days, ₹300 for 15 days, with larger items costing more - I would photograph the parcel when received - Record date/time, customer details, item/storage ID and location digitally - Record the release/handover as well - Potentially offer packing, returns and dispatch handling later So instead of just: “I'll keep your box.” the service would be more like: Receive → photograph → record → store → retrieve → documented handover I'm particularly interested in the short-term use case. Someone might not need a warehouse at all—they just need somewhere to keep a parcel for 2–7 days. There are already storage and 3PL businesses, so I'm wondering whether a hyperlocal, very small-scale version has any real demand. I wouldn't be investing much initially. The idea would basically be to test demand first using the existing space, internet, WhatsApp, spreadsheets, etc. I'm looking for brutally honest opinions: Would you actually pay for something like this? What would make you trust it enough to leave your belongings there? And from a business perspective, what obvious problem am I overlooking? Not looking for “great idea bro” comments 😅 — I'd genuinely prefer people pointing out why this wouldn't work.",,text,1,,1,https://www.reddit.com/r/kolkata/comments/1w5e4dd/title_would_a_tiny_homebased_storage/,,,,,,,False,False,471926,0,26,2026-09-02T16:50:19.409Z,raw/kolkata/2026-09/posts.jsonl#L99
kolkata,t3_1w5el6x,2026-09-02T16:04:20.083Z,BoundbyChoice,Is anyone following Bigboss Bangla?,"Idk why but sorkar bodlanor por r kichu paltak chai na paltak, banglar reality show toh puro palte geche. Dadagiri te Dev... O Bangla e FLUENTLY kotha o bolte parena. Eta bhalo koreche je o onek taratari bujhe geche je r o ke cinema te keu nebe na ba bangla chobi aager moton cholbe na, tai TV te chole esheche. Edik diye dekhte gele kintu besh buddhiman Dev. Bigboss e Sourav Ganguly... Seriously? Minmina ekta lok. Salman Khan kothaye r kothaye Sourav Ganguly. Je se lok Bigboss atleast host korte parena. Host needs to have some aura, ekta personality thakbe, contestant will abide by the Host, he/she needs to be blunt. E lok toh kotha e chibiye chibiye, chokh pitpit korte korte bole. P.S - no hate towards the host, but definitely towards the makers of these shows. Read more",,text,0,,3,https://www.reddit.com/r/kolkata/comments/1w5el6x/is_anyone_following_bigboss_bangla/,,,,,,,False,False,471926,0,26,2026-09-02T16:50:18.597Z,raw/kolkata/2026-09/posts.jsonl#L96
kolkata,t3_1w5eqy8,2026-09-02T16:10:08.774Z,cathelog,Need friends,"I'm new in ccu need some friends to help me show around and talk to. I have just recently moved to kolkata and it's kind of isolating. I've noticed guys being able to make friends easily and get close but I've failed to find friends interested in going out together. I'll be really interested to find people to hang out w and talk to I'm 19, bcom major first sem, I like art and designing. Not much of an extrovert. I like exploring different forms of art. I'm either in or know about almost every fandom there is so i can have anything to talk about with you. Not much of a happy go person but i can be fun sometimes ig. I'm only looking for female friends btw",,text,0,,4,https://www.reddit.com/r/kolkata/comments/1w5eqy8/need_friends/,,,,,,,False,False,471926,0,26,2026-09-02T16:50:20.270Z,raw/kolkata/2026-09/posts.jsonl#L101
kolkata,t3_1w5erxo,2026-09-02T16:11:06.300Z,Jelly_ball67,Is Snu good for bsc?,I want to join the statistics department of snu. Can anyone from the department tell me about the department and faculty and is it worth it to shift from cu to snu? Read more,,text,2,,1,https://www.reddit.com/r/kolkata/comments/1w5erxo/is_snu_good_for_bsc/,,,,,,,False,False,471926,0,25,2026-09-02T16:49:52.067Z,raw/kolkata/2026-09/posts.jsonl#L47
kolkata,t3_1w5f3jm,2026-09-02T16:22:36.080Z,Adventurous-Yak5657,দেখো কাণ্ড,"WB-এর চাড্ডি নিউজ চ্যানেলের বর্তমান হাল, creating problems in delulu minds & protesting against it Link - http://youtube.com/post/UgkxkyuVFFvO6nfGlYlwB7e1Gy444TB_btHy Read more",,image,24,,23,https://www.reddit.com/r/kolkata/comments/1w5f3jm/%E0%A6%A6%E0%A6%96_%E0%A6%95%E0%A6%A3%E0%A6%A1/,,,,,,,False,False,471926,0,25,2026-09-02T16:49:36.493Z,raw/kolkata/2026-09/posts.jsonl#L30
kolkata,t3_1w5f5wq,2026-09-02T16:25:03.034Z,MoneyPop9497,To watch enthusiasts,Where can I check out Hamilton and Bulova watches in Kolkata? Read more,,image,0,,0,https://www.reddit.com/r/kolkata/comments/1w5f5wq/to_watch_enthusiasts/,,,,,,,False,False,471926,0,26,2026-09-02T16:49:53.494Z,raw/kolkata/2026-09/posts.jsonl#L52
kolkata,t3_1w5f6b3,2026-09-02T16:25:25.937Z,Every-Bug-4778,Wildlife commonly found around the parts of Kolkata,,,image,3,,4,https://www.reddit.com/r/kolkata/comments/1w5f6b3/wildlife_commonly_found_around_the_parts_of/,,,,,,,False,False,471926,0,26,2026-09-02T16:49:27.608Z,raw/kolkata/2026-09/posts.jsonl#L13
kolkata,t3_1w5f6zr,2026-09-02T16:26:04.712Z,simplesobergal,UPDATE: Kolkata vs Mumbai passport experience — another data point,"Previous post: https://www.reddit.com/r/kolkata/s/WKWsXkNBNO Okay, quick update to my previous post. Remember the friend from Mumbai I mentioned? His police verification happened toda****y . He went to the police station, completed everything in around 10–15 minutes, and was asked for zero unofficial money. And then, by the evening, he received the message that his passport had been dispatched. Just to clarify again: all the cases I'm comparing are regular passport re-issues. None of them were Tatkal. Now compare that with our Kolkata experience. My parents' passports took around 5–6 working days after police verification to be dispatched, while mine took around 10 working days . So the difference is honestly quite stark. I'm not saying every Mumbai application gets dispatched the same day or every Kolkata application takes 10 days. Obviously, individual cases vary. But this is exactly why I made the previous post. These aren't hypothetical examples — these are actual experiences happening around the same time. And to everyone who commented on my previous post saying these things don't happen in Kolkata or that I'm exaggerating: maybe it didn't happen to you. It happened to us. I also hope efforts are made to reduce these regional disparities and bring more consistency and equality to passport services across India, especially between the eastern and western coasts. TLDR: My Mumbai friend's regular passport re-issue was police-verified today in ~10–15 minutes, with ₹0 unofficial payment, and his passport was dispatched the same evening. Our Kolkata re-issues took ~5–6 working days for my parents and ~10 working days for me after police verification. Same process, very different experience. Read more",,text,3,,2,https://www.reddit.com/r/kolkata/comments/1w5f6zr/update_kolkata_vs_mumbai_passport_experience/,,,,,,,False,False,471926,0,26,2026-09-02T16:49:28.313Z,raw/kolkata/2026-09/posts.jsonl#L14
kolkata,t3_1w5f75f,2026-09-02T16:26:14.702Z,gravity_fleshlight,"Whats going on with all the raids across hotels and restaurants in city? From fake paneer, industry grade chemicals used to colour biryani , rotten meat, fishes to use of adulterated spices and oils for cooking. And these are not only road side stalls but also big restaurants and food courts in mall","ja dekchi , mone hoy ghorer bhat dal roti is the best .",,text,5,,3,https://www.reddit.com/r/kolkata/comments/1w5f75f/whats_going_on_with_all_the_raids_across_hotels/,,,,,,,False,False,471926,0,26,2026-09-02T16:49:58.080Z,raw/kolkata/2026-09/posts.jsonl#L63
kolkata,t3_1w5f9rg,2026-09-02T16:28:48.578Z,bossReader007,HRX’s merchandise is surprisingly good quality,Has anyone here bought HRX products especially their sportswear? I feel like it’s almost the same compared to brands like Puma or Adidas. I’ve ordered many products from these big brands and I can’t find much difference when the prices are compared. Maybe they’re deliberately keeping their product quality lower for India’s price sensitive market. What’s your take guys?,,text,2,,3,https://www.reddit.com/r/kolkata/comments/1w5f9rg/hrxs_merchandise_is_surprisingly_good_quality/,,,,,,,False,False,471926,0,0,2026-09-02T16:50:09.646Z,raw/kolkata/2026-09/posts.jsonl#L69
kolkata,t3_1w5f9rl,2026-09-02T16:28:48.700Z,babarig420,Looking for a landscape architect,Looking for a landscape architect based in kolkata for a freelance job. If interested please dm. Read more,,text,1,,0,https://www.reddit.com/r/kolkata/comments/1w5f9rl/looking_for_a_landscape_architect/,,,,,,,False,False,471926,0,26,2026-09-02T16:49:55.822Z,raw/kolkata/2026-09/posts.jsonl#L57
kolkata,t3_1w5fl12,2026-09-02T16:40:02.086Z,Middle_Layer_4860,Need a good gastroenterologist suggestion,"Here are some criteria Should be well behaved and have patience to hear Available any time for booking I want a gastroenterologist for my mother for treatment of ulcer, post ulcer dyspepsia or ibd type symptoms Thank you And it would be better if doctor location is near sealdah station, as i travel via train (optional)",,text,2,,1,https://www.reddit.com/r/kolkata/comments/1w5fl12/need_a_good_gastroenterologist_suggestion/,,,,,,,False,False,471926,0,26,2026-09-02T16:49:36.643Z,raw/kolkata/2026-09/posts.jsonl#L33
kolkata,t3_1w5fq1g,2026-09-02T16:44:58.331Z,Active-Comedian-4475,What else skills to learn to end up with a job after graduation?,I am learning excel and advance excel.... Idk how to and where to improve more as a fresher... Am doing a bsc eco degree from cu :) Can anyone please help me out- Read more,,text,1,,1,https://www.reddit.com/r/kolkata/comments/1w5fq1g/what_else_skills_to_learn_to_end_up_with_a_job/,,,,,,,False,False,471926,0,26,2026-09-02T16:49:52.372Z,raw/kolkata/2026-09/posts.jsonl#L50
kolkata,t3_1w5fwzl,2026-09-02T16:51:42.768Z,MastodonAccurate9124,What is the route to Ishwar Chandra Vidyasagar's house,Same as title,,text,2,,3,https://www.reddit.com/r/kolkata/comments/1w5fwzl/what_is_the_route_to_ishwar_chandra_vidyasagars/,,,,,,,False,False,472013,0,26,2026-09-03T06:59:44.891Z,raw/kolkata/2026-09/posts.jsonl#L292
kolkata,t3_1w5g1qa,2026-09-02T16:56:15.676Z,Active-Comedian-4475,Looking for a therapist or someone genuine to just to talk :),If anyone knows then please reach out :) Read more,,text,2,,6,https://www.reddit.com/r/kolkata/comments/1w5g1qa/looking_for_a_therapist_or_someone_genuine_to/,,,,,,,False,False,472013,0,26,2026-09-03T06:59:38.711Z,raw/kolkata/2026-09/posts.jsonl#L290
kolkata,t3_1w5gfo4,2026-09-02T17:09:39.001Z,Greendica,I got this when I opened the new pack,Michri te poka r dead body fossil hoye geche,,image,21,,15,https://www.reddit.com/r/kolkata/comments/1w5gfo4/i_got_this_when_i_opened_the_new_pack/,,,,,,,False,False,472013,0,26,2026-09-03T07:01:22.201Z,raw/kolkata/2026-09/posts.jsonl#L305
kolkata,t3_1w5gkji,2026-09-02T17:14:10.607Z,shabnam54,Bsc(hons) agriculture,Is doing bsc(hons) agriculture from private university worth it?,,text,2,,8,https://www.reddit.com/r/kolkata/comments/1w5gkji/bschons_agriculture/,,,,,,,False,False,472013,0,26,2026-09-03T06:59:27.686Z,raw/kolkata/2026-09/posts.jsonl#L289
kolkata,t3_1w5gskm,2026-09-02T17:21:43.099Z,ryu1_,Chill?,Looking to a chill out meet talk about random hobbies & have some drinks and have a great time Read more,,text,0,,1,https://www.reddit.com/r/kolkata/comments/1w5gskm/chill/,,,,,,,False,False,472013,0,26,2026-09-03T06:59:50.482Z,raw/kolkata/2026-09/posts.jsonl#L295
kolkata,t3_1w5gyec,2026-09-02T17:27:16.284Z,oldmonk_100,Stranger photography went wrong 😅 source insta,,,video,24,,6,https://www.reddit.com/r/kolkata/comments/1w5gyec/stranger_photography_went_wrong_source_insta/,,,,,,,False,False,472013,0,26,2026-09-03T07:01:11.819Z,raw/kolkata/2026-09/posts.jsonl#L303
kolkata,t3_1w5gzj9,2026-09-02T17:28:24.908Z,neko_san55,Jamun’s fav spot🍃🌻🎀,,,image,194,,19,https://www.reddit.com/r/kolkata/comments/1w5gzj9/jamuns_fav_spot/,,,,,,,False,False,472013,0,26,2026-09-03T06:58:10.666Z,raw/kolkata/2026-09/posts.jsonl#L256
kolkata,t3_1w5h2zm,2026-09-02T17:31:46.601Z,DistanceFast5193,Pujo shopping status 0% anyone else or just me? T_T,Sobai shopping sesh kore reel banachhe and I haven't even decided if I have the energy to face new market er bhir every time someone asks koto gulo holo? Kanna peye jay kono plan nei kono jama nei 😭 Also girlies if you have any good crop top or short kurti recommendations please drop the links in the comments😭 Read more,,image,32,,37,https://www.reddit.com/r/kolkata/comments/1w5h2zm/pujo_shopping_status_0_anyone_else_or_just_me_t_t/,,,,,,,False,False,472013,0,26,2026-09-03T06:58:25.685Z,raw/kolkata/2026-09/posts.jsonl#L260
kolkata,t3_1w5h5qf,2026-09-02T17:34:25.282Z,ScholarQueasy9728,Calculator selling,Im selling my ba ii calculator if anyone is interested in buying let me know dm plz,,text,1,,0,https://www.reddit.com/r/kolkata/comments/1w5h5qf/calculator_selling/,,,,,,,False,False,472013,0,0,2026-09-03T07:00:12.060Z,raw/kolkata/2026-09/posts.jsonl#L297
kolkata,t3_1w5he01,2026-09-02T17:42:21.317Z,theunluckydeku,Illegal construction | Lawyer Help Needed,So I live in a ward whose councillor is BJP and the spouse of the councillor is one of the 4 developers. It's a G+5 building and they have built 2 additional units on the roof. When asked for municipal sanctioned plan or approval they simply denied. If someone could guide on the next legal steps Like an RTI(incognito preferably) or something It bothers me that they act with such impunity... I have tried calling the helpline number provided by the WB govt(bjp) It doesn't work I have tried emailing them No response,,text,3,,1,https://www.reddit.com/r/kolkata/comments/1w5he01/illegal_construction_lawyer_help_needed/,,,,,,,False,False,472013,0,26,2026-09-03T06:59:04.875Z,raw/kolkata/2026-09/posts.jsonl#L274
kolkata,t3_1w5hg38,2026-09-02T17:44:24.562Z,cosmicguy192098,মেঘলা বিকেলের অল্প আলোয় এই শহরটা কেমন যেন একটা মনখারাপের আস্তরণে ঢেকে যায়।,,,image,60,,6,https://www.reddit.com/r/kolkata/comments/1w5hg38/%E0%A6%AE%E0%A6%98%E0%A6%B2_%E0%A6%AC%E0%A6%95%E0%A6%B2%E0%A6%B0_%E0%A6%85%E0%A6%B2%E0%A6%AA_%E0%A6%86%E0%A6%B2%E0%A7%9F_%E0%A6%8F%E0%A6%87_%E0%A6%B6%E0%A6%B9%E0%A6%B0%E0%A6%9F_%E0%A6%95%E0%A6%AE%E0%A6%A8_%E0%A6%AF%E0%A6%A8_%E0%A6%8F%E0%A6%95%E0%A6%9F_%E0%A6%AE%E0%A6%A8%E0%A6%96%E0%A6%B0%E0%A6%AA%E0%A6%B0_%E0%A6%86%E0%A6%B8%E0%A6%A4%E0%A6%B0%E0%A6%A3/,,,,,,,False,False,472013,0,26,2026-09-03T06:57:51.978Z,raw/kolkata/2026-09/posts.jsonl#L248
kolkata,t3_1w5hh4o,2026-09-02T17:45:24.612Z,_ubermensch_king,Land registration office,কেউ বলতে পারবেন পূজা এর পর কবে রেজিস্ট্রি অফিস খুলবে??,,text,2,,1,https://www.reddit.com/r/kolkata/comments/1w5hh4o/land_registration_office/,,,,,,,False,False,472013,0,0,2026-09-03T06:59:58.068Z,raw/kolkata/2026-09/posts.jsonl#L296
kolkata,t3_1w5hu8s,2026-09-02T17:58:17.894Z,Such_Ground1666,Searching for meat shops,"I already commented in one post but trying my luck again does anybody here know about any buff sources , the shop I used to go to near sealdah is closed for many days and idk any more Read more",,text,1,,1,https://www.reddit.com/r/kolkata/comments/1w5hu8s/searching_for_meat_shops/,,,,,,,False,False,472013,0,25,2026-09-03T06:59:25.668Z,raw/kolkata/2026-09/posts.jsonl#L283
kolkata,t3_1w5iwx2,2026-09-02T18:35:53.882Z,Beautiful-Object-467,Folks what's your favourite anime of all time ?,Mine is Ao Haru Ride,,text,15,,88,https://www.reddit.com/r/kolkata/comments/1w5iwx2/folks_whats_your_favourite_anime_of_all_time/,,,,,,,False,False,472013,0,26,2026-09-03T06:58:35.780Z,raw/kolkata/2026-09/posts.jsonl#L264
kolkata,t3_1w5j9te,2026-09-02T18:48:02.388Z,ScaleOverall7886,Where is the residence of Danesh Sheikh?,"The residence of Danesh Sheikh, the deceased Jaminder under Andul Raj Bati at Danesh Sheikh Lane, Sibpur, Howrah. It is the last sign of his estate. His successors are still reside here. Does anyone know about this house of zamindar Danesh Sheikh after whom Danesh Sheikh Lane is named? It seems to be a historic one that lost legacy over time. If anyone know anything about this zamindar, then please let me know. Photography by Biswarup Ganguly Credits: First Photo Second Photo Third Photo Fourth Photo Read more",,image,12,,0,https://www.reddit.com/r/kolkata/comments/1w5j9te/where_is_the_residence_of_danesh_sheikh/,,,,,,,False,False,472013,0,0,2026-09-03T07:00:16.719Z,raw/kolkata/2026-09/posts.jsonl#L298
kolkata,t3_1w5jt6q,2026-09-02T19:06:34.635Z,health-freak07,Scary 😶‍🌫️,"Recession , Pandemic , War এবার এটাই দেখা বাকি ছিল 😶‍🌫️ Read more",,text,1,,3,https://www.reddit.com/r/kolkata/comments/1w5jt6q/scary/,,,,,,,False,False,472013,0,25,2026-09-03T06:59:27.660Z,raw/kolkata/2026-09/posts.jsonl#L287
kolkata,t3_1w5jzox,2026-09-02T19:12:58.062Z,Pitiful-Ad8859,a day out,well I'll be in ccu from 16th sept to 18th so kinda looking for people to hang out w and go out for drinks(also okay w dates /I can pay or split) <3 hmu if anyone is interested (f18),,text,3,,14,https://www.reddit.com/r/kolkata/comments/1w5jzox/a_day_out/,,,,,,,False,False,472013,0,26,2026-09-03T06:59:24.653Z,raw/kolkata/2026-09/posts.jsonl#L282
kolkata,t3_1w5k467,2026-09-02T19:17:14.762Z,Quasi_fluid72,Serenity and Kolkata doesn't go hand in hand,Coming from a city where mountains are clearly visible from my room to settling here in Kolkata filled mostly with buildings..... it's not easy to find comfort here in the environment,,image,33,,24,https://www.reddit.com/r/kolkata/comments/1w5k467/serenity_and_kolkata_doesnt_go_hand_in_hand/,,,,,,,False,False,472013,0,0,2026-09-03T06:58:17.680Z,raw/kolkata/2026-09/posts.jsonl#L258
kolkata,t3_1w5ks9j,2026-09-02T19:40:49.348Z,Hells_Grave,Uber Add stop working?,Yesterday I was trying to book an uber and wanted to add a stop so that I could drop someone off too and like I tried searching for that option or anything close to it but never saw any. Is this a region based thing? Also can I like ask the driver to drop that person like that person is on the same route as me and that way we'd be saving money too.,,text,3,,1,https://www.reddit.com/r/kolkata/comments/1w5ks9j/uber_add_stop_working/,,,,,,,False,False,472013,0,26,2026-09-03T06:59:13.679Z,raw/kolkata/2026-09/posts.jsonl#L280
kolkata,t3_1w5lixc,2026-09-02T20:06:17.748Z,ZealousidealRuin2858,Looking for a mobile photographer for 5th September in Kolkata,(Not needed anymore) Hi. I will be Kolkata for a day or two due to some work. I am looking for someone who can take a couple of pictures of me and just one short video of 20 to 30 seconds before my birthday after some weeks. I have a bit of tight budget but I will try to pay as much as I can. I don't need someone for the whole day. But just for an hour or two also works. Locations are just park street or ballygunge or victoria or somewhere similar. You don't need to have dslr camera. Your mobile phone is enough for it. I am requesting it because I don't have decent pictures of myself only. If interested then do get in contact. Read more,,text,0,,3,https://www.reddit.com/r/kolkata/comments/1w5lixc/looking_for_a_mobile_photographer_for_5th/,,,,,,,False,False,472013,0,26,2026-09-03T06:59:27.673Z,raw/kolkata/2026-09/posts.jsonl#L288
kolkata,t3_1w5ltpu,2026-09-02T20:16:59.178Z,Apprehensive_Dig8863,Ei Jinish ta Karur Hoyeche ? Keu help Korte Parbe ?,,,image,5,,10,https://www.reddit.com/r/kolkata/comments/1w5ltpu/ei_jinish_ta_karur_hoyeche_keu_help_korte_parbe/,,,,,,,False,False,472013,0,26,2026-09-03T06:59:07.168Z,raw/kolkata/2026-09/posts.jsonl#L276
kolkata,t3_1w5lvjz,2026-09-02T20:18:47.684Z,Tall-Conference-8798,"Chittaranjan National Cancer institute, Kolkata","Hi I'm from Silliguri n, Is there anyone from Kolkata here .. I am looking for affordable stay near Chitranjan National Cancer Institute Newtown Kolkata.. if anyone has any reference pls inform me ..thanknyou Read more",,text,3,,0,https://www.reddit.com/r/kolkata/comments/1w5lvjz/chittaranjan_national_cancer_institute_kolkata/,,,,,,,False,False,472013,0,26,2026-09-03T06:59:12.038Z,raw/kolkata/2026-09/posts.jsonl#L278
kolkata,t3_1w5m4qo,2026-09-02T20:27:37.357Z,Fancy_Tie4349,Electronics for sell,I used have a shop near Kolkata I'll personally deliver products anything more than rs 6000 will be given at a 20% discount dm if you need any electronics. I have a wide range of products and any electronics you need feel free to dm ( need sales to pay my bills ) Read more,,text,4,,0,https://www.reddit.com/r/kolkata/comments/1w5m4qo/electronics_for_sell/,,,,,,,False,False,472013,0,24,2026-09-03T06:59:26.191Z,raw/kolkata/2026-09/posts.jsonl#L285
kolkata,t3_1w5mgb1,2026-09-02T20:39:02.813Z,Icy-Choice-1883,"M 23, why caring, listening and loving is the most beautiful think ever?","Honestly, I’m someone who likes things to happen naturally. I feel there should be mutual respect, care, and effort from both sides. I like being cared for and loved, but at the same time, I want to give the same kind of love and respect back. I don’t really believe in rushing things. Good things take time, and I think patience is really important when you’re getting to know someone. I’d rather take things slowly, understand each other, build that comfort and trust, and just see where it goes. For me, it’s just about having the right attitude no pressure, no forcing anything, just two people genuinely enjoying each other’s company and letting things grow naturally. And if someone wants to spend their weekends together, get to know each other, have a good time, and most importantly, give each other equal respect then I’d say, let’s make a deal. :) Read more",,text,1,,1,https://www.reddit.com/r/kolkata/comments/1w5mgb1/m_23_why_caring_listening_and_loving_is_the_most/,,,,,,,False,False,472013,0,26,2026-09-03T06:59:26.837Z,raw/kolkata/2026-09/posts.jsonl#L286
kolkata,t3_1w5n2nj,2026-09-02T21:01:10.840Z,prerona_das,Anyone else has their CA Inter exam tomorrow,This f*cking rain is stressing me out. I'm from Howrah and genuinely don't know how I'll reach my exam centre tomorrow!!! 😭😭😭 Read more,,text,2,,4,https://www.reddit.com/r/kolkata/comments/1w5n2nj/anyone_else_has_their_ca_inter_exam_tomorrow/,,,,,,,False,False,472013,0,26,2026-09-03T07:00:31.654Z,raw/kolkata/2026-09/posts.jsonl#L300
kolkata,t3_1w5ndk7,2026-09-02T21:12:24.625Z,Queslaque_456,Foreigners attending a wedding in Kolkata — gift ideas for the couple and their parents?,"My wife and I are traveling to Kolkata for the wedding of a college friend who is getting married. This will be our first time attending an Indian wedding, and we're really looking forward to it! We'd like to bring a gift for our friend and his fiancée, but we'd also like to bring something for his parents, whom we'll be meeting for the first time. We're not very familiar with Indian wedding customs, so we'd really appreciate some advice on what would be considered a thoughtful and appropriate gift for: * The bride and groom * His parents We're happy to consider both traditional Indian gifts and something from Costa Rica that might be meaningful as foreigners. Any recommendations or advice on wedding gift etiquette would be greatly appreciated. Thanks!",,text,3,,5,https://www.reddit.com/r/kolkata/comments/1w5ndk7/foreigners_attending_a_wedding_in_kolkata_gift/,,,,,,,False,False,472013,0,25,2026-09-03T06:58:54.063Z,raw/kolkata/2026-09/posts.jsonl#L266
kolkata,t3_1w5nt8h,2026-09-02T21:28:42.296Z,DexterDex6969,"Look at the spelling mistake on the official site. This is the condition of our state website, not even a single government sites are working properly, server down 99% of the time 1% server overload.",,,image,99,,14,https://www.reddit.com/r/kolkata/comments/1w5nt8h/look_at_the_spelling_mistake_on_the_official_site/,,,,,,,False,False,472013,0,26,2026-09-03T06:57:55.796Z,raw/kolkata/2026-09/posts.jsonl#L252
kolkata,t3_1w5o8m8,2026-09-02T21:45:06.138Z,BROZARKOP,Uff ki megh dakche !! Eto barabari,Ghum bhenge jacche Read more,,text,11,,15,https://www.reddit.com/r/kolkata/comments/1w5o8m8/uff_ki_megh_dakche_eto_barabari/,,,,,,,False,False,472013,0,26,2026-09-03T07:00:37.031Z,raw/kolkata/2026-09/posts.jsonl#L301
kolkata,t3_1w5o8vx,2026-09-02T21:45:22.630Z,Outrageous-Proof7931,Looking for travel buddies for Meghalaya on 2nd week of September | From Kolkata,"Looking for travel buddies for Meghalaya on 2nd week of September | From Kolkata Hey everyone! Planning a **5-day Meghalaya trip from ** starting from Bhubaneswar. The rough plan is: Guwahati → Shillong Mawlyngbna Sohra/Cherrapunji Nongriat & Double-Decker Living Root Bridge Shnongpdeng Krang Suri/Jowai I’m looking for 1–3 people who’d like to join, preferably around my age and interested in exploring, trekking, trying local food and keeping the trip reasonably budget-friendly. Read more",,text,0,,1,https://www.reddit.com/r/kolkata/comments/1w5o8vx/looking_for_travel_buddies_for_meghalaya_on_2nd/,,,,,,,False,False,472013,0,25,2026-09-03T06:59:45.173Z,raw/kolkata/2026-09/posts.jsonl#L293
kolkata,t3_1w5oiqk,2026-09-02T21:55:31.608Z,CrazyProfessor8244,income certificate,"i need to make an income certificate , I am from Hooghly now my municipality chairman has resigned , so no one is currently making new income certificate . is there any way i can make his income certificate from online Read more",,text,1,,1,https://www.reddit.com/r/kolkata/comments/1w5oiqk/income_certificate/,,,,,,,False,False,472013,0,25,2026-09-03T06:59:45.254Z,raw/kolkata/2026-09/posts.jsonl#L294
kolkata,t3_1w5ok7r,2026-09-02T21:57:11.209Z,Virtual_Interest3720,Rain,"Bhater bristi, very depressing Read more",,text,3,,0,https://www.reddit.com/r/kolkata/comments/1w5ok7r/rain/,,,,,,,False,False,472013,0,26,2026-09-03T06:59:03.687Z,raw/kolkata/2026-09/posts.jsonl#L270
kolkata,t3_1w5p2yk,2026-09-02T22:17:26.202Z,kEenAarAa,Did you guys just hear that?,Is it me or does tonights rain feel extra brutal and creepy?,,text,8,,3,https://www.reddit.com/r/kolkata/comments/1w5p2yk/did_you_guys_just_hear_that/,,,,,,,False,False,472013,0,25,2026-09-03T06:59:03.886Z,raw/kolkata/2026-09/posts.jsonl#L271
kolkata,t3_1w5suww,2026-09-03T00:59:23.106Z,Aware_Cry7970,The pain of Rain.,,,image,22,,9,https://www.reddit.com/r/kolkata/comments/1w5suww/the_pain_of_rain/,,,,,,,False,False,472013,0,26,2026-09-03T06:57:51.900Z,raw/kolkata/2026-09/posts.jsonl#L247
kolkata,t3_1w5tggx,2026-09-03T01:26:20.091Z,-kein,has anyone ordered from zomato hyperpure,i knew that its a b2b service but recently saw an ad on Instagram which mentioned that now its open for individual users as well but im still not too sure about it. its got an option to buy without fssai license & gst number but still kinda unsure.,,image,1,,0,https://www.reddit.com/r/kolkata/comments/1w5tggx/has_anyone_ordered_from_zomato_hyperpure/,,,,,,,False,False,472013,0,7,2026-09-03T06:59:25.675Z,raw/kolkata/2026-09/posts.jsonl#L284
kolkata,t3_1w5u2nc,2026-09-03T01:54:56.834Z,Useful-Marsupial-859,Help me guys,"Hey everyone! I’m new to Kolkata and have recently started working at Ecospace. I’ll be commuting from Sector V Metro, but I’m honestly clueless about the route 😅. Can someone please guide me on the easiest/most convenient way to reach Ecospace from Sector V Metro?",,text,1,,4,https://www.reddit.com/r/kolkata/comments/1w5u2nc/help_me_guys/,,,,,,,False,False,472013,0,26,2026-09-03T06:58:54.157Z,raw/kolkata/2026-09/posts.jsonl#L267
kolkata,t3_1w5uq54,2026-09-03T02:25:22.975Z,blueroker12,This puja in goa,Anyone here who planned to visit goa this Puja? (By amravati express). Please comment down below if you are going.,,text,1,,2,https://www.reddit.com/r/kolkata/comments/1w5uq54/this_puja_in_goa/,,,,,,,False,False,472013,0,25,2026-09-03T06:59:04.608Z,raw/kolkata/2026-09/posts.jsonl#L273
kolkata,t3_1w5vd5j,2026-09-03T02:56:11.161Z,unfettered2nd,Thank you r/kolkata for recommending these while these are still running on big screens,"I would have ended up sleeping on these two movies had it not been the posts here telling others to catch it ASAP on their theatrical run. Keu Bole Biplobi Keu Bole Dakat is such a relevant movie, truly shows why the struggle wasn't finished on the day India gained Independence. I am thankful to Jeet for taking up this subject matter, thanks to him I now know who Anant Lal Singh, the revolutionary and comrade of Masterda Surya Sen was. Perhaps the most political movie that has slipped under the mainstream discourse at the moment. Maya Satya Bhram subvereted my expectation. I was expecting a thriller movie but it seemed like a combination of Prisoners(2013) and The day earth stood still (1951) (The movie I am mentioning here is a big spoiler, don't look at it if you have not seen the bengali one). It is one of those movie that makes you silent at the end and makes you ponder about all the bad things about us (exploitation and predation). I am not implying this in a negative way but don't expect the movie to cheer you up on your down days. I am glad I was able to catch this movies before their OTT shift. Once again, I am very thankful for the members of this subreddit.",,image,29,,0,https://www.reddit.com/r/kolkata/comments/1w5vd5j/thank_you_rkolkata_for_recommending_these_while/,,,,,,,False,False,472013,0,26,2026-09-03T06:57:45.998Z,raw/kolkata/2026-09/posts.jsonl#L246
kolkata,t3_1w5vlnp,2026-09-03T03:07:23.946Z,Striking-Increase377,Happily Single.,"Hoyto oneke ei post pore bhabche eta abar ki. loke post kore je happily married or onno kichu. Kintu ami seriously bolchi ami sotti khub anande achi je ami single. Jani mone majhe majhe khub kharab lage kintu bhul loker sathe relationship na kore single achi kono complaints nei life theke. Jokhon jekhane pari ghurte chole jai, nijer ja khushi kori. Relationship ta ami bujhte pere gechi amar jonno na karon jader ke bhogoban sob kichu diyeche je kono ekta dike take choto koro rakhe. Kintu jai hok ami khub valo achi. sudhu oi couples der post gulo porle ektu sad lage je era ki kore life partner peye jaye. amader bela tei kano erokhom. Jai hok onek kichu vat likhlam. Tomader jodi keu same feelings thake janate paro. But Iam open to a good friendship. male or female anybody.",,text,20,,50,https://www.reddit.com/r/kolkata/comments/1w5vlnp/happily_single/,,,,,,,False,False,472013,0,25,2026-09-03T06:57:53.254Z,raw/kolkata/2026-09/posts.jsonl#L250
kolkata,t3_1w5w1ia,2026-09-03T03:29:07.955Z,hotelpunsylvania,How do I stop feeling guilty for wanting to rest?,"So i took a sick leave today. And I'm feeling very guilty about it. August was an exceptionally hectic month but the last three days have been absolutely madness. I work in a bank and with RBI moving up the FCNR swap deadline, work has been insane to a point I haven't witnessed before. I have been running on painkillers and volini, but I am chronically ill and my understanding of the baseline being ill is a littul high, and hence having the guilt about taking the leave. It also doesn't help that both my parents are workaholic pro max who showed up to their work come rain or shine, at the cost of their health, their family, everything. And I'm the eldest of the family, so I have been kind of hardwired to get shit done, get shit done alone without looking at my own needs, be the responsible one, you get the drill. I understand I have nothing to be guilty about. But its something I have internalised, that taking sick a leave unless I'm pretty much dying is wrong. What do. How does one deal with it. Pls help.",,text,10,,9,https://www.reddit.com/r/kolkata/comments/1w5w1ia/how_do_i_stop_feeling_guilty_for_wanting_to_rest/,,,,,,,False,False,472013,0,26,2026-09-03T06:57:57.481Z,raw/kolkata/2026-09/posts.jsonl#L253
kolkata,t3_1w5w8lw,2026-09-03T03:39:07.136Z,arcanezia,PVT MEDICAL COLLEGE,"Heyy, so, if anyone is reading this can you genuinely do me a favour; So you study in any pvt college in wb or know someone who studies there, can y'all give me honest suggestions? I just took admission in ICARE for 1st round of counselling, and idk if i should upgrade it to JIMSH??? ( i wanted kpc, but its kinda unlikely.) Can y'all please tell me which one is better ICARE HALDIA or JIMSH BUDGE BUDGE And also give honest reviews on that college, about college culture, faculty, pateints, teaching, and if there is ragging....and how are the students there?",,text,1,,14,https://www.reddit.com/r/kolkata/comments/1w5w8lw/pvt_medical_college/,,,,,,,False,False,472013,0,25,2026-09-03T06:58:53.843Z,raw/kolkata/2026-09/posts.jsonl#L265
kolkata,t3_1w5w9t9,2026-09-03T03:40:49.969Z,wt_kevin,Anyone corporate hustlers up for chat while I commute,As the title says anyone up for chat while I commute to work by bus from my home bcz the commute is same and boring Read more,,text,1,,0,https://www.reddit.com/r/kolkata/comments/1w5w9t9/anyone_corporate_hustlers_up_for_chat_while_i/,,,,,,,False,False,472013,0,26,2026-09-03T06:59:13.862Z,raw/kolkata/2026-09/posts.jsonl#L281
kolkata,t3_1w5wt9u,2026-09-03T04:08:06.281Z,Paulomi12,School recommendations?,"Hi, I'm mom to a toddler, and looking for schools for my son's admission, preferably ICSE and co-ed. We liked Heritage in terms of its approach, and focus on co-curriculars. We're looking for a school that doesn't ONLY focus on academics, but considers co-curriculars as equally important. Any other suggestions from fellow parents? Is South City International a good school?",,text,5,,3,https://www.reddit.com/r/kolkata/comments/1w5wt9u/school_recommendations/,,,,,,,False,False,472013,0,26,2026-09-03T06:58:29.135Z,raw/kolkata/2026-09/posts.jsonl#L261
kolkata,t3_1w5wtrb,2026-09-03T04:08:47.190Z,james_bond_1953,"Any feedback about Dr. Somnath De (Peerless), especially related to knee replacement surgery?",Is he good? How is his post-operative communication/assistance? Thanks in advance for your response!,,text,0,,0,https://www.reddit.com/r/kolkata/comments/1w5wtrb/any_feedback_about_dr_somnath_de_peerless/,,,,,,,False,False,472013,0,26,2026-09-03T06:59:03.950Z,raw/kolkata/2026-09/posts.jsonl#L272
kolkata,t3_1w5wvt8,2026-09-03T04:11:47.950Z,Embarrassed_Month233,Missed college test because of 37's 50 minute delay.,AGHHH Read more,,text,1,,0,https://www.reddit.com/r/kolkata/comments/1w5wvt8/missed_college_test_because_of_37s_50_minute_delay/,,,,,,,False,False,472013,0,24,2026-09-03T06:59:07.459Z,raw/kolkata/2026-09/posts.jsonl#L277
kolkata,t3_1w5wz5q,2026-09-03T04:16:28.456Z,Standard_Position_81,Looking for WFH jobs,Looking for some online work from home opportunities for some small income. I am applying to several WFH jobs but not got anything yet. Any information or advice? Read more,,text,1,,1,https://www.reddit.com/r/kolkata/comments/1w5wz5q/looking_for_wfh_jobs/,,,,,,,False,False,472013,0,26,2026-09-03T06:59:02.700Z,raw/kolkata/2026-09/posts.jsonl#L269
kolkata,t3_1w5x2mu,2026-09-03T04:21:41.447Z,raydebapratim1,State of houses of our upcoming footballers,,,image,32,,6,https://www.reddit.com/r/kolkata/comments/1w5x2mu/state_of_houses_of_our_upcoming_footballers/,,,,,,,False,False,472013,0,26,2026-09-03T06:57:52.373Z,raw/kolkata/2026-09/posts.jsonl#L249
kolkata,t3_1w5x48a,2026-09-03T04:24:04.076Z,ApartBug7499,Ditched my usual iced latte to have hot cinnamon latte today,,,image,14,,1,https://www.reddit.com/r/kolkata/comments/1w5x48a/ditched_my_usual_iced_latte_to_have_hot_cinnamon/,,,,,,,False,False,472013,0,25,2026-09-03T06:57:55.357Z,raw/kolkata/2026-09/posts.jsonl#L251
kolkata,t3_1w5xepm,2026-09-03T04:39:38.033Z,Aware-Total-2251,Need a guide to kolkata for wedding shopping,My 3 friends and I are travelling from Bangalore to visit Kolkata for wedding shopping. We have a bridal lehenga to buy and 15-20 sarees and suits for guests and benarasi sarees for us. Can you please help us where can we go to get this. preferably if we can get it at one place. Will Gariahat and Bara Bazar bhi enough? and if you have any shop reccos. TIA,,text,1,,11,https://www.reddit.com/r/kolkata/comments/1w5xepm/need_a_guide_to_kolkata_for_wedding_shopping/,,,,,,,False,False,472013,0,25,2026-09-03T06:59:12.352Z,raw/kolkata/2026-09/posts.jsonl#L279
kolkata,t3_1w5xh93,2026-09-03T04:43:37.803Z,Nonchalant225,Kolkata guy went to Mumbai,"So i went to Mumbai for some work. It was a short visit. After completing my work I tried looking around the city especially the Colaba area. The roads, footpaths were clean. Majority of the buses i saw on road were modern and double decker. There were wide footpaths. A single app is present for Metro, Bus and local trains. I rode the aqua line metro and it was exceptionally clean and tidy. The floors were literally shining. People stood in queues before entering the metro, also the metro in aqua line is wider and spacious than the one we have in our green/blue line. 6:30 PM road traffic was pretty bad though. Another thing i noticed that there are so many cats around the place 😼,even more than doggos. I met 5-6 cats on my 20 mins walk to Churchgate metro.(one was guarding the entrance). Anyways it was a pleasing sight for a cat lover like me. I wish i could stay a little bit longer and explored more. Read more",,image,96,,19,https://www.reddit.com/r/kolkata/comments/1w5xh93/kolkata_guy_went_to_mumbai/,,,,,,,False,False,472013,0,26,2026-09-03T06:58:00.701Z,raw/kolkata/2026-09/posts.jsonl#L255
kolkata,t3_1w5xlbl,2026-09-03T04:49:52.569Z,tweaking_clito,Pearson VUE exam test centre,Anyone has experience in giving exams in this center of ILT education Jadavpur. All my nearby ones are booked and I don't really want to give it online due to all the hassle and all 🥲🥲 If you've given your exam please please let me know how's the center and environment,,image,2,,0,https://www.reddit.com/r/kolkata/comments/1w5xlbl/pearson_vue_exam_test_centre/,,,,,,,False,False,472013,0,26,2026-09-03T07:01:18.675Z,raw/kolkata/2026-09/posts.jsonl#L304
kolkata,t3_1w5xqzo,2026-09-03T04:58:11.150Z,c0nfett1,pool party on 6th !!!,free entry for couple dm be to be on the guestlist Read more,,text,0,,5,https://www.reddit.com/r/kolkata/comments/1w5xqzo/pool_party_on_6th/,,,,,,,False,False,472013,0,26,2026-09-03T06:59:44.529Z,raw/kolkata/2026-09/posts.jsonl#L291
kolkata,t3_1w5xsqo,2026-09-03T05:00:36.282Z,MediumOrdinary9105,Recommend your বর্ষার best Combo!!,Bristir diner lunch: Khichuri Kumro Fuler Bora Ilish Mach Bhaja Dim Kosha Chutney 😋😋,,image,5,,0,https://www.reddit.com/r/kolkata/comments/1w5xsqo/recommend_your_%E0%A6%AC%E0%A6%B0%E0%A6%B7%E0%A6%B0_best_combo/,,,,,,,False,False,472013,0,26,2026-09-03T06:57:57.849Z,raw/kolkata/2026-09/posts.jsonl#L254
kolkata,t3_1w5y2dj,2026-09-03T05:14:35.490Z,Sea-Palpitation-2526,Found this portrait I started for my ex years ago while cleaning my shelf. She dumped me halfway through so it stayed like this....,Started it as a birthday gift for my ex years ago but she broke up with me while I was making it. Never really got around to finishing it after that.... Kinda funny finding it again after all these years. Thought I’d share it here What should I draw next suggestions 👀✨ Read more,,image,29,,9,https://www.reddit.com/r/kolkata/comments/1w5y2dj/found_this_portrait_i_started_for_my_ex_years_ago/,,,,,,,False,False,472013,0,26,2026-09-03T06:58:35.518Z,raw/kolkata/2026-09/posts.jsonl#L263
kolkata,t3_1w5y307,2026-09-03T05:15:28.639Z,Accomplished-Day8761,VAPT guy building his first mobile app - looking to connect,"I work in VAPT/cybersecurity and recently started building a mobile app as a side project. I’m not a mobile developer by background, so I’m learning a lot as I go. The app is getting to the point where I’d love to actually launch it, but I’m pretty clueless about things like production, scaling, architecture, deployment, monitoring, etc. Would love to connect with people who have experience building and launching mobile apps and are up for a casual chat / sharing some knowledge. Not looking to hire or pitch anything - mostly just networking, learning, and meeting people who’ve been through the process. If that's you, feel free to drop a comment or DM. Happy to connect!",,text,2,,0,https://www.reddit.com/r/kolkata/comments/1w5y307/vapt_guy_building_his_first_mobile_app_looking_to/,,,,,,,False,False,472013,0,0,2026-09-03T06:58:29.275Z,raw/kolkata/2026-09/posts.jsonl#L262
kolkata,t3_1w5y45i,2026-09-03T05:17:08.289Z,Suspicious-Estate695,Is swasthya sathi card facility still available in private hospitals??,,,image,3,,5,https://www.reddit.com/r/kolkata/comments/1w5y45i/is_swasthya_sathi_card_facility_still_available/,,,,,,,False,False,472013,0,26,2026-09-03T07:01:10.089Z,raw/kolkata/2026-09/posts.jsonl#L302
kolkata,t3_1w5yk3q,2026-09-03T05:41:41.249Z,Long-Average1478,An off day?,"last koekdin dhore been actually feeling off. ive tried working on hobbies, ive tried playing games to uplift my mood, tried calling my friends and laughing together for hours and heck ive even went out for walks etc to feel at ease but somehow things still kinda feel stagnant janina keno. socially bolte gele, im not a person who engages with people alot other than the 2-3 friends who are dear to me. im trying to encourage myself into talking more and interacting with people more to make my social speaking ability better and not poorer. if you're someone who just wants to talk even jodi bhaat o bolte chao, im open to it ngl. yes i do not want comments under this ki ghumiye porun ei shei, ei korun etc i know what im supposed to do etc and rn i just wanna talk. thats that :)",,text,4,,11,https://www.reddit.com/r/kolkata/comments/1w5yk3q/an_off_day/,,,,,,,False,False,472013,0,26,2026-09-03T06:58:20.948Z,raw/kolkata/2026-09/posts.jsonl#L259
kolkata,t3_1w5yn0z,2026-09-03T05:46:14.971Z,AdImpossible56,Another Girl Another win for Bengali,,,image,227,,23,https://www.reddit.com/r/kolkata/comments/1w5yn0z/another_girl_another_win_for_bengali/,,,,,,,False,False,472013,0,26,2026-09-03T06:57:45.459Z,raw/kolkata/2026-09/posts.jsonl#L245
kolkata,t3_1w5ytz7,2026-09-03T05:57:07.560Z,the_life_unused,"বালি স্টেশন রোড। দোকান ভেঙে রাস্তা পুনর্দখল করার ব্যাপারে যে তৎপরতা দেখা গিয়েছিল, জমা জলে অন্তত দুই বস্তা বালি ফেলে রাস্তা ব্যবহারযোগ্য করার ব্যাপারে তার ছিটেফোঁটাও নেই। ভাঙ্গা দোকানের স্তূপ সরানোরও কোনো ইচ্ছে নেই",,,image,27,,6,https://www.reddit.com/r/kolkata/comments/1w5ytz7/%E0%A6%AC%E0%A6%B2_%E0%A6%B8%E0%A6%9F%E0%A6%B6%E0%A6%A8_%E0%A6%B0%E0%A6%A1_%E0%A6%A6%E0%A6%95%E0%A6%A8_%E0%A6%AD%E0%A6%99_%E0%A6%B0%E0%A6%B8%E0%A6%A4_%E0%A6%AA%E0%A6%A8%E0%A6%B0%E0%A6%A6%E0%A6%96%E0%A6%B2_%E0%A6%95%E0%A6%B0%E0%A6%B0_%E0%A6%AC%E0%A6%AF%E0%A6%AA%E0%A6%B0_%E0%A6%AF_%E0%A6%A4%E0%A7%8E%E0%A6%AA%E0%A6%B0%E0%A6%A4_%E0%A6%A6%E0%A6%96/,,,,,,,False,False,472013,0,26,2026-09-03T06:58:12.594Z,raw/kolkata/2026-09/posts.jsonl#L257
kolkata,t3_1w5yxn0,2026-09-03T06:02:42.973Z,stonedsage21,KOLKATA — SOMETHING DIFFERENT IS COMING. 🥂,"We’re starting a premium, intimate house-party community with only 8 guests per evening. No massive crowds. No random guest lists. No awkward small talk. Just like-minded people, great conversations, good music, and unforgettable evenings. Whether you’re single, married, divorced, or simply looking to socialize, you’re welcome. The idea is simple: bring together interesting people from different walks of life, share stories, make connections, and have an incredible night. How it works 🎭 Fill out a short form about yourself and your interests. We review every application based on vibe, personality, and compatibility with the group. If you’re selected, you’ll receive an invitation to one of our private 8-person evenings. Expect: ✨ Curated guests 🥂 Great food and drinks 🎶 Great music 🎲 Unexpected experiences 🗣️ Real conversations 💸 Affordable 🔒 A private, respectful environment 8 people. One evening. No strangers by the end. I’m personally managing the community and will be available to answer any questions before you join. Interested? DM me “EIGHT” to learn more / apply. 18+/21+ depending on the event. Respect, consent and privacy are non-negotiable. We are also open to any suggestions or questions. Read more",,text,0,,15,https://www.reddit.com/r/kolkata/comments/1w5yxn0/kolkata_something_different_is_coming/,,,,,,,False,False,472013,0,26,2026-09-03T07:00:17.340Z,raw/kolkata/2026-09/posts.jsonl#L299
kolkata,t3_1w5zll2,2026-09-03T06:40:00.625Z,xackeez,Looking for hotel recommendations in South Kolkata,"Hi everyone! I’m visiting Kolkata for the first time next month and looking for a decent, safe, and clean hotel in South Kolkata. My budget is around ₹1,500–₹2,000 per night. Ideally, I’d prefer something near Jadavpur, but I’m open to nearby areas if there are better options. My priorities: - Clean and safe rooms - Private room with attached bathroom - Good connectivity to Jadavpur and other parts of Kolkata - Within ₹1.5k–₹2k/night, preferably including taxes If you’ve stayed at any good hotels in this area, please share your recommendations and your experience. Places I should avoid are also helpful. Thanks!",,text,2,,0,https://www.reddit.com/r/kolkata/comments/1w5zll2/looking_for_hotel_recommendations_in_south_kolkata/,,,,,,,False,False,472013,0,26,2026-09-03T06:59:06.142Z,raw/kolkata/2026-09/posts.jsonl#L275
kolkata,t3_1w5zp60,2026-09-03T06:45:38.722Z,SorryStrawberry3707,Need a dermat to cure decade long leg pigmentation,I have these mosquito bite marks all over my leg for a long period of time. I need to consult a dermatologist for that. Any lead would be highly appreciated! Read more,,text,1,,0,https://www.reddit.com/r/kolkata/comments/1w5zp60/need_a_dermat_to_cure_decade_long_leg_pigmentation/,,,,,,,False,False,472013,0,25,2026-09-03T06:58:58.905Z,raw/kolkata/2026-09/posts.jsonl#L268
