username,posts_kolkata,comments_kolkata,posts_kolkatacity,comments_kolkatacity,total_posts,total_comments,first_seen,last_seen
--celestial--,0.0,1.0,0,0,0.0,1.0,2026-08-21T11:32:07.000Z,2026-08-21T11:32:07.000Z
-AsHxD-,0.0,2.0,0,0,0.0,2.0,2026-08-21T16:12:32.000Z,2026-08-23T10:25:52.000Z
-CountDooku,0.0,4.0,0,0,0.0,4.0,2026-08-20T12:55:33.000Z,2026-08-26T14:28:33.000Z
-Purple-turtle-,0.0,2.0,0,0,0.0,2.0,2026-08-27T07:23:06.000Z,2026-09-02T03:43:08.000Z
-RIVAN-,0.0,12.0,0,0,0.0,12.0,2026-08-20T11:20:23.000Z,2026-09-01T03:57:37.000Z
-The_Almighty,0.0,1.0,0,0,0.0,1.0,2026-08-19T01:56:01.000Z,2026-08-19T01:56:01.000Z
-_-bill_cipher-_-,0.0,1.0,0,0,0.0,1.0,2026-08-27T12:36:13.000Z,2026-08-27T12:36:13.000Z
-kein,1.0,1.0,0,0,1.0,1.0,2026-08-24T09:11:48.000Z,2026-09-03T01:26:20.091Z
-r1sh1,0.0,1.0,0,0,0.0,1.0,2026-08-27T12:09:44.000Z,2026-08-27T12:09:44.000Z
-s1mpleo-,0.0,1.0,0,0,0.0,1.0,2026-08-25T11:50:43.000Z,2026-08-25T11:50:43.000Z
000_rudra_000,0.0,1.0,0,0,0.0,1.0,2026-08-25T10:27:03.000Z,2026-08-25T10:27:03.000Z
006ramit,0.0,4.0,0,0,0.0,4.0,2026-08-20T16:32:44.000Z,2026-08-27T06:20:02.000Z
00_234_hii,0.0,1.0,0,0,0.0,1.0,2026-08-20T11:28:40.000Z,2026-08-20T11:28:40.000Z
00_ynw,0.0,2.0,0,0,0.0,2.0,2026-08-24T12:49:56.000Z,2026-09-02T12:35:16.000Z
024657,0.0,2.0,0,0,0.0,2.0,2026-08-19T19:38:14.000Z,2026-08-25T10:23:08.000Z
1079rtr,0.0,1.0,0,0,0.0,1.0,2026-08-26T17:16:55.000Z,2026-08-26T17:16:55.000Z
11Kronos1,0.0,1.0,0,0,0.0,1.0,2026-09-01T09:09:23.000Z,2026-09-01T09:09:23.000Z
11OVERLORD,0.0,2.0,0,0,0.0,2.0,2026-08-23T20:10:32.000Z,2026-08-26T07:55:23.000Z
11_nexus,0.0,2.0,0,0,0.0,2.0,2026-08-24T09:28:10.000Z,2026-09-01T02:17:08.000Z
120PercentGooner,0.0,1.0,0,0,0.0,1.0,2026-08-26T08:31:03.000Z,2026-08-26T08:31:03.000Z
123BalBoy,0.0,2.0,0,0,0.0,2.0,2026-08-23T07:11:13.000Z,2026-08-23T07:12:18.000Z
165cm_man,0.0,1.0,0,0,0.0,1.0,2026-08-21T08:01:51.000Z,2026-08-21T08:01:51.000Z
16Zeus,0.0,1.0,0,0,0.0,1.0,2026-08-21T06:12:19.000Z,2026-08-21T06:12:19.000Z
189465468134841321,0.0,2.0,0,0,0.0,2.0,2026-08-23T20:03:17.000Z,2026-08-26T17:14:00.000Z
199kuku,0.0,1.0,0,0,0.0,1.0,2026-08-20T02:42:50.000Z,2026-08-20T02:42:50.000Z
1sickboy18,0.0,1.0,0,0,0.0,1.0,2026-08-25T06:30:00.000Z,2026-08-25T06:30:00.000Z
1step_onetime,1.0,2.0,0,0,1.0,2.0,2026-08-26T02:05:44.081Z,2026-08-26T05:47:17.000Z
2014angrybird,0.0,13.0,0,0,0.0,13.0,2026-08-21T10:43:17.000Z,2026-08-24T17:17:47.000Z
3310_sumit,1.0,6.0,0,0,1.0,6.0,2026-08-20T02:20:21.000Z,2026-09-02T15:52:28.000Z
3dzzz,0.0,1.0,0,0,0.0,1.0,2026-08-26T09:21:41.000Z,2026-08-26T09:21:41.000Z
4321-,0.0,1.0,0,0,0.0,1.0,2026-08-27T13:46:07.000Z,2026-08-27T13:46:07.000Z
4mn_magnum,0.0,1.0,0,0,0.0,1.0,2026-08-18T14:19:09.000Z,2026-08-18T14:19:09.000Z
625863,0.0,1.0,0,0,0.0,1.0,2026-08-19T16:26:35.000Z,2026-08-19T16:26:35.000Z
65th_government,0.0,3.0,0,0,0.0,3.0,2026-08-25T19:54:15.000Z,2026-09-02T15:56:22.000Z
666Aritra,0.0,2.0,0,0,0.0,2.0,2026-08-24T06:52:09.000Z,2026-09-01T02:38:02.000Z
666funeralfog,0.0,2.0,0,0,0.0,2.0,2026-08-20T15:50:05.000Z,2026-08-21T04:14:12.000Z
784512784512,0.0,2.0,0,0,0.0,2.0,2026-08-25T08:59:12.000Z,2026-08-26T06:59:58.000Z
7ENA_shr0_0,0.0,1.0,0,0,0.0,1.0,2026-08-26T08:06:07.000Z,2026-08-26T08:06:07.000Z
7string_wonders,0.0,1.0,0,0,0.0,1.0,2026-09-01T19:10:36.000Z,2026-09-01T19:10:36.000Z
994mrx,1.0,0.0,0,0,1.0,0.0,2026-08-23T20:06:59.902Z,2026-08-23T20:06:59.902Z
AALU_PALAK,1.0,12.0,0,0,1.0,12.0,2026-08-24T09:01:50.530Z,2026-08-24T10:38:38.000Z
ABX320,0.0,1.0,0,0,0.0,1.0,2026-08-20T10:08:44.000Z,2026-08-20T10:08:44.000Z
ABfreak_reddit,0.0,1.0,0,0,0.0,1.0,2026-08-20T06:32:46.000Z,2026-08-20T06:32:46.000Z
AGENTA3838,0.0,1.0,0,0,0.0,1.0,2026-08-18T17:36:33.000Z,2026-08-18T17:36:33.000Z
AIR_69_,0.0,1.0,0,0,0.0,1.0,2026-08-18T15:01:38.000Z,2026-08-18T15:01:38.000Z
ALEX_AKB,0.0,3.0,0,0,0.0,3.0,2026-08-25T18:55:27.000Z,2026-08-25T19:04:40.000Z
ALU_BHAJ,0.0,1.0,0,0,0.0,1.0,2026-08-21T09:04:54.000Z,2026-08-21T09:04:54.000Z
AMITAVA_2004,0.0,1.0,0,0,0.0,1.0,2026-09-02T16:56:57.000Z,2026-09-02T16:56:57.000Z
AM_0090,0.0,1.0,0,0,0.0,1.0,2026-08-20T06:54:13.000Z,2026-08-20T06:54:13.000Z
ANPretzel_154,0.0,1.0,0,0,0.0,1.0,2026-09-02T08:35:32.000Z,2026-09-02T08:35:32.000Z
ANeon2210,0.0,2.0,0,0,0.0,2.0,2026-08-21T19:25:25.000Z,2026-09-02T11:36:03.000Z
AP_the_artist,0.0,1.0,0,0,0.0,1.0,2026-08-19T15:03:02.000Z,2026-08-19T15:03:02.000Z
AYMU0S,0.0,7.0,0,0,0.0,7.0,2026-08-20T13:53:21.000Z,2026-09-02T17:20:48.000Z
A_LostMe,0.0,1.0,0,0,0.0,1.0,2026-08-27T11:03:53.000Z,2026-08-27T11:03:53.000Z
AalbatrossGuy,0.0,1.0,0,0,0.0,1.0,2026-08-20T02:17:53.000Z,2026-08-20T02:17:53.000Z
AamPataJoraJora,0.0,1.0,0,0,0.0,1.0,2026-08-24T10:03:57.000Z,2026-08-24T10:03:57.000Z
Aantel_69,1.0,5.0,0,0,1.0,5.0,2026-08-24T15:36:08.000Z,2026-08-26T18:31:12.000Z
AardvarkContent5545,0.0,1.0,0,0,0.0,1.0,2026-08-23T17:06:46.000Z,2026-08-23T17:06:46.000Z
AbbaTapaChhapa,0.0,4.0,0,0,0.0,4.0,2026-08-20T09:39:42.000Z,2026-08-23T08:39:07.000Z
Abhigyan_World,0.0,1.0,0,0,0.0,1.0,2026-08-18T15:08:07.000Z,2026-08-18T15:08:07.000Z
Abhijit-05,0.0,1.0,0,0,0.0,1.0,2026-08-24T03:53:06.000Z,2026-08-24T03:53:06.000Z
Abhijitking,0.0,3.0,0,0,0.0,3.0,2026-08-23T11:24:41.000Z,2026-08-27T16:09:03.000Z
AbhinavAT07,0.0,1.0,0,0,0.0,1.0,2026-08-22T16:58:54.000Z,2026-08-22T16:58:54.000Z
Abhy___ouday_285001,0.0,1.0,0,0,0.0,1.0,2026-08-27T07:40:39.000Z,2026-08-27T07:40:39.000Z
Abid94Tony,0.0,1.0,0,0,0.0,1.0,2026-09-01T09:40:39.000Z,2026-09-01T09:40:39.000Z
Abject-Character-803,0.0,1.0,0,0,0.0,1.0,2026-08-23T12:17:17.000Z,2026-08-23T12:17:17.000Z
Abject-Survey-4511,0.0,2.0,0,0,0.0,2.0,2026-08-21T07:39:35.000Z,2026-08-24T08:37:59.000Z
Abject_Cicada4031,0.0,14.0,0,0,0.0,14.0,2026-08-19T04:24:54.000Z,2026-09-02T03:58:02.000Z
Able_Run9034,0.0,1.0,0,0,0.0,1.0,2026-08-25T07:27:02.000Z,2026-08-25T07:27:02.000Z
Able_Squirrel8848,0.0,1.0,0,0,0.0,1.0,2026-08-21T13:26:07.000Z,2026-08-21T13:26:07.000Z
Able_Step_1775,0.0,9.0,0,0,0.0,9.0,2026-08-18T15:22:30.000Z,2026-08-27T09:37:59.000Z
Above_Gods,0.0,1.0,0,0,0.0,1.0,2026-08-19T11:04:43.000Z,2026-08-19T11:04:43.000Z
AbraKaPizza,0.0,1.0,0,0,0.0,1.0,2026-08-23T10:22:33.000Z,2026-08-23T10:22:33.000Z
Abrocoma_Simple,0.0,1.0,0,0,0.0,1.0,2026-08-23T11:07:28.000Z,2026-08-23T11:07:28.000Z
Absolute_-_Zero,0.0,1.0,0,0,0.0,1.0,2026-08-24T02:25:29.000Z,2026-08-24T02:25:29.000Z
AbstractedRxngxi,0.0,2.0,0,0,0.0,2.0,2026-08-21T17:01:08.000Z,2026-08-27T19:39:34.000Z
AbySs_Dante,0.0,3.0,0,0,0.0,3.0,2026-08-24T12:49:33.000Z,2026-08-26T07:19:25.000Z
Academic-Equipment57,0.0,4.0,0,0,0.0,4.0,2026-08-20T04:21:12.000Z,2026-08-23T13:00:54.000Z
Academic-Quote4948,0.0,3.0,0,0,0.0,3.0,2026-08-22T16:17:29.000Z,2026-09-01T21:38:07.000Z
AcanthisittaSlow9197,0.0,2.0,0,0,0.0,2.0,2026-08-24T08:15:12.000Z,2026-09-01T05:20:56.000Z
AcanthocephalaFree61,0.0,1.0,0,0,0.0,1.0,2026-08-27T10:21:10.000Z,2026-08-27T10:21:10.000Z
Accept-And-Adapt,0.0,1.0,0,0,0.0,1.0,2026-08-28T13:35:05.000Z,2026-08-28T13:35:05.000Z
Acceptable-Earth-977,0.0,3.0,0,0,0.0,3.0,2026-08-24T13:17:19.000Z,2026-08-24T16:07:01.000Z
Acceptable-Long-1704,0.0,1.0,0,0,0.0,1.0,2026-08-22T11:57:00.000Z,2026-08-22T11:57:00.000Z
Acceptable-Warning91,0.0,1.0,0,0,0.0,1.0,2026-08-20T15:57:52.000Z,2026-08-20T15:57:52.000Z
Acceptable-While6064,0.0,9.0,0,0,0.0,9.0,2026-08-19T05:42:16.000Z,2026-09-02T16:11:31.000Z
AcceptablePea4459,0.0,7.0,0,0,0.0,7.0,2026-08-19T04:25:10.000Z,2026-08-27T10:18:48.000Z
Accomplished-Day8761,1.0,1.0,0,0,1.0,1.0,2026-08-24T01:42:54.000Z,2026-09-03T05:15:28.639Z
Accomplished-Ear7502,0.0,2.0,0,0,0.0,2.0,2026-08-27T05:32:55.000Z,2026-08-27T05:33:19.000Z
Accomplished-Hope681,0.0,3.0,0,0,0.0,3.0,2026-08-24T15:29:23.000Z,2026-08-24T18:12:55.000Z
Accomplished-Lime-30,0.0,1.0,0,0,0.0,1.0,2026-08-23T20:01:27.000Z,2026-08-23T20:01:27.000Z
Accomplished-Look842,0.0,1.0,0,0,0.0,1.0,2026-08-18T15:09:46.000Z,2026-08-18T15:09:46.000Z
Accomplished-Net-903,0.0,5.0,0,0,0.0,5.0,2026-08-21T11:55:29.000Z,2026-08-24T19:53:03.000Z
Accomplished-One1219,0.0,1.0,0,0,0.0,1.0,2026-08-20T14:16:13.000Z,2026-08-20T14:16:13.000Z
Accomplished-Ring689,0.0,15.0,0,0,0.0,15.0,2026-08-19T13:26:33.000Z,2026-09-02T11:01:12.000Z
Accomplished-Scar513,1.0,0.0,0,0,1.0,0.0,2026-08-19T18:05:53.398Z,2026-08-19T18:05:53.398Z
Accomplished-Wait380,0.0,1.0,0,0,0.0,1.0,2026-08-22T11:18:17.000Z,2026-08-22T11:18:17.000Z
AccomplishedBird1763,0.0,1.0,0,0,0.0,1.0,2026-08-26T08:16:44.000Z,2026-08-26T08:16:44.000Z
Accomplished_Item740,1.0,3.0,0,0,1.0,3.0,2026-08-18T14:27:24.000Z,2026-09-02T11:10:14.945Z
Accomplished_Tour_66,1.0,5.0,0,0,1.0,5.0,2026-08-25T06:59:17.000Z,2026-09-01T03:04:45.000Z
According-Ad9479,0.0,1.0,0,0,0.0,1.0,2026-08-20T12:59:05.000Z,2026-08-20T12:59:05.000Z
According-Bug2750,0.0,2.0,0,0,0.0,2.0,2026-08-24T06:24:47.000Z,2026-08-24T15:42:32.000Z
According-Change-736,0.0,1.0,0,0,0.0,1.0,2026-08-28T04:16:14.000Z,2026-08-28T04:16:14.000Z
According-Half-1886,0.0,1.0,0,0,0.0,1.0,2026-08-19T12:45:48.000Z,2026-08-19T12:45:48.000Z
According-Look7417,0.0,1.0,0,0,0.0,1.0,2026-08-29T11:54:58.000Z,2026-08-29T11:54:58.000Z
According_Crazy2708,0.0,2.0,0,0,0.0,2.0,2026-09-02T16:46:45.000Z,2026-09-02T16:59:25.000Z
According_Elk_8009,1.0,3.0,0,0,1.0,3.0,2026-08-21T08:01:38.000Z,2026-09-01T14:31:22.000Z
According_Isopod2272,0.0,2.0,0,0,0.0,2.0,2026-08-18T12:38:07.000Z,2026-08-27T17:10:14.000Z
According_Prior_6788,0.0,1.0,0,0,0.0,1.0,2026-08-20T14:31:52.000Z,2026-08-20T14:31:52.000Z
According_Sea7328,0.0,1.0,0,0,0.0,1.0,2026-08-24T06:53:22.000Z,2026-08-24T06:53:22.000Z
AccountantUnfair8358,0.0,4.0,0,0,0.0,4.0,2026-08-19T06:10:02.000Z,2026-08-26T16:47:41.000Z
AccurateApricot237,0.0,5.0,0,0,0.0,5.0,2026-08-19T14:13:28.000Z,2026-08-26T04:56:35.000Z
Accurate_Bit_5581,0.0,1.0,0,0,0.0,1.0,2026-08-19T19:47:31.000Z,2026-08-19T19:47:31.000Z
Accurate_Switch7341,0.0,1.0,0,0,0.0,1.0,2026-08-21T14:44:01.000Z,2026-08-21T14:44:01.000Z
Ace-Bee,0.0,3.0,0,0,0.0,3.0,2026-08-25T06:08:07.000Z,2026-09-02T13:52:35.000Z
Achakita,0.0,14.0,0,0,0.0,14.0,2026-08-19T16:58:10.000Z,2026-09-02T16:05:35.000Z
Acoustic_b,0.0,2.0,0,0,0.0,2.0,2026-08-25T07:56:06.000Z,2026-09-01T15:30:03.000Z
Acrobatic-Inflation1,0.0,1.0,0,0,0.0,1.0,2026-08-25T19:54:43.000Z,2026-08-25T19:54:43.000Z
Acrobatic-Win496,0.0,1.0,0,0,0.0,1.0,2026-08-21T12:43:30.000Z,2026-08-21T12:43:30.000Z
AcrobaticAd3489,1.0,1.0,0,0,1.0,1.0,2026-08-21T16:34:45.040Z,2026-08-21T16:39:02.000Z
Acrobatic_Answer_559,0.0,2.0,0,0,0.0,2.0,2026-08-23T03:28:03.000Z,2026-08-26T14:21:41.000Z
Acrobatic_Number_611,0.0,1.0,0,0,0.0,1.0,2026-08-21T08:44:08.000Z,2026-08-21T08:44:08.000Z
Acrobatic_Pen1932,0.0,1.0,0,0,0.0,1.0,2026-08-20T22:21:22.000Z,2026-08-20T22:21:22.000Z
Acrobatic_Rain05,0.0,3.0,0,0,0.0,3.0,2026-08-18T14:33:21.000Z,2026-09-01T08:08:21.000Z
Acrobatic_Weather437,0.0,5.0,0,0,0.0,5.0,2026-08-19T12:19:44.000Z,2026-08-26T09:10:17.000Z
Acrobatic_Wonder_,0.0,3.0,0,0,0.0,3.0,2026-08-24T10:03:26.000Z,2026-08-26T06:50:33.000Z
Active-Comedian-4475,5.0,11.0,0,0,5.0,11.0,2026-08-20T11:47:23.672Z,2026-09-02T16:56:15.676Z
Active-Historian-123,1.0,40.0,0,0,1.0,40.0,2026-08-18T14:16:06.000Z,2026-09-02T05:21:50.000Z
Active-Passion2184,0.0,2.0,0,0,0.0,2.0,2026-08-26T16:14:26.000Z,2026-08-26T16:16:58.000Z
Actual-Let8304,1.0,0.0,0,0,1.0,0.0,2026-08-27T05:10:00.255Z,2026-08-27T05:10:00.255Z
Actual_Driver_8461,0.0,1.0,0,0,0.0,1.0,2026-08-27T13:24:24.000Z,2026-08-27T13:24:24.000Z
Actual_Giraffe_2633,0.0,1.0,0,0,0.0,1.0,2026-08-27T03:51:53.000Z,2026-08-27T03:51:53.000Z
Actual_Syllabub_7068,0.0,1.0,0,0,0.0,1.0,2026-08-21T13:55:07.000Z,2026-08-21T13:55:07.000Z
AdAdditional3700,0.0,2.0,0,0,0.0,2.0,2026-08-22T05:59:46.000Z,2026-08-23T04:10:06.000Z
AdAutomatic6312,0.0,1.0,0,0,0.0,1.0,2026-08-21T16:03:36.000Z,2026-08-21T16:03:36.000Z
AdCharacter2006,0.0,1.0,0,0,0.0,1.0,2026-09-02T14:49:49.000Z,2026-09-02T14:49:49.000Z
AdEmbarrassed1134,0.0,1.0,0,0,0.0,1.0,2026-08-19T06:26:47.000Z,2026-08-19T06:26:47.000Z
AdFine2871,0.0,3.0,0,0,0.0,3.0,2026-08-22T05:53:16.000Z,2026-08-22T18:30:12.000Z
AdIllustrious3752,0.0,1.0,0,0,0.0,1.0,2026-08-20T19:46:59.000Z,2026-08-20T19:46:59.000Z
AdImpossible56,1.0,21.0,0,0,1.0,21.0,2026-08-19T15:38:26.000Z,2026-09-03T05:46:14.971Z
AdLate1022,0.0,1.0,0,0,0.0,1.0,2026-08-25T04:17:59.000Z,2026-08-25T04:17:59.000Z
AdMoney3610,0.0,1.0,0,0,0.0,1.0,2026-08-18T16:07:46.000Z,2026-08-18T16:07:46.000Z
AdNecessary5949,0.0,1.0,0,0,0.0,1.0,2026-08-23T15:24:25.000Z,2026-08-23T15:24:25.000Z
AdNeither8072,1.0,1.0,0,0,1.0,1.0,2026-08-25T11:54:52.904Z,2026-08-25T12:47:43.000Z
AdProfessional5189,0.0,1.0,0,0,0.0,1.0,2026-08-19T11:57:30.000Z,2026-08-19T11:57:30.000Z
AdSeparate2835,0.0,3.0,0,0,0.0,3.0,2026-08-22T14:33:52.000Z,2026-08-27T06:48:35.000Z
AdSuspicious3177,0.0,1.0,0,0,0.0,1.0,2026-08-24T10:13:39.000Z,2026-08-24T10:13:39.000Z
AdWarm2498,0.0,1.0,0,0,0.0,1.0,2026-08-19T12:50:56.000Z,2026-08-19T12:50:56.000Z
AdWitty97,0.0,1.0,0,0,0.0,1.0,2026-08-27T08:09:09.000Z,2026-08-27T08:09:09.000Z
Adal_ML,0.0,1.0,0,0,0.0,1.0,2026-08-22T20:07:54.000Z,2026-08-22T20:07:54.000Z
Adamsapple06,0.0,7.0,0,0,0.0,7.0,2026-08-20T07:23:45.000Z,2026-08-20T19:02:32.000Z
Additional-Mud-1369,0.0,3.0,0,0,0.0,3.0,2026-08-20T09:21:49.000Z,2026-08-20T15:36:02.000Z
Additional-Peak4919,2.0,0.0,0,0,2.0,0.0,2026-08-21T07:44:40.977Z,2026-08-22T14:00:51.584Z
AdditionalElephant35,0.0,7.0,0,0,0.0,7.0,2026-08-18T16:14:35.000Z,2026-08-26T00:47:04.000Z
Additional_Chard3680,0.0,3.0,0,0,0.0,3.0,2026-08-21T23:50:43.000Z,2026-09-02T14:36:56.000Z
Additional_Mood_1118,0.0,1.0,0,0,0.0,1.0,2026-08-25T17:06:57.000Z,2026-08-25T17:06:57.000Z
Additional_Young8975,0.0,1.0,0,0,0.0,1.0,2026-08-18T19:28:07.000Z,2026-08-18T19:28:07.000Z
Adept_Cancel_9667,1.0,3.0,0,0,1.0,3.0,2026-08-20T18:09:30.964Z,2026-08-26T14:42:45.000Z
Adept_Friend_4772,0.0,1.0,0,0,0.0,1.0,2026-09-01T16:37:00.000Z,2026-09-01T16:37:00.000Z
Adept_Yam_1467,0.0,2.0,0,0,0.0,2.0,2026-08-23T21:55:34.000Z,2026-08-27T06:35:25.000Z
AdeptnessMain4170,0.0,8.0,0,0,0.0,8.0,2026-08-18T14:38:01.000Z,2026-09-01T16:52:54.000Z
AdityaChettri21,0.0,1.0,0,0,0.0,1.0,2026-09-02T16:57:47.000Z,2026-09-02T16:57:47.000Z
AdministrationOk447,0.0,1.0,0,0,0.0,1.0,2026-08-25T19:25:27.000Z,2026-08-25T19:25:27.000Z
AdministrativeBug782,0.0,1.0,0,0,0.0,1.0,2026-08-20T14:31:37.000Z,2026-08-20T14:31:37.000Z
Admirable-Peanut-355,0.0,1.0,0,0,0.0,1.0,2026-08-31T14:25:14.000Z,2026-08-31T14:25:14.000Z
Admirable-Storage442,0.0,2.0,0,0,0.0,2.0,2026-08-20T06:43:29.000Z,2026-08-25T13:37:59.000Z
Admirable_Comment_22,0.0,1.0,0,0,0.0,1.0,2026-08-19T19:20:50.000Z,2026-08-19T19:20:50.000Z
Admirable_Spirit_648,0.0,2.0,0,0,0.0,2.0,2026-08-21T13:38:03.000Z,2026-08-26T16:17:20.000Z
Admiral_Sam_07,0.0,2.0,0,0,0.0,2.0,2026-08-20T14:40:03.000Z,2026-08-23T07:02:27.000Z
Adolf__Kittler,0.0,1.0,0,0,0.0,1.0,2026-08-21T16:18:58.000Z,2026-08-21T16:18:58.000Z
Adorable-Class-3343,0.0,2.0,0,0,0.0,2.0,2026-08-21T11:29:34.000Z,2026-08-27T10:18:12.000Z
Adorable-War-4793,1.0,0.0,0,0,1.0,0.0,2026-08-21T14:05:46.500Z,2026-08-21T14:05:46.500Z
AdriRebel,0.0,2.0,0,0,0.0,2.0,2026-08-21T19:55:53.000Z,2026-09-01T14:11:26.000Z
Advanced-Anxiety6723,0.0,3.0,0,0,0.0,3.0,2026-08-24T06:00:04.000Z,2026-09-02T07:21:26.000Z
Advanced-Captain-302,0.0,1.0,0,0,0.0,1.0,2026-08-22T07:46:22.000Z,2026-08-22T07:46:22.000Z
Advanced-Decision246,0.0,1.0,0,0,0.0,1.0,2026-08-24T09:10:44.000Z,2026-08-24T09:10:44.000Z
Advanced-Homework188,0.0,1.0,0,0,0.0,1.0,2026-08-21T11:08:08.000Z,2026-08-21T11:08:08.000Z
Advanced_Cash2398,0.0,1.0,0,0,0.0,1.0,2026-09-01T14:22:22.000Z,2026-09-01T14:22:22.000Z
Advanced_Tangelo,0.0,1.0,0,0,0.0,1.0,2026-08-27T08:58:17.000Z,2026-08-27T08:58:17.000Z
Advayah,1.0,1.0,0,0,1.0,1.0,2026-08-23T11:47:48.718Z,2026-08-23T15:55:21.000Z
Adventurous-Bus468,0.0,1.0,0,0,0.0,1.0,2026-08-20T12:43:09.000Z,2026-08-20T12:43:09.000Z
Adventurous-Cut-306,0.0,2.0,0,0,0.0,2.0,2026-08-22T11:43:25.000Z,2026-08-22T17:58:34.000Z
Adventurous-Muffin-1,0.0,1.0,0,0,0.0,1.0,2026-08-19T20:02:56.000Z,2026-08-19T20:02:56.000Z
Adventurous-Pop-1989,1.0,1.0,0,0,1.0,1.0,2026-08-20T04:40:22.080Z,2026-08-20T04:44:54.000Z
Adventurous-Yak5657,1.0,6.0,0,0,1.0,6.0,2026-08-21T18:09:26.000Z,2026-09-02T17:13:36.000Z
AdventurousRoyal7267,0.0,1.0,0,0,0.0,1.0,2026-08-20T14:28:34.000Z,2026-08-20T14:28:34.000Z
Adventurous_Flan_315,0.0,1.0,0,0,0.0,1.0,2026-08-23T07:08:20.000Z,2026-08-23T07:08:20.000Z
Adventurous_Pop_7258,1.0,37.0,0,0,1.0,37.0,2026-08-19T10:56:21.000Z,2026-08-26T15:26:27.000Z
Adventurous_Steak521,0.0,2.0,0,0,0.0,2.0,2026-08-20T17:57:37.000Z,2026-08-21T04:55:08.000Z
Adventurous_Suit_241,0.0,1.0,0,0,0.0,1.0,2026-08-26T16:04:12.000Z,2026-08-26T16:04:12.000Z
Adventurous_Tart_649,0.0,1.0,0,0,0.0,1.0,2026-08-29T03:40:15.000Z,2026-08-29T03:40:15.000Z
Affan_bhai_15,0.0,1.0,0,0,0.0,1.0,2026-08-28T11:12:35.000Z,2026-08-28T11:12:35.000Z
Affectionate-Buy8948,0.0,2.0,0,0,0.0,2.0,2026-08-24T01:18:05.000Z,2026-08-27T14:20:12.000Z
Affectionate-Can5285,0.0,1.0,0,0,0.0,1.0,2026-09-02T08:21:27.000Z,2026-09-02T08:21:27.000Z
Affectionate-Dog5923,0.0,1.0,0,0,0.0,1.0,2026-08-20T05:48:49.000Z,2026-08-20T05:48:49.000Z
Affectionate-Gene-47,0.0,1.0,0,0,0.0,1.0,2026-08-23T16:19:22.000Z,2026-08-23T16:19:22.000Z
Affectionate-Zebra24,0.0,1.0,0,0,0.0,1.0,2026-08-24T19:04:42.000Z,2026-08-24T19:04:42.000Z
AffectionateGap3418,0.0,1.0,0,0,0.0,1.0,2026-08-22T14:39:25.000Z,2026-08-22T14:39:25.000Z
AffectionateMath2500,0.0,1.0,0,0,0.0,1.0,2026-08-26T16:24:30.000Z,2026-08-26T16:24:30.000Z
AffectionateMath4047,0.0,1.0,0,0,0.0,1.0,2026-08-19T14:35:55.000Z,2026-08-19T14:35:55.000Z
AffectionateRip4415,0.0,2.0,0,0,0.0,2.0,2026-09-01T02:34:38.000Z,2026-09-01T03:01:13.000Z
AffectionateWeb8519,0.0,1.0,0,0,0.0,1.0,2026-08-23T04:32:35.000Z,2026-08-23T04:32:35.000Z
Affectionate_Bet3187,0.0,2.0,0,0,0.0,2.0,2026-08-27T07:06:04.000Z,2026-08-27T08:02:25.000Z
Affectionate_Put2574,0.0,2.0,0,0,0.0,2.0,2026-08-26T18:18:48.000Z,2026-09-02T14:53:03.000Z
Affectionate_Shake98,0.0,7.0,0,0,0.0,7.0,2026-08-23T06:02:03.000Z,2026-09-02T17:09:55.000Z
Affectionatefeud,0.0,2.0,0,0,0.0,2.0,2026-08-20T11:54:26.000Z,2026-08-20T12:06:01.000Z
After-Internet-2002,0.0,2.0,0,0,0.0,2.0,2026-08-22T08:22:29.000Z,2026-08-27T06:42:54.000Z
AfternoonHopeful6224,0.0,3.0,0,0,0.0,3.0,2026-08-20T09:08:51.000Z,2026-08-26T12:50:39.000Z
AgONy_97,0.0,1.0,0,0,0.0,1.0,2026-08-23T16:35:42.000Z,2026-08-23T16:35:42.000Z
Agent_Arthur,0.0,1.0,0,0,0.0,1.0,2026-08-19T05:04:37.000Z,2026-08-19T05:04:37.000Z
Agentic_Human,0.0,5.0,0,0,0.0,5.0,2026-08-22T11:36:54.000Z,2026-08-27T04:01:03.000Z
Aggravating-Deer9509,0.0,1.0,0,0,0.0,1.0,2026-08-23T04:42:33.000Z,2026-08-23T04:42:33.000Z
Aggravating-Health75,0.0,1.0,0,0,0.0,1.0,2026-08-21T05:32:35.000Z,2026-08-21T05:32:35.000Z
Aggravating-Soil-498,0.0,1.0,0,0,0.0,1.0,2026-08-21T06:05:25.000Z,2026-08-21T06:05:25.000Z
AggravatingRisk2669,1.0,1.0,0,0,1.0,1.0,2026-09-01T10:16:10.945Z,2026-09-01T10:17:04.000Z
AggravatingTour6733,0.0,1.0,0,0,0.0,1.0,2026-08-19T02:35:51.000Z,2026-08-19T02:35:51.000Z
Aggravating_Dish_787,0.0,1.0,0,0,0.0,1.0,2026-08-24T10:53:55.000Z,2026-08-24T10:53:55.000Z
Aggravating_Low_1504,1.0,2.0,0,0,1.0,2.0,2026-08-21T10:44:48.804Z,2026-08-21T12:51:36.000Z
Aggravating_Talk5662,0.0,1.0,0,0,0.0,1.0,2026-08-24T07:18:02.000Z,2026-08-24T07:18:02.000Z
Aggressive-Read1330,0.0,1.0,0,0,0.0,1.0,2026-08-24T06:48:06.000Z,2026-08-24T06:48:06.000Z
Aggressive_Goal2764,0.0,1.0,0,0,0.0,1.0,2026-09-02T14:17:46.000Z,2026-09-02T14:17:46.000Z
Agile_Fish_7698,0.0,3.0,0,0,0.0,3.0,2026-08-23T04:30:32.000Z,2026-08-23T14:38:01.000Z
Agile_Gas114,0.0,1.0,0,0,0.0,1.0,2026-09-01T15:16:02.000Z,2026-09-01T15:16:02.000Z
Agitated-bitch-9238,1.0,0.0,0,0,1.0,0.0,2026-08-26T13:12:09.744Z,2026-08-26T13:12:09.744Z
Agitated_Radio_8485,0.0,1.0,0,0,0.0,1.0,2026-08-22T10:34:48.000Z,2026-08-22T10:34:48.000Z
Agitated_Show_855,1.0,8.0,0,0,1.0,8.0,2026-08-20T02:29:21.000Z,2026-08-26T19:34:57.000Z
Agreeable-Cream7130,1.0,0.0,0,0,1.0,0.0,2026-08-24T06:33:32.613Z,2026-08-24T06:33:32.613Z
Agreeable-Singer325,1.0,4.0,0,0,1.0,4.0,2026-08-20T08:09:47.437Z,2026-08-21T03:45:12.000Z
AgreeableIncrease405,1.0,1.0,0,0,1.0,1.0,2026-08-24T16:35:07.042Z,2026-08-24T19:11:47.000Z
AgrimSeen,0.0,1.0,0,0,0.0,1.0,2026-08-24T09:22:55.000Z,2026-08-24T09:22:55.000Z
AhhSam,0.0,1.0,0,0,0.0,1.0,2026-08-21T10:11:16.000Z,2026-08-21T10:11:16.000Z
AhoyNavigos,0.0,4.0,0,0,0.0,4.0,2026-08-21T07:04:42.000Z,2026-08-31T06:09:51.000Z
Aint_A_Saint_,2.0,4.0,0,0,2.0,4.0,2026-08-21T09:18:39.297Z,2026-08-25T09:09:35.000Z
Aint_no-Balls,0.0,2.0,0,0,0.0,2.0,2026-08-20T12:33:52.000Z,2026-08-25T07:12:41.000Z
Aishwit,0.0,1.0,0,0,0.0,1.0,2026-09-02T14:03:06.000Z,2026-09-02T14:03:06.000Z
Al_Vir,0.0,1.0,0,0,0.0,1.0,2026-08-22T03:11:14.000Z,2026-08-22T03:11:14.000Z
Alarmed-Reach-1767,0.0,1.0,0,0,0.0,1.0,2026-08-18T14:57:53.000Z,2026-08-18T14:57:53.000Z
Alarmed-Singer7668,0.0,1.0,0,0,0.0,1.0,2026-08-25T22:14:17.000Z,2026-08-25T22:14:17.000Z
AlarmedBag4541,0.0,1.0,0,0,0.0,1.0,2026-08-19T10:52:59.000Z,2026-08-19T10:52:59.000Z
AlarmedPurple6521,0.0,6.0,0,0,0.0,6.0,2026-08-20T11:54:43.000Z,2026-09-01T14:33:02.000Z
Alarmed_Sympathy_823,0.0,1.0,0,0,0.0,1.0,2026-08-18T15:29:22.000Z,2026-08-18T15:29:22.000Z
Alarming-Craft1942,0.0,1.0,0,0,0.0,1.0,2026-08-18T14:37:41.000Z,2026-08-18T14:37:41.000Z
Alarming_Bobcat_2259,1.0,1.0,0,0,1.0,1.0,2026-08-22T06:25:11.745Z,2026-08-22T06:46:56.000Z
Alarming_Citron_249,0.0,1.0,0,0,0.0,1.0,2026-08-27T05:42:36.000Z,2026-08-27T05:42:36.000Z
AlbaCodeRed,0.0,1.0,0,0,0.0,1.0,2026-09-02T14:57:15.000Z,2026-09-02T14:57:15.000Z
Alert-Data3780,0.0,3.0,0,0,0.0,3.0,2026-08-20T18:14:32.000Z,2026-08-23T07:21:54.000Z
Alert-Improvement-81,1.0,0.0,0,0,1.0,0.0,2026-08-23T05:56:46.328Z,2026-08-23T05:56:46.328Z
AlexxMaverick666,0.0,3.0,0,0,0.0,3.0,2026-08-20T05:43:31.000Z,2026-08-27T07:42:29.000Z
AlfalfaFirst4051,0.0,1.0,0,0,0.0,1.0,2026-08-23T06:59:29.000Z,2026-08-23T06:59:29.000Z
Alive-Instruction433,1.0,1.0,0,0,1.0,1.0,2026-08-20T16:24:17.934Z,2026-08-25T10:47:43.000Z
AliveManufacturer855,0.0,1.0,0,0,0.0,1.0,2026-08-22T12:07:46.000Z,2026-08-22T12:07:46.000Z
AliveWar4844,1.0,3.0,0,0,1.0,3.0,2026-08-25T22:08:08.000Z,2026-09-02T05:05:57.622Z
Alive_Cloud1305,1.0,1.0,0,0,1.0,1.0,2026-09-01T07:51:42.591Z,2026-09-01T17:05:44.000Z
Allen_unopan,0.0,1.0,0,0,0.0,1.0,2026-08-23T04:43:48.000Z,2026-08-23T04:43:48.000Z
AlmightyStranger,0.0,1.0,0,0,0.0,1.0,2026-08-24T14:47:51.000Z,2026-08-24T14:47:51.000Z
Alone-Assist6466,0.0,1.0,0,0,0.0,1.0,2026-09-02T10:33:41.000Z,2026-09-02T10:33:41.000Z
Alone_Sun_3902,0.0,1.0,0,0,0.0,1.0,2026-08-18T14:44:20.000Z,2026-08-18T14:44:20.000Z
AlphaDominusX,4.0,53.0,0,0,4.0,53.0,2026-08-18T13:53:55.000Z,2026-08-27T13:15:59.000Z
AlphaMindsets,0.0,1.0,0,0,0.0,1.0,2026-08-20T18:27:51.000Z,2026-08-20T18:27:51.000Z
AlphaSheepXz,0.0,3.0,0,0,0.0,3.0,2026-08-24T10:14:49.000Z,2026-08-24T10:20:43.000Z
AlteredReality79,0.0,1.0,0,0,0.0,1.0,2026-08-20T08:57:56.000Z,2026-08-20T08:57:56.000Z
Alternative-Ball-493,0.0,1.0,0,0,0.0,1.0,2026-08-20T11:55:27.000Z,2026-08-20T11:55:27.000Z
Alternative-Copy6350,0.0,1.0,0,0,0.0,1.0,2026-08-21T16:14:11.000Z,2026-08-21T16:14:11.000Z
Alternative-Fan4015,0.0,1.0,0,0,0.0,1.0,2026-08-24T13:21:19.000Z,2026-08-24T13:21:19.000Z
Alternative-Mud-6969,0.0,1.0,0,0,0.0,1.0,2026-08-25T18:55:58.000Z,2026-08-25T18:55:58.000Z
Alternative-Panic69,0.0,1.0,0,0,0.0,1.0,2026-09-01T07:50:51.000Z,2026-09-01T07:50:51.000Z
Alternative-Sleep197,0.0,16.0,0,0,0.0,16.0,2026-08-19T16:41:19.000Z,2026-08-27T08:46:49.000Z
AlternativeCakeheh,0.0,1.0,0,0,0.0,1.0,2026-08-19T06:57:49.000Z,2026-08-19T06:57:49.000Z
Alternative_Area6228,1.0,1.0,0,0,1.0,1.0,2026-08-23T17:58:41.942Z,2026-08-23T18:03:59.000Z
Altruistic-Employ567,0.0,2.0,0,0,0.0,2.0,2026-09-01T14:32:56.000Z,2026-09-01T14:35:28.000Z
Altruistic-Hour3129,1.0,2.0,0,0,1.0,2.0,2026-08-23T08:07:48.462Z,2026-09-01T19:28:15.000Z
Altruistic-Worth848,0.0,4.0,0,0,0.0,4.0,2026-08-21T08:27:26.000Z,2026-08-27T03:47:03.000Z
Altruistic_Gap1890,0.0,1.0,0,0,0.0,1.0,2026-08-27T06:44:23.000Z,2026-08-27T06:44:23.000Z
Alx_sam,0.0,1.0,0,0,0.0,1.0,2026-08-24T04:13:31.000Z,2026-08-24T04:13:31.000Z
Amazed_and_Dazed,0.0,1.0,0,0,0.0,1.0,2026-08-22T14:35:43.000Z,2026-08-22T14:35:43.000Z
Amazing-Age-5243,0.0,1.0,0,0,0.0,1.0,2026-09-01T14:30:09.000Z,2026-09-01T14:30:09.000Z
Amazing-Put9140,0.0,1.0,0,0,0.0,1.0,2026-08-18T14:36:16.000Z,2026-08-18T14:36:16.000Z
Amazing-Rise7694,0.0,4.0,0,0,0.0,4.0,2026-08-19T17:40:52.000Z,2026-08-27T17:29:26.000Z
Ambitious-Dog-2781,0.0,1.0,0,0,0.0,1.0,2026-08-29T09:09:22.000Z,2026-08-29T09:09:22.000Z
AmbitiousDream1830,0.0,1.0,0,0,0.0,1.0,2026-08-24T16:10:19.000Z,2026-08-24T16:10:19.000Z
AmbitiousKnowledge17,0.0,1.0,0,0,0.0,1.0,2026-08-27T09:01:16.000Z,2026-08-27T09:01:16.000Z
AmbitiousRedditor20,0.0,2.0,0,0,0.0,2.0,2026-08-26T14:39:48.000Z,2026-08-27T06:02:28.000Z
Ambitious_Cheetah_62,0.0,4.0,0,0,0.0,4.0,2026-08-21T19:01:59.000Z,2026-08-27T10:18:25.000Z
Ambitious_Pen3213,0.0,1.0,0,0,0.0,1.0,2026-08-18T20:48:12.000Z,2026-08-18T20:48:12.000Z
Ambitious_Pie_5077,0.0,1.0,0,0,0.0,1.0,2026-09-01T03:19:41.000Z,2026-09-01T03:19:41.000Z
Ambreen26,0.0,2.0,0,0,0.0,2.0,2026-08-19T11:22:01.000Z,2026-08-19T18:19:23.000Z
AmeliaRoy96,0.0,2.0,0,0,0.0,2.0,2026-08-23T04:33:49.000Z,2026-08-23T05:45:06.000Z
Amitmandal001,0.0,1.0,0,0,0.0,1.0,2026-08-27T14:42:59.000Z,2026-08-27T14:42:59.000Z
AmoebaThese674,0.0,1.0,0,0,0.0,1.0,2026-08-20T10:24:21.000Z,2026-08-20T10:24:21.000Z
AmphaneTripolChor,0.0,7.0,0,0,0.0,7.0,2026-08-25T10:13:58.000Z,2026-09-02T03:08:13.000Z
Amrita_Maz,0.0,1.0,0,0,0.0,1.0,2026-08-19T15:37:52.000Z,2026-08-19T15:37:52.000Z
AnWitnessOwl,2.0,5.0,0,0,2.0,5.0,2026-08-19T13:29:07.515Z,2026-09-01T17:24:01.000Z
An_Oddyssey,0.0,1.0,0,0,0.0,1.0,2026-08-23T05:05:43.000Z,2026-08-23T05:05:43.000Z
Ancient-Sign-3102,0.0,2.0,0,0,0.0,2.0,2026-08-22T02:02:36.000Z,2026-09-02T09:22:11.000Z
Ancient_Reach_8925,0.0,2.0,0,0,0.0,2.0,2026-08-22T14:35:52.000Z,2026-09-02T14:50:47.000Z
And_Here_We_Go_Again,0.0,1.0,0,0,0.0,1.0,2026-08-22T03:53:42.000Z,2026-08-22T03:53:42.000Z
Aneeshcr7,0.0,2.0,0,0,0.0,2.0,2026-08-22T13:11:25.000Z,2026-08-27T10:18:45.000Z
Anghkooey_22,0.0,3.0,0,0,0.0,3.0,2026-08-26T06:46:14.000Z,2026-09-02T02:44:54.000Z
Aniii_man,0.0,1.0,0,0,0.0,1.0,2026-08-23T06:35:09.000Z,2026-08-23T06:35:09.000Z
Anikastacea,0.0,1.0,0,0,0.0,1.0,2026-09-01T09:18:33.000Z,2026-09-01T09:18:33.000Z
Anikrex,0.0,1.0,0,0,0.0,1.0,2026-08-21T08:09:07.000Z,2026-08-21T08:09:07.000Z
Animator13,0.0,2.0,0,0,0.0,2.0,2026-08-23T18:09:33.000Z,2026-08-23T18:10:37.000Z
AnimatorRich7806,1.0,0.0,0,0,1.0,0.0,2026-08-22T15:44:28.856Z,2026-08-22T15:44:28.856Z
AnimeWeeb8817,0.0,1.0,0,0,0.0,1.0,2026-08-25T06:03:10.000Z,2026-08-25T06:03:10.000Z
Animesh_07Kumar,0.0,2.0,0,0,0.0,2.0,2026-08-31T19:39:42.000Z,2026-08-31T19:41:23.000Z
Anirbit21,1.0,0.0,0,0,1.0,0.0,2026-08-22T04:48:27.627Z,2026-08-22T04:48:27.627Z
Aniruddha678,0.0,1.0,0,0,0.0,1.0,2026-08-27T06:52:41.000Z,2026-08-27T06:52:41.000Z
AnkGO_O,0.0,1.0,0,0,0.0,1.0,2026-09-02T11:22:24.000Z,2026-09-02T11:22:24.000Z
AnkitS75,0.0,1.0,0,0,0.0,1.0,2026-08-24T18:56:19.000Z,2026-08-24T18:56:19.000Z
Ankit_Psycho_Artist,0.0,1.0,0,0,0.0,1.0,2026-08-27T07:24:44.000Z,2026-08-27T07:24:44.000Z
Annie_reads,0.0,1.0,0,0,0.0,1.0,2026-08-24T16:51:17.000Z,2026-08-24T16:51:17.000Z
Annonymous_7,2.0,1.0,0,0,2.0,1.0,2026-08-21T12:50:03.068Z,2026-09-02T13:00:41.417Z
Annual-Animator-1972,0.0,1.0,0,0,0.0,1.0,2026-08-20T09:50:46.000Z,2026-08-20T09:50:46.000Z
AnnualAnswer2485,0.0,1.0,0,0,0.0,1.0,2026-08-25T04:12:10.000Z,2026-08-25T04:12:10.000Z
AnnualBerry2208,0.0,2.0,0,0,0.0,2.0,2026-08-25T18:40:51.000Z,2026-09-02T10:29:27.000Z
Annual_Database_4001,0.0,1.0,0,0,0.0,1.0,2026-08-22T21:08:24.000Z,2026-08-22T21:08:24.000Z
Annual_Feed_4026,0.0,1.0,0,0,0.0,1.0,2026-08-31T15:40:26.000Z,2026-08-31T15:40:26.000Z
Anonymo7890,0.0,1.0,0,0,0.0,1.0,2026-08-18T16:45:30.000Z,2026-08-18T16:45:30.000Z
Anonymous--Taco,0.0,1.0,0,0,0.0,1.0,2026-09-01T06:49:09.000Z,2026-09-01T06:49:09.000Z
Anonymous_Fellow_,0.0,1.0,0,0,0.0,1.0,2026-08-24T19:18:01.000Z,2026-08-24T19:18:01.000Z
Anonymous_Ferry,0.0,1.0,0,0,0.0,1.0,2026-08-23T11:26:56.000Z,2026-08-23T11:26:56.000Z
AnskyOP,0.0,3.0,0,0,0.0,3.0,2026-08-22T02:41:43.000Z,2026-08-23T12:30:04.000Z
AntiHeroOnline,0.0,1.0,0,0,0.0,1.0,2026-08-20T09:53:34.000Z,2026-08-20T09:53:34.000Z
Antique-Monitor8482,0.0,1.0,0,0,0.0,1.0,2026-08-29T12:58:20.000Z,2026-08-29T12:58:20.000Z
Antique-Suit-3716,0.0,4.0,0,0,0.0,4.0,2026-08-25T03:47:10.000Z,2026-08-26T09:10:21.000Z
Antique_Country_2024,0.0,5.0,0,0,0.0,5.0,2026-08-19T10:22:52.000Z,2026-09-02T16:36:48.000Z
Antique_Syllabub_650,0.0,1.0,0,0,0.0,1.0,2026-08-21T07:46:12.000Z,2026-08-21T07:46:12.000Z
Anurag4one,0.0,2.0,0,0,0.0,2.0,2026-08-27T02:17:13.000Z,2026-09-02T09:03:01.000Z
Anxious-Foundation59,0.0,1.0,0,0,0.0,1.0,2026-08-27T06:08:39.000Z,2026-08-27T06:08:39.000Z
Anxious-Potat0,0.0,3.0,0,0,0.0,3.0,2026-08-22T05:04:39.000Z,2026-08-24T18:55:01.000Z
Anxious_Attacker24,0.0,4.0,0,0,0.0,4.0,2026-08-20T16:30:40.000Z,2026-09-02T11:40:52.000Z
Any-Individual5262,0.0,8.0,0,0,0.0,8.0,2026-08-25T14:18:21.000Z,2026-09-02T17:08:32.000Z
Any-Laugh9237,2.0,24.0,0,0,2.0,24.0,2026-08-20T16:54:06.000Z,2026-09-02T02:17:48.000Z
Any-Proof-8985,0.0,2.0,0,0,0.0,2.0,2026-08-26T07:46:45.000Z,2026-08-26T15:11:19.000Z
Any-Yogurt-1910,0.0,1.0,0,0,0.0,1.0,2026-08-30T00:14:39.000Z,2026-08-30T00:14:39.000Z
Any_Astronomer4353,0.0,2.0,0,0,0.0,2.0,2026-08-22T03:49:59.000Z,2026-08-23T03:53:58.000Z
Any_Bad_3104,2.0,2.0,0,0,2.0,2.0,2026-08-22T05:43:42.000Z,2026-09-01T18:26:21.058Z
Any_Comfortable3404,0.0,1.0,0,0,0.0,1.0,2026-08-22T07:30:54.000Z,2026-08-22T07:30:54.000Z
Any_Competition_8783,0.0,2.0,0,0,0.0,2.0,2026-08-21T14:03:42.000Z,2026-08-22T18:08:26.000Z
Any_Future8049,0.0,1.0,0,0,0.0,1.0,2026-08-22T12:43:14.000Z,2026-08-22T12:43:14.000Z
Any_Phase3606,0.0,1.0,0,0,0.0,1.0,2026-08-22T06:07:58.000Z,2026-08-22T06:07:58.000Z
Apart-Raspberry-7909,0.0,1.0,0,0,0.0,1.0,2026-08-27T08:25:48.000Z,2026-08-27T08:25:48.000Z
ApartBug7499,1.0,6.0,0,0,1.0,6.0,2026-08-23T08:41:14.000Z,2026-09-03T04:24:04.076Z
ApplicationSad9731,0.0,2.0,0,0,0.0,2.0,2026-08-26T07:56:04.000Z,2026-08-26T17:08:19.000Z
Apprehensive-Comb369,0.0,2.0,0,0,0.0,2.0,2026-08-25T08:02:42.000Z,2026-08-25T09:28:28.000Z
Apprehensive-Lead499,0.0,1.0,0,0,0.0,1.0,2026-08-23T17:22:47.000Z,2026-08-23T17:22:47.000Z
ApprehensiveJudge861,0.0,1.0,0,0,0.0,1.0,2026-08-21T08:08:05.000Z,2026-08-21T08:08:05.000Z
ApprehensiveSafe1924,0.0,2.0,0,0,0.0,2.0,2026-08-22T08:20:02.000Z,2026-08-24T14:27:08.000Z
Apprehensive_Act9042,0.0,1.0,0,0,0.0,1.0,2026-08-18T17:33:09.000Z,2026-08-18T17:33:09.000Z
Apprehensive_Bed8187,0.0,2.0,0,0,0.0,2.0,2026-09-01T18:21:14.000Z,2026-09-01T18:23:30.000Z
Apprehensive_Dig8863,1.0,1.0,0,0,1.0,1.0,2026-08-27T11:59:53.000Z,2026-09-02T20:16:59.178Z
Apprehensive_Drag474,0.0,1.0,0,0,0.0,1.0,2026-08-22T14:06:36.000Z,2026-08-22T14:06:36.000Z
Apprehensive_Let5956,0.0,1.0,0,0,0.0,1.0,2026-08-21T08:08:05.000Z,2026-08-21T08:08:05.000Z
Apprehensive_Use7108,0.0,1.0,0,0,0.0,1.0,2026-08-26T08:08:11.000Z,2026-08-26T08:08:11.000Z
Appropriate-Area-475,1.0,11.0,0,0,1.0,11.0,2026-08-19T16:20:27.042Z,2026-08-20T17:55:52.000Z
Appropriate-Sir6990,0.0,2.0,0,0,0.0,2.0,2026-08-20T04:50:53.000Z,2026-08-27T05:25:09.000Z
Appropriate-Wall2598,0.0,1.0,0,0,0.0,1.0,2026-08-22T15:31:06.000Z,2026-08-22T15:31:06.000Z
AppropriateEmotion22,0.0,1.0,0,0,0.0,1.0,2026-08-27T08:19:52.000Z,2026-08-27T08:19:52.000Z
AppropriateGlass7357,0.0,1.0,0,0,0.0,1.0,2026-08-23T08:27:39.000Z,2026-08-23T08:27:39.000Z
AppropriateRadish968,0.0,1.0,0,0,0.0,1.0,2026-09-01T06:39:15.000Z,2026-09-01T06:39:15.000Z
Appropriate_Low_8369,0.0,1.0,0,0,0.0,1.0,2026-08-21T17:41:31.000Z,2026-08-21T17:41:31.000Z
Appropriate_Map_1718,0.0,1.0,0,0,0.0,1.0,2026-08-24T08:29:22.000Z,2026-08-24T08:29:22.000Z
Appropriate_Tie_7522,1.0,1.0,0,0,1.0,1.0,2026-08-27T03:29:03.611Z,2026-09-02T16:38:21.000Z
Appropriate_Yak_3797,0.0,2.0,0,0,0.0,2.0,2026-08-21T06:32:38.000Z,2026-08-22T05:01:18.000Z
Appy46_,0.0,2.0,0,0,0.0,2.0,2026-09-01T11:29:24.000Z,2026-09-01T11:46:12.000Z
Aranciniballs,0.0,2.0,0,0,0.0,2.0,2026-08-21T12:01:47.000Z,2026-08-22T11:19:55.000Z
Arcade_30,0.0,1.0,0,0,0.0,1.0,2026-08-18T18:33:21.000Z,2026-08-18T18:33:21.000Z
Archeus07,0.0,1.0,0,0,0.0,1.0,2026-08-21T11:51:57.000Z,2026-08-21T11:51:57.000Z
Arfankazi,0.0,2.0,0,0,0.0,2.0,2026-08-24T18:34:26.000Z,2026-08-24T18:37:27.000Z
Arg2001F1,0.0,1.0,0,0,0.0,1.0,2026-08-26T10:03:12.000Z,2026-08-26T10:03:12.000Z
Arghhhaa,0.0,1.0,0,0,0.0,1.0,2026-08-27T07:40:03.000Z,2026-08-27T07:40:03.000Z
ArgumentAnxious3221,0.0,1.0,0,0,0.0,1.0,2026-08-23T05:36:52.000Z,2026-08-23T05:36:52.000Z
Arijitdesignsit,0.0,1.0,0,0,0.0,1.0,2026-08-19T21:15:43.000Z,2026-08-19T21:15:43.000Z
Aritro_ssJ920,0.0,1.0,0,0,0.0,1.0,2026-08-23T08:05:44.000Z,2026-08-23T08:05:44.000Z
Arjunshakti,0.0,11.0,0,0,0.0,11.0,2026-08-21T17:26:28.000Z,2026-08-27T07:22:21.000Z
ArkoChat,0.0,1.0,0,0,0.0,1.0,2026-09-02T06:57:28.000Z,2026-09-02T06:57:28.000Z
ArkoMSD,0.0,3.0,0,0,0.0,3.0,2026-08-21T11:24:05.000Z,2026-08-22T13:08:32.000Z
Armin-12,0.0,1.0,0,0,0.0,1.0,2026-08-21T10:01:55.000Z,2026-08-21T10:01:55.000Z
Arnab1,0.0,1.0,0,0,0.0,1.0,2026-08-22T08:49:22.000Z,2026-08-22T08:49:22.000Z
Arnab1805,1.0,0.0,0,0,1.0,0.0,2026-09-01T23:29:29.657Z,2026-09-01T23:29:29.657Z
ArnabRaha,0.0,1.0,0,0,0.0,1.0,2026-08-18T15:29:30.000Z,2026-08-18T15:29:30.000Z
Arnoy,0.0,1.0,0,0,0.0,1.0,2026-08-22T03:01:37.000Z,2026-08-22T03:01:37.000Z
Aromatic-Analysis641,0.0,1.0,0,0,0.0,1.0,2026-08-20T09:21:02.000Z,2026-08-20T09:21:02.000Z
Aromatic-Opposite221,1.0,0.0,0,0,1.0,0.0,2026-08-24T06:35:43.638Z,2026-08-24T06:35:43.638Z
AromaticMonitor8238,0.0,1.0,0,0,0.0,1.0,2026-08-23T03:37:01.000Z,2026-08-23T03:37:01.000Z
Aromatic_Bar_4120,0.0,1.0,0,0,0.0,1.0,2026-08-26T03:51:05.000Z,2026-08-26T03:51:05.000Z
Aromatic_Yak_8998,1.0,3.0,0,0,1.0,3.0,2026-08-25T14:57:43.000Z,2026-08-27T07:15:25.000Z
Aron-Cheese,0.0,1.0,0,0,0.0,1.0,2026-08-30T02:16:18.000Z,2026-08-30T02:16:18.000Z
Arpan_Bhar,0.0,9.0,0,0,0.0,9.0,2026-08-18T13:55:40.000Z,2026-09-01T04:07:28.000Z
Arpan_Omnivision1,1.0,2.0,0,0,1.0,2.0,2026-08-23T05:49:00.257Z,2026-08-23T11:00:05.000Z
Arpitmew,0.0,1.0,0,0,0.0,1.0,2026-08-29T18:17:50.000Z,2026-08-29T18:17:50.000Z
Artistic-Internal-85,0.0,8.0,0,0,0.0,8.0,2026-08-18T15:05:45.000Z,2026-09-02T01:56:57.000Z
Artistic_Ideal_2460,0.0,1.0,0,0,0.0,1.0,2026-08-27T05:58:00.000Z,2026-08-27T05:58:00.000Z
Artystraling,0.0,1.0,0,0,0.0,1.0,2026-08-22T08:07:25.000Z,2026-08-22T08:07:25.000Z
ArwensCat,0.0,2.0,0,0,0.0,2.0,2026-08-20T15:11:54.000Z,2026-08-27T13:43:17.000Z
Aryan_07_,2.0,7.0,0,0,2.0,7.0,2026-08-21T20:51:58.414Z,2026-08-24T21:46:04.679Z
As1Asim,0.0,4.0,0,0,0.0,4.0,2026-08-20T01:20:08.000Z,2026-08-25T02:34:56.000Z
AsgardianJude,0.0,2.0,0,0,0.0,2.0,2026-08-21T18:35:53.000Z,2026-08-23T10:14:14.000Z
Ashamed_Engine_4172,0.0,6.0,0,0,0.0,6.0,2026-08-20T05:20:37.000Z,2026-08-22T03:12:06.000Z
Ashamed_Instance7335,1.0,49.0,0,0,1.0,49.0,2026-08-19T11:50:30.000Z,2026-09-02T16:36:11.000Z
Ashamed_Rush_8543,0.0,1.0,0,0,0.0,1.0,2026-08-18T14:35:11.000Z,2026-08-18T14:35:11.000Z
AshdPenalty4175,0.0,2.0,0,0,0.0,2.0,2026-08-22T07:21:27.000Z,2026-08-25T03:14:52.000Z
AshutoshNonia,0.0,1.0,0,0,0.0,1.0,2026-08-30T05:41:50.000Z,2026-08-30T05:41:50.000Z
AskGrok,0.0,1.0,0,0,0.0,1.0,2026-08-22T14:45:34.000Z,2026-08-22T14:45:34.000Z
Askhardquestion,0.0,3.0,0,0,0.0,3.0,2026-08-20T14:47:50.000Z,2026-08-25T17:19:31.000Z
Assassin_Ankur,0.0,4.0,0,0,0.0,4.0,2026-08-23T05:22:53.000Z,2026-09-02T16:34:29.000Z
AssignmentNo9264,0.0,1.0,0,0,0.0,1.0,2026-08-19T19:01:09.000Z,2026-08-19T19:01:09.000Z
AssistantToNobody,0.0,3.0,0,0,0.0,3.0,2026-08-23T07:26:25.000Z,2026-08-25T14:01:43.000Z
Astheredsgomarching,1.0,6.0,0,0,1.0,6.0,2026-08-20T14:38:39.113Z,2026-09-02T11:04:23.000Z
AstoundingAsh,0.0,2.0,0,0,0.0,2.0,2026-08-24T10:24:09.000Z,2026-08-26T04:47:30.000Z
AstronautThese4576,0.0,2.0,0,0,0.0,2.0,2026-08-19T09:49:25.000Z,2026-09-01T12:16:05.000Z
AstronomerFar2586,0.0,1.0,0,0,0.0,1.0,2026-08-18T14:52:29.000Z,2026-08-18T14:52:29.000Z
AtmosphereRich4021,0.0,1.0,0,0,0.0,1.0,2026-08-26T08:42:38.000Z,2026-08-26T08:42:38.000Z
AttentionInformal905,0.0,1.0,0,0,0.0,1.0,2026-09-01T14:42:43.000Z,2026-09-01T14:42:43.000Z
AurthohinRio,0.0,2.0,0,0,0.0,2.0,2026-08-19T16:39:39.000Z,2026-08-27T04:11:11.000Z
AutisticBengali,0.0,3.0,0,0,0.0,3.0,2026-08-25T10:13:09.000Z,2026-09-02T07:37:14.000Z
AutoModerator,0.0,2.0,0,0,0.0,2.0,2026-08-24T18:32:27.000Z,2026-08-26T16:13:00.000Z
Automatic-Big6636,1.0,0.0,0,0,1.0,0.0,2026-08-22T17:28:34.041Z,2026-08-22T17:28:34.041Z
Automatic_Horror85,1.0,1.0,0,0,1.0,1.0,2026-08-22T16:13:38.556Z,2026-08-22T16:23:06.000Z
Automatic_Ring3956,0.0,1.0,0,0,0.0,1.0,2026-08-19T05:57:28.000Z,2026-08-19T05:57:28.000Z
Available-Ad-3574,0.0,1.0,0,0,0.0,1.0,2026-08-26T01:31:36.000Z,2026-08-26T01:31:36.000Z
Available-Appeal-173,0.0,1.0,0,0,0.0,1.0,2026-09-02T09:06:46.000Z,2026-09-02T09:06:46.000Z
Available-Check-4452,0.0,1.0,0,0,0.0,1.0,2026-08-24T04:41:39.000Z,2026-08-24T04:41:39.000Z
Available_Cream_752,0.0,2.0,0,0,0.0,2.0,2026-08-21T02:05:25.000Z,2026-08-24T14:09:53.000Z
Available_Town_1602,0.0,6.0,0,0,0.0,6.0,2026-08-18T13:55:03.000Z,2026-09-02T05:36:26.000Z
Averageguy1905,0.0,1.0,0,0,0.0,1.0,2026-08-19T19:45:08.000Z,2026-08-19T19:45:08.000Z
Avinandanm,0.0,20.0,0,0,0.0,20.0,2026-08-20T05:12:14.000Z,2026-09-01T08:40:09.000Z
Avisheke,0.0,1.0,0,0,0.0,1.0,2026-08-21T10:15:27.000Z,2026-08-21T10:15:27.000Z
Avizeet,0.0,2.0,0,0,0.0,2.0,2026-08-22T05:36:05.000Z,2026-08-24T06:54:34.000Z
AwaraBanaPagal,0.0,1.0,0,0,0.0,1.0,2026-08-18T19:07:56.000Z,2026-08-18T19:07:56.000Z
Aware-Asparagus-3124,0.0,3.0,0,0,0.0,3.0,2026-08-21T12:55:28.000Z,2026-08-22T18:34:03.000Z
Aware-Total-2251,1.0,0.0,0,0,1.0,0.0,2026-09-03T04:39:38.033Z,2026-09-03T04:39:38.033Z
Aware_Cry7970,3.0,24.0,0,0,3.0,24.0,2026-08-19T17:20:55.000Z,2026-09-03T00:59:23.106Z
Aware_Neighborhood_9,0.0,4.0,0,0,0.0,4.0,2026-08-21T09:48:41.000Z,2026-09-01T06:34:43.000Z
Away-Primary4886,0.0,1.0,0,0,0.0,1.0,2026-08-20T04:17:54.000Z,2026-08-20T04:17:54.000Z
AwkardOiledBalls1984,1.0,15.0,0,0,1.0,15.0,2026-08-21T15:52:34.000Z,2026-09-01T15:13:30.000Z
Awkward-Dark9204,0.0,1.0,0,0,0.0,1.0,2026-08-26T15:41:03.000Z,2026-08-26T15:41:03.000Z
Awkward-Feature-9669,0.0,1.0,0,0,0.0,1.0,2026-09-01T20:13:27.000Z,2026-09-01T20:13:27.000Z
AwkwardMedium9338,0.0,1.0,0,0,0.0,1.0,2026-08-19T17:58:32.000Z,2026-08-19T17:58:32.000Z
Awkward_Strength6896,0.0,1.0,0,0,0.0,1.0,2026-08-20T12:33:40.000Z,2026-08-20T12:33:40.000Z
Ayan_Choudhury,0.0,6.0,0,0,0.0,6.0,2026-08-22T15:15:56.000Z,2026-09-02T15:45:48.000Z
BAsTardBaller1862,0.0,4.0,0,0,0.0,4.0,2026-08-24T15:50:38.000Z,2026-08-27T09:28:35.000Z
BLANK16NONAME,0.0,2.0,0,0,0.0,2.0,2026-08-24T11:38:03.000Z,2026-08-24T11:55:40.000Z
BOBGAMERYT44,0.0,1.0,0,0,0.0,1.0,2026-08-20T14:25:52.000Z,2026-08-20T14:25:52.000Z
BOHEMIAN_CATSODYYY,1.0,2.0,0,0,1.0,2.0,2026-08-27T06:58:02.000Z,2026-09-01T20:29:15.000Z
BRAUL_STARS,0.0,1.0,0,0,0.0,1.0,2026-08-24T12:23:43.000Z,2026-08-24T12:23:43.000Z
BROZARKOP,2.0,4.0,0,0,2.0,4.0,2026-08-19T17:29:27.000Z,2026-09-02T21:45:06.138Z
Babayaaga98,0.0,1.0,0,0,0.0,1.0,2026-09-01T03:52:29.000Z,2026-09-01T03:52:29.000Z
Background-Garden-50,0.0,2.0,0,0,0.0,2.0,2026-08-19T17:34:31.000Z,2026-08-19T17:35:40.000Z
Background-Motor7078,0.0,2.0,0,0,0.0,2.0,2026-09-01T19:22:28.000Z,2026-09-01T19:26:09.000Z
Background_County332,1.0,2.0,0,0,1.0,2.0,2026-08-21T17:48:25.492Z,2026-08-21T17:55:26.000Z
Background_Fish_6095,0.0,2.0,0,0,0.0,2.0,2026-08-26T07:03:58.000Z,2026-08-26T13:41:20.000Z
BalanoCapitus,0.0,1.0,0,0,0.0,1.0,2026-09-01T13:57:55.000Z,2026-09-01T13:57:55.000Z
BandicootKlutzy791,0.0,1.0,0,0,0.0,1.0,2026-08-25T13:42:33.000Z,2026-08-25T13:42:33.000Z
BangaliBabu01,3.0,40.0,0,0,3.0,40.0,2026-08-18T17:56:51.000Z,2026-09-02T12:28:45.000Z
BanglarDamalChhele,0.0,4.0,0,0,0.0,4.0,2026-08-24T16:27:06.000Z,2026-08-25T15:46:28.000Z
BarackObamatheMighty,0.0,1.0,0,0,0.0,1.0,2026-08-21T06:26:59.000Z,2026-08-21T06:26:59.000Z
BarnilOvO26,0.0,1.0,0,0,0.0,1.0,2026-08-18T16:04:38.000Z,2026-08-18T16:04:38.000Z
BarracudaExpensive03,0.0,8.0,0,0,0.0,8.0,2026-08-19T04:15:43.000Z,2026-09-02T04:20:05.000Z
Basic_Ad113,0.0,1.0,0,0,0.0,1.0,2026-08-27T06:51:48.000Z,2026-08-27T06:51:48.000Z
Basic_Run5114,0.0,3.0,0,0,0.0,3.0,2026-08-24T12:27:25.000Z,2026-09-02T03:42:51.000Z
Batmanwithoutmoneyy,0.0,1.0,0,0,0.0,1.0,2026-09-02T02:42:04.000Z,2026-09-02T02:42:04.000Z
BawandarBikhari,0.0,2.0,0,0,0.0,2.0,2026-08-27T05:13:00.000Z,2026-08-31T18:02:14.000Z
Bawhoman,4.0,10.0,0,0,4.0,10.0,2026-08-22T14:28:01.514Z,2026-08-26T04:05:04.000Z
Bazzingatime,0.0,10.0,0,0,0.0,10.0,2026-08-19T10:30:21.000Z,2026-09-02T14:14:57.000Z
Bbutcher1234,0.0,2.0,0,0,0.0,2.0,2026-08-27T01:18:40.000Z,2026-09-01T01:13:08.000Z
Beast_007x69,0.0,2.0,0,0,0.0,2.0,2026-08-25T14:00:07.000Z,2026-08-28T17:24:33.000Z
Beautiful-Dig4196,1.0,2.0,0,0,1.0,2.0,2026-08-25T05:29:43.453Z,2026-08-25T18:43:15.000Z
Beautiful-Good-3535,0.0,3.0,0,0,0.0,3.0,2026-08-21T07:43:21.000Z,2026-09-01T14:33:50.000Z
Beautiful-Major-8968,0.0,1.0,0,0,0.0,1.0,2026-09-02T10:03:55.000Z,2026-09-02T10:03:55.000Z
Beautiful-Object-467,6.0,22.0,0,0,6.0,22.0,2026-08-20T18:02:51.000Z,2026-09-02T18:35:53.882Z
Beautiful-Patient794,0.0,1.0,0,0,0.0,1.0,2026-09-01T15:50:01.000Z,2026-09-01T15:50:01.000Z
Beautiful_Divide_556,0.0,1.0,0,0,0.0,1.0,2026-08-22T18:34:24.000Z,2026-08-22T18:34:24.000Z
Beautiful_House_2675,1.0,1.0,0,0,1.0,1.0,2026-08-23T20:42:35.000Z,2026-08-26T23:56:07.067Z
Beautiful_calico,0.0,2.0,0,0,0.0,2.0,2026-08-20T21:49:36.000Z,2026-08-26T10:13:13.000Z
Beginning-Airport384,0.0,3.0,0,0,0.0,3.0,2026-08-18T15:33:49.000Z,2026-09-02T07:41:45.000Z
Beginning-Dark-4259,0.0,1.0,0,0,0.0,1.0,2026-08-18T13:53:16.000Z,2026-08-18T13:53:16.000Z
Beginning-Ladder6224,0.0,3.0,0,0,0.0,3.0,2026-08-24T09:14:19.000Z,2026-09-02T15:23:34.000Z
Beginning_Meeting_96,0.0,1.0,0,0,0.0,1.0,2026-08-27T12:51:18.000Z,2026-08-27T12:51:18.000Z
BelaMeow,0.0,1.0,0,0,0.0,1.0,2026-08-23T14:44:57.000Z,2026-08-23T14:44:57.000Z
BellaChoseRight,0.0,1.0,0,0,0.0,1.0,2026-08-21T08:19:52.000Z,2026-08-21T08:19:52.000Z
Belphegor7,0.0,5.0,0,0,0.0,5.0,2026-09-01T08:19:10.000Z,2026-09-02T07:27:20.000Z
Ben_Goshi3320,0.0,1.0,0,0,0.0,1.0,2026-08-24T07:43:35.000Z,2026-08-24T07:43:35.000Z
BendLost6433,1.0,2.0,0,0,1.0,2.0,2026-08-21T05:31:57.692Z,2026-08-21T14:36:30.000Z
Beneficial-Goose1789,0.0,1.0,0,0,0.0,1.0,2026-08-22T07:56:40.000Z,2026-08-22T07:56:40.000Z
Beneficial-Lunch-290,0.0,1.0,0,0,0.0,1.0,2026-08-27T18:18:12.000Z,2026-08-27T18:18:12.000Z
Beneficial-Pie-7189,0.0,1.0,0,0,0.0,1.0,2026-08-23T16:07:42.000Z,2026-08-23T16:07:42.000Z
BeneficialAgent8832,0.0,1.0,0,0,0.0,1.0,2026-08-25T11:47:55.000Z,2026-08-25T11:47:55.000Z
BeneficialWater4217,0.0,1.0,0,0,0.0,1.0,2026-08-21T08:52:07.000Z,2026-08-21T08:52:07.000Z
Beneficial_Dish_2325,0.0,12.0,0,0,0.0,12.0,2026-08-22T14:01:44.000Z,2026-09-01T20:14:59.000Z
Beneficial_Job8737,0.0,11.0,0,0,0.0,11.0,2026-08-20T15:48:17.000Z,2026-08-26T03:59:07.000Z
Beneficial_Scar4387,1.0,3.0,0,0,1.0,3.0,2026-08-24T18:28:41.280Z,2026-08-25T18:09:08.000Z
Beneficial_Sea_6188,0.0,1.0,0,0,0.0,1.0,2026-08-19T03:42:53.000Z,2026-08-19T03:42:53.000Z
Beneficial_Seesaw136,1.0,0.0,0,0,1.0,0.0,2026-08-26T12:26:09.574Z,2026-08-26T12:26:09.574Z
Beneficial_Zebra1544,0.0,1.0,0,0,0.0,1.0,2026-08-24T14:46:53.000Z,2026-08-24T14:46:53.000Z
BengalRevanchist,1.0,7.0,0,0,1.0,7.0,2026-08-19T17:45:39.000Z,2026-09-02T16:24:18.000Z
Bengal_Bazooka,0.0,1.0,0,0,0.0,1.0,2026-08-25T04:41:44.000Z,2026-08-25T04:41:44.000Z
Bengali_Babu02,0.0,6.0,0,0,0.0,6.0,2026-09-01T10:50:22.000Z,2026-09-01T18:40:41.000Z
Benzo_Addict_007,0.0,2.0,0,0,0.0,2.0,2026-08-21T07:34:09.000Z,2026-08-25T17:34:05.000Z
BerozgarBJPpaglu,0.0,7.0,0,0,0.0,7.0,2026-08-20T14:33:42.000Z,2026-09-01T12:47:50.000Z
BerryMother6833,0.0,1.0,0,0,0.0,1.0,2026-09-01T05:39:48.000Z,2026-09-01T05:39:48.000Z
BerryTypical6797,0.0,1.0,0,0,0.0,1.0,2026-08-18T17:20:53.000Z,2026-08-18T17:20:53.000Z
Best-Mark-538,0.0,2.0,0,0,0.0,2.0,2026-08-22T13:56:40.000Z,2026-08-22T13:58:41.000Z
Best_Teach_8552,0.0,1.0,0,0,0.0,1.0,2026-08-18T23:59:53.000Z,2026-08-18T23:59:53.000Z
BetNarrow1556,0.0,8.0,0,0,0.0,8.0,2026-08-18T14:00:38.000Z,2026-08-31T13:15:43.000Z
Better-Constant-5951,0.0,1.0,0,0,0.0,1.0,2026-09-02T13:35:15.000Z,2026-09-02T13:35:15.000Z
Better-Intention6332,0.0,1.0,0,0,0.0,1.0,2026-08-27T17:08:48.000Z,2026-08-27T17:08:48.000Z
Better_Fun525,0.0,3.0,0,0,0.0,3.0,2026-08-26T16:18:39.000Z,2026-08-26T16:24:51.000Z
Better_Sun_2046,0.0,3.0,0,0,0.0,3.0,2026-08-19T17:40:16.000Z,2026-08-22T04:31:48.000Z
BhaatAluPosto,0.0,1.0,0,0,0.0,1.0,2026-08-25T21:33:47.000Z,2026-08-25T21:33:47.000Z
Bhaskar_0905,0.0,2.0,0,0,0.0,2.0,2026-08-19T09:57:46.000Z,2026-08-24T13:15:25.000Z
BhataktiAtma69,0.0,2.0,0,0,0.0,2.0,2026-08-21T04:14:31.000Z,2026-08-21T04:23:12.000Z
BhunaBichi,0.0,2.0,0,0,0.0,2.0,2026-08-25T14:37:04.000Z,2026-08-27T03:53:06.000Z
Big-Claim-4822,0.0,4.0,0,0,0.0,4.0,2026-08-21T08:56:14.000Z,2026-08-24T10:39:01.000Z
Big-DICK_Small-Brain,0.0,1.0,0,0,0.0,1.0,2026-08-22T10:33:28.000Z,2026-08-22T10:33:28.000Z
Big-Enthusiasm7231,0.0,1.0,0,0,0.0,1.0,2026-08-27T10:02:52.000Z,2026-08-27T10:02:52.000Z
Big-Masterpiece-9801,0.0,4.0,0,0,0.0,4.0,2026-08-20T16:49:01.000Z,2026-08-23T05:13:12.000Z
Big-Sky-4342,0.0,4.0,0,0,0.0,4.0,2026-08-18T14:50:36.000Z,2026-09-01T13:25:26.000Z
Big-Specialist133,0.0,2.0,0,0,0.0,2.0,2026-09-01T18:31:03.000Z,2026-09-01T18:32:15.000Z
Big-Target-1499,0.0,3.0,0,0,0.0,3.0,2026-08-21T10:13:31.000Z,2026-08-27T11:32:15.000Z
BigSprinkles1382,0.0,1.0,0,0,0.0,1.0,2026-08-25T06:55:56.000Z,2026-08-25T06:55:56.000Z
BigSword_312,1.0,4.0,0,0,1.0,4.0,2026-08-19T11:01:56.657Z,2026-08-20T04:32:16.000Z
Big_Ad_1009,0.0,2.0,0,0,0.0,2.0,2026-08-26T15:18:48.000Z,2026-09-01T17:38:03.000Z
Big_Beach166,0.0,1.0,0,0,0.0,1.0,2026-08-27T22:35:02.000Z,2026-08-27T22:35:02.000Z
Big_Historian_6257,0.0,2.0,0,0,0.0,2.0,2026-08-21T05:02:52.000Z,2026-08-26T16:12:10.000Z
Big_Pineapple_8735,0.0,1.0,0,0,0.0,1.0,2026-08-25T11:10:09.000Z,2026-08-25T11:10:09.000Z
Big_oily_Knee_Grow,0.0,1.0,0,0,0.0,1.0,2026-08-24T03:12:52.000Z,2026-08-24T03:12:52.000Z
Bigcoil69,0.0,1.0,0,0,0.0,1.0,2026-08-27T07:46:18.000Z,2026-08-27T07:46:18.000Z
BijitDeyEEG,0.0,1.0,0,0,0.0,1.0,2026-08-27T06:22:56.000Z,2026-08-27T06:22:56.000Z
BikeSilver8058,0.0,1.0,0,0,0.0,1.0,2026-08-22T09:05:28.000Z,2026-08-22T09:05:28.000Z
Biley-101,0.0,1.0,0,0,0.0,1.0,2026-08-23T12:53:00.000Z,2026-08-23T12:53:00.000Z
Billiranii,1.0,0.0,0,0,1.0,0.0,2026-09-02T13:21:55.166Z,2026-09-02T13:21:55.166Z
BillyButcher_99,0.0,1.0,0,0,0.0,1.0,2026-08-25T14:02:29.000Z,2026-08-25T14:02:29.000Z
BindairDundath,0.0,2.0,0,0,0.0,2.0,2026-09-02T03:56:22.000Z,2026-09-02T04:00:14.000Z
Bipchk-LM-SRT-22,0.0,2.0,0,0,0.0,2.0,2026-08-23T20:50:27.000Z,2026-08-23T21:21:03.000Z
Biraj_7,0.0,7.0,0,0,0.0,7.0,2026-08-22T06:54:43.000Z,2026-09-02T12:25:58.000Z
BiscottiJumpy3405,0.0,2.0,0,0,0.0,2.0,2026-08-22T09:02:27.000Z,2026-08-23T17:35:22.000Z
BiscottiStunning2377,0.0,1.0,0,0,0.0,1.0,2026-08-19T08:47:19.000Z,2026-08-19T08:47:19.000Z
BishalMondal07,0.0,1.0,0,0,0.0,1.0,2026-08-27T06:34:36.000Z,2026-08-27T06:34:36.000Z
Bjarnophile,0.0,1.0,0,0,0.0,1.0,2026-08-22T20:33:29.000Z,2026-08-22T20:33:29.000Z
Black-Cloud-22,0.0,1.0,0,0,0.0,1.0,2026-08-23T09:01:07.000Z,2026-08-23T09:01:07.000Z
BlackberryFederal672,0.0,1.0,0,0,0.0,1.0,2026-08-27T21:54:12.000Z,2026-08-27T21:54:12.000Z
Blahbloohblahblahhh,0.0,2.0,0,0,0.0,2.0,2026-08-20T11:47:50.000Z,2026-08-21T11:34:48.000Z
Blakedsilva,0.0,2.0,0,0,0.0,2.0,2026-08-20T12:28:44.000Z,2026-08-21T14:14:17.000Z
Blaster_s_007,0.0,2.0,0,0,0.0,2.0,2026-08-22T19:42:34.000Z,2026-08-24T18:26:55.000Z
Blazingtatsumaki,0.0,1.0,0,0,0.0,1.0,2026-08-22T09:20:57.000Z,2026-08-22T09:20:57.000Z
BloodySurgeon_20,0.0,14.0,0,0,0.0,14.0,2026-08-18T15:16:46.000Z,2026-09-01T14:20:52.000Z
Bloom_within_heart,0.0,3.0,0,0,0.0,3.0,2026-08-27T06:00:17.000Z,2026-09-01T08:46:46.000Z
BluR136,0.0,1.0,0,0,0.0,1.0,2026-08-26T03:15:16.000Z,2026-08-26T03:15:16.000Z
BlueBoxLady,0.0,2.0,0,0,0.0,2.0,2026-08-21T08:00:32.000Z,2026-09-02T09:48:34.000Z
Blue_Bubbles15,0.0,3.0,0,0,0.0,3.0,2026-08-26T14:53:49.000Z,2026-09-02T17:15:58.000Z
Blueberrykitty_8,1.0,0.0,0,0,1.0,0.0,2026-08-24T19:11:28.245Z,2026-08-24T19:11:28.245Z
Blueblood2007,1.0,1.0,0,0,1.0,1.0,2026-08-22T06:50:34.000Z,2026-08-23T04:23:49.639Z
Bnnat30,0.0,1.0,0,0,0.0,1.0,2026-08-21T18:53:21.000Z,2026-08-21T18:53:21.000Z
BoatLivid7110,0.0,1.0,0,0,0.0,1.0,2026-08-26T07:55:04.000Z,2026-08-26T07:55:04.000Z
BongBoy2129,0.0,7.0,0,0,0.0,7.0,2026-08-19T14:20:53.000Z,2026-08-21T02:56:30.000Z
Bong_Annonymous_69,0.0,2.0,0,0,0.0,2.0,2026-08-19T11:37:44.000Z,2026-08-26T14:33:08.000Z
Bongdomguy,0.0,1.0,0,0,0.0,1.0,2026-08-26T01:42:36.000Z,2026-08-26T01:42:36.000Z
Bookish_Pookie,0.0,1.0,0,0,0.0,1.0,2026-08-23T06:50:23.000Z,2026-08-23T06:50:23.000Z
Boring-Bullfrog1766,0.0,3.0,0,0,0.0,3.0,2026-08-21T22:00:21.000Z,2026-08-24T15:15:34.000Z
Boring_Buddy_7799,0.0,1.0,0,0,0.0,1.0,2026-08-22T06:15:37.000Z,2026-08-22T06:15:37.000Z
Boring_Following_466,1.0,0.0,0,0,1.0,0.0,2026-08-21T20:16:54.769Z,2026-08-21T20:16:54.769Z
Boring_unda,0.0,1.0,0,0,0.0,1.0,2026-09-02T15:35:43.000Z,2026-09-02T15:35:43.000Z
Born-Access-7928,0.0,2.0,0,0,0.0,2.0,2026-08-18T18:57:46.000Z,2026-08-22T05:31:40.000Z
Born-Umpire-8351,0.0,1.0,0,0,0.0,1.0,2026-08-24T03:38:57.000Z,2026-08-24T03:38:57.000Z
Born_Discount_3178,0.0,4.0,0,0,0.0,4.0,2026-09-01T17:29:42.000Z,2026-09-02T15:58:56.000Z
Born_Hour_7547,0.0,5.0,0,0,0.0,5.0,2026-08-18T13:04:30.000Z,2026-08-25T11:09:01.000Z
BoroBokachoda,0.0,3.0,0,0,0.0,3.0,2026-08-24T12:45:25.000Z,2026-08-27T07:36:41.000Z
BorrowedSpacetime,1.0,0.0,0,0,1.0,0.0,2026-08-19T19:13:27.357Z,2026-08-19T19:13:27.357Z
Both-Lawyer4586,0.0,1.0,0,0,0.0,1.0,2026-08-22T06:20:59.000Z,2026-08-22T06:20:59.000Z
Both_Put6158,0.0,1.0,0,0,0.0,1.0,2026-08-22T06:19:11.000Z,2026-08-22T06:19:11.000Z
Both_Track_1754,0.0,7.0,0,0,0.0,7.0,2026-08-20T12:39:42.000Z,2026-09-01T17:59:32.000Z
BoundbyChoice,4.0,18.0,0,0,4.0,18.0,2026-08-18T15:57:07.000Z,2026-09-02T17:04:34.000Z
Brajo280603,0.0,1.0,0,0,0.0,1.0,2026-08-22T02:22:16.000Z,2026-08-22T02:22:16.000Z
Brave_Contest_1679,0.0,1.0,0,0,0.0,1.0,2026-09-02T15:45:29.000Z,2026-09-02T15:45:29.000Z
BreadOnMars404,0.0,1.0,0,0,0.0,1.0,2026-08-26T09:43:34.000Z,2026-08-26T09:43:34.000Z
Brief_Ask_3890,0.0,1.0,0,0,0.0,1.0,2026-08-24T16:18:31.000Z,2026-08-24T16:18:31.000Z
Brief_Historian4468,0.0,2.0,0,0,0.0,2.0,2026-08-20T16:04:43.000Z,2026-08-31T13:22:00.000Z
Bright_Character_557,0.0,1.0,0,0,0.0,1.0,2026-08-22T20:36:06.000Z,2026-08-22T20:36:06.000Z
Brilliant-Bedroom921,0.0,1.0,0,0,0.0,1.0,2026-08-23T08:40:14.000Z,2026-08-23T08:40:14.000Z
Brilliant-Culture-19,1.0,0.0,0,0,1.0,0.0,2026-08-21T04:06:16.540Z,2026-08-21T04:06:16.540Z
Brilliant-Example465,0.0,1.0,0,0,0.0,1.0,2026-08-21T02:20:01.000Z,2026-08-21T02:20:01.000Z
Brilliant_Bhanu_3475,0.0,1.0,0,0,0.0,1.0,2026-08-31T18:42:46.000Z,2026-08-31T18:42:46.000Z
Brilliant_Meal_2653,0.0,1.0,0,0,0.0,1.0,2026-09-01T23:03:59.000Z,2026-09-01T23:03:59.000Z
Brilliant_Region8341,0.0,1.0,0,0,0.0,1.0,2026-08-22T06:23:14.000Z,2026-08-22T06:23:14.000Z
Brilliant_Round6056,0.0,1.0,0,0,0.0,1.0,2026-09-01T18:35:53.000Z,2026-09-01T18:35:53.000Z
BrittleArte,0.0,1.0,0,0,0.0,1.0,2026-09-02T16:46:58.000Z,2026-09-02T16:46:58.000Z
Broad-Republic6765,0.0,1.0,0,0,0.0,1.0,2026-08-22T14:01:46.000Z,2026-08-22T14:01:46.000Z
Broad_Cartoonist_824,0.0,1.0,0,0,0.0,1.0,2026-09-02T04:08:13.000Z,2026-09-02T04:08:13.000Z
Broken_Vehicle_1185,0.0,7.0,0,0,0.0,7.0,2026-08-21T06:27:08.000Z,2026-08-26T05:21:28.000Z
BromhoDoittyo,0.0,24.0,0,0,0.0,24.0,2026-08-19T06:23:23.000Z,2026-08-27T10:21:54.000Z
Brutal_Monk_VM,0.0,1.0,0,0,0.0,1.0,2026-08-21T05:03:57.000Z,2026-08-21T05:03:57.000Z
BubblyMacaroon1088,0.0,2.0,0,0,0.0,2.0,2026-08-20T05:57:30.000Z,2026-08-23T17:15:09.000Z
Bubbly_Airline8288,0.0,1.0,0,0,0.0,1.0,2026-08-18T14:36:41.000Z,2026-08-18T14:36:41.000Z
Budget-Arm-866,0.0,1.0,0,0,0.0,1.0,2026-08-20T17:00:31.000Z,2026-08-20T17:00:31.000Z
BugBuster404,0.0,2.0,0,0,0.0,2.0,2026-08-21T10:39:35.000Z,2026-08-21T19:12:33.000Z
Bulky_Book_3662,0.0,1.0,0,0,0.0,1.0,2026-08-24T09:29:27.000Z,2026-08-24T09:29:27.000Z
Bull_on_hire,0.0,1.0,0,0,0.0,1.0,2026-08-20T04:12:53.000Z,2026-08-20T04:12:53.000Z
BumblebeeMost1156,0.0,1.0,0,0,0.0,1.0,2026-08-27T18:27:36.000Z,2026-08-27T18:27:36.000Z
Burritobowl737-800,0.0,1.0,0,0,0.0,1.0,2026-08-20T07:06:41.000Z,2026-08-20T07:06:41.000Z
BusbyBoy6,1.0,6.0,0,0,1.0,6.0,2026-08-24T16:50:46.000Z,2026-08-26T05:48:43.000Z
Business-Active-1143,0.0,5.0,0,0,0.0,5.0,2026-08-23T03:34:53.000Z,2026-09-01T18:13:40.000Z
Business-Jello6625,0.0,1.0,0,0,0.0,1.0,2026-08-31T12:32:28.000Z,2026-08-31T12:32:28.000Z
Business_Bad_7851,0.0,1.0,0,0,0.0,1.0,2026-08-21T09:47:50.000Z,2026-08-21T09:47:50.000Z
Business_Bison_1175,0.0,3.0,0,0,0.0,3.0,2026-08-22T14:23:05.000Z,2026-08-25T03:44:23.000Z
Business_Builder_648,0.0,1.0,0,0,0.0,1.0,2026-08-18T14:36:43.000Z,2026-08-18T14:36:43.000Z
Busy-Veterinarian137,0.0,1.0,0,0,0.0,1.0,2026-08-23T19:09:36.000Z,2026-08-23T19:09:36.000Z
Busy-Wait7627,1.0,3.0,0,0,1.0,3.0,2026-08-22T07:33:33.000Z,2026-08-22T12:10:18.000Z
Busy_Lunch_5520,0.0,7.0,0,0,0.0,7.0,2026-08-19T09:21:47.000Z,2026-09-01T20:46:11.000Z
Busy_Mention_4672,0.0,3.0,0,0,0.0,3.0,2026-08-23T15:43:02.000Z,2026-08-26T07:26:00.000Z
BuySevere,0.0,1.0,0,0,0.0,1.0,2026-08-21T16:46:32.000Z,2026-08-21T16:46:32.000Z
ByomkeshBeyond,1.0,12.0,0,0,1.0,12.0,2026-08-21T07:01:58.000Z,2026-09-02T03:57:31.000Z
Byte-Sized-,0.0,5.0,0,0,0.0,5.0,2026-08-19T17:46:25.000Z,2026-09-02T03:30:03.000Z
CCU2DXB_91,0.0,1.0,0,0,0.0,1.0,2026-08-24T18:16:53.000Z,2026-08-24T18:16:53.000Z
CHEEMS_-,1.0,4.0,0,0,1.0,4.0,2026-09-01T14:17:23.314Z,2026-09-01T16:35:35.000Z
CableDowntown3350,0.0,2.0,0,0,0.0,2.0,2026-08-26T20:19:40.000Z,2026-09-02T08:38:06.000Z
Caffeinated_Canvas,2.0,20.0,0,0,2.0,20.0,2026-08-20T09:15:15.000Z,2026-08-26T11:17:45.000Z
Calcidoll,0.0,1.0,0,0,0.0,1.0,2026-08-19T17:09:48.000Z,2026-08-19T17:09:48.000Z
CalculusAfterSex,0.0,4.0,0,0,0.0,4.0,2026-08-20T10:40:56.000Z,2026-08-22T10:14:46.000Z
CallMeAGooodBoy,0.0,1.0,0,0,0.0,1.0,2026-08-22T05:00:41.000Z,2026-08-22T05:00:41.000Z
Calm-Caterpillar9017,1.0,0.0,0,0,1.0,0.0,2026-08-23T14:46:29.013Z,2026-08-23T14:46:29.013Z
Calm_Reporter_4974,0.0,4.0,0,0,0.0,4.0,2026-08-19T07:52:12.000Z,2026-09-02T09:35:21.000Z
Calm_deb,0.0,4.0,0,0,0.0,4.0,2026-08-19T11:55:54.000Z,2026-08-26T13:02:01.000Z
Candid-Discussion696,0.0,1.0,0,0,0.0,1.0,2026-08-24T09:15:07.000Z,2026-08-24T09:15:07.000Z
Candid_Parfait_7453,1.0,1.0,0,0,1.0,1.0,2026-08-21T16:33:29.140Z,2026-08-21T16:40:18.000Z
Candid_Role9579,0.0,1.0,0,0,0.0,1.0,2026-09-02T17:05:09.000Z,2026-09-02T17:05:09.000Z
CandidateQuiet1253,0.0,2.0,0,0,0.0,2.0,2026-08-23T05:08:00.000Z,2026-09-01T13:23:08.000Z
Candy_Bond,1.0,19.0,0,0,1.0,19.0,2026-08-27T03:40:47.273Z,2026-08-27T07:16:30.000Z
CapableAd6954,0.0,1.0,0,0,0.0,1.0,2026-08-24T09:05:15.000Z,2026-08-24T09:05:15.000Z
Capital_Air_268,0.0,1.0,0,0,0.0,1.0,2026-08-18T14:28:42.000Z,2026-08-18T14:28:42.000Z
CapitalistSloth,0.0,3.0,0,0,0.0,3.0,2026-08-21T16:29:29.000Z,2026-08-26T15:17:09.000Z
CaptainIvar-4,0.0,1.0,0,0,0.0,1.0,2026-08-21T14:54:22.000Z,2026-08-21T14:54:22.000Z
CaptainJack555,3.0,38.0,0,0,3.0,38.0,2026-08-19T06:04:47.000Z,2026-09-01T16:29:11.000Z
Captainspark10,0.0,11.0,0,0,0.0,11.0,2026-08-20T14:29:49.000Z,2026-09-02T14:58:39.000Z
Captionist_The,1.0,3.0,0,0,1.0,3.0,2026-08-22T14:35:12.000Z,2026-08-24T18:21:19.000Z
CarFlashy2302,0.0,2.0,0,0,0.0,2.0,2026-08-25T09:37:47.000Z,2026-08-26T19:52:25.000Z
CareerLongjumping761,0.0,7.0,0,0,0.0,7.0,2026-08-22T18:44:04.000Z,2026-08-24T10:07:02.000Z
Careful-Warning-8717,0.0,1.0,0,0,0.0,1.0,2026-08-25T10:11:20.000Z,2026-08-25T10:11:20.000Z
Careful_Airline_5091,0.0,3.0,0,0,0.0,3.0,2026-08-19T04:05:14.000Z,2026-08-24T19:54:21.000Z
Careful_Badger4733,0.0,1.0,0,0,0.0,1.0,2026-08-24T08:35:36.000Z,2026-08-24T08:35:36.000Z
Careful_Ice_1920,0.0,1.0,0,0,0.0,1.0,2026-08-21T06:53:21.000Z,2026-08-21T06:53:21.000Z
Careful_Ostrich7059,0.0,1.0,0,0,0.0,1.0,2026-08-18T20:52:39.000Z,2026-08-18T20:52:39.000Z
Careful_Witness_4173,0.0,1.0,0,0,0.0,1.0,2026-08-18T15:50:17.000Z,2026-08-18T15:50:17.000Z
CaregiverNo440,0.0,1.0,0,0,0.0,1.0,2026-08-26T09:42:28.000Z,2026-08-26T09:42:28.000Z
CaregiverRich4716,1.0,0.0,0,0,1.0,0.0,2026-08-19T11:16:00.887Z,2026-08-19T11:16:00.887Z
CarreragtMw,0.0,1.0,0,0,0.0,1.0,2026-08-25T12:40:59.000Z,2026-08-25T12:40:59.000Z
Carry_On_Jeeves,0.0,3.0,0,0,0.0,3.0,2026-08-27T01:31:51.000Z,2026-09-02T01:45:39.000Z
Cartmanninglife,0.0,2.0,0,0,0.0,2.0,2026-08-20T17:34:09.000Z,2026-09-01T06:52:37.000Z
Cartographer_69_,0.0,14.0,0,0,0.0,14.0,2026-08-18T14:35:32.000Z,2026-08-27T07:12:09.000Z
CashHairy2089,0.0,2.0,0,0,0.0,2.0,2026-08-20T20:41:25.000Z,2026-08-26T19:30:51.000Z
CauchyHypersurface,1.0,0.0,0,0,1.0,0.0,2026-08-26T14:06:26.439Z,2026-08-26T14:06:26.439Z
Cautious-Choice2551,0.0,4.0,0,0,0.0,4.0,2026-08-20T10:13:26.000Z,2026-08-26T21:08:43.000Z
Cautious-Gas-5269,1.0,5.0,0,0,1.0,5.0,2026-08-23T23:17:01.885Z,2026-08-24T14:54:27.000Z
Cautious-Rule-3807,0.0,3.0,0,0,0.0,3.0,2026-08-19T17:41:14.000Z,2026-08-24T21:11:47.000Z
CautiousParking2639,2.0,73.0,0,0,2.0,73.0,2026-08-21T07:18:19.209Z,2026-08-24T16:19:58.000Z
Cautious_Economist72,0.0,1.0,0,0,0.0,1.0,2026-08-20T11:58:05.000Z,2026-08-20T11:58:05.000Z
Cautious_Image_8383,1.0,8.0,0,0,1.0,8.0,2026-08-19T17:38:46.677Z,2026-08-24T06:41:51.000Z
Celestial_Valkyrie,1.0,4.0,0,0,1.0,4.0,2026-08-22T18:44:12.549Z,2026-08-23T04:42:30.000Z
CenTurion000007,0.0,1.0,0,0,0.0,1.0,2026-08-25T21:47:10.000Z,2026-08-25T21:47:10.000Z
Certain-Jaguar-7371,0.0,2.0,0,0,0.0,2.0,2026-08-21T20:22:01.000Z,2026-08-25T19:55:02.000Z
Certain_Love316,0.0,6.0,0,0,0.0,6.0,2026-08-21T08:33:52.000Z,2026-08-31T09:00:39.000Z
Certain_Presence7689,0.0,3.0,0,0,0.0,3.0,2026-08-21T23:39:40.000Z,2026-08-22T00:05:12.000Z
ChaddiMeChed,0.0,1.0,0,0,0.0,1.0,2026-08-18T15:14:19.000Z,2026-08-18T15:14:19.000Z
ChaiWaliLoser,0.0,2.0,0,0,0.0,2.0,2026-08-25T07:42:26.000Z,2026-09-01T17:16:39.000Z
ChanceMountain1818,0.0,1.0,0,0,0.0,1.0,2026-09-02T08:53:45.000Z,2026-09-02T08:53:45.000Z
ChanceSelection9770,0.0,1.0,0,0,0.0,1.0,2026-08-18T23:14:09.000Z,2026-08-18T23:14:09.000Z
Chance_Ad6681,0.0,1.0,0,0,0.0,1.0,2026-08-31T17:33:14.000Z,2026-08-31T17:33:14.000Z
ChangingLanes87,0.0,1.0,0,0,0.0,1.0,2026-08-22T13:37:28.000Z,2026-08-22T13:37:28.000Z
Chao-mine,1.0,1.0,0,0,1.0,1.0,2026-08-19T17:47:07.725Z,2026-08-19T17:53:47.000Z
ChaosL0rD54,0.0,1.0,0,0,0.0,1.0,2026-08-23T01:54:26.000Z,2026-08-23T01:54:26.000Z
Chaos_personified1,0.0,9.0,0,0,0.0,9.0,2026-08-19T17:42:16.000Z,2026-09-01T18:38:28.000Z
Character-Plum-8432,0.0,1.0,0,0,0.0,1.0,2026-08-24T16:39:09.000Z,2026-08-24T16:39:09.000Z
CharacterBit5048,6.0,26.0,0,0,6.0,26.0,2026-08-20T09:22:19.000Z,2026-09-01T12:21:02.000Z
Character_Glass_5330,0.0,1.0,0,0,0.0,1.0,2026-08-22T23:24:46.000Z,2026-08-22T23:24:46.000Z
Character_Process_17,1.0,3.0,0,0,1.0,3.0,2026-08-18T17:36:30.000Z,2026-08-20T14:14:16.000Z
Charlie_spring_18,0.0,1.0,0,0,0.0,1.0,2026-08-22T14:35:14.000Z,2026-08-22T14:35:14.000Z
Charming-Two1099,0.0,1.0,0,0,0.0,1.0,2026-08-27T12:41:05.000Z,2026-08-27T12:41:05.000Z
Charming_Tip_297,1.0,1.0,0,0,1.0,1.0,2026-08-23T02:35:15.639Z,2026-08-24T20:19:52.000Z
Charybd1ss,0.0,4.0,0,0,0.0,4.0,2026-08-18T13:55:58.000Z,2026-08-25T17:28:39.000Z
Chaturaayin,0.0,1.0,0,0,0.0,1.0,2026-08-18T19:37:55.000Z,2026-08-18T19:37:55.000Z
ChemEngCrusader,0.0,2.0,0,0,0.0,2.0,2026-08-21T13:31:48.000Z,2026-08-26T23:45:34.000Z
Chemical-Round-4479,0.0,1.0,0,0,0.0,1.0,2026-09-02T00:44:09.000Z,2026-09-02T00:44:09.000Z
Chemical_Scar_5001,3.0,14.0,0,0,3.0,14.0,2026-08-20T17:01:35.871Z,2026-08-27T04:10:41.000Z
Chemical_Skill4796,0.0,1.0,0,0,0.0,1.0,2026-08-27T04:05:53.000Z,2026-08-27T04:05:53.000Z
Chemical_Twist_6575,0.0,1.0,0,0,0.0,1.0,2026-08-25T18:47:19.000Z,2026-08-25T18:47:19.000Z
ChequeMateX,1.0,4.0,0,0,1.0,4.0,2026-08-20T04:55:10.899Z,2026-08-26T08:27:09.000Z
Chicken-Biriyanii,0.0,1.0,0,0,0.0,1.0,2026-08-24T13:37:16.000Z,2026-08-24T13:37:16.000Z
ChickenKosha,3.0,3.0,0,0,3.0,3.0,2026-08-18T15:14:41.426Z,2026-08-23T15:23:38.000Z
ChildhoodOdd3619,2.0,5.0,0,0,2.0,5.0,2026-08-24T13:29:30.000Z,2026-08-27T06:38:14.000Z
ChilliandSpicyCancer,0.0,1.0,0,0,0.0,1.0,2026-08-25T10:10:34.000Z,2026-08-25T10:10:34.000Z
ChipPast8243,0.0,2.0,0,0,0.0,2.0,2026-08-21T09:25:30.000Z,2026-08-26T17:01:52.000Z
Chitoi_Pithe,0.0,3.0,0,0,0.0,3.0,2026-08-21T07:25:46.000Z,2026-08-25T07:41:16.000Z
Chkb_Souranil21,1.0,12.0,0,0,1.0,12.0,2026-08-20T13:05:29.000Z,2026-08-27T06:26:25.000Z
Choice-Neck570,0.0,2.0,0,0,0.0,2.0,2026-09-01T02:31:16.000Z,2026-09-01T14:34:40.000Z
Choice-Promotion-403,0.0,1.0,0,0,0.0,1.0,2026-08-23T06:01:45.000Z,2026-08-23T06:01:45.000Z
ChoiceServe3661,0.0,1.0,0,0,0.0,1.0,2026-08-22T21:25:37.000Z,2026-08-22T21:25:37.000Z
Choice_Reputation_96,1.0,2.0,0,0,1.0,2.0,2026-08-23T05:32:03.754Z,2026-08-23T06:24:26.000Z
Chomchom_,0.0,1.0,0,0,0.0,1.0,2026-08-18T16:53:03.000Z,2026-08-18T16:53:03.000Z
Churning_Fun,0.0,8.0,0,0,0.0,8.0,2026-08-21T06:04:27.000Z,2026-08-27T06:10:25.000Z
Civil-Blackberry-550,0.0,1.0,0,0,0.0,1.0,2026-09-01T17:48:51.000Z,2026-09-01T17:48:51.000Z
ClashXen0n,0.0,2.0,0,0,0.0,2.0,2026-08-21T18:51:24.000Z,2026-08-24T03:32:01.000Z
ClassOk5026,0.0,1.0,0,0,0.0,1.0,2026-08-25T09:14:31.000Z,2026-08-25T09:14:31.000Z
ClassicKolkata,0.0,1.0,0,0,0.0,1.0,2026-08-24T15:16:40.000Z,2026-08-24T15:16:40.000Z
ClassicVegetable2889,0.0,1.0,0,0,0.0,1.0,2026-08-26T14:15:43.000Z,2026-08-26T14:15:43.000Z
Classic_Actuator6710,1.0,0.0,0,0,1.0,0.0,2026-08-25T11:16:44.251Z,2026-08-25T11:16:44.251Z
Clean-Ad3072,0.0,1.0,0,0,0.0,1.0,2026-08-19T17:47:57.000Z,2026-08-19T17:47:57.000Z
ClearEntrepreneur925,0.0,2.0,0,0,0.0,2.0,2026-08-21T02:56:36.000Z,2026-09-01T17:38:10.000Z
Clear_Data4821,0.0,1.0,0,0,0.0,1.0,2026-08-22T17:58:56.000Z,2026-08-22T17:58:56.000Z
Clerk_Bent_0505,0.0,13.0,0,0,0.0,13.0,2026-08-19T10:54:46.000Z,2026-09-01T07:29:31.000Z
Cloud_walker_turbo,0.0,1.0,0,0,0.0,1.0,2026-08-27T04:10:03.000Z,2026-08-27T04:10:03.000Z
Clownyishere,0.0,2.0,0,0,0.0,2.0,2026-08-20T12:02:19.000Z,2026-09-01T17:20:25.000Z
Clueless__Forever,0.0,1.0,0,0,0.0,1.0,2026-08-18T14:15:39.000Z,2026-08-18T14:15:39.000Z
CoatOk8158,0.0,1.0,0,0,0.0,1.0,2026-08-27T07:32:15.000Z,2026-08-27T07:32:15.000Z
Coder-Dentist,0.0,5.0,0,0,0.0,5.0,2026-08-19T17:32:49.000Z,2026-09-01T12:53:47.000Z
Cold-Introduction365,0.0,1.0,0,0,0.0,1.0,2026-08-22T17:50:50.000Z,2026-08-22T17:50:50.000Z
Cold-Tonight8749,1.0,6.0,0,0,1.0,6.0,2026-08-20T10:33:28.980Z,2026-08-20T21:22:04.000Z
Cold-Wallaby-938,0.0,1.0,0,0,0.0,1.0,2026-08-21T02:47:19.000Z,2026-08-21T02:47:19.000Z
ColdMental2461,0.0,1.0,0,0,0.0,1.0,2026-08-27T08:32:43.000Z,2026-08-27T08:32:43.000Z
ColdWonderful7793,0.0,1.0,0,0,0.0,1.0,2026-08-19T02:48:44.000Z,2026-08-19T02:48:44.000Z
Cold_Pie1120,0.0,1.0,0,0,0.0,1.0,2026-08-24T15:03:26.000Z,2026-08-24T15:03:26.000Z
Cold_Shine_7910,0.0,11.0,0,0,0.0,11.0,2026-08-22T14:25:22.000Z,2026-09-01T12:56:55.000Z
Coldestnitro,0.0,2.0,0,0,0.0,2.0,2026-08-22T07:29:09.000Z,2026-08-24T18:39:03.000Z
CombinationUpbeat458,0.0,1.0,0,0,0.0,1.0,2026-08-26T14:46:09.000Z,2026-08-26T14:46:09.000Z
ComedianMundane4415,0.0,1.0,0,0,0.0,1.0,2026-08-23T15:34:30.000Z,2026-08-23T15:34:30.000Z
Comfortable-Candy894,0.0,2.0,0,0,0.0,2.0,2026-08-21T06:25:45.000Z,2026-08-22T14:36:09.000Z
ComfortableBread9819,0.0,1.0,0,0,0.0,1.0,2026-08-22T07:08:45.000Z,2026-08-22T07:08:45.000Z
ComfortableNo2879,0.0,1.0,0,0,0.0,1.0,2026-08-23T07:00:13.000Z,2026-08-23T07:00:13.000Z
ComfortableShort1737,0.0,1.0,0,0,0.0,1.0,2026-08-26T20:43:27.000Z,2026-08-26T20:43:27.000Z
Comfortable_Hawk_520,0.0,1.0,0,0,0.0,1.0,2026-08-23T13:48:18.000Z,2026-08-23T13:48:18.000Z
Comfortable_Rock_673,0.0,2.0,0,0,0.0,2.0,2026-08-19T14:04:08.000Z,2026-08-20T17:41:19.000Z
Commercial-Current17,0.0,1.0,0,0,0.0,1.0,2026-08-23T03:53:46.000Z,2026-08-23T03:53:46.000Z
Commercial-Key3129,0.0,14.0,0,0,0.0,14.0,2026-08-18T15:15:30.000Z,2026-09-02T15:02:22.000Z
Commercial_Ad2851,0.0,1.0,0,0,0.0,1.0,2026-08-23T03:38:09.000Z,2026-08-23T03:38:09.000Z
Commercial_Matter_82,0.0,2.0,0,0,0.0,2.0,2026-08-26T13:10:24.000Z,2026-08-27T09:37:37.000Z
CommieCat94,0.0,2.0,0,0,0.0,2.0,2026-08-24T15:08:41.000Z,2026-08-26T15:43:54.000Z
CommitteePrevious915,0.0,4.0,0,0,0.0,4.0,2026-08-20T08:13:00.000Z,2026-08-20T08:28:02.000Z
Common-Dependent1808,0.0,1.0,0,0,0.0,1.0,2026-08-20T17:09:34.000Z,2026-08-20T17:09:34.000Z
Common_Ad2964,0.0,1.0,0,0,0.0,1.0,2026-08-25T16:23:35.000Z,2026-08-25T16:23:35.000Z
Common_Okra_9555,0.0,78.0,0,0,0.0,78.0,2026-08-18T12:40:59.000Z,2026-09-02T11:21:18.000Z
ComparisonDismal3758,0.0,1.0,0,0,0.0,1.0,2026-08-26T09:02:51.000Z,2026-08-26T09:02:51.000Z
Competitive-Cry2491,1.0,0.0,0,0,1.0,0.0,2026-08-27T04:27:21.846Z,2026-08-27T04:27:21.846Z
Competitive-Day9457,1.0,2.0,0,0,1.0,2.0,2026-08-27T07:34:35.279Z,2026-08-27T10:33:27.000Z
Competitive_Food1322,0.0,2.0,0,0,0.0,2.0,2026-08-19T08:29:57.000Z,2026-09-01T07:43:20.000Z
Complete-Iron91,1.0,6.0,0,0,1.0,6.0,2026-08-21T07:42:48.000Z,2026-08-29T12:24:15.000Z
Complete-Resource423,1.0,3.0,0,0,1.0,3.0,2026-08-27T06:41:59.000Z,2026-09-02T12:36:28.976Z
Complete_Owl_943,0.0,2.0,0,0,0.0,2.0,2026-08-23T05:10:30.000Z,2026-08-23T05:16:02.000Z
Complex-Ad-755,0.0,1.0,0,0,0.0,1.0,2026-08-25T19:04:31.000Z,2026-08-25T19:04:31.000Z
Complex-Employer8721,0.0,3.0,0,0,0.0,3.0,2026-08-19T03:38:26.000Z,2026-08-27T07:04:28.000Z
ComplexHandle2905,0.0,1.0,0,0,0.0,1.0,2026-08-21T10:26:22.000Z,2026-08-21T10:26:22.000Z
Complex_Command_8377,1.0,11.0,0,0,1.0,11.0,2026-08-21T06:31:18.000Z,2026-08-27T08:55:36.000Z
Comprehensive-Lynx48,0.0,1.0,0,0,0.0,1.0,2026-09-01T10:33:35.000Z,2026-09-01T10:33:35.000Z
ComprehensiveDog3594,0.0,1.0,0,0,0.0,1.0,2026-08-27T09:29:13.000Z,2026-08-27T09:29:13.000Z
ComprehensiveSet278,0.0,1.0,0,0,0.0,1.0,2026-09-01T15:47:23.000Z,2026-09-01T15:47:23.000Z
ComprehensiveToe8850,1.0,13.0,0,0,1.0,13.0,2026-08-26T10:06:17.000Z,2026-09-02T09:07:31.000Z
Comprehensive_Good74,0.0,1.0,0,0,0.0,1.0,2026-08-26T11:47:58.000Z,2026-08-26T11:47:58.000Z
ComradePegasus,0.0,1.0,0,0,0.0,1.0,2026-08-24T10:34:18.000Z,2026-08-24T10:34:18.000Z
ConcentrateFormer965,0.0,6.0,0,0,0.0,6.0,2026-08-19T01:59:14.000Z,2026-08-27T19:20:10.000Z
ConcernedSim,0.0,1.0,0,0,0.0,1.0,2026-08-25T15:56:12.000Z,2026-08-25T15:56:12.000Z
ConfectionUnlucky479,0.0,1.0,0,0,0.0,1.0,2026-08-19T06:11:22.000Z,2026-08-19T06:11:22.000Z
Confident-Abies1505,1.0,0.0,0,0,1.0,0.0,2026-09-01T21:48:03.232Z,2026-09-01T21:48:03.232Z
Confident-Ad993,0.0,1.0,0,0,0.0,1.0,2026-08-25T19:19:48.000Z,2026-08-25T19:19:48.000Z
Confident-Two1688,0.0,1.0,0,0,0.0,1.0,2026-08-27T06:46:02.000Z,2026-08-27T06:46:02.000Z
Confident_Change888,0.0,2.0,0,0,0.0,2.0,2026-08-22T11:15:43.000Z,2026-08-24T15:32:48.000Z
Connect-Decision3736,0.0,1.0,0,0,0.0,1.0,2026-08-24T16:11:57.000Z,2026-08-24T16:11:57.000Z
Connect-Tone4551,0.0,1.0,0,0,0.0,1.0,2026-08-19T05:54:26.000Z,2026-08-19T05:54:26.000Z
Connect_Criticism990,0.0,2.0,0,0,0.0,2.0,2026-08-27T10:39:11.000Z,2026-08-27T10:45:59.000Z
Conscious-Wolf135,0.0,1.0,0,0,0.0,1.0,2026-08-18T15:54:00.000Z,2026-08-18T15:54:00.000Z
Conscious_Contact107,0.0,3.0,0,0,0.0,3.0,2026-08-20T14:35:29.000Z,2026-08-24T15:00:37.000Z
Conscious_Worker_552,0.0,1.0,0,0,0.0,1.0,2026-08-27T15:26:30.000Z,2026-08-27T15:26:30.000Z
ConsequenceRich4737,0.0,2.0,0,0,0.0,2.0,2026-08-21T19:52:47.000Z,2026-08-22T06:49:21.000Z
Consistent-Host2908,0.0,1.0,0,0,0.0,1.0,2026-08-20T06:07:20.000Z,2026-08-20T06:07:20.000Z
Consistent-Wrap645,0.0,1.0,0,0,0.0,1.0,2026-08-21T09:46:52.000Z,2026-08-21T09:46:52.000Z
Consistent_Contact67,0.0,1.0,0,0,0.0,1.0,2026-08-18T13:50:04.000Z,2026-08-18T13:50:04.000Z
Consistent_Ruin8175,1.0,0.0,0,0,1.0,0.0,2026-09-02T14:25:11.296Z,2026-09-02T14:25:11.296Z
Consistent_Stock_682,0.0,1.0,0,0,0.0,1.0,2026-08-20T05:45:22.000Z,2026-08-20T05:45:22.000Z
Consistent_Wasabi158,0.0,2.0,0,0,0.0,2.0,2026-08-21T04:49:02.000Z,2026-08-26T05:02:56.000Z
Consistent_Zone_8564,0.0,1.0,0,0,0.0,1.0,2026-08-22T18:07:55.000Z,2026-08-22T18:07:55.000Z
Constant-News6839,0.0,1.0,0,0,0.0,1.0,2026-08-18T18:59:32.000Z,2026-08-18T18:59:32.000Z
Constant-Part-2249,1.0,2.0,0,0,1.0,2.0,2026-08-22T15:45:53.033Z,2026-08-27T07:43:49.000Z
ConstantTear2848,0.0,1.0,0,0,0.0,1.0,2026-08-18T14:54:30.000Z,2026-08-18T14:54:30.000Z
Constant_Analyst_157,1.0,0.0,0,0,1.0,0.0,2026-09-01T17:29:04.097Z,2026-09-01T17:29:04.097Z
Constant_Hat5795,0.0,1.0,0,0,0.0,1.0,2026-08-25T08:04:40.000Z,2026-08-25T08:04:40.000Z
Content-Air4150,0.0,1.0,0,0,0.0,1.0,2026-09-01T15:50:47.000Z,2026-09-01T15:50:47.000Z
Content_League2709,0.0,1.0,0,0,0.0,1.0,2026-08-23T05:52:06.000Z,2026-08-23T05:52:06.000Z
ContinuaX,0.0,1.0,0,0,0.0,1.0,2026-09-01T07:11:29.000Z,2026-09-01T07:11:29.000Z
ContributionOk4025,0.0,1.0,0,0,0.0,1.0,2026-08-23T11:40:08.000Z,2026-08-23T11:40:08.000Z
Cool-Barber8998,0.0,12.0,0,0,0.0,12.0,2026-08-20T09:55:04.000Z,2026-08-25T15:30:02.000Z
Cool-Industry-7903,0.0,4.0,0,0,0.0,4.0,2026-08-19T02:08:33.000Z,2026-09-01T13:22:55.000Z
CoolAfternoon2340,0.0,7.0,0,0,0.0,7.0,2026-08-19T15:36:09.000Z,2026-09-02T16:12:04.000Z
Cool_Foundation_5760,0.0,1.0,0,0,0.0,1.0,2026-08-23T04:45:54.000Z,2026-08-23T04:45:54.000Z
Coolbiker32,0.0,18.0,0,0,0.0,18.0,2026-08-20T01:42:07.000Z,2026-09-02T04:01:26.000Z
Coolkiddoc3030,0.0,1.0,0,0,0.0,1.0,2026-08-22T08:48:29.000Z,2026-08-22T08:48:29.000Z
Correct-Peach-2219,0.0,1.0,0,0,0.0,1.0,2026-08-21T15:16:17.000Z,2026-08-21T15:16:17.000Z
Cosmic_Rogue6253,0.0,2.0,0,0,0.0,2.0,2026-08-21T13:54:14.000Z,2026-08-25T07:18:37.000Z
Count_Vertigo666,0.0,2.0,0,0,0.0,2.0,2026-08-26T02:06:55.000Z,2026-09-01T11:44:44.000Z
CowZealousideal8681,0.0,1.0,0,0,0.0,1.0,2026-09-02T10:14:42.000Z,2026-09-02T10:14:42.000Z
Crackshot007,0.0,2.0,0,0,0.0,2.0,2026-08-26T14:14:20.000Z,2026-08-27T05:14:45.000Z
Crafty-Project4403,1.0,2.0,0,0,1.0,2.0,2026-09-02T11:00:21.770Z,2026-09-02T11:11:12.000Z
Crafty-Sky-1632,0.0,1.0,0,0,0.0,1.0,2026-08-27T16:51:40.000Z,2026-08-27T16:51:40.000Z
Crafty_Republic_9002,0.0,1.0,0,0,0.0,1.0,2026-08-21T08:30:15.000Z,2026-08-21T08:30:15.000Z
Crashtongue,0.0,2.0,0,0,0.0,2.0,2026-08-25T07:25:24.000Z,2026-09-01T10:51:31.000Z
Crazy-Ad-3128,0.0,13.0,0,0,0.0,13.0,2026-08-23T19:23:08.000Z,2026-09-01T15:30:01.000Z
Crazy-Degree-2933,0.0,2.0,0,0,0.0,2.0,2026-08-23T10:14:13.000Z,2026-08-23T10:14:34.000Z
Crazy-Objective-2671,0.0,1.0,0,0,0.0,1.0,2026-08-20T17:01:15.000Z,2026-08-20T17:01:15.000Z
CrazyProfessor8244,2.0,9.0,0,0,2.0,9.0,2026-08-19T17:11:51.000Z,2026-09-02T21:55:31.608Z
Creative-Cheek-6292,0.0,1.0,0,0,0.0,1.0,2026-08-20T18:14:06.000Z,2026-08-20T18:14:06.000Z
Creative_Opinion9617,0.0,1.0,0,0,0.0,1.0,2026-08-21T08:10:17.000Z,2026-08-21T08:10:17.000Z
Creative_Sushi,0.0,1.0,0,0,0.0,1.0,2026-08-24T18:13:06.000Z,2026-08-24T18:13:06.000Z
Creepy-Breath6759,0.0,2.0,0,0,0.0,2.0,2026-08-20T04:55:14.000Z,2026-08-23T13:35:58.000Z
Creepy_Ice2184,0.0,1.0,0,0,0.0,1.0,2026-08-27T07:16:36.000Z,2026-08-27T07:16:36.000Z
Cristiano_Magiciano,0.0,1.0,0,0,0.0,1.0,2026-08-27T07:25:27.000Z,2026-08-27T07:25:27.000Z
Critical-Wear-4223,1.0,0.0,0,0,1.0,0.0,2026-09-02T03:46:06.912Z,2026-09-02T03:46:06.912Z
Critical_Wallaby2721,0.0,2.0,0,0,0.0,2.0,2026-09-02T10:00:51.000Z,2026-09-02T15:26:30.000Z
CryptographerFit5108,0.0,1.0,0,0,0.0,1.0,2026-08-20T08:54:52.000Z,2026-08-20T08:54:52.000Z
Cthulhu0313,0.0,5.0,0,0,0.0,5.0,2026-08-23T03:45:13.000Z,2026-09-01T16:11:11.000Z
Ctrl-Alt-Delulu3489,0.0,1.0,0,0,0.0,1.0,2026-08-21T13:19:40.000Z,2026-08-21T13:19:40.000Z
Ctrl_Alt_Chaos,1.0,0.0,0,0,1.0,0.0,2026-08-25T18:39:13.602Z,2026-08-25T18:39:13.602Z
CucumbersSayThings,1.0,3.0,0,0,1.0,3.0,2026-08-27T05:40:53.000Z,2026-08-27T06:06:42.000Z
Cultural-Algae3361,0.0,1.0,0,0,0.0,1.0,2026-09-01T15:22:54.000Z,2026-09-01T15:22:54.000Z
Cultural-Duty5452,0.0,13.0,0,0,0.0,13.0,2026-08-19T20:48:01.000Z,2026-09-02T00:44:21.000Z
Cultured-Samba2007,0.0,1.0,0,0,0.0,1.0,2026-08-31T17:03:40.000Z,2026-08-31T17:03:40.000Z
Cunnykun,0.0,1.0,0,0,0.0,1.0,2026-08-27T11:13:22.000Z,2026-08-27T11:13:22.000Z
Curiosity_KiLLs3,1.0,0.0,0,0,1.0,0.0,2026-08-24T17:50:54.636Z,2026-08-24T17:50:54.636Z
Curious-Reach5254,0.0,3.0,0,0,0.0,3.0,2026-08-19T17:06:10.000Z,2026-08-20T16:24:55.000Z
CuriousAd8133,0.0,1.0,0,0,0.0,1.0,2026-08-19T10:09:08.000Z,2026-08-19T10:09:08.000Z
CuriousCat_65,0.0,2.0,0,0,0.0,2.0,2026-08-25T14:57:51.000Z,2026-08-26T08:30:25.000Z
CuriousInsideOut,0.0,1.0,0,0,0.0,1.0,2026-08-18T17:25:27.000Z,2026-08-18T17:25:27.000Z
CuriousSupport_,0.0,1.0,0,0,0.0,1.0,2026-08-23T09:16:03.000Z,2026-08-23T09:16:03.000Z
Curious_Act1415,0.0,2.0,0,0,0.0,2.0,2026-08-18T18:11:08.000Z,2026-08-26T11:05:26.000Z
Curious_Lemon_4637,0.0,1.0,0,0,0.0,1.0,2026-08-23T09:02:47.000Z,2026-08-23T09:02:47.000Z
Curious_Meal8051,1.0,1.0,0,0,1.0,1.0,2026-08-26T12:00:46.881Z,2026-08-26T13:09:55.000Z
Curious_Set_667,0.0,1.0,0,0,0.0,1.0,2026-08-27T07:44:52.000Z,2026-08-27T07:44:52.000Z
Curious_Top_5427,0.0,1.0,0,0,0.0,1.0,2026-08-24T19:59:17.000Z,2026-08-24T19:59:17.000Z
Current-Vacation-642,0.0,1.0,0,0,0.0,1.0,2026-08-19T06:54:09.000Z,2026-08-19T06:54:09.000Z
Current_Pineapple558,0.0,1.0,0,0,0.0,1.0,2026-08-26T14:10:09.000Z,2026-08-26T14:10:09.000Z
Current_Teaching_452,0.0,1.0,0,0,0.0,1.0,2026-09-01T13:18:51.000Z,2026-09-01T13:18:51.000Z
Current_Thing_4690,0.0,1.0,0,0,0.0,1.0,2026-08-28T04:07:39.000Z,2026-08-28T04:07:39.000Z
Current_Voice7300,0.0,1.0,0,0,0.0,1.0,2026-08-19T04:43:14.000Z,2026-08-19T04:43:14.000Z
Cursed-Life2168,0.0,3.0,0,0,0.0,3.0,2026-08-20T13:29:39.000Z,2026-08-23T04:40:09.000Z
CurveLucky2533,0.0,1.0,0,0,0.0,1.0,2026-08-27T10:55:49.000Z,2026-08-27T10:55:49.000Z
CuteHazel03,1.0,8.0,0,0,1.0,8.0,2026-08-21T05:20:19.000Z,2026-08-27T05:54:05.000Z
Cute_Bee52,0.0,1.0,0,0,0.0,1.0,2026-08-19T09:41:13.000Z,2026-08-19T09:41:13.000Z
Cuttingsilence,0.0,1.0,0,0,0.0,1.0,2026-08-20T11:50:23.000Z,2026-08-20T11:50:23.000Z
CxLi_IXIVII,0.0,4.0,0,0,0.0,4.0,2026-08-19T04:51:36.000Z,2026-08-26T17:45:57.000Z
Cyanide_Neil,0.0,1.0,0,0,0.0,1.0,2026-08-24T18:12:27.000Z,2026-08-24T18:12:27.000Z
Cybercitizen64,0.0,1.0,0,0,0.0,1.0,2026-09-02T07:28:42.000Z,2026-09-02T07:28:42.000Z
Cybertronian1512,0.0,1.0,0,0,0.0,1.0,2026-09-01T03:52:27.000Z,2026-09-01T03:52:27.000Z
Cygnus6986,0.0,1.0,0,0,0.0,1.0,2026-08-22T06:46:22.000Z,2026-08-22T06:46:22.000Z
Cynical_Optimist_30,1.0,0.0,0,0,1.0,0.0,2026-08-26T05:55:22.011Z,2026-08-26T05:55:22.011Z
DARK_ASH_7,0.0,1.0,0,0,0.0,1.0,2026-08-20T17:38:17.000Z,2026-08-20T17:38:17.000Z
DBGAMING123,0.0,1.0,0,0,0.0,1.0,2026-08-27T14:27:14.000Z,2026-08-27T14:27:14.000Z
DEBOPAM2307,0.0,2.0,0,0,0.0,2.0,2026-08-19T14:48:44.000Z,2026-08-22T10:17:30.000Z
DEvilAnimeGuy,0.0,4.0,0,0,0.0,4.0,2026-08-19T14:11:06.000Z,2026-08-23T03:29:55.000Z
DIONYSUS_ASMODEUS,0.0,1.0,0,0,0.0,1.0,2026-08-20T23:52:18.000Z,2026-08-20T23:52:18.000Z
DIP469,1.0,1.0,0,0,1.0,1.0,2026-08-23T18:46:27.860Z,2026-08-26T19:37:25.000Z
DKisWriting001,0.0,6.0,0,0,0.0,6.0,2026-08-18T17:14:30.000Z,2026-09-01T04:06:21.000Z
DMSTAR1000,1.0,1.0,0,0,1.0,1.0,2026-08-20T03:30:41.397Z,2026-08-20T05:45:35.000Z
DWAIPAYAN-RC,0.0,1.0,0,0,0.0,1.0,2026-08-27T11:53:31.000Z,2026-08-27T11:53:31.000Z
D_Roy_05,0.0,1.0,0,0,0.0,1.0,2026-08-27T07:17:04.000Z,2026-08-27T07:17:04.000Z
Da_BoldBoss_7846,0.0,1.0,0,0,0.0,1.0,2026-08-25T08:03:34.000Z,2026-08-25T08:03:34.000Z
Dad_of_One_Punch_Man,0.0,2.0,0,0,0.0,2.0,2026-08-20T15:03:04.000Z,2026-08-21T21:23:44.000Z
Daemon_of_fate_0098,0.0,2.0,0,0,0.0,2.0,2026-08-19T05:59:13.000Z,2026-08-25T10:52:29.000Z
DaikonScared1616,1.0,0.0,0,0,1.0,0.0,2026-08-24T09:13:40.139Z,2026-08-24T09:13:40.139Z
DairyDude77,0.0,1.0,0,0,0.0,1.0,2026-08-25T02:52:35.000Z,2026-08-25T02:52:35.000Z
Damn5921,0.0,1.0,0,0,0.0,1.0,2026-08-24T14:04:05.000Z,2026-08-24T14:04:05.000Z
DamnFineCoffee111,0.0,2.0,0,0,0.0,2.0,2026-08-19T12:47:48.000Z,2026-08-19T20:14:18.000Z
Dangerous-Advance704,0.0,2.0,0,0,0.0,2.0,2026-08-20T18:50:07.000Z,2026-08-23T19:50:49.000Z
Dangerous-Course9010,0.0,3.0,0,0,0.0,3.0,2026-08-22T08:00:14.000Z,2026-08-25T08:59:13.000Z
Dangerous-Day9326,0.0,1.0,0,0,0.0,1.0,2026-08-28T06:51:26.000Z,2026-08-28T06:51:26.000Z
Dangerous-Pace1278,0.0,1.0,0,0,0.0,1.0,2026-08-24T15:25:52.000Z,2026-08-24T15:25:52.000Z
Dangerous-Pool-2667,0.0,1.0,0,0,0.0,1.0,2026-08-26T15:48:23.000Z,2026-08-26T15:48:23.000Z
Dangerous_Boss_1456,0.0,1.0,0,0,0.0,1.0,2026-08-22T07:33:19.000Z,2026-08-22T07:33:19.000Z
Dangerous_Disaster65,1.0,1.0,0,0,1.0,1.0,2026-08-26T03:47:32.007Z,2026-08-26T04:32:31.000Z
Dangerous_Factor_592,0.0,1.0,0,0,0.0,1.0,2026-08-27T19:54:05.000Z,2026-08-27T19:54:05.000Z
Dangerous_Sort5579,0.0,3.0,0,0,0.0,3.0,2026-08-22T16:11:28.000Z,2026-08-23T17:37:41.000Z
DankOSaurasRex079,0.0,1.0,0,0,0.0,1.0,2026-08-22T16:43:33.000Z,2026-08-22T16:43:33.000Z
DankOtakuHashirama,0.0,1.0,0,0,0.0,1.0,2026-08-23T11:07:27.000Z,2026-08-23T11:07:27.000Z
Dank_ex,0.0,2.0,0,0,0.0,2.0,2026-08-27T07:19:21.000Z,2026-08-31T17:57:04.000Z
Danny007Boyy,0.0,4.0,0,0,0.0,4.0,2026-08-22T05:00:26.000Z,2026-09-02T11:13:50.000Z
DapperRun2371,0.0,1.0,0,0,0.0,1.0,2026-08-18T14:52:32.000Z,2026-08-18T14:52:32.000Z
DarkClaw-12,0.0,1.0,0,0,0.0,1.0,2026-08-21T11:22:52.000Z,2026-08-21T11:22:52.000Z
DarkLord_Wolf,0.0,1.0,0,0,0.0,1.0,2026-08-18T15:40:35.000Z,2026-08-18T15:40:35.000Z
Dark_Phantom2003,0.0,1.0,0,0,0.0,1.0,2026-08-26T22:51:42.000Z,2026-08-26T22:51:42.000Z
Darkknight889,0.0,1.0,0,0,0.0,1.0,2026-08-27T07:13:28.000Z,2026-08-27T07:13:28.000Z
Darkxdert,0.0,1.0,0,0,0.0,1.0,2026-08-21T13:20:18.000Z,2026-08-21T13:20:18.000Z
Darshownik,0.0,1.0,0,0,0.0,1.0,2026-08-24T14:13:08.000Z,2026-08-24T14:13:08.000Z
Darth-Howlatt,0.0,2.0,0,0,0.0,2.0,2026-08-24T15:15:18.000Z,2026-08-27T08:03:32.000Z
DarthWhySoSidious,0.0,1.0,0,0,0.0,1.0,2026-08-27T08:46:53.000Z,2026-08-27T08:46:53.000Z
Darth_Wader911,0.0,1.0,0,0,0.0,1.0,2026-08-18T14:38:48.000Z,2026-08-18T14:38:48.000Z
Dashorothee,0.0,1.0,0,0,0.0,1.0,2026-08-23T17:57:56.000Z,2026-08-23T17:57:56.000Z
DataAlternative5969,0.0,1.0,0,0,0.0,1.0,2026-08-24T15:23:24.000Z,2026-08-24T15:23:24.000Z
Data_generator_96,0.0,2.0,0,0,0.0,2.0,2026-08-25T05:14:06.000Z,2026-08-26T16:18:55.000Z
DayProfessional1518,1.0,2.0,0,0,1.0,2.0,2026-08-21T09:44:58.000Z,2026-08-27T10:24:23.000Z
DayZealousideal1730,0.0,1.0,0,0,0.0,1.0,2026-08-25T03:40:41.000Z,2026-08-25T03:40:41.000Z
Dazzling-Shine-3787,0.0,1.0,0,0,0.0,1.0,2026-08-26T06:50:45.000Z,2026-08-26T06:50:45.000Z
Dazzling_Event4718,0.0,1.0,0,0,0.0,1.0,2026-08-26T19:32:47.000Z,2026-08-26T19:32:47.000Z
Dazzling_Shower2915,0.0,1.0,0,0,0.0,1.0,2026-08-21T06:47:26.000Z,2026-08-21T06:47:26.000Z
Dazzling_Success_556,0.0,1.0,0,0,0.0,1.0,2026-08-20T13:27:46.000Z,2026-08-20T13:27:46.000Z
De_mentorr,0.0,2.0,0,0,0.0,2.0,2026-08-19T14:38:03.000Z,2026-08-27T07:56:02.000Z
Dead-rapper,0.0,1.0,0,0,0.0,1.0,2026-08-22T07:22:05.000Z,2026-08-22T07:22:05.000Z
Deadpirate05,0.0,2.0,0,0,0.0,2.0,2026-08-19T19:43:04.000Z,2026-08-23T10:45:35.000Z
Deadshot_1011,0.0,8.0,0,0,0.0,8.0,2026-08-19T09:15:57.000Z,2026-08-24T14:52:49.000Z
Dear-Celery7013,2.0,0.0,0,0,2.0,0.0,2026-08-23T19:18:15.524Z,2026-08-24T18:08:10.678Z
Dear-Product-6954,0.0,1.0,0,0,0.0,1.0,2026-08-22T17:54:49.000Z,2026-08-22T17:54:49.000Z
Dear_Criticism3014,0.0,4.0,0,0,0.0,4.0,2026-08-22T05:22:51.000Z,2026-08-26T17:29:37.000Z
Dear_Oil_4162,0.0,5.0,0,0,0.0,5.0,2026-08-20T12:27:01.000Z,2026-09-02T10:09:38.000Z
Dear_Recover_9116,0.0,1.0,0,0,0.0,1.0,2026-08-24T17:01:29.000Z,2026-08-24T17:01:29.000Z
Death1213459,0.0,1.0,0,0,0.0,1.0,2026-08-23T03:20:35.000Z,2026-08-23T03:20:35.000Z
DeathIsUrs,0.0,3.0,0,0,0.0,3.0,2026-08-20T09:59:59.000Z,2026-08-24T15:08:59.000Z
Death_Bunk_8270,0.0,1.0,0,0,0.0,1.0,2026-08-20T10:42:12.000Z,2026-08-20T10:42:12.000Z
Debatreyo,0.0,1.0,0,0,0.0,1.0,2026-08-21T06:49:31.000Z,2026-08-21T06:49:31.000Z
Debayan_karanjai,1.0,0.0,0,0,1.0,0.0,2026-08-26T13:24:30.135Z,2026-08-26T13:24:30.135Z
Debjyoti_23,0.0,1.0,0,0,0.0,1.0,2026-08-27T06:49:45.000Z,2026-08-27T06:49:45.000Z
Debopam77,0.0,2.0,0,0,0.0,2.0,2026-08-22T19:46:49.000Z,2026-08-23T14:20:45.000Z
Debu5567,0.0,2.0,0,0,0.0,2.0,2026-08-24T11:27:00.000Z,2026-09-02T03:41:56.000Z
Decade594,1.0,2.0,0,0,1.0,2.0,2026-08-24T13:36:09.877Z,2026-08-25T07:11:52.000Z
DecentRadish9323,0.0,1.0,0,0,0.0,1.0,2026-08-26T12:27:01.000Z,2026-08-26T12:27:01.000Z
DecentSpeed4738,0.0,1.0,0,0,0.0,1.0,2026-08-27T14:18:32.000Z,2026-08-27T14:18:32.000Z
Decti,0.0,10.0,0,0,0.0,10.0,2026-08-20T17:19:24.000Z,2026-08-25T19:32:58.000Z
DeeRaina,0.0,1.0,0,0,0.0,1.0,2026-09-02T08:12:56.000Z,2026-09-02T08:12:56.000Z
Deep-Ad-840,0.0,1.0,0,0,0.0,1.0,2026-08-24T17:13:08.000Z,2026-08-24T17:13:08.000Z
Deep-Ad-9790,0.0,1.0,0,0,0.0,1.0,2026-08-31T15:05:33.000Z,2026-08-31T15:05:33.000Z
Deep-Grapefruit-9087,0.0,1.0,0,0,0.0,1.0,2026-08-23T03:36:54.000Z,2026-08-23T03:36:54.000Z
Deep-March-4288,0.0,6.0,0,0,0.0,6.0,2026-08-23T05:46:41.000Z,2026-09-02T13:40:18.000Z
Deep-Mulberry-8826,1.0,1.0,0,0,1.0,1.0,2026-08-24T08:35:59.181Z,2026-08-24T09:35:28.000Z
DeepDLOOSER,0.0,1.0,0,0,0.0,1.0,2026-08-24T15:49:53.000Z,2026-08-24T15:49:53.000Z
DeepSingha,0.0,2.0,0,0,0.0,2.0,2026-08-22T07:40:27.000Z,2026-08-27T14:44:09.000Z
Deep_Ride488,1.0,0.0,0,0,1.0,0.0,2026-09-01T13:02:56.494Z,2026-09-01T13:02:56.494Z
Deep_Spite6982,0.0,2.0,0,0,0.0,2.0,2026-08-24T07:01:43.000Z,2026-08-25T14:10:30.000Z
Deep_drill-,1.0,0.0,0,0,1.0,0.0,2026-08-26T06:58:53.141Z,2026-08-26T06:58:53.141Z
DeepakDasJan,1.0,1.0,0,0,1.0,1.0,2026-08-22T12:52:10.055Z,2026-08-22T13:24:01.000Z
DeeperThinker112,2.0,7.0,0,0,2.0,7.0,2026-08-20T17:48:39.849Z,2026-08-27T08:01:25.000Z
Deepfake8468,0.0,1.0,0,0,0.0,1.0,2026-08-18T14:43:47.000Z,2026-08-18T14:43:47.000Z
Defiant-Belt312,0.0,1.0,0,0,0.0,1.0,2026-08-19T13:34:49.000Z,2026-08-19T13:34:49.000Z
Defiant-Bit-2721,0.0,1.0,0,0,0.0,1.0,2026-08-21T20:02:00.000Z,2026-08-21T20:02:00.000Z
Defiant-Carrot-2616,0.0,1.0,0,0,0.0,1.0,2026-08-24T07:02:37.000Z,2026-08-24T07:02:37.000Z
DegreeDangerous6968,0.0,3.0,0,0,0.0,3.0,2026-08-21T03:50:12.000Z,2026-08-26T14:05:42.000Z
Delici0us-Quiet,0.0,1.0,0,0,0.0,1.0,2026-08-18T15:15:53.000Z,2026-08-18T15:15:53.000Z
DeliciousReaction333,0.0,1.0,0,0,0.0,1.0,2026-08-18T18:56:49.000Z,2026-08-18T18:56:49.000Z
Delicious_Dig213,0.0,4.0,0,0,0.0,4.0,2026-08-19T16:24:30.000Z,2026-09-02T13:33:17.000Z
Delicious_Essay2377,0.0,8.0,0,0,0.0,8.0,2026-08-24T01:57:52.000Z,2026-09-01T13:38:30.000Z
Delicious_Injury_962,0.0,1.0,0,0,0.0,1.0,2026-08-23T05:40:58.000Z,2026-08-23T05:40:58.000Z
Demented_Donut,0.0,1.0,0,0,0.0,1.0,2026-08-18T14:32:12.000Z,2026-08-18T14:32:12.000Z
Democratic_Indian,0.0,4.0,0,0,0.0,4.0,2026-08-20T17:35:25.000Z,2026-08-25T16:47:12.000Z
Demon-s_Hound,0.0,1.0,0,0,0.0,1.0,2026-08-21T03:06:06.000Z,2026-08-21T03:06:06.000Z
Demoneer,0.0,1.0,0,0,0.0,1.0,2026-08-25T17:35:07.000Z,2026-08-25T17:35:07.000Z
Denji-Benji-KEnji,0.0,1.0,0,0,0.0,1.0,2026-08-30T14:00:11.000Z,2026-08-30T14:00:11.000Z
Dense-Ad-6672,0.0,5.0,0,0,0.0,5.0,2026-08-20T13:38:08.000Z,2026-09-02T17:07:02.000Z
Dense-Pudding9729,0.0,1.0,0,0,0.0,1.0,2026-08-22T07:31:04.000Z,2026-08-22T07:31:04.000Z
Dense_Ask_9516,0.0,2.0,0,0,0.0,2.0,2026-09-02T05:11:19.000Z,2026-09-02T05:12:09.000Z
Dense_Box5818,0.0,1.0,0,0,0.0,1.0,2026-09-02T13:07:58.000Z,2026-09-02T13:07:58.000Z
DentistConstant2097,0.0,4.0,0,0,0.0,4.0,2026-08-25T19:49:51.000Z,2026-09-02T05:19:52.000Z
DepartureBusiness440,1.0,20.0,0,0,1.0,20.0,2026-08-20T21:59:13.000Z,2026-09-02T15:36:52.000Z
DepartureOverall2742,0.0,1.0,0,0,0.0,1.0,2026-08-27T09:24:08.000Z,2026-08-27T09:24:08.000Z
DependentCourt5303,0.0,1.0,0,0,0.0,1.0,2026-08-20T06:54:42.000Z,2026-08-20T06:54:42.000Z
Dependent_Cloud2843,0.0,3.0,0,0,0.0,3.0,2026-08-24T03:33:19.000Z,2026-08-26T16:04:30.000Z
Dependent_Court_777,0.0,1.0,0,0,0.0,1.0,2026-08-21T17:14:14.000Z,2026-08-21T17:14:14.000Z
Dependent_Goose_3454,0.0,1.0,0,0,0.0,1.0,2026-08-19T12:45:15.000Z,2026-08-19T12:45:15.000Z
Descat7323,2.0,0.0,0,0,2.0,0.0,2026-08-23T07:11:22.428Z,2026-08-27T07:57:11.326Z
DesiSamaritan,0.0,1.0,0,0,0.0,1.0,2026-09-02T14:39:41.000Z,2026-09-02T14:39:41.000Z
Desilaundry,0.0,6.0,0,0,0.0,6.0,2026-08-20T10:18:18.000Z,2026-08-27T09:50:43.000Z
Desperate-Patience47,0.0,1.0,0,0,0.0,1.0,2026-08-22T05:00:40.000Z,2026-08-22T05:00:40.000Z
DesperateAnalysis454,0.0,1.0,0,0,0.0,1.0,2026-08-25T01:18:45.000Z,2026-08-25T01:18:45.000Z
Desperate_Ant_43,1.0,8.0,0,0,1.0,8.0,2026-08-22T15:14:41.000Z,2026-08-27T08:21:22.000Z
Dev-Giri,0.0,4.0,0,0,0.0,4.0,2026-09-01T02:36:22.000Z,2026-09-01T04:56:22.000Z
Development-Downtown,0.0,3.0,0,0,0.0,3.0,2026-08-20T17:44:06.000Z,2026-09-02T15:40:34.000Z
DevilKnight097,0.0,1.0,0,0,0.0,1.0,2026-08-24T12:32:04.000Z,2026-08-24T12:32:04.000Z
DexterDex6969,1.0,0.0,0,0,1.0,0.0,2026-09-02T21:28:42.296Z,2026-09-02T21:28:42.296Z
Dexter_BRE,0.0,1.0,0,0,0.0,1.0,2026-09-01T08:37:34.000Z,2026-09-01T08:37:34.000Z
Dexter_Jr21,0.0,1.0,0,0,0.0,1.0,2026-09-01T06:42:49.000Z,2026-09-01T06:42:49.000Z
Dextrogenesis,0.0,2.0,0,0,0.0,2.0,2026-08-31T13:31:13.000Z,2026-09-02T02:04:40.000Z
Dhorjo,0.0,4.0,0,0,0.0,4.0,2026-08-20T05:34:22.000Z,2026-08-27T12:20:20.000Z
Dhruv_J_G,1.0,0.0,0,0,1.0,0.0,2026-08-24T16:02:45.537Z,2026-08-24T16:02:45.537Z
Dickpills_n_Stew,0.0,1.0,0,0,0.0,1.0,2026-08-26T23:31:07.000Z,2026-08-26T23:31:07.000Z
Dictetor89,0.0,2.0,0,0,0.0,2.0,2026-08-27T06:20:01.000Z,2026-08-27T06:21:29.000Z
DietCokeRohn,0.0,2.0,0,0,0.0,2.0,2026-08-19T05:36:12.000Z,2026-08-21T10:00:57.000Z
Different-Judge6424,0.0,1.0,0,0,0.0,1.0,2026-08-20T09:54:56.000Z,2026-08-20T09:54:56.000Z
Different-Squirrel28,0.0,1.0,0,0,0.0,1.0,2026-09-01T02:46:20.000Z,2026-09-01T02:46:20.000Z
Different_College926,0.0,14.0,0,0,0.0,14.0,2026-08-19T09:58:26.000Z,2026-09-02T16:29:40.000Z
Different_Will_4115,0.0,1.0,0,0,0.0,1.0,2026-08-19T16:18:03.000Z,2026-08-19T16:18:03.000Z
Difficult-Demand-852,2.0,8.0,0,0,2.0,8.0,2026-08-19T06:53:21.839Z,2026-08-20T01:41:22.000Z
Difficult-Loan-4981,1.0,1.0,0,0,1.0,1.0,2026-08-23T15:36:49.816Z,2026-08-23T15:45:26.000Z
Difficult_Dot1039,0.0,1.0,0,0,0.0,1.0,2026-08-27T03:56:01.000Z,2026-08-27T03:56:01.000Z
Difficult_Mix2944,0.0,2.0,0,0,0.0,2.0,2026-08-27T02:24:32.000Z,2026-08-27T02:26:20.000Z
DiggBickkkk,0.0,2.0,0,0,0.0,2.0,2026-08-21T20:28:01.000Z,2026-08-22T18:19:52.000Z
Diligent-Arm3356,0.0,1.0,0,0,0.0,1.0,2026-08-20T10:40:59.000Z,2026-08-20T10:40:59.000Z
Diligent-Wolf8395,0.0,1.0,0,0,0.0,1.0,2026-08-20T13:29:56.000Z,2026-08-20T13:29:56.000Z
DilliWaleBhaiSaab,1.0,0.0,0,0,1.0,0.0,2026-08-25T15:17:32.462Z,2026-08-25T15:17:32.462Z
DimensionBoring7283,0.0,1.0,0,0,0.0,1.0,2026-08-20T17:52:31.000Z,2026-08-20T17:52:31.000Z
Dimension_distractor,4.0,16.0,0,0,4.0,16.0,2026-08-19T17:13:24.942Z,2026-08-27T05:37:43.000Z
DipAdhikary,0.0,1.0,0,0,0.0,1.0,2026-08-24T15:34:12.000Z,2026-08-24T15:34:12.000Z
Diplo_d,0.0,1.0,0,0,0.0,1.0,2026-08-22T00:17:10.000Z,2026-08-22T00:17:10.000Z
Dipuboy_11,0.0,1.0,0,0,0.0,1.0,2026-08-27T07:39:16.000Z,2026-08-27T07:39:16.000Z
Direct_Cup_3099,0.0,3.0,0,0,0.0,3.0,2026-08-21T08:06:42.000Z,2026-08-26T06:00:10.000Z
Direct_Scallion1230,1.0,9.0,0,0,1.0,9.0,2026-08-26T04:28:55.803Z,2026-08-26T06:29:56.000Z
DisasterNeither4313,0.0,1.0,0,0,0.0,1.0,2026-08-19T02:21:50.000Z,2026-08-19T02:21:50.000Z
Disastrous-Budget881,0.0,1.0,0,0,0.0,1.0,2026-08-21T07:23:28.000Z,2026-08-21T07:23:28.000Z
Disastrous-Coyote531,0.0,1.0,0,0,0.0,1.0,2026-08-20T09:42:25.000Z,2026-08-20T09:42:25.000Z
Disastrous-View426,0.0,1.0,0,0,0.0,1.0,2026-08-27T07:18:31.000Z,2026-08-27T07:18:31.000Z
DisastrousSwim65,0.0,1.0,0,0,0.0,1.0,2026-08-26T16:36:53.000Z,2026-08-26T16:36:53.000Z
Disastrous_Head4706,1.0,6.0,0,0,1.0,6.0,2026-08-24T03:20:53.000Z,2026-08-27T15:21:01.000Z
Disastrous_Market601,0.0,1.0,0,0,0.0,1.0,2026-08-25T08:57:35.000Z,2026-08-25T08:57:35.000Z
Disastrous_Meeting49,0.0,1.0,0,0,0.0,1.0,2026-08-22T10:49:57.000Z,2026-08-22T10:49:57.000Z
Disastrous_Print105,0.0,1.0,0,0,0.0,1.0,2026-08-22T07:46:19.000Z,2026-08-22T07:46:19.000Z
Disastrous_Weird9925,0.0,15.0,0,0,0.0,15.0,2026-08-19T06:40:20.000Z,2026-09-02T13:10:50.000Z
DisciplineFront2528,0.0,1.0,0,0,0.0,1.0,2026-08-23T18:35:34.000Z,2026-08-23T18:35:34.000Z
Discombobulated-Cod0,0.0,1.0,0,0,0.0,1.0,2026-09-02T14:00:59.000Z,2026-09-02T14:00:59.000Z
Dismal_Disaster6855,0.0,1.0,0,0,0.0,1.0,2026-08-18T14:42:10.000Z,2026-08-18T14:42:10.000Z
DismantledChip,0.0,11.0,0,0,0.0,11.0,2026-08-21T08:22:07.000Z,2026-09-01T05:27:18.000Z
DistanceFast5193,1.0,11.0,0,0,1.0,11.0,2026-08-23T05:43:27.000Z,2026-09-02T17:31:46.601Z
Distent101,0.0,1.0,0,0,0.0,1.0,2026-08-27T03:52:47.000Z,2026-08-27T03:52:47.000Z
Distinct-Action,0.0,1.0,0,0,0.0,1.0,2026-08-22T12:54:44.000Z,2026-08-22T12:54:44.000Z
Distinct_String_1703,0.0,1.0,0,0,0.0,1.0,2026-08-19T10:08:17.000Z,2026-08-19T10:08:17.000Z
DistressedDoctor,1.0,0.0,0,0,1.0,0.0,2026-09-01T09:55:44.435Z,2026-09-01T09:55:44.435Z
Diyadreaming,0.0,2.0,0,0,0.0,2.0,2026-08-26T02:55:17.000Z,2026-08-26T04:07:39.000Z
Dizzy_Ad2768,0.0,1.0,0,0,0.0,1.0,2026-09-02T15:50:06.000Z,2026-09-02T15:50:06.000Z
Dizzy_Ad_3892,1.0,7.0,0,0,1.0,7.0,2026-08-23T09:52:41.000Z,2026-08-27T09:24:01.000Z
Dizzy_Piano777,0.0,2.0,0,0,0.0,2.0,2026-08-21T18:56:03.000Z,2026-08-27T07:51:09.000Z
DlustT99,0.0,1.0,0,0,0.0,1.0,2026-08-21T16:01:17.000Z,2026-08-21T16:01:17.000Z
DocumentCareless2795,0.0,1.0,0,0,0.0,1.0,2026-08-26T06:15:37.000Z,2026-08-26T06:15:37.000Z
Dogesh007,0.0,1.0,0,0,0.0,1.0,2026-08-22T18:53:48.000Z,2026-08-22T18:53:48.000Z
Domain_Water,0.0,1.0,0,0,0.0,1.0,2026-08-24T22:02:00.000Z,2026-08-24T22:02:00.000Z
DonEsQue,0.0,1.0,0,0,0.0,1.0,2026-08-22T10:29:27.000Z,2026-08-22T10:29:27.000Z
Don__Vai,0.0,1.0,0,0,0.0,1.0,2026-08-27T12:11:15.000Z,2026-08-27T12:11:15.000Z
Dont_be_a_cunt_98,0.0,1.0,0,0,0.0,1.0,2026-08-21T07:00:38.000Z,2026-08-21T07:00:38.000Z
DoomDemiurge98,0.0,1.0,0,0,0.0,1.0,2026-08-27T08:50:48.000Z,2026-08-27T08:50:48.000Z
DopamineAccountant,1.0,2.0,0,0,1.0,2.0,2026-08-25T06:38:38.961Z,2026-08-25T10:38:28.000Z
Downtown-Garden-8630,0.0,1.0,0,0,0.0,1.0,2026-08-24T08:46:12.000Z,2026-08-24T08:46:12.000Z
Downtown-Handle-6331,0.0,1.0,0,0,0.0,1.0,2026-08-21T22:47:46.000Z,2026-08-21T22:47:46.000Z
Downtown_Raspberry93,0.0,1.0,0,0,0.0,1.0,2026-08-20T17:14:04.000Z,2026-08-20T17:14:04.000Z
Dozawk,0.0,2.0,0,0,0.0,2.0,2026-08-21T14:21:27.000Z,2026-08-21T15:37:01.000Z
Dr-Devil-11,0.0,2.0,0,0,0.0,2.0,2026-08-19T09:11:39.000Z,2026-09-02T15:19:36.000Z
DrAkkigupta,0.0,1.0,0,0,0.0,1.0,2026-08-19T20:15:11.000Z,2026-08-19T20:15:11.000Z
DrDuckno1,0.0,1.0,0,0,0.0,1.0,2026-08-22T08:24:12.000Z,2026-08-22T08:24:12.000Z
DrSudipto,0.0,1.0,0,0,0.0,1.0,2026-08-23T04:59:31.000Z,2026-08-23T04:59:31.000Z
Dr_Dolo650,0.0,2.0,0,0,0.0,2.0,2026-08-20T15:30:08.000Z,2026-08-20T15:36:51.000Z
Dr_Microbiologist,0.0,1.0,0,0,0.0,1.0,2026-08-23T22:00:11.000Z,2026-08-23T22:00:11.000Z
Dr_NitroMeth,0.0,1.0,0,0,0.0,1.0,2026-08-20T21:08:37.000Z,2026-08-20T21:08:37.000Z
Dragon-Fire-Fooo,1.0,0.0,0,0,1.0,0.0,2026-08-26T08:59:09.244Z,2026-08-26T08:59:09.244Z
Dragon2Gaming,0.0,2.0,0,0,0.0,2.0,2026-08-18T14:41:54.000Z,2026-08-25T14:10:27.000Z
DragonSlayerXor,0.0,1.0,0,0,0.0,1.0,2026-08-23T17:05:52.000Z,2026-08-23T17:05:52.000Z
Dragonacious,1.0,0.0,0,0,1.0,0.0,2026-08-26T10:56:24.950Z,2026-08-26T10:56:24.950Z
Dramatic-Bench-9259,1.0,2.0,0,0,1.0,2.0,2026-08-22T11:06:43.784Z,2026-08-22T14:50:07.000Z
Dramatic-Library,0.0,1.0,0,0,0.0,1.0,2026-08-21T04:12:07.000Z,2026-08-21T04:12:07.000Z
Dramatic-Radish3085,0.0,1.0,0,0,0.0,1.0,2026-08-27T07:29:43.000Z,2026-08-27T07:29:43.000Z
Dramatic-Reindeer112,0.0,2.0,0,0,0.0,2.0,2026-08-21T10:21:47.000Z,2026-08-23T17:09:55.000Z
DramaticBeauty0502,1.0,1.0,0,0,1.0,1.0,2026-08-20T07:57:13.911Z,2026-08-25T04:38:12.000Z
Dramatic_Chemical101,0.0,5.0,0,0,0.0,5.0,2026-08-21T08:20:22.000Z,2026-08-23T17:57:11.000Z
Dramatic_Internet193,1.0,0.0,0,0,1.0,0.0,2026-08-31T16:55:14.734Z,2026-08-31T16:55:14.734Z
Dramatic_Juice_275,0.0,1.0,0,0,0.0,1.0,2026-09-02T09:49:52.000Z,2026-09-02T09:49:52.000Z
DrawPuzzleheaded5931,0.0,2.0,0,0,0.0,2.0,2026-08-23T11:42:47.000Z,2026-08-25T07:59:43.000Z
Dreaded-virgo,0.0,1.0,0,0,0.0,1.0,2026-08-22T11:05:57.000Z,2026-08-22T11:05:57.000Z
Dream_Life_Explorer,0.0,2.0,0,0,0.0,2.0,2026-08-27T12:48:25.000Z,2026-09-01T12:23:38.000Z
DropLow5144,0.0,1.0,0,0,0.0,1.0,2026-08-18T14:39:46.000Z,2026-08-18T14:39:46.000Z
DropSignificant7679,0.0,2.0,0,0,0.0,2.0,2026-08-19T10:30:00.000Z,2026-08-27T05:47:51.000Z
Dry-Atmosphere9935,0.0,2.0,0,0,0.0,2.0,2026-08-20T16:32:19.000Z,2026-08-20T20:42:39.000Z
Dry-Classic4361,0.0,1.0,0,0,0.0,1.0,2026-08-19T09:48:47.000Z,2026-08-19T09:48:47.000Z
Dry-Environment-6577,0.0,1.0,0,0,0.0,1.0,2026-08-23T14:58:49.000Z,2026-08-23T14:58:49.000Z
Dry-Procedure1766,0.0,1.0,0,0,0.0,1.0,2026-08-24T06:18:47.000Z,2026-08-24T06:18:47.000Z
Dry-Roof-8375,0.0,1.0,0,0,0.0,1.0,2026-08-27T11:49:35.000Z,2026-08-27T11:49:35.000Z
DryDifficulty8114,0.0,1.0,0,0,0.0,1.0,2026-08-27T01:37:57.000Z,2026-08-27T01:37:57.000Z
Dry_Bonus6372,0.0,1.0,0,0,0.0,1.0,2026-08-25T04:17:06.000Z,2026-08-25T04:17:06.000Z
Dry_Chocolate_8920,0.0,1.0,0,0,0.0,1.0,2026-08-27T07:11:03.000Z,2026-08-27T07:11:03.000Z
Dry_Durian_5913,0.0,1.0,0,0,0.0,1.0,2026-09-01T11:07:52.000Z,2026-09-01T11:07:52.000Z
Dry_Function_1996,0.0,1.0,0,0,0.0,1.0,2026-08-19T13:11:29.000Z,2026-08-19T13:11:29.000Z
Dry_Huckleberry6693,0.0,6.0,0,0,0.0,6.0,2026-08-22T11:28:51.000Z,2026-08-26T03:22:07.000Z
Dry_Revolution_6646,0.0,1.0,0,0,0.0,1.0,2026-08-18T16:18:42.000Z,2026-08-18T16:18:42.000Z
Dststriker,0.0,1.0,0,0,0.0,1.0,2026-08-24T10:10:26.000Z,2026-08-24T10:10:26.000Z
Dtyhb-6996,0.0,6.0,0,0,0.0,6.0,2026-08-19T10:07:53.000Z,2026-09-01T13:55:38.000Z
DudeHustle,1.0,0.0,0,0,1.0,0.0,2026-08-21T21:19:02.251Z,2026-08-21T21:19:02.251Z
Due-Definition3478,0.0,2.0,0,0,0.0,2.0,2026-08-22T04:23:02.000Z,2026-08-26T08:04:17.000Z
Due-External-1345,0.0,20.0,0,0,0.0,20.0,2026-08-20T14:02:00.000Z,2026-09-01T20:02:53.000Z
Due-Lobster4739,0.0,1.0,0,0,0.0,1.0,2026-08-26T17:52:39.000Z,2026-08-26T17:52:39.000Z
Due-Meeting-2972,1.0,0.0,0,0,1.0,0.0,2026-08-21T15:14:44.433Z,2026-08-21T15:14:44.433Z
Due-Neat-8631,0.0,1.0,0,0,0.0,1.0,2026-08-20T12:23:19.000Z,2026-08-20T12:23:19.000Z
Due-Paint-4158,0.0,2.0,0,0,0.0,2.0,2026-08-27T02:43:19.000Z,2026-09-02T02:30:17.000Z
Due-Philosophy-676,0.0,1.0,0,0,0.0,1.0,2026-08-27T10:25:10.000Z,2026-08-27T10:25:10.000Z
DueCharacter9680,0.0,1.0,0,0,0.0,1.0,2026-08-27T13:24:16.000Z,2026-08-27T13:24:16.000Z
DueMembership4745,0.0,1.0,0,0,0.0,1.0,2026-08-24T12:13:52.000Z,2026-08-24T12:13:52.000Z
DuePhoto4841,0.0,1.0,0,0,0.0,1.0,2026-08-26T08:03:52.000Z,2026-08-26T08:03:52.000Z
DueSwimmer8120,0.0,4.0,0,0,0.0,4.0,2026-08-22T08:30:40.000Z,2026-08-27T16:03:32.000Z
Due_Alternative5092,0.0,1.0,0,0,0.0,1.0,2026-08-22T07:55:28.000Z,2026-08-22T07:55:28.000Z
Due_Opportunity_2770,0.0,1.0,0,0,0.0,1.0,2026-08-22T14:07:34.000Z,2026-08-22T14:07:34.000Z
Dull-Debate9302,0.0,1.0,0,0,0.0,1.0,2026-08-18T22:54:50.000Z,2026-08-18T22:54:50.000Z
Dull-Description-240,0.0,1.0,0,0,0.0,1.0,2026-08-26T06:22:14.000Z,2026-08-26T06:22:14.000Z
DullExit7512,0.0,1.0,0,0,0.0,1.0,2026-08-26T15:37:04.000Z,2026-08-26T15:37:04.000Z
Dull_Ad5889,0.0,1.0,0,0,0.0,1.0,2026-08-27T05:30:21.000Z,2026-08-27T05:30:21.000Z
DwaiG91,1.0,5.0,0,0,1.0,5.0,2026-08-22T15:41:02.000Z,2026-09-02T04:11:27.000Z
ERENZSTAR,0.0,1.0,0,0,0.0,1.0,2026-08-25T10:42:09.000Z,2026-08-25T10:42:09.000Z
Early_Painting_4114,0.0,1.0,0,0,0.0,1.0,2026-08-19T08:47:36.000Z,2026-08-19T08:47:36.000Z
East-Cheesecake-7944,1.0,1.0,0,0,1.0,1.0,2026-08-21T03:05:36.387Z,2026-08-21T22:54:48.000Z
East-Pin9607,0.0,1.0,0,0,0.0,1.0,2026-08-20T05:55:21.000Z,2026-08-20T05:55:21.000Z
East_Paint_4016,0.0,1.0,0,0,0.0,1.0,2026-08-26T18:39:20.000Z,2026-08-26T18:39:20.000Z
East_Praline8384,0.0,1.0,0,0,0.0,1.0,2026-08-18T17:13:59.000Z,2026-08-18T17:13:59.000Z
East_Run_4020,0.0,1.0,0,0,0.0,1.0,2026-08-20T09:45:02.000Z,2026-08-20T09:45:02.000Z
Eastern-Attorney-599,0.0,1.0,0,0,0.0,1.0,2026-08-19T03:55:44.000Z,2026-08-19T03:55:44.000Z
EasternNail6080,0.0,1.0,0,0,0.0,1.0,2026-08-23T19:09:33.000Z,2026-08-23T19:09:33.000Z
Eastern_Mushroom5346,1.0,4.0,0,0,1.0,4.0,2026-08-22T06:42:59.000Z,2026-08-24T16:59:48.414Z
Easy-Employee-2896,0.0,1.0,0,0,0.0,1.0,2026-09-02T12:30:08.000Z,2026-09-02T12:30:08.000Z
EasyMaximum2374,0.0,15.0,0,0,0.0,15.0,2026-08-18T14:05:34.000Z,2026-09-01T05:23:03.000Z
Easy_Competition3322,0.0,3.0,0,0,0.0,3.0,2026-08-23T06:46:10.000Z,2026-09-02T05:49:11.000Z
Easy_Tangelo4592,0.0,1.0,0,0,0.0,1.0,2026-08-19T05:49:37.000Z,2026-08-19T05:49:37.000Z
Easyyy_Cheezyyy_,0.0,1.0,0,0,0.0,1.0,2026-08-20T21:22:54.000Z,2026-08-20T21:22:54.000Z
EchidnaNew916,0.0,2.0,0,0,0.0,2.0,2026-08-20T16:30:24.000Z,2026-08-25T15:57:52.000Z
EchoesInCode,0.0,2.0,0,0,0.0,2.0,2026-08-22T09:07:48.000Z,2026-08-22T09:08:09.000Z
Economy-Mobile3662,1.0,44.0,0,0,1.0,44.0,2026-08-22T19:07:37.934Z,2026-08-27T04:33:32.000Z
Economy-Soup-3284,0.0,1.0,0,0,0.0,1.0,2026-08-20T06:01:10.000Z,2026-08-20T06:01:10.000Z
Economy_Evidence97,0.0,1.0,0,0,0.0,1.0,2026-08-21T08:24:05.000Z,2026-08-21T08:24:05.000Z
Ecstatic-Emotion4429,0.0,1.0,0,0,0.0,1.0,2026-08-25T18:01:06.000Z,2026-08-25T18:01:06.000Z
Ecstatic-Wish-4118,0.0,1.0,0,0,0.0,1.0,2026-08-26T08:18:54.000Z,2026-08-26T08:18:54.000Z
EcstaticDisaster8279,0.0,1.0,0,0,0.0,1.0,2026-08-20T18:04:35.000Z,2026-08-20T18:04:35.000Z
Ecstatic_Ad4814,0.0,1.0,0,0,0.0,1.0,2026-08-25T15:28:12.000Z,2026-08-25T15:28:12.000Z
Educational-Bet6790,0.0,1.0,0,0,0.0,1.0,2026-09-02T08:43:55.000Z,2026-09-02T08:43:55.000Z
Educational-Pie-6564,0.0,1.0,0,0,0.0,1.0,2026-08-20T21:44:31.000Z,2026-08-20T21:44:31.000Z
EducationalAsk8579,0.0,1.0,0,0,0.0,1.0,2026-08-20T12:21:15.000Z,2026-08-20T12:21:15.000Z
Educational_Cry8983,1.0,0.0,0,0,1.0,0.0,2026-08-22T21:00:27.947Z,2026-08-22T21:00:27.947Z
Educational_Kale_907,4.0,17.0,0,0,4.0,17.0,2026-08-26T10:32:03.460Z,2026-09-01T10:31:20.000Z
Educational_Put_443,0.0,1.0,0,0,0.0,1.0,2026-09-02T13:40:51.000Z,2026-09-02T13:40:51.000Z
Educational_Tap5506,0.0,1.0,0,0,0.0,1.0,2026-08-27T11:07:10.000Z,2026-08-27T11:07:10.000Z
EducatorExpensive226,0.0,1.0,0,0,0.0,1.0,2026-08-27T13:46:31.000Z,2026-08-27T13:46:31.000Z
Effective-Ad-4410,0.0,5.0,0,0,0.0,5.0,2026-08-20T05:50:03.000Z,2026-09-02T08:18:52.000Z
Effective-Jury003,0.0,1.0,0,0,0.0,1.0,2026-08-20T12:22:51.000Z,2026-08-20T12:22:51.000Z
Effective-Pepper4314,0.0,1.0,0,0,0.0,1.0,2026-08-19T14:41:44.000Z,2026-08-19T14:41:44.000Z
Effective-Tale-6965,0.0,1.0,0,0,0.0,1.0,2026-08-25T01:45:08.000Z,2026-08-25T01:45:08.000Z
EffectiveAny8394,0.0,1.0,0,0,0.0,1.0,2026-08-23T20:56:14.000Z,2026-08-23T20:56:14.000Z
EffectiveBox6152,0.0,3.0,0,0,0.0,3.0,2026-08-18T13:53:33.000Z,2026-08-24T14:44:12.000Z
Efficient-Fun-4315,1.0,0.0,0,0,1.0,0.0,2026-08-20T10:11:48.990Z,2026-08-20T10:11:48.990Z
Efficient-Manner5577,0.0,1.0,0,0,0.0,1.0,2026-08-23T09:50:54.000Z,2026-08-23T09:50:54.000Z
Efficient-Mirror9918,0.0,1.0,0,0,0.0,1.0,2026-08-26T17:03:16.000Z,2026-08-26T17:03:16.000Z
Efficient_Bat_476,1.0,0.0,0,0,1.0,0.0,2026-08-25T12:06:50.863Z,2026-08-25T12:06:50.863Z
Efficient_Contest_87,0.0,4.0,0,0,0.0,4.0,2026-08-21T09:01:39.000Z,2026-08-27T06:03:27.000Z
Efficient_Fan7917,0.0,1.0,0,0,0.0,1.0,2026-08-22T19:20:21.000Z,2026-08-22T19:20:21.000Z
Efficient_Media_7877,1.0,10.0,0,0,1.0,10.0,2026-08-19T16:08:08.377Z,2026-08-25T18:57:29.000Z
Efficient_Memory212,0.0,1.0,0,0,0.0,1.0,2026-08-23T08:19:26.000Z,2026-08-23T08:19:26.000Z
Efficient_Tip7411,1.0,0.0,0,0,1.0,0.0,2026-08-21T05:41:09.719Z,2026-08-21T05:41:09.719Z
EggAwkward2753,0.0,1.0,0,0,0.0,1.0,2026-08-24T11:13:52.000Z,2026-08-24T11:13:52.000Z
Either-Editor5535,0.0,2.0,0,0,0.0,2.0,2026-08-20T09:30:41.000Z,2026-08-21T08:14:08.000Z
Either_Plate_4483,0.0,1.0,0,0,0.0,1.0,2026-08-29T10:39:12.000Z,2026-08-29T10:39:12.000Z
ElDiablo8585085921,0.0,8.0,0,0,0.0,8.0,2026-08-22T05:47:00.000Z,2026-08-25T17:40:12.000Z
ElectricalDig4729,0.0,1.0,0,0,0.0,1.0,2026-08-24T17:50:08.000Z,2026-08-24T17:50:08.000Z
Electrical_Bet8885,0.0,1.0,0,0,0.0,1.0,2026-08-23T13:18:08.000Z,2026-08-23T13:18:08.000Z
Electrical_Boot_2765,0.0,2.0,0,0,0.0,2.0,2026-08-19T15:13:18.000Z,2026-08-25T07:35:41.000Z
Electrical_Cry8859,0.0,1.0,0,0,0.0,1.0,2026-08-20T06:50:22.000Z,2026-08-20T06:50:22.000Z
Electrical_Yak2170,2.0,0.0,0,0,2.0,0.0,2026-08-19T18:11:19.000Z,2026-08-19T18:57:07.492Z
Electronic-Bid2649,0.0,1.0,0,0,0.0,1.0,2026-08-20T13:02:43.000Z,2026-08-20T13:02:43.000Z
Electronic-End3848,0.0,1.0,0,0,0.0,1.0,2026-08-20T10:57:20.000Z,2026-08-20T10:57:20.000Z
Electronic-Shallot31,0.0,4.0,0,0,0.0,4.0,2026-08-19T12:56:12.000Z,2026-08-26T07:19:34.000Z
Electronic-Web-3161,0.0,2.0,0,0,0.0,2.0,2026-08-25T08:39:59.000Z,2026-08-31T12:19:27.000Z
ElectronicPainter189,0.0,1.0,0,0,0.0,1.0,2026-08-21T20:23:54.000Z,2026-08-21T20:23:54.000Z
ElectronicPoetry566,0.0,2.0,0,0,0.0,2.0,2026-08-20T21:25:22.000Z,2026-08-26T04:08:11.000Z
Electronic_Bus_6126,0.0,1.0,0,0,0.0,1.0,2026-08-26T06:09:50.000Z,2026-08-26T06:09:50.000Z
Elegant-Cover9223,0.0,1.0,0,0,0.0,1.0,2026-08-27T09:38:42.000Z,2026-08-27T09:38:42.000Z
Elegant-Swan-7272,0.0,1.0,0,0,0.0,1.0,2026-08-19T01:28:04.000Z,2026-08-19T01:28:04.000Z
Elements_06,0.0,1.0,0,0,0.0,1.0,2026-08-26T16:05:59.000Z,2026-08-26T16:05:59.000Z
ElenaDecision_exeDed,0.0,1.0,0,0,0.0,1.0,2026-08-19T04:59:32.000Z,2026-08-19T04:59:32.000Z
Elias_Hasan,0.0,1.0,0,0,0.0,1.0,2026-08-27T14:14:40.000Z,2026-08-27T14:14:40.000Z
ElizabethDarcy_5,0.0,1.0,0,0,0.0,1.0,2026-08-23T14:20:25.000Z,2026-08-23T14:20:25.000Z
EloquenceArcane,0.0,1.0,0,0,0.0,1.0,2026-08-27T07:39:56.000Z,2026-08-27T07:39:56.000Z
Embarrassed-Duty7312,0.0,1.0,0,0,0.0,1.0,2026-09-01T14:21:24.000Z,2026-09-01T14:21:24.000Z
Embarrassed_Month233,1.0,0.0,0,0,1.0,0.0,2026-09-03T04:11:47.950Z,2026-09-03T04:11:47.950Z
Embarrassed_Mud_8702,0.0,1.0,0,0,0.0,1.0,2026-08-23T15:41:03.000Z,2026-08-23T15:41:03.000Z
Emergency-Ad6337,0.0,1.0,0,0,0.0,1.0,2026-09-02T07:16:39.000Z,2026-09-02T07:16:39.000Z
Emergency-Initial632,0.0,2.0,0,0,0.0,2.0,2026-08-20T13:02:02.000Z,2026-08-20T13:39:56.000Z
Emergency-Local-7437,0.0,1.0,0,0,0.0,1.0,2026-08-22T13:16:46.000Z,2026-08-22T13:16:46.000Z
Emergency-Pick5679,0.0,2.0,0,0,0.0,2.0,2026-08-22T13:30:50.000Z,2026-08-22T13:36:59.000Z
EmergencyAioli3707,1.0,1.0,0,0,1.0,1.0,2026-08-26T09:59:00.329Z,2026-08-26T16:33:00.000Z
EmergencyCorner,0.0,1.0,0,0,0.0,1.0,2026-08-22T04:26:53.000Z,2026-08-22T04:26:53.000Z
Emergency_Army_7640,0.0,1.0,0,0,0.0,1.0,2026-08-22T17:18:53.000Z,2026-08-22T17:18:53.000Z
Emergency_Try_7970,0.0,3.0,0,0,0.0,3.0,2026-08-23T18:26:31.000Z,2026-08-26T14:14:37.000Z
Emotional-Jump-3831m,0.0,3.0,0,0,0.0,3.0,2026-08-20T20:00:12.000Z,2026-08-22T08:20:17.000Z
Emotional-Medium6543,1.0,8.0,0,0,1.0,8.0,2026-08-19T09:44:40.000Z,2026-08-26T09:26:52.000Z
Emotional-Wheel8219,0.0,1.0,0,0,0.0,1.0,2026-08-18T16:53:26.000Z,2026-08-18T16:53:26.000Z
Emotional_Disaster36,0.0,2.0,0,0,0.0,2.0,2026-08-23T05:18:11.000Z,2026-09-01T00:23:38.000Z
Emotional_Fan3139,0.0,1.0,0,0,0.0,1.0,2026-08-27T03:28:14.000Z,2026-08-27T03:28:14.000Z
Emotional_Holiday185,0.0,1.0,0,0,0.0,1.0,2026-08-22T06:14:09.000Z,2026-08-22T06:14:09.000Z
Emotional_Lake_7074,0.0,1.0,0,0,0.0,1.0,2026-08-22T04:16:22.000Z,2026-08-22T04:16:22.000Z
Emotional_Plant1536,0.0,2.0,0,0,0.0,2.0,2026-08-21T23:20:53.000Z,2026-09-02T03:55:11.000Z
Emotional_Shift_6192,0.0,1.0,0,0,0.0,1.0,2026-08-24T12:41:16.000Z,2026-08-24T12:41:16.000Z
Emotional_Shoulder18,0.0,1.0,0,0,0.0,1.0,2026-09-01T19:14:57.000Z,2026-09-01T19:14:57.000Z
Emotional_flooor,0.0,2.0,0,0,0.0,2.0,2026-08-20T07:50:49.000Z,2026-08-25T10:14:21.000Z
EmployerCreepy7974,0.0,1.0,0,0,0.0,1.0,2026-08-27T17:57:07.000Z,2026-08-27T17:57:07.000Z
Empty_Region_4063,0.0,1.0,0,0,0.0,1.0,2026-08-23T04:39:33.000Z,2026-08-23T04:39:33.000Z
EmuAccomplished839,2.0,0.0,0,0,2.0,0.0,2026-08-20T06:10:42.819Z,2026-08-21T11:42:42.273Z
EndComprehensive2590,0.0,1.0,0,0,0.0,1.0,2026-08-18T14:36:57.000Z,2026-08-18T14:36:57.000Z
EnergyStriking3277,0.0,2.0,0,0,0.0,2.0,2026-08-20T04:14:39.000Z,2026-08-20T04:15:58.000Z
Enthusiast_1805,0.0,3.0,0,0,0.0,3.0,2026-08-22T15:03:51.000Z,2026-08-24T20:35:59.000Z
Entire_Sleep3492,0.0,1.0,0,0,0.0,1.0,2026-08-24T10:52:24.000Z,2026-08-24T10:52:24.000Z
EntrepreneurBroad843,0.0,1.0,0,0,0.0,1.0,2026-08-23T11:59:19.000Z,2026-08-23T11:59:19.000Z
EnvironmentSad5198,0.0,2.0,0,0,0.0,2.0,2026-08-22T15:40:33.000Z,2026-08-23T01:44:50.000Z
Environmental_Risk34,0.0,3.0,0,0,0.0,3.0,2026-08-19T14:13:18.000Z,2026-09-01T04:26:10.000Z
EpicFoxHunter1474,0.0,1.0,0,0,0.0,1.0,2026-08-30T07:15:38.000Z,2026-08-30T07:15:38.000Z
Epsilon009,0.0,1.0,0,0,0.0,1.0,2026-08-22T08:38:20.000Z,2026-08-22T08:38:20.000Z
EpsilonIndiA-b,0.0,1.0,0,0,0.0,1.0,2026-08-22T05:16:19.000Z,2026-08-22T05:16:19.000Z
Equal_Fly_7010,0.0,20.0,0,0,0.0,20.0,2026-08-19T15:57:11.000Z,2026-09-02T13:59:56.000Z
Equal_Victory17,0.0,2.0,0,0,0.0,2.0,2026-08-21T15:21:03.000Z,2026-08-22T07:10:20.000Z
Equinox2025,0.0,1.0,0,0,0.0,1.0,2026-08-25T18:35:32.000Z,2026-08-25T18:35:32.000Z
Equivalent-Equal-852,0.0,2.0,0,0,0.0,2.0,2026-08-18T13:51:02.000Z,2026-08-18T13:58:38.000Z
Eren-Yeager799814,0.0,4.0,0,0,0.0,4.0,2026-08-21T06:09:04.000Z,2026-09-02T04:59:54.000Z
Eren081,1.0,1.0,0,0,1.0,1.0,2026-08-25T03:29:13.461Z,2026-08-25T12:09:39.000Z
Eric-Uzumaki,0.0,1.0,0,0,0.0,1.0,2026-09-02T11:14:40.000Z,2026-09-02T11:14:40.000Z
ErrorAcrobatic7104,0.0,1.0,0,0,0.0,1.0,2026-08-25T16:33:24.000Z,2026-08-25T16:33:24.000Z
Eschar_of_yuvel,0.0,1.0,0,0,0.0,1.0,2026-08-18T16:26:35.000Z,2026-08-18T16:26:35.000Z
Eshan2703,0.0,21.0,0,0,0.0,21.0,2026-08-18T14:34:05.000Z,2026-09-02T11:49:17.000Z
Esob_Oozeer,0.0,1.0,0,0,0.0,1.0,2026-08-19T18:19:20.000Z,2026-08-19T18:19:20.000Z
EternalHymns,0.0,2.0,0,0,0.0,2.0,2026-08-24T15:13:22.000Z,2026-08-26T14:26:19.000Z
EternalRiverSong,0.0,2.0,0,0,0.0,2.0,2026-08-23T07:12:57.000Z,2026-08-23T07:18:12.000Z
Ethan_J_Hunt,1.0,0.0,0,0,1.0,0.0,2026-08-24T07:46:21.800Z,2026-08-24T07:46:21.800Z
Euphoric-Bath5642,0.0,1.0,0,0,0.0,1.0,2026-08-18T15:30:21.000Z,2026-08-18T15:30:21.000Z
Euphoric-Macaroon-58,0.0,1.0,0,0,0.0,1.0,2026-08-25T20:05:48.000Z,2026-08-25T20:05:48.000Z
Euphoric-Painter6135,0.0,1.0,0,0,0.0,1.0,2026-08-20T09:51:37.000Z,2026-08-20T09:51:37.000Z
Euphoric_Swim_9263,0.0,1.0,0,0,0.0,1.0,2026-08-22T12:31:33.000Z,2026-08-22T12:31:33.000Z
Euthanasia1111,3.0,67.0,0,0,3.0,67.0,2026-08-19T14:45:31.000Z,2026-09-02T11:28:12.000Z
Even-Painter8148,0.0,1.0,0,0,0.0,1.0,2026-08-20T04:23:56.000Z,2026-08-20T04:23:56.000Z
Even-Swan-9687,0.0,1.0,0,0,0.0,1.0,2026-08-27T07:38:47.000Z,2026-08-27T07:38:47.000Z
Even_Way5167,0.0,1.0,0,0,0.0,1.0,2026-08-21T09:58:42.000Z,2026-08-21T09:58:42.000Z
Evening-Desk8065,0.0,1.0,0,0,0.0,1.0,2026-08-21T07:52:46.000Z,2026-08-21T07:52:46.000Z
Evening-End-3845,1.0,5.0,0,0,1.0,5.0,2026-08-19T18:53:05.000Z,2026-09-02T16:25:56.000Z
Evening_Face866,0.0,1.0,0,0,0.0,1.0,2026-08-18T20:13:31.000Z,2026-08-18T20:13:31.000Z
Evening_Orange1255,0.0,3.0,0,0,0.0,3.0,2026-08-19T10:23:35.000Z,2026-08-23T08:08:38.000Z
Evening_Sentence_556,0.0,1.0,0,0,0.0,1.0,2026-08-27T06:04:35.000Z,2026-08-27T06:04:35.000Z
EverlastingVoyager,0.0,1.0,0,0,0.0,1.0,2026-08-19T09:38:39.000Z,2026-08-19T09:38:39.000Z
Every-Bug-4778,2.0,3.0,0,0,2.0,3.0,2026-08-24T14:20:43.991Z,2026-09-02T16:32:47.000Z
Every-Post-2673,0.0,1.0,0,0,0.0,1.0,2026-08-27T07:00:30.000Z,2026-08-27T07:00:30.000Z
Every_Method4221,0.0,1.0,0,0,0.0,1.0,2026-08-25T06:16:17.000Z,2026-08-25T06:16:17.000Z
Evil_Eye_1485,1.0,3.0,0,0,1.0,3.0,2026-09-02T10:46:41.467Z,2026-09-02T13:42:23.000Z
ExactTangerine840,0.0,17.0,0,0,0.0,17.0,2026-08-18T11:20:21.000Z,2026-09-02T15:22:06.000Z
ExactWhereas8587,0.0,1.0,0,0,0.0,1.0,2026-08-19T07:44:44.000Z,2026-08-19T07:44:44.000Z
Exact_Mixture_451,0.0,1.0,0,0,0.0,1.0,2026-08-27T06:25:07.000Z,2026-08-27T06:25:07.000Z
Exalos_41,0.0,1.0,0,0,0.0,1.0,2026-08-23T06:59:44.000Z,2026-08-23T06:59:44.000Z
ExcelGamer,1.0,35.0,0,0,1.0,35.0,2026-08-19T06:48:47.000Z,2026-09-02T15:41:31.000Z
Excellent-Chain1492,1.0,1.0,0,0,1.0,1.0,2026-08-21T15:47:24.951Z,2026-08-21T16:42:18.000Z
Excellent_Copy002,0.0,1.0,0,0,0.0,1.0,2026-08-24T09:36:02.000Z,2026-08-24T09:36:02.000Z
Excellent_Dance_7418,0.0,1.0,0,0,0.0,1.0,2026-09-02T15:24:58.000Z,2026-09-02T15:24:58.000Z
Excellent_Sector6150,0.0,1.0,0,0,0.0,1.0,2026-08-19T04:03:16.000Z,2026-08-19T04:03:16.000Z
Exciting-Plastic1605,0.0,1.0,0,0,0.0,1.0,2026-08-20T01:34:54.000Z,2026-08-20T01:34:54.000Z
Exciting-Rip-3876,0.0,2.0,0,0,0.0,2.0,2026-08-23T03:38:37.000Z,2026-09-02T03:16:41.000Z
ExcitingAd754,0.0,5.0,0,0,0.0,5.0,2026-08-19T15:00:57.000Z,2026-09-02T14:23:08.000Z
Exciting_Let_4962,0.0,1.0,0,0,0.0,1.0,2026-09-01T16:55:42.000Z,2026-09-01T16:55:42.000Z
Existing-Ad4165,0.0,1.0,0,0,0.0,1.0,2026-09-02T16:35:22.000Z,2026-09-02T16:35:22.000Z
Existing-Breath9619,0.0,3.0,0,0,0.0,3.0,2026-08-20T11:06:06.000Z,2026-08-21T00:01:50.000Z
Existing-Mix4598,0.0,1.0,0,0,0.0,1.0,2026-08-21T13:38:08.000Z,2026-08-21T13:38:08.000Z
ExistingProblem8455,1.0,1.0,0,0,1.0,1.0,2026-08-27T04:53:41.868Z,2026-09-02T05:13:52.000Z
Exotic-Television581,0.0,2.0,0,0,0.0,2.0,2026-08-20T16:29:41.000Z,2026-08-22T12:24:30.000Z
Exp3r1mentAL,0.0,3.0,0,0,0.0,3.0,2026-08-19T08:20:29.000Z,2026-08-26T07:49:30.000Z
Expensive-Example-45,1.0,0.0,0,0,1.0,0.0,2026-09-02T07:25:55.852Z,2026-09-02T07:25:55.852Z
Expensive_Box1931,0.0,6.0,0,0,0.0,6.0,2026-08-22T14:01:38.000Z,2026-08-26T20:57:57.000Z
Experience-Love,0.0,1.0,0,0,0.0,1.0,2026-08-23T14:39:53.000Z,2026-08-23T14:39:53.000Z
Expert-Variety-7455,0.0,1.0,0,0,0.0,1.0,2026-08-18T14:54:29.000Z,2026-08-18T14:54:29.000Z
ExpertDry7788,1.0,0.0,0,0,1.0,0.0,2026-09-01T16:35:13.379Z,2026-09-01T16:35:13.379Z
Expert_Dimension7019,0.0,1.0,0,0,0.0,1.0,2026-09-01T04:44:05.000Z,2026-09-01T04:44:05.000Z
Expert_Poet2171,0.0,2.0,0,0,0.0,2.0,2026-08-26T08:45:55.000Z,2026-08-26T08:48:04.000Z
Explorer_On_Wheels,0.0,1.0,0,0,0.0,1.0,2026-08-24T05:47:42.000Z,2026-08-24T05:47:42.000Z
Express-Table5431,1.0,3.0,0,0,1.0,3.0,2026-08-24T09:53:57.000Z,2026-09-01T23:41:54.556Z
Express_Molasses_226,0.0,2.0,0,0,0.0,2.0,2026-08-19T19:44:51.000Z,2026-08-23T12:45:03.000Z
Express_Tailor_4503,1.0,1.0,0,0,1.0,1.0,2026-08-19T14:22:54.000Z,2026-09-01T19:53:46.228Z
Extension-Bit2824,0.0,6.0,0,0,0.0,6.0,2026-08-21T20:00:44.000Z,2026-08-27T07:55:19.000Z
Extension_Belt1322,0.0,1.0,0,0,0.0,1.0,2026-08-20T16:57:59.000Z,2026-08-20T16:57:59.000Z
Extension_Media_1694,0.0,1.0,0,0,0.0,1.0,2026-09-02T10:00:45.000Z,2026-09-02T10:00:45.000Z
Extension_Pilot_4024,0.0,1.0,0,0,0.0,1.0,2026-08-23T07:15:21.000Z,2026-08-23T07:15:21.000Z
External_Entrance512,0.0,1.0,0,0,0.0,1.0,2026-09-02T07:57:51.000Z,2026-09-02T07:57:51.000Z
External_Tree4312,0.0,3.0,0,0,0.0,3.0,2026-08-26T04:01:22.000Z,2026-08-26T04:10:07.000Z
Extra-Medicine7319,1.0,0.0,0,0,1.0,0.0,2026-08-22T18:01:32.376Z,2026-08-22T18:01:32.376Z
Extra_Traffic4802,0.0,4.0,0,0,0.0,4.0,2026-08-19T05:32:41.000Z,2026-08-24T16:43:27.000Z
Ezzkill-Nah,0.0,1.0,0,0,0.0,1.0,2026-08-26T15:59:50.000Z,2026-08-26T15:59:50.000Z
FRENZY_333,0.0,1.0,0,0,0.0,1.0,2026-08-18T15:17:25.000Z,2026-08-18T15:17:25.000Z
Fabulous_Ambition969,0.0,1.0,0,0,0.0,1.0,2026-08-27T06:59:53.000Z,2026-08-27T06:59:53.000Z
Fail-Inevitable,0.0,2.0,0,0,0.0,2.0,2026-08-23T14:56:36.000Z,2026-08-27T02:20:08.000Z
Failingagainnnn,0.0,3.0,0,0,0.0,3.0,2026-08-21T00:23:45.000Z,2026-08-24T19:45:11.000Z
Fair-Whereas1010,2.0,96.0,0,0,2.0,96.0,2026-08-20T05:16:13.000Z,2026-09-02T11:22:47.000Z
FairFall5198,0.0,1.0,0,0,0.0,1.0,2026-08-18T14:39:42.000Z,2026-08-18T14:39:42.000Z
Fair_Pudding2565,0.0,1.0,0,0,0.0,1.0,2026-08-24T16:00:15.000Z,2026-08-24T16:00:15.000Z
FairytellerQ,0.0,1.0,0,0,0.0,1.0,2026-08-26T08:50:10.000Z,2026-08-26T08:50:10.000Z
FaithlessnessMuch826,0.0,2.0,0,0,0.0,2.0,2026-08-26T18:09:50.000Z,2026-09-02T14:33:37.000Z
Fakeperson133,0.0,1.0,0,0,0.0,1.0,2026-08-19T21:23:48.000Z,2026-08-19T21:23:48.000Z
FalconFlat9185,0.0,4.0,0,0,0.0,4.0,2026-08-19T13:51:22.000Z,2026-08-21T06:30:32.000Z
FalconGood4891,0.0,6.0,0,0,0.0,6.0,2026-08-25T03:34:55.000Z,2026-09-01T17:00:14.000Z
FalconIMGN,0.0,3.0,0,0,0.0,3.0,2026-08-26T17:43:20.000Z,2026-08-26T17:49:32.000Z
Falling_Death73,0.0,8.0,0,0,0.0,8.0,2026-08-21T06:54:44.000Z,2026-09-02T16:05:22.000Z
False-Application-28,1.0,2.0,0,0,1.0,2.0,2026-08-26T20:23:10.000Z,2026-08-26T20:51:39.577Z
False-Associate-890,0.0,1.0,0,0,0.0,1.0,2026-08-21T14:54:37.000Z,2026-08-21T14:54:37.000Z
False-Assumptions,0.0,2.0,0,0,0.0,2.0,2026-08-20T03:44:08.000Z,2026-08-20T05:03:26.000Z
False_Question_7909,0.0,1.0,0,0,0.0,1.0,2026-08-18T17:17:09.000Z,2026-08-18T17:17:09.000Z
Familiar-Copy2967,1.0,4.0,0,0,1.0,4.0,2026-08-20T18:14:09.102Z,2026-08-20T18:59:48.000Z
Familiar-Historian34,0.0,3.0,0,0,0.0,3.0,2026-08-21T16:25:20.000Z,2026-08-31T15:56:47.000Z
Familiar-Studio6940,2.0,0.0,0,0,2.0,0.0,2026-08-19T09:32:49.619Z,2026-08-19T09:32:53.372Z
FamiliarChildhood709,0.0,2.0,0,0,0.0,2.0,2026-08-22T18:53:01.000Z,2026-08-27T14:25:30.000Z
Familiar_Thing_7623,0.0,1.0,0,0,0.0,1.0,2026-08-21T07:43:24.000Z,2026-08-21T07:43:24.000Z
Famous-Maize-6352,0.0,1.0,0,0,0.0,1.0,2026-09-02T11:52:50.000Z,2026-09-02T11:52:50.000Z
FanGirlNightOwl,0.0,1.0,0,0,0.0,1.0,2026-08-23T04:36:57.000Z,2026-08-23T04:36:57.000Z
Fancy_Tie4349,1.0,0.0,0,0,1.0,0.0,2026-09-02T20:27:37.357Z,2026-09-02T20:27:37.357Z
Fancy_bratt,0.0,1.0,0,0,0.0,1.0,2026-08-26T18:19:03.000Z,2026-08-26T18:19:03.000Z
Fantastic-Bug-4151,0.0,1.0,0,0,0.0,1.0,2026-08-19T15:38:34.000Z,2026-08-19T15:38:34.000Z
Fantastic-Corner-605,0.0,1.0,0,0,0.0,1.0,2026-08-22T08:02:34.000Z,2026-08-22T08:02:34.000Z
Fantastic-DEVIL,0.0,1.0,0,0,0.0,1.0,2026-08-27T14:59:31.000Z,2026-08-27T14:59:31.000Z
Fantastic-Ratio-7482,0.0,3.0,0,0,0.0,3.0,2026-08-24T14:20:25.000Z,2026-09-02T16:21:27.000Z
Fantastic-Web9761,2.0,7.0,0,0,2.0,7.0,2026-08-20T14:10:18.000Z,2026-08-27T09:27:32.000Z
Fantastic_Bag4908,0.0,1.0,0,0,0.0,1.0,2026-08-21T07:36:04.000Z,2026-08-21T07:36:04.000Z
Fantastic_Green_9701,0.0,1.0,0,0,0.0,1.0,2026-08-21T21:34:37.000Z,2026-08-21T21:34:37.000Z
Fantastic_Paper_6693,0.0,1.0,0,0,0.0,1.0,2026-08-24T15:40:48.000Z,2026-08-24T15:40:48.000Z
Far-Acanthaceae-4947,1.0,2.0,0,0,1.0,2.0,2026-08-19T18:03:38.924Z,2026-08-24T07:40:16.000Z
Far-Complaint4980,1.0,0.0,0,0,1.0,0.0,2026-08-23T16:16:53.889Z,2026-08-23T16:16:53.889Z
Far-Newt2088,1.0,2.0,0,0,1.0,2.0,2026-08-22T10:38:36.887Z,2026-08-26T08:29:20.000Z
Far-Restaurant7093,0.0,1.0,0,0,0.0,1.0,2026-08-28T02:24:55.000Z,2026-08-28T02:24:55.000Z
Far-Scene-2335,0.0,1.0,0,0,0.0,1.0,2026-08-26T16:34:00.000Z,2026-08-26T16:34:00.000Z
Far-Song-1570,0.0,1.0,0,0,0.0,1.0,2026-08-27T06:47:53.000Z,2026-08-27T06:47:53.000Z
FarCryFever1,0.0,1.0,0,0,0.0,1.0,2026-08-27T06:49:28.000Z,2026-08-27T06:49:28.000Z
Far_Fun_6856,1.0,17.0,0,0,1.0,17.0,2026-08-20T06:59:54.000Z,2026-09-02T03:19:49.000Z
Far_Potential_2051,0.0,1.0,0,0,0.0,1.0,2026-08-20T14:56:31.000Z,2026-08-20T14:56:31.000Z
Far_Willingness_2850,0.0,1.0,0,0,0.0,1.0,2026-08-20T17:11:36.000Z,2026-08-20T17:11:36.000Z
Far_Yogurtcloset7034,0.0,1.0,0,0,0.0,1.0,2026-09-02T02:57:54.000Z,2026-09-02T02:57:54.000Z
Farhan-man,1.0,0.0,0,0,1.0,0.0,2026-08-24T19:57:43.481Z,2026-08-24T19:57:43.481Z
Fast-Series2465,0.0,2.0,0,0,0.0,2.0,2026-08-18T22:35:09.000Z,2026-08-19T20:07:20.000Z
Fast-Sky9927,0.0,2.0,0,0,0.0,2.0,2026-08-22T16:11:27.000Z,2026-08-27T09:59:53.000Z
Fast_Builder6136,0.0,3.0,0,0,0.0,3.0,2026-08-26T19:42:50.000Z,2026-09-01T12:33:59.000Z
Fast_Flan3475,1.0,6.0,0,0,1.0,6.0,2026-08-20T09:33:10.130Z,2026-08-27T06:59:49.000Z
Faultless8899,0.0,1.0,0,0,0.0,1.0,2026-08-21T08:08:55.000Z,2026-08-21T08:08:55.000Z
Fear73,0.0,2.0,0,0,0.0,2.0,2026-08-20T14:09:15.000Z,2026-08-25T04:19:45.000Z
FearlessApple3949,0.0,7.0,0,0,0.0,7.0,2026-08-19T11:46:15.000Z,2026-08-25T21:16:24.000Z
FearlessGoose3665,0.0,1.0,0,0,0.0,1.0,2026-08-21T07:13:14.000Z,2026-08-21T07:13:14.000Z
Fearless_Law647,0.0,3.0,0,0,0.0,3.0,2026-08-21T11:51:28.000Z,2026-08-23T21:16:48.000Z
Feathery_Hotels,0.0,2.0,0,0,0.0,2.0,2026-08-23T04:39:37.000Z,2026-09-01T11:42:47.000Z
Federal-Airline-5096,0.0,1.0,0,0,0.0,1.0,2026-08-22T06:57:10.000Z,2026-08-22T06:57:10.000Z
Federal-Bus-8122,0.0,1.0,0,0,0.0,1.0,2026-08-27T09:53:02.000Z,2026-08-27T09:53:02.000Z
Federal-Lock394,0.0,2.0,0,0,0.0,2.0,2026-08-20T11:15:38.000Z,2026-08-25T10:26:20.000Z
Federal-Phrase6240,0.0,1.0,0,0,0.0,1.0,2026-08-24T14:43:06.000Z,2026-08-24T14:43:06.000Z
Federal_Leg5278,1.0,2.0,0,0,1.0,2.0,2026-08-19T19:52:25.000Z,2026-08-25T18:28:40.000Z
Federal_Orange_8547,0.0,5.0,0,0,0.0,5.0,2026-08-26T17:48:55.000Z,2026-09-02T02:14:08.000Z
FeeStrange3933,0.0,3.0,0,0,0.0,3.0,2026-08-22T21:48:06.000Z,2026-08-27T07:55:20.000Z
Feeling_Benefit_5897,0.0,1.0,0,0,0.0,1.0,2026-08-27T06:49:10.000Z,2026-08-27T06:49:10.000Z
Feeling_Meet4841,0.0,1.0,0,0,0.0,1.0,2026-08-27T05:47:21.000Z,2026-08-27T05:47:21.000Z
Feeling_Struggle_207,0.0,2.0,0,0,0.0,2.0,2026-08-22T04:58:30.000Z,2026-08-22T14:21:10.000Z
Feisty-Audience9670,1.0,9.0,0,0,1.0,9.0,2026-08-19T17:53:03.000Z,2026-08-25T08:41:11.000Z
Feisty-Indication916,1.0,0.0,0,0,1.0,0.0,2026-08-23T06:59:53.024Z,2026-08-23T06:59:53.024Z
Felicie_dreamer,1.0,1.0,0,0,1.0,1.0,2026-08-21T18:19:56.372Z,2026-08-22T08:29:51.000Z
Feon_007,0.0,1.0,0,0,0.0,1.0,2026-08-26T08:44:15.000Z,2026-08-26T08:44:15.000Z
Feudal_lord372,0.0,8.0,0,0,0.0,8.0,2026-08-22T09:31:09.000Z,2026-08-25T12:05:45.000Z
Few-Language-4126,1.0,7.0,0,0,1.0,7.0,2026-08-23T10:29:25.408Z,2026-08-27T06:00:45.000Z
Few-Market-6535,0.0,2.0,0,0,0.0,2.0,2026-08-21T04:22:59.000Z,2026-08-25T11:55:54.000Z
Few-Spring7221,0.0,1.0,0,0,0.0,1.0,2026-08-22T05:54:02.000Z,2026-08-22T05:54:02.000Z
Few_Advantage1486,0.0,1.0,0,0,0.0,1.0,2026-08-19T17:53:27.000Z,2026-08-19T17:53:27.000Z
Few_Championship7507,0.0,1.0,0,0,0.0,1.0,2026-09-02T14:09:33.000Z,2026-09-02T14:09:33.000Z
Few_Cricket_9311,0.0,2.0,0,0,0.0,2.0,2026-08-23T14:55:30.000Z,2026-08-23T16:25:24.000Z
Few_Fish9570,0.0,7.0,0,0,0.0,7.0,2026-08-20T02:22:03.000Z,2026-09-02T08:33:44.000Z
Few_Title_6862,0.0,1.0,0,0,0.0,1.0,2026-08-27T22:51:46.000Z,2026-08-27T22:51:46.000Z
Fickle-Delay-4463,0.0,1.0,0,0,0.0,1.0,2026-08-24T14:11:24.000Z,2026-08-24T14:11:24.000Z
Fickle-Kiwi-699,0.0,6.0,0,0,0.0,6.0,2026-08-22T07:20:16.000Z,2026-08-26T20:08:12.000Z
FickleBunch6471,0.0,1.0,0,0,0.0,1.0,2026-08-24T15:25:49.000Z,2026-08-24T15:25:49.000Z
Fickle_Positive7639,0.0,1.0,0,0,0.0,1.0,2026-08-21T12:11:02.000Z,2026-08-21T12:11:02.000Z
Fickle_Professor_344,0.0,1.0,0,0,0.0,1.0,2026-08-19T08:27:09.000Z,2026-08-19T08:27:09.000Z
FieldComprehensive98,0.0,3.0,0,0,0.0,3.0,2026-08-19T14:20:55.000Z,2026-09-02T04:00:05.000Z
Film_makerhere,0.0,2.0,0,0,0.0,2.0,2026-08-20T02:41:34.000Z,2026-08-20T02:45:07.000Z
Final-Distribution-8,7.0,54.0,0,0,7.0,54.0,2026-08-21T11:57:54.000Z,2026-08-26T13:05:38.000Z
Financial-Banana-483,0.0,1.0,0,0,0.0,1.0,2026-08-27T11:49:28.000Z,2026-08-27T11:49:28.000Z
Financial-Fondant-27,0.0,1.0,0,0,0.0,1.0,2026-08-22T07:39:05.000Z,2026-08-22T07:39:05.000Z
Financial-Muscle2108,0.0,1.0,0,0,0.0,1.0,2026-08-24T20:13:04.000Z,2026-08-24T20:13:04.000Z
Financial-Yak1654,1.0,9.0,0,0,1.0,9.0,2026-08-19T16:12:15.000Z,2026-08-25T13:26:25.000Z
FindingRon,0.0,2.0,0,0,0.0,2.0,2026-08-21T16:49:13.000Z,2026-08-27T06:30:02.000Z
Fine-Emergency-3398,0.0,2.0,0,0,0.0,2.0,2026-09-01T06:02:03.000Z,2026-09-02T02:01:13.000Z
FineCondition7927,0.0,3.0,0,0,0.0,3.0,2026-08-20T20:07:05.000Z,2026-09-02T03:30:48.000Z
Fine_Local_7789,0.0,1.0,0,0,0.0,1.0,2026-08-27T13:27:26.000Z,2026-08-27T13:27:26.000Z
FireHead100,0.0,1.0,0,0,0.0,1.0,2026-08-24T14:21:45.000Z,2026-08-24T14:21:45.000Z
FirefighterSuch4897,0.0,1.0,0,0,0.0,1.0,2026-08-27T05:44:32.000Z,2026-08-27T05:44:32.000Z
Firegdude58,0.0,1.0,0,0,0.0,1.0,2026-08-21T07:22:44.000Z,2026-08-21T07:22:44.000Z
Firm-Alarm-7464,0.0,2.0,0,0,0.0,2.0,2026-08-26T14:29:49.000Z,2026-09-02T14:27:19.000Z
Firm-Impression3175,0.0,1.0,0,0,0.0,1.0,2026-08-22T09:32:37.000Z,2026-08-22T09:32:37.000Z
Firm_Afternoon8839,0.0,2.0,0,0,0.0,2.0,2026-08-21T18:19:10.000Z,2026-08-24T09:59:47.000Z
First_Insurance_6916,1.0,7.0,0,0,1.0,7.0,2026-08-20T05:01:55.944Z,2026-08-22T04:59:25.000Z
Fisher698511,0.0,1.0,0,0,0.0,1.0,2026-09-01T06:11:19.000Z,2026-09-01T06:11:19.000Z
FishermanResident349,0.0,1.0,0,0,0.0,1.0,2026-09-02T14:45:07.000Z,2026-09-02T14:45:07.000Z
Fit-Cheek3260,0.0,2.0,0,0,0.0,2.0,2026-09-01T18:42:48.000Z,2026-09-01T18:43:57.000Z
Fit-Driver-8237,1.0,7.0,0,0,1.0,7.0,2026-08-23T03:03:45.282Z,2026-08-23T05:37:40.000Z
Fit-Kitchen2994,0.0,1.0,0,0,0.0,1.0,2026-08-23T13:24:18.000Z,2026-08-23T13:24:18.000Z
Fit-Management-1059,1.0,4.0,0,0,1.0,4.0,2026-08-24T14:33:04.832Z,2026-08-24T17:04:38.000Z
Fit-Print2586,0.0,1.0,0,0,0.0,1.0,2026-08-22T23:31:12.000Z,2026-08-22T23:31:12.000Z
Fit-Put9758,1.0,0.0,0,0,1.0,0.0,2026-08-24T03:16:06.193Z,2026-08-24T03:16:06.193Z
Fit-Race-5568,0.0,1.0,0,0,0.0,1.0,2026-08-18T15:22:00.000Z,2026-08-18T15:22:00.000Z
Fit-Replacement-8266,0.0,1.0,0,0,0.0,1.0,2026-08-20T04:07:15.000Z,2026-08-20T04:07:15.000Z
FitOwl87,0.0,1.0,0,0,0.0,1.0,2026-08-22T07:07:06.000Z,2026-08-22T07:07:06.000Z
Fit_Dot3701,0.0,8.0,0,0,0.0,8.0,2026-08-22T13:32:47.000Z,2026-08-24T06:55:29.000Z
Fit_Operation3422,3.0,1.0,0,0,3.0,1.0,2026-08-21T12:26:44.095Z,2026-08-23T18:15:19.000Z
Fit_Revolution879,0.0,1.0,0,0,0.0,1.0,2026-08-18T19:17:43.000Z,2026-08-18T19:17:43.000Z
Fit_Security_3579,0.0,1.0,0,0,0.0,1.0,2026-09-02T11:37:04.000Z,2026-09-02T11:37:04.000Z
Fit_Temporary_6150,0.0,2.0,0,0,0.0,2.0,2026-08-24T12:39:40.000Z,2026-08-26T05:32:29.000Z
Fit_Violinist4231,0.0,3.0,0,0,0.0,3.0,2026-08-19T01:45:12.000Z,2026-08-19T01:45:46.000Z
Flaky-Collection9944,0.0,1.0,0,0,0.0,1.0,2026-08-21T06:49:50.000Z,2026-08-21T06:49:50.000Z
Flaky_Tangerine457,0.0,1.0,0,0,0.0,1.0,2026-08-18T14:37:39.000Z,2026-08-18T14:37:39.000Z
FlameShadowZXY,1.0,2.0,0,0,1.0,2.0,2026-09-02T08:13:36.274Z,2026-09-02T10:07:11.000Z
FlashStarD,0.0,6.0,0,0,0.0,6.0,2026-08-22T06:06:09.000Z,2026-08-25T08:37:14.000Z
Flashy-Dragonfly7371,0.0,1.0,0,0,0.0,1.0,2026-09-02T03:40:30.000Z,2026-09-02T03:40:30.000Z
Flashy-Island-3725,0.0,1.0,0,0,0.0,1.0,2026-08-23T16:35:37.000Z,2026-08-23T16:35:37.000Z
Flat-Championship-16,0.0,1.0,0,0,0.0,1.0,2026-08-27T13:34:36.000Z,2026-08-27T13:34:36.000Z
Flat-Cheesecake3954,0.0,4.0,0,0,0.0,4.0,2026-08-20T02:52:50.000Z,2026-09-02T09:11:16.000Z
Flat_Fan6015,0.0,2.0,0,0,0.0,2.0,2026-08-27T12:46:32.000Z,2026-08-27T12:46:57.000Z
FlorentinePizza,1.0,0.0,0,0,1.0,0.0,2026-08-25T10:37:05.694Z,2026-08-25T10:37:05.694Z
Fluffy-Cup-3202,1.0,2.0,0,0,1.0,2.0,2026-08-22T06:34:12.540Z,2026-08-22T06:55:10.000Z
Fluffy-Street3927,0.0,1.0,0,0,0.0,1.0,2026-08-23T04:56:59.000Z,2026-08-23T04:56:59.000Z
Fluffy-Worry-9541,0.0,1.0,0,0,0.0,1.0,2026-08-23T08:04:53.000Z,2026-08-23T08:04:53.000Z
Fluffy_soul20,8.0,12.0,0,0,8.0,12.0,2026-08-19T07:28:55.541Z,2026-09-02T10:34:47.197Z
Fluffykatie99,0.0,3.0,0,0,0.0,3.0,2026-08-25T08:01:46.000Z,2026-08-27T04:34:49.000Z
Fluid-Wolverine-3671,0.0,1.0,0,0,0.0,1.0,2026-08-26T15:48:15.000Z,2026-08-26T15:48:15.000Z
FoldNew7844,0.0,1.0,0,0,0.0,1.0,2026-08-20T06:09:02.000Z,2026-08-20T06:09:02.000Z
Foreign-Border-7673,0.0,1.0,0,0,0.0,1.0,2026-08-23T08:59:51.000Z,2026-08-23T08:59:51.000Z
Foreign-Cheetah-8301,1.0,0.0,0,0,1.0,0.0,2026-08-26T15:02:47.501Z,2026-08-26T15:02:47.501Z
ForeignExplanation95,1.0,1.0,0,0,1.0,1.0,2026-08-27T06:05:24.228Z,2026-08-27T06:10:52.000Z
Foreign_Promise_8705,0.0,1.0,0,0,0.0,1.0,2026-08-22T03:37:34.000Z,2026-08-22T03:37:34.000Z
Forgivent4get,0.0,3.0,0,0,0.0,3.0,2026-08-20T21:08:30.000Z,2026-08-23T11:10:04.000Z
Formal-Magician69,0.0,1.0,0,0,0.0,1.0,2026-08-18T14:43:02.000Z,2026-08-18T14:43:02.000Z
Formal_Ad3909,0.0,2.0,0,0,0.0,2.0,2026-08-24T16:29:59.000Z,2026-08-24T16:34:25.000Z
Former-Bid1017,0.0,1.0,0,0,0.0,1.0,2026-08-20T05:50:50.000Z,2026-08-20T05:50:50.000Z
Former_Mess7958,0.0,1.0,0,0,0.0,1.0,2026-08-25T05:47:08.000Z,2026-08-25T05:47:08.000Z
Forsaken-Economics82,0.0,1.0,0,0,0.0,1.0,2026-08-24T14:43:35.000Z,2026-08-24T14:43:35.000Z
Forsaken-Macaron174,0.0,1.0,0,0,0.0,1.0,2026-08-25T19:12:23.000Z,2026-08-25T19:12:23.000Z
Forsaken_Can4,0.0,1.0,0,0,0.0,1.0,2026-08-22T17:12:41.000Z,2026-08-22T17:12:41.000Z
Forsaken_Service_160,0.0,1.0,0,0,0.0,1.0,2026-08-24T08:46:04.000Z,2026-08-24T08:46:04.000Z
Forsaken_Tailor4867,0.0,2.0,0,0,0.0,2.0,2026-08-23T10:42:05.000Z,2026-08-23T10:53:05.000Z
Forsaken_Toe6826,1.0,0.0,0,0,1.0,0.0,2026-09-01T14:10:16.191Z,2026-09-01T14:10:16.191Z
Forward-Ad1343,1.0,1.0,0,0,1.0,1.0,2026-08-22T15:44:31.998Z,2026-08-23T04:25:47.000Z
Forward-Season9960,0.0,1.0,0,0,0.0,1.0,2026-08-27T07:48:51.000Z,2026-08-27T07:48:51.000Z
ForwardPineapple3134,0.0,1.0,0,0,0.0,1.0,2026-08-25T14:20:48.000Z,2026-08-25T14:20:48.000Z
Fr34kyHarsh,0.0,1.0,0,0,0.0,1.0,2026-08-18T14:57:45.000Z,2026-08-18T14:57:45.000Z
Fraands_2014_End2029,0.0,11.0,0,0,0.0,11.0,2026-08-20T14:46:04.000Z,2026-09-01T17:45:23.000Z
Fragrant-Role9473,1.0,4.0,0,0,1.0,4.0,2026-08-23T09:53:52.503Z,2026-08-23T19:20:33.000Z
FragrantComputer8472,0.0,6.0,0,0,0.0,6.0,2026-08-21T04:02:04.000Z,2026-08-31T20:45:21.000Z
FreakGamingYT,0.0,2.0,0,0,0.0,2.0,2026-08-20T11:21:13.000Z,2026-08-20T11:21:47.000Z
FreakedoutNeurotic98,0.0,3.0,0,0,0.0,3.0,2026-08-24T09:24:10.000Z,2026-09-01T12:00:20.000Z
Free-Assignment2214,0.0,1.0,0,0,0.0,1.0,2026-08-18T19:42:29.000Z,2026-08-18T19:42:29.000Z
Free-West-7922,2.0,6.0,0,0,2.0,6.0,2026-08-22T07:08:43.947Z,2026-08-27T10:18:28.000Z
Free_Sorbet2161,1.0,0.0,0,0,1.0,0.0,2026-09-02T12:07:56.271Z,2026-09-02T12:07:56.271Z
FreedomAlarmed1300,0.0,3.0,0,0,0.0,3.0,2026-08-25T18:29:18.000Z,2026-09-02T05:50:05.000Z
Freewdyt,0.0,1.0,0,0,0.0,1.0,2026-08-22T12:58:54.000Z,2026-08-22T12:58:54.000Z
Frequent-Can-1879,0.0,3.0,0,0,0.0,3.0,2026-08-20T01:20:32.000Z,2026-08-23T06:06:01.000Z
Frequent-Victory-847,0.0,2.0,0,0,0.0,2.0,2026-08-21T02:42:28.000Z,2026-08-21T17:43:54.000Z
Fresh_Cow1954,0.0,9.0,0,0,0.0,9.0,2026-08-18T11:38:01.000Z,2026-09-01T19:18:05.000Z
Fresh_Librarian_2536,0.0,1.0,0,0,0.0,1.0,2026-08-23T16:01:45.000Z,2026-08-23T16:01:45.000Z
Friendly-Cicada2769,0.0,1.0,0,0,0.0,1.0,2026-08-27T07:07:55.000Z,2026-08-27T07:07:55.000Z
Friendly_Bit4352,0.0,1.0,0,0,0.0,1.0,2026-08-21T19:11:25.000Z,2026-08-21T19:11:25.000Z
FriendshipSmall3925,0.0,1.0,0,0,0.0,1.0,2026-08-19T18:36:34.000Z,2026-08-19T18:36:34.000Z
FristLostTraveller,0.0,3.0,0,0,0.0,3.0,2026-08-24T13:32:27.000Z,2026-08-25T02:59:58.000Z
Front-Reaction3051,0.0,1.0,0,0,0.0,1.0,2026-08-20T07:31:49.000Z,2026-08-20T07:31:49.000Z
FrontMedia1858,0.0,1.0,0,0,0.0,1.0,2026-08-26T11:11:32.000Z,2026-08-26T11:11:32.000Z
Frosty-Fall-8495,1.0,3.0,0,0,1.0,3.0,2026-08-19T18:14:08.000Z,2026-09-02T16:14:17.000Z
Frustrated_Fool,0.0,1.0,0,0,0.0,1.0,2026-08-19T03:53:03.000Z,2026-08-19T03:53:03.000Z
Ftn1993,0.0,1.0,0,0,0.0,1.0,2026-08-18T15:13:24.000Z,2026-08-18T15:13:24.000Z
FuckOffWillYaGeeeezz,0.0,1.0,0,0,0.0,1.0,2026-08-24T04:02:25.000Z,2026-08-24T04:02:25.000Z
Full_Appointment6127,0.0,2.0,0,0,0.0,2.0,2026-08-20T20:05:38.000Z,2026-08-22T04:18:03.000Z
Full_Consequence_449,0.0,1.0,0,0,0.0,1.0,2026-08-27T05:53:45.000Z,2026-08-27T05:53:45.000Z
Fun-Professional1006,1.0,0.0,0,0,1.0,0.0,2026-08-23T18:23:00.049Z,2026-08-23T18:23:00.049Z
Fun-Rice4943,0.0,1.0,0,0,0.0,1.0,2026-08-20T11:41:53.000Z,2026-08-20T11:41:53.000Z
Fun-Shelter-9460,0.0,6.0,0,0,0.0,6.0,2026-08-22T05:48:39.000Z,2026-09-01T10:01:52.000Z
Fun-Tension-5080,0.0,2.0,0,0,0.0,2.0,2026-08-19T22:08:49.000Z,2026-08-26T18:53:42.000Z
Fun_Arachnid5081,0.0,9.0,0,0,0.0,9.0,2026-08-19T12:00:19.000Z,2026-09-02T15:16:39.000Z
Fun_Criticism1861,0.0,7.0,0,0,0.0,7.0,2026-08-23T19:18:14.000Z,2026-08-27T07:36:49.000Z
Fun_Economist6283,0.0,2.0,0,0,0.0,2.0,2026-08-21T18:11:15.000Z,2026-08-27T02:06:54.000Z
Fun_Lawfulness_2950,0.0,3.0,0,0,0.0,3.0,2026-08-23T04:07:39.000Z,2026-09-02T01:40:57.000Z
Fun_Sock3156,1.0,0.0,0,0,1.0,0.0,2026-08-23T10:11:21.549Z,2026-08-23T10:11:21.549Z
Funny-Opinion1087,0.0,2.0,0,0,0.0,2.0,2026-08-20T18:42:31.000Z,2026-08-20T18:49:34.000Z
Funny_Investment_859,0.0,1.0,0,0,0.0,1.0,2026-08-25T10:07:03.000Z,2026-08-25T10:07:03.000Z
FurtiveMirth,0.0,1.0,0,0,0.0,1.0,2026-08-25T20:34:15.000Z,2026-08-25T20:34:15.000Z
Future-Ad-774,0.0,1.0,0,0,0.0,1.0,2026-09-01T11:10:20.000Z,2026-09-01T11:10:20.000Z
Future-Finding6532,0.0,1.0,0,0,0.0,1.0,2026-09-01T18:02:47.000Z,2026-09-01T18:02:47.000Z
FutureAppropriate660,1.0,4.0,0,0,1.0,4.0,2026-08-22T09:16:45.299Z,2026-09-02T08:24:26.000Z
FutureZebra286,0.0,2.0,0,0,0.0,2.0,2026-08-21T09:26:09.000Z,2026-08-25T03:48:11.000Z
Fuzzy_Independent762,1.0,1.0,0,0,1.0,1.0,2026-08-22T07:12:31.765Z,2026-08-22T07:29:59.000Z
Fuzzy_Math7633,0.0,1.0,0,0,0.0,1.0,2026-08-19T14:23:33.000Z,2026-08-19T14:23:33.000Z
Fvck_trust_009,1.0,0.0,0,0,1.0,0.0,2026-08-31T15:55:17.997Z,2026-08-31T15:55:17.997Z
G-r-i-d,0.0,2.0,0,0,0.0,2.0,2026-08-27T02:17:53.000Z,2026-08-27T07:41:19.000Z
GEN-X-NINJA,1.0,4.0,0,0,1.0,4.0,2026-08-20T18:45:19.353Z,2026-08-21T11:43:08.000Z
GJ_Scrollz,0.0,2.0,0,0,0.0,2.0,2026-08-22T02:07:26.000Z,2026-08-22T02:08:10.000Z
GaModified,0.0,3.0,0,0,0.0,3.0,2026-08-24T07:31:48.000Z,2026-08-27T05:48:40.000Z
GadamKinakachum,0.0,2.0,0,0,0.0,2.0,2026-09-01T17:25:16.000Z,2026-09-02T11:17:11.000Z
GamingForLife420,0.0,1.0,0,0,0.0,1.0,2026-08-18T18:23:11.000Z,2026-08-18T18:23:11.000Z
Gandher2006,0.0,1.0,0,0,0.0,1.0,2026-08-26T03:30:02.000Z,2026-08-26T03:30:02.000Z
GaneshGaitondeee,0.0,1.0,0,0,0.0,1.0,2026-08-21T07:10:13.000Z,2026-08-21T07:10:13.000Z
Gap_Between_Breathes,0.0,3.0,0,0,0.0,3.0,2026-08-23T09:33:54.000Z,2026-08-27T01:56:17.000Z
GeaGall,0.0,2.0,0,0,0.0,2.0,2026-08-25T17:43:43.000Z,2026-08-26T15:59:36.000Z
GenX-Gamers,0.0,1.0,0,0,0.0,1.0,2026-08-23T15:10:16.000Z,2026-08-23T15:10:16.000Z
General-Bowl7754,1.0,2.0,0,0,1.0,2.0,2026-08-22T14:43:06.903Z,2026-08-22T15:50:05.000Z
General-Cranberry566,1.0,0.0,0,0,1.0,0.0,2026-08-24T11:09:00.460Z,2026-08-24T11:09:00.460Z
General_Mushroom_751,0.0,1.0,0,0,0.0,1.0,2026-08-29T06:00:21.000Z,2026-08-29T06:00:21.000Z
GenericHuman1988,1.0,8.0,0,0,1.0,8.0,2026-08-19T11:23:05.000Z,2026-09-02T02:33:57.000Z
GeologistRound3591,1.0,10.0,0,0,1.0,10.0,2026-08-20T15:18:35.000Z,2026-08-22T02:22:37.000Z
George-6,0.0,1.0,0,0,0.0,1.0,2026-08-23T09:09:36.000Z,2026-08-23T09:09:36.000Z
GeraltofRivia2022,0.0,1.0,0,0,0.0,1.0,2026-08-27T01:12:32.000Z,2026-08-27T01:12:32.000Z
GetLaidOff69,0.0,2.0,0,0,0.0,2.0,2026-08-25T05:40:02.000Z,2026-08-25T05:41:07.000Z
GetridofDerrida,1.0,2.0,0,0,1.0,2.0,2026-09-02T07:26:27.732Z,2026-09-02T07:41:29.000Z
Ghumketu,2.0,32.0,0,0,2.0,32.0,2026-08-19T12:38:19.000Z,2026-09-01T14:40:09.000Z
Gibr33l,0.0,1.0,0,0,0.0,1.0,2026-08-19T11:07:08.000Z,2026-08-19T11:07:08.000Z
Glad_Scar_8726,1.0,0.0,0,0,1.0,0.0,2026-08-23T12:12:13.512Z,2026-08-23T12:12:13.512Z
Glasay_cherry,1.0,16.0,0,0,1.0,16.0,2026-08-20T19:52:07.294Z,2026-08-26T12:46:19.000Z
Glass-Enthusiasm-731,0.0,2.0,0,0,0.0,2.0,2026-08-26T18:35:51.000Z,2026-08-26T18:36:31.000Z
GlassDizzy1571,0.0,1.0,0,0,0.0,1.0,2026-08-28T19:14:57.000Z,2026-08-28T19:14:57.000Z
Glass_Head1940,1.0,4.0,0,0,1.0,4.0,2026-08-19T10:09:27.000Z,2026-08-26T08:11:41.000Z
Glass_Wish_4948,0.0,7.0,0,0,0.0,7.0,2026-08-20T09:07:37.000Z,2026-09-02T16:35:57.000Z
Glittering-Cause-561,0.0,1.0,0,0,0.0,1.0,2026-08-20T05:28:44.000Z,2026-08-20T05:28:44.000Z
Glittering-Half1005,0.0,3.0,0,0,0.0,3.0,2026-08-21T08:27:45.000Z,2026-08-27T06:14:49.000Z
Glittering-Metal5246,0.0,3.0,0,0,0.0,3.0,2026-08-26T07:56:34.000Z,2026-09-01T13:28:56.000Z
Glittering-Use7562,0.0,1.0,0,0,0.0,1.0,2026-08-21T17:20:16.000Z,2026-08-21T17:20:16.000Z
Glittering-West-6347,0.0,1.0,0,0,0.0,1.0,2026-09-02T16:05:22.000Z,2026-09-02T16:05:22.000Z
Glittering-Zone-8367,0.0,3.0,0,0,0.0,3.0,2026-09-01T11:28:44.000Z,2026-09-01T11:29:53.000Z
Glittering_Bus_6921,0.0,1.0,0,0,0.0,1.0,2026-08-22T13:22:32.000Z,2026-08-22T13:22:32.000Z
Glittering_Car_551,0.0,1.0,0,0,0.0,1.0,2026-08-24T00:01:25.000Z,2026-08-24T00:01:25.000Z
Global_Habit1295,0.0,3.0,0,0,0.0,3.0,2026-08-21T13:27:32.000Z,2026-08-25T16:01:20.000Z
Gloomy-Muffin-3875,1.0,11.0,0,0,1.0,11.0,2026-08-18T13:47:13.000Z,2026-09-02T14:53:51.000Z
GloomyFailure,0.0,2.0,0,0,0.0,2.0,2026-08-27T05:48:06.000Z,2026-08-27T05:49:57.000Z
Gloomy_Chest693,0.0,1.0,0,0,0.0,1.0,2026-08-26T03:50:49.000Z,2026-08-26T03:50:49.000Z
Gloomy_Gur_3685,0.0,1.0,0,0,0.0,1.0,2026-08-29T15:28:11.000Z,2026-08-29T15:28:11.000Z
Gloomy_Put_1703,0.0,1.0,0,0,0.0,1.0,2026-08-22T15:29:41.000Z,2026-08-22T15:29:41.000Z
Gloomy_Sense_2024,0.0,1.0,0,0,0.0,1.0,2026-08-20T13:31:58.000Z,2026-08-20T13:31:58.000Z
Glum-Sherbet,0.0,1.0,0,0,0.0,1.0,2026-09-02T07:30:50.000Z,2026-09-02T07:30:50.000Z
Glum_Feature_2626,1.0,12.0,0,0,1.0,12.0,2026-08-21T17:20:28.241Z,2026-08-27T08:43:24.000Z
Glum_Society4952,0.0,9.0,0,0,0.0,9.0,2026-08-22T07:02:08.000Z,2026-08-24T19:36:11.000Z
Go_Limitless,0.0,3.0,0,0,0.0,3.0,2026-08-22T07:45:09.000Z,2026-09-01T20:52:02.000Z
GodLike-Mind,0.0,2.0,0,0,0.0,2.0,2026-08-22T11:37:24.000Z,2026-09-01T12:23:55.000Z
GodsWorth01,0.0,5.0,0,0,0.0,5.0,2026-08-20T02:53:08.000Z,2026-09-01T06:01:20.000Z
Godspeed_7x,0.0,2.0,0,0,0.0,2.0,2026-08-23T15:06:34.000Z,2026-08-24T10:42:42.000Z
Gol_D_Deb,0.0,1.0,0,0,0.0,1.0,2026-08-23T14:22:30.000Z,2026-08-23T14:22:30.000Z
GoldBatter,0.0,11.0,0,0,0.0,11.0,2026-08-20T19:36:13.000Z,2026-09-02T16:53:01.000Z
GoldMiserable4239,1.0,40.0,0,0,1.0,40.0,2026-08-20T16:59:00.000Z,2026-08-26T07:33:57.000Z
GoldenCrane2211,0.0,1.0,0,0,0.0,1.0,2026-08-24T20:36:09.000Z,2026-08-24T20:36:09.000Z
Good-Application5,0.0,1.0,0,0,0.0,1.0,2026-09-02T03:51:03.000Z,2026-09-02T03:51:03.000Z
Good-Apricot-4183,0.0,1.0,0,0,0.0,1.0,2026-08-31T16:38:09.000Z,2026-08-31T16:38:09.000Z
GoodNobody4597,3.0,18.0,0,0,3.0,18.0,2026-08-23T10:40:12.869Z,2026-08-25T19:43:49.101Z
Good_Neighborhood131,1.0,1.0,0,0,1.0,1.0,2026-08-23T14:13:23.517Z,2026-08-23T15:42:54.000Z
Gowhue2441,0.0,2.0,0,0,0.0,2.0,2026-08-27T05:46:21.000Z,2026-09-01T13:54:37.000Z
GradeClassic1514,0.0,13.0,0,0,0.0,13.0,2026-08-20T11:08:12.000Z,2026-09-02T13:22:16.000Z
Grand-Leg6601,0.0,5.0,0,0,0.0,5.0,2026-08-24T18:59:11.000Z,2026-09-01T20:00:27.000Z
Grand_Show7306,0.0,1.0,0,0,0.0,1.0,2026-09-01T12:13:02.000Z,2026-09-01T12:13:02.000Z
Granger_Hermione434,1.0,0.0,0,0,1.0,0.0,2026-08-25T08:11:08.777Z,2026-08-25T08:11:08.777Z
GreateProtim,0.0,5.0,0,0,0.0,5.0,2026-08-24T16:09:55.000Z,2026-09-01T15:02:42.000Z
Greedy-Ad-637,0.0,3.0,0,0,0.0,3.0,2026-08-18T23:08:43.000Z,2026-08-27T07:16:33.000Z
Greedy-Rough-6620,0.0,1.0,0,0,0.0,1.0,2026-08-25T03:53:58.000Z,2026-08-25T03:53:58.000Z
GreedyCartographer50,0.0,3.0,0,0,0.0,3.0,2026-08-19T15:12:31.000Z,2026-08-23T19:06:37.000Z
Green-Definition-983,1.0,1.0,0,0,1.0,1.0,2026-08-22T09:28:32.267Z,2026-08-22T14:47:07.000Z
Green-Worth-6349,0.0,2.0,0,0,0.0,2.0,2026-08-20T13:09:17.000Z,2026-08-20T18:41:54.000Z
GreenBasi,0.0,1.0,0,0,0.0,1.0,2026-08-24T13:01:28.000Z,2026-08-24T13:01:28.000Z
GreenLeadership9816,0.0,1.0,0,0,0.0,1.0,2026-08-26T18:29:38.000Z,2026-08-26T18:29:38.000Z
GreenMariner88,0.0,3.0,0,0,0.0,3.0,2026-08-19T13:07:04.000Z,2026-08-22T13:23:14.000Z
Green_Bourbon_,0.0,1.0,0,0,0.0,1.0,2026-08-22T12:42:11.000Z,2026-08-22T12:42:11.000Z
Green_Squirrell,0.0,2.0,0,0,0.0,2.0,2026-08-23T09:53:42.000Z,2026-08-24T09:16:32.000Z
Green_psychopath,0.0,1.0,0,0,0.0,1.0,2026-08-18T13:46:59.000Z,2026-08-18T13:46:59.000Z
Greendica,2.0,1.0,0,0,2.0,1.0,2026-08-23T17:40:22.000Z,2026-09-02T17:09:39.001Z
Greyskulz45,1.0,1.0,0,0,1.0,1.0,2026-09-02T09:58:46.622Z,2026-09-02T10:30:47.000Z
GrindlewalDvold,0.0,2.0,0,0,0.0,2.0,2026-08-21T19:02:38.000Z,2026-08-21T19:03:35.000Z
Grizzly_NC,0.0,1.0,0,0,0.0,1.0,2026-08-19T07:34:14.000Z,2026-08-19T07:34:14.000Z
GroceryOk4598,0.0,2.0,0,0,0.0,2.0,2026-09-02T07:39:32.000Z,2026-09-02T08:32:47.000Z
Groksson,0.0,1.0,0,0,0.0,1.0,2026-08-21T06:04:08.000Z,2026-08-21T06:04:08.000Z
Groot8902,0.0,1.0,0,0,0.0,1.0,2026-09-01T09:26:39.000Z,2026-09-01T09:26:39.000Z
Grouchy-Volume-7374,0.0,1.0,0,0,0.0,1.0,2026-08-23T14:26:53.000Z,2026-08-23T14:26:53.000Z
Grouchy_Average_8344,0.0,1.0,0,0,0.0,1.0,2026-08-27T08:47:24.000Z,2026-08-27T08:47:24.000Z
GroundbreakingBell16,0.0,1.0,0,0,0.0,1.0,2026-08-31T15:35:23.000Z,2026-08-31T15:35:23.000Z
GuardOP,0.0,1.0,0,0,0.0,1.0,2026-08-29T06:48:31.000Z,2026-08-29T06:48:31.000Z
GuidanceBackground15,0.0,1.0,0,0,0.0,1.0,2026-08-24T16:10:31.000Z,2026-08-24T16:10:31.000Z
Guilty-Fee5044,0.0,1.0,0,0,0.0,1.0,2026-08-19T18:33:31.000Z,2026-08-19T18:33:31.000Z
Guilty_Wrongdoer927,0.0,1.0,0,0,0.0,1.0,2026-09-02T10:48:19.000Z,2026-09-02T10:48:19.000Z
Gullible-Fondant-663,0.0,1.0,0,0,0.0,1.0,2026-08-31T23:30:50.000Z,2026-08-31T23:30:50.000Z
Gullible-Sundae-8098,0.0,1.0,0,0,0.0,1.0,2026-08-24T20:42:27.000Z,2026-08-24T20:42:27.000Z
GurInside9657,0.0,1.0,0,0,0.0,1.0,2026-08-24T15:41:24.000Z,2026-08-24T15:41:24.000Z
GurRound9577,0.0,5.0,0,0,0.0,5.0,2026-08-20T04:35:14.000Z,2026-08-25T05:06:53.000Z
HARD-D6166,0.0,1.0,0,0,0.0,1.0,2026-08-19T10:55:21.000Z,2026-08-19T10:55:21.000Z
HK-2K,0.0,1.0,0,0,0.0,1.0,2026-08-23T13:21:25.000Z,2026-08-23T13:21:25.000Z
HTFHRTH,0.0,7.0,0,0,0.0,7.0,2026-08-24T16:29:51.000Z,2026-08-26T10:19:40.000Z
Ha__kai,0.0,1.0,0,0,0.0,1.0,2026-08-19T19:57:54.000Z,2026-08-19T19:57:54.000Z
HaatTima,0.0,13.0,0,0,0.0,13.0,2026-08-27T15:09:32.000Z,2026-09-02T17:10:59.000Z
Hairy_Profit_9616,0.0,1.0,0,0,0.0,1.0,2026-08-19T15:24:02.000Z,2026-08-19T15:24:02.000Z
Hairy_Stranger1198,1.0,2.0,0,0,1.0,2.0,2026-08-22T11:58:45.000Z,2026-08-25T07:38:23.000Z
Hamza_ali_Mazharl,1.0,10.0,0,0,1.0,10.0,2026-08-20T04:59:59.000Z,2026-08-25T06:22:27.000Z
HandLongjumping9577,0.0,4.0,0,0,0.0,4.0,2026-08-21T08:59:04.000Z,2026-08-25T08:01:15.000Z
Hannieyo02,0.0,1.0,0,0,0.0,1.0,2026-08-20T17:31:17.000Z,2026-08-20T17:31:17.000Z
Happy-Session-799,0.0,2.0,0,0,0.0,2.0,2026-08-18T15:45:27.000Z,2026-08-31T17:51:38.000Z
Happy-Signature6955,0.0,1.0,0,0,0.0,1.0,2026-09-02T07:40:31.000Z,2026-09-02T07:40:31.000Z
HappyNietzsche420,0.0,1.0,0,0,0.0,1.0,2026-08-26T09:48:25.000Z,2026-08-26T09:48:25.000Z
Happy_Invite_8842,0.0,3.0,0,0,0.0,3.0,2026-08-23T10:14:14.000Z,2026-08-31T14:09:01.000Z
HarbingerPotter,0.0,1.0,0,0,0.0,1.0,2026-08-18T17:38:14.000Z,2026-08-18T17:38:14.000Z
Harddik_69,2.0,1.0,0,0,2.0,1.0,2026-08-21T22:14:11.768Z,2026-09-01T19:17:01.073Z
Hardwiredbrain,0.0,1.0,0,0,0.0,1.0,2026-08-21T04:04:27.000Z,2026-08-21T04:04:27.000Z
HaricharanDeep,0.0,1.0,0,0,0.0,1.0,2026-08-23T08:56:04.000Z,2026-08-23T08:56:04.000Z
HatAsleep295,0.0,1.0,0,0,0.0,1.0,2026-08-24T14:54:43.000Z,2026-08-24T14:54:43.000Z
HatComprehensive3903,0.0,1.0,0,0,0.0,1.0,2026-08-24T14:59:13.000Z,2026-08-24T14:59:13.000Z
Hatty619,0.0,1.0,0,0,0.0,1.0,2026-08-21T10:07:13.000Z,2026-08-21T10:07:13.000Z
Hawasi_lund69a,0.0,3.0,0,0,0.0,3.0,2026-08-19T17:54:01.000Z,2026-08-27T11:25:29.000Z
HawkingWithWin7,0.0,3.0,0,0,0.0,3.0,2026-08-26T14:00:06.000Z,2026-08-27T11:25:51.000Z
HazbotX,0.0,1.0,0,0,0.0,1.0,2026-08-31T19:17:17.000Z,2026-08-31T19:17:17.000Z
Head-Vermicelli-9044,0.0,2.0,0,0,0.0,2.0,2026-09-01T14:30:43.000Z,2026-09-02T10:13:34.000Z
HeadAdvance6455,0.0,1.0,0,0,0.0,1.0,2026-08-25T04:51:38.000Z,2026-08-25T04:51:38.000Z
HeadEgg3346,0.0,3.0,0,0,0.0,3.0,2026-08-25T05:55:09.000Z,2026-09-02T14:30:49.000Z
Headfruit_699,0.0,1.0,0,0,0.0,1.0,2026-08-24T14:34:08.000Z,2026-08-24T14:34:08.000Z
Headline555,0.0,1.0,0,0,0.0,1.0,2026-09-01T13:50:08.000Z,2026-09-01T13:50:08.000Z
HealthyRow9697,1.0,0.0,0,0,1.0,0.0,2026-08-24T05:06:27.251Z,2026-08-24T05:06:27.251Z
HeavyNuts_,0.0,1.0,0,0,0.0,1.0,2026-08-19T04:35:21.000Z,2026-08-19T04:35:21.000Z
Hedge_Knight28,0.0,2.0,0,0,0.0,2.0,2026-08-21T06:25:11.000Z,2026-08-21T06:26:08.000Z
Hefty-Simple-273,0.0,2.0,0,0,0.0,2.0,2026-08-20T14:06:50.000Z,2026-08-21T16:21:23.000Z
Hefty_Coach5522,0.0,1.0,0,0,0.0,1.0,2026-08-18T14:43:01.000Z,2026-08-18T14:43:01.000Z
Heisenberg918,0.0,1.0,0,0,0.0,1.0,2026-08-27T12:37:40.000Z,2026-08-27T12:37:40.000Z
HellRider619,0.0,1.0,0,0,0.0,1.0,2026-09-02T11:54:17.000Z,2026-09-02T11:54:17.000Z
Hello_World-1289,0.0,31.0,0,0,0.0,31.0,2026-08-19T07:27:15.000Z,2026-09-02T16:44:01.000Z
Hells_Grave,1.0,0.0,0,0,1.0,0.0,2026-09-02T19:40:49.348Z,2026-09-02T19:40:49.348Z
Hellya_dude,0.0,1.0,0,0,0.0,1.0,2026-08-24T18:21:46.000Z,2026-08-24T18:21:46.000Z
Helpful-Claim-6894,0.0,1.0,0,0,0.0,1.0,2026-08-22T11:57:37.000Z,2026-08-22T11:57:37.000Z
Helpful-Garage4716,0.0,1.0,0,0,0.0,1.0,2026-08-28T02:43:11.000Z,2026-08-28T02:43:11.000Z
HelpfulCat1900,0.0,1.0,0,0,0.0,1.0,2026-08-23T21:02:35.000Z,2026-08-23T21:02:35.000Z
Helpful_Cap1,1.0,8.0,0,0,1.0,8.0,2026-08-25T07:15:25.128Z,2026-08-25T09:56:35.000Z
Helpful_Weight_8579,0.0,2.0,0,0,0.0,2.0,2026-08-19T06:47:45.000Z,2026-08-19T06:49:34.000Z
Hermy0612,0.0,2.0,0,0,0.0,2.0,2026-08-20T19:16:08.000Z,2026-08-31T08:28:46.000Z
HeronDry4452,0.0,1.0,0,0,0.0,1.0,2026-08-25T07:17:25.000Z,2026-08-25T07:17:25.000Z
HerringtonDivyangs,0.0,1.0,0,0,0.0,1.0,2026-08-25T09:55:42.000Z,2026-08-25T09:55:42.000Z
HibernatingGrizzly,0.0,2.0,0,0,0.0,2.0,2026-08-27T07:07:02.000Z,2026-08-27T07:09:28.000Z
Hiddenblade_Ad7,0.0,1.0,0,0,0.0,1.0,2026-08-25T06:44:14.000Z,2026-08-25T06:44:14.000Z
Hikarizasureiya,2.0,7.0,0,0,2.0,7.0,2026-08-23T15:33:23.510Z,2026-08-24T13:52:40.000Z
HimanBarman,0.0,1.0,0,0,0.0,1.0,2026-08-28T15:06:07.000Z,2026-08-28T15:06:07.000Z
Historical-Swim5910,0.0,1.0,0,0,0.0,1.0,2026-08-21T10:43:50.000Z,2026-08-21T10:43:50.000Z
Historical_Living514,0.0,1.0,0,0,0.0,1.0,2026-08-23T10:54:29.000Z,2026-08-23T10:54:29.000Z
Hitman47_x,0.0,1.0,0,0,0.0,1.0,2026-08-18T15:43:50.000Z,2026-08-18T15:43:50.000Z
Hitzmer,1.0,5.0,0,0,1.0,5.0,2026-09-01T20:12:19.219Z,2026-09-02T07:02:20.000Z
HolaTech,0.0,3.0,0,0,0.0,3.0,2026-08-22T18:33:45.000Z,2026-08-25T04:47:03.000Z
Holiday-Pop-9652,0.0,1.0,0,0,0.0,1.0,2026-08-27T02:22:49.000Z,2026-08-27T02:22:49.000Z
Holiday-Question520,1.0,2.0,0,0,1.0,2.0,2026-08-25T14:31:18.000Z,2026-08-27T01:27:08.000Z
Holiday-Reflection41,1.0,36.0,0,0,1.0,36.0,2026-08-31T21:30:49.980Z,2026-09-02T15:53:43.000Z
Holiday-Teacher8755,0.0,1.0,0,0,0.0,1.0,2026-08-23T04:56:23.000Z,2026-08-23T04:56:23.000Z
Holiday_Swan1112,0.0,1.0,0,0,0.0,1.0,2026-08-22T07:39:37.000Z,2026-08-22T07:39:37.000Z
HomeworkConfident573,0.0,4.0,0,0,0.0,4.0,2026-08-21T07:35:41.000Z,2026-08-27T17:36:49.000Z
HomeworkNo8152,0.0,1.0,0,0,0.0,1.0,2026-08-18T15:30:04.000Z,2026-08-18T15:30:04.000Z
Honest_Apartment5089,0.0,1.0,0,0,0.0,1.0,2026-08-19T08:52:51.000Z,2026-08-19T08:52:51.000Z
Honest_Talk_5019,0.0,1.0,0,0,0.0,1.0,2026-08-26T03:29:45.000Z,2026-08-26T03:29:45.000Z
HoneyIll8196,0.0,1.0,0,0,0.0,1.0,2026-08-22T16:18:33.000Z,2026-08-22T16:18:33.000Z
Hopeful-Fan-2330,0.0,1.0,0,0,0.0,1.0,2026-08-24T06:07:34.000Z,2026-08-24T06:07:34.000Z
Hopeful-Mulberry-829,0.0,1.0,0,0,0.0,1.0,2026-09-01T16:58:42.000Z,2026-09-01T16:58:42.000Z
Hopeful-Volume-7965,0.0,2.0,0,0,0.0,2.0,2026-08-24T18:36:53.000Z,2026-08-25T04:19:55.000Z
Hopeful_Pumpkin_101,2.0,2.0,0,0,2.0,2.0,2026-08-22T15:22:24.259Z,2026-08-24T18:03:42.000Z
Hopeful_Teach822,0.0,2.0,0,0,0.0,2.0,2026-08-22T07:09:19.000Z,2026-08-26T03:04:11.000Z
Horror-Room-6422,0.0,3.0,0,0,0.0,3.0,2026-08-20T10:54:07.000Z,2026-08-21T10:57:27.000Z
Horror_Dragonfly1703,0.0,5.0,0,0,0.0,5.0,2026-08-22T03:36:03.000Z,2026-08-27T06:58:14.000Z
Hot-Alternative-5742,1.0,11.0,0,0,1.0,11.0,2026-08-23T19:32:06.000Z,2026-09-01T13:06:11.569Z
Hot-Butterscotch-569,0.0,1.0,0,0,0.0,1.0,2026-08-18T20:45:51.000Z,2026-08-18T20:45:51.000Z
Hot-Hunter-329,0.0,1.0,0,0,0.0,1.0,2026-08-24T17:40:39.000Z,2026-08-24T17:40:39.000Z
Hot-Intention-9604,0.0,6.0,0,0,0.0,6.0,2026-08-22T11:49:58.000Z,2026-09-01T13:34:55.000Z
Hot-Technician-6906,0.0,1.0,0,0,0.0,1.0,2026-08-27T06:00:57.000Z,2026-08-27T06:00:57.000Z
Hot_Fennel9577,0.0,1.0,0,0,0.0,1.0,2026-08-20T18:05:36.000Z,2026-08-20T18:05:36.000Z
Hot_Garage701,0.0,3.0,0,0,0.0,3.0,2026-08-22T03:23:51.000Z,2026-08-27T13:38:23.000Z
Hot_Roof2522,0.0,1.0,0,0,0.0,1.0,2026-09-02T03:37:48.000Z,2026-09-02T03:37:48.000Z
Hottyflava265,0.0,1.0,0,0,0.0,1.0,2026-09-02T12:53:36.000Z,2026-09-02T12:53:36.000Z
Hour-Return-5093,0.0,1.0,0,0,0.0,1.0,2026-08-22T07:14:39.000Z,2026-08-22T07:14:39.000Z
HourChipmunk2673,0.0,1.0,0,0,0.0,1.0,2026-08-18T19:35:40.000Z,2026-08-18T19:35:40.000Z
HousePGsearch-BLR,0.0,1.0,0,0,0.0,1.0,2026-08-20T22:38:21.000Z,2026-08-20T22:38:21.000Z
HovercraftFree6037,0.0,7.0,0,0,0.0,7.0,2026-08-19T09:48:23.000Z,2026-09-02T11:05:14.000Z
Hozierisking,1.0,3.0,0,0,1.0,3.0,2026-08-23T16:48:42.394Z,2026-09-01T17:22:08.000Z
Hsaka_rox,0.0,1.0,0,0,0.0,1.0,2026-08-24T06:10:53.000Z,2026-08-24T06:10:53.000Z
Humaneror404,0.0,3.0,0,0,0.0,3.0,2026-08-21T12:42:12.000Z,2026-08-24T18:13:37.000Z
Humble-Fruit-7234,0.0,5.0,0,0,0.0,5.0,2026-08-20T16:01:47.000Z,2026-09-02T03:52:02.000Z
Humble-Objective-482,0.0,5.0,0,0,0.0,5.0,2026-08-23T13:25:24.000Z,2026-08-27T09:59:19.000Z
HumbleMolasses1,0.0,6.0,0,0,0.0,6.0,2026-08-18T11:45:32.000Z,2026-08-27T07:55:13.000Z
Humoglobin,0.0,12.0,0,0,0.0,12.0,2026-08-19T20:32:29.000Z,2026-08-25T19:43:19.000Z
Hungry-Act1020,1.0,0.0,0,0,1.0,0.0,2026-09-02T14:55:42.777Z,2026-09-02T14:55:42.777Z
Hungry_Vampire1810,0.0,2.0,0,0,0.0,2.0,2026-08-21T07:33:18.000Z,2026-08-24T10:03:51.000Z
HunkyDadBod,0.0,1.0,0,0,0.0,1.0,2026-08-27T07:59:12.000Z,2026-08-27T07:59:12.000Z
Hunter_9456,0.0,1.0,0,0,0.0,1.0,2026-08-20T10:18:07.000Z,2026-08-20T10:18:07.000Z
HyenaOptimal,0.0,3.0,0,0,0.0,3.0,2026-08-21T06:45:10.000Z,2026-08-22T14:31:12.000Z
I-AM-ARCHI-RAY,1.0,1.0,0,0,1.0,1.0,2026-08-23T05:21:44.648Z,2026-08-27T08:00:28.000Z
IAMSHADOW1234,0.0,12.0,0,0,0.0,12.0,2026-08-24T16:04:07.000Z,2026-08-26T14:08:58.000Z
IGN-0002,0.0,1.0,0,0,0.0,1.0,2026-08-27T07:03:25.000Z,2026-08-27T07:03:25.000Z
ISTEYAKKK,1.0,2.0,0,0,1.0,2.0,2026-08-23T10:24:09.731Z,2026-08-23T10:59:31.000Z
IT9Kai,0.0,1.0,0,0,0.0,1.0,2026-08-21T15:46:50.000Z,2026-08-21T15:46:50.000Z
ITACHIGAMINGLIVE,0.0,1.0,0,0,0.0,1.0,2026-08-27T06:08:07.000Z,2026-08-27T06:08:07.000Z
ITz_SaGaR,0.0,1.0,0,0,0.0,1.0,2026-08-27T05:40:37.000Z,2026-08-27T05:40:37.000Z
I__m__Niklaus,0.0,1.0,0,0,0.0,1.0,2026-08-18T16:48:02.000Z,2026-08-18T16:48:02.000Z
I_hate_Existing_irl,0.0,1.0,0,0,0.0,1.0,2026-09-01T07:34:50.000Z,2026-09-01T07:34:50.000Z
IamCinemawala,0.0,2.0,0,0,0.0,2.0,2026-08-20T09:33:01.000Z,2026-09-01T18:30:01.000Z
IamEntity,0.0,1.0,0,0,0.0,1.0,2026-08-31T12:42:43.000Z,2026-08-31T12:42:43.000Z
Iam_Andrew2201,0.0,1.0,0,0,0.0,1.0,2026-09-02T12:37:46.000Z,2026-09-02T12:37:46.000Z
Icy-Choice-1883,1.0,0.0,0,0,1.0,0.0,2026-09-02T20:39:02.813Z,2026-09-02T20:39:02.813Z
Icy-Independence9133,0.0,1.0,0,0,0.0,1.0,2026-08-22T11:26:45.000Z,2026-08-22T11:26:45.000Z
Icy-Long-5859,0.0,2.0,0,0,0.0,2.0,2026-08-22T10:20:39.000Z,2026-08-23T06:02:04.000Z
Icy-Passenger2186,1.0,0.0,0,0,1.0,0.0,2026-08-23T14:34:03.437Z,2026-08-23T14:34:03.437Z
Icy-Session1808,0.0,2.0,0,0,0.0,2.0,2026-08-23T06:02:54.000Z,2026-08-31T18:46:16.000Z
Icy-Slide988,0.0,2.0,0,0,0.0,2.0,2026-08-21T08:11:45.000Z,2026-08-23T03:59:18.000Z
Icy_Comedian_3482,0.0,1.0,0,0,0.0,1.0,2026-08-21T18:50:56.000Z,2026-08-21T18:50:56.000Z
Icy_Low868,1.0,2.0,0,0,1.0,2.0,2026-09-02T12:27:43.944Z,2026-09-02T12:55:45.000Z
Icy_Present_31,0.0,1.0,0,0,0.0,1.0,2026-08-19T04:23:19.000Z,2026-08-19T04:23:19.000Z
Icy_Weight_2862,0.0,1.0,0,0,0.0,1.0,2026-08-19T09:30:19.000Z,2026-08-19T09:30:19.000Z
Idontlikeenemasmom,0.0,1.0,0,0,0.0,1.0,2026-08-26T20:33:14.000Z,2026-08-26T20:33:14.000Z
Ill-Restaurant1027,0.0,1.0,0,0,0.0,1.0,2026-09-01T07:03:00.000Z,2026-09-01T07:03:00.000Z
IllAd6738,0.0,1.0,0,0,0.0,1.0,2026-08-25T13:23:27.000Z,2026-08-25T13:23:27.000Z
IllMathematician1803,0.0,7.0,0,0,0.0,7.0,2026-08-19T09:58:52.000Z,2026-09-01T19:51:03.000Z
Ill_Artist_6357,0.0,1.0,0,0,0.0,1.0,2026-08-23T16:26:56.000Z,2026-08-23T16:26:56.000Z
Ill_Butterscotch_107,0.0,5.0,0,0,0.0,5.0,2026-08-20T15:19:43.000Z,2026-08-26T10:59:53.000Z
Ill_Confidence_3248,1.0,12.0,0,0,1.0,12.0,2026-08-19T11:28:07.000Z,2026-09-02T08:55:19.000Z
Ill_Home_9089,0.0,3.0,0,0,0.0,3.0,2026-08-23T17:19:02.000Z,2026-09-02T09:25:57.000Z
Illusionary_bubble18,0.0,2.0,0,0,0.0,2.0,2026-09-01T11:47:27.000Z,2026-09-02T07:23:59.000Z
Illustrious-Dark7039,0.0,1.0,0,0,0.0,1.0,2026-08-30T11:25:00.000Z,2026-08-30T11:25:00.000Z
Illustrious-End9624,0.0,1.0,0,0,0.0,1.0,2026-08-19T10:08:19.000Z,2026-08-19T10:08:19.000Z
Illustrious-Pitch278,0.0,1.0,0,0,0.0,1.0,2026-08-25T20:02:43.000Z,2026-08-25T20:02:43.000Z
IllustriousDimple862,0.0,1.0,0,0,0.0,1.0,2026-09-02T11:12:12.000Z,2026-09-02T11:12:12.000Z
Illustrious_Fig_814,1.0,0.0,0,0,1.0,0.0,2026-08-23T06:25:55.156Z,2026-08-23T06:25:55.156Z
Illustrious_Issue763,1.0,2.0,0,0,1.0,2.0,2026-08-19T17:54:16.719Z,2026-09-01T12:19:16.000Z
Illustrious_Low1903,0.0,1.0,0,0,0.0,1.0,2026-08-18T14:49:25.000Z,2026-08-18T14:49:25.000Z
Illustrious_Mesh,0.0,1.0,0,0,0.0,1.0,2026-08-18T14:53:05.000Z,2026-08-18T14:53:05.000Z
Illustrious_Pace_387,0.0,1.0,0,0,0.0,1.0,2026-08-28T05:15:40.000Z,2026-08-28T05:15:40.000Z
Illustrious_Test4739,0.0,1.0,0,0,0.0,1.0,2026-08-18T14:40:59.000Z,2026-08-18T14:40:59.000Z
Im-From-Village-Area,1.0,7.0,0,0,1.0,7.0,2026-09-01T04:23:36.000Z,2026-09-02T09:51:26.000Z
Im-TanZ,0.0,2.0,0,0,0.0,2.0,2026-08-23T06:58:46.000Z,2026-09-02T10:13:31.000Z
Image_Similar,0.0,9.0,0,0,0.0,9.0,2026-08-20T10:30:43.000Z,2026-09-02T14:31:39.000Z
Imaginary-Age-3466,0.0,1.0,0,0,0.0,1.0,2026-09-02T15:41:28.000Z,2026-09-02T15:41:28.000Z
Imaginary-Emu-805,0.0,1.0,0,0,0.0,1.0,2026-08-20T21:31:18.000Z,2026-08-20T21:31:18.000Z
Imaginary-Goal-3400,0.0,1.0,0,0,0.0,1.0,2026-08-27T15:27:03.000Z,2026-08-27T15:27:03.000Z
ImaginaryAd5353,0.0,1.0,0,0,0.0,1.0,2026-08-27T10:59:47.000Z,2026-08-27T10:59:47.000Z
ImaginaryCountry4039,0.0,2.0,0,0,0.0,2.0,2026-08-25T03:39:49.000Z,2026-08-25T14:16:59.000Z
ImaginaryPhysics,0.0,1.0,0,0,0.0,1.0,2026-08-18T15:16:00.000Z,2026-08-18T15:16:00.000Z
Imaginary_Buddy723,1.0,2.0,0,0,1.0,2.0,2026-08-21T15:45:55.097Z,2026-08-22T14:54:24.000Z
Imaginary_Daikon8797,0.0,1.0,0,0,0.0,1.0,2026-08-21T16:31:52.000Z,2026-08-21T16:31:52.000Z
Imaginary_Judge_9813,0.0,2.0,0,0,0.0,2.0,2026-08-26T09:28:35.000Z,2026-08-27T08:46:12.000Z
Imaginary_Physics_45,0.0,1.0,0,0,0.0,1.0,2026-08-26T15:54:21.000Z,2026-08-26T15:54:21.000Z
ImaginationFull5643,7.0,40.0,0,0,7.0,40.0,2026-08-18T13:45:38.000Z,2026-09-02T16:13:40.000Z
ImaginationKnown5677,0.0,1.0,0,0,0.0,1.0,2026-09-01T17:10:26.000Z,2026-09-01T17:10:26.000Z
ImagineBridge,0.0,1.0,0,0,0.0,1.0,2026-08-22T06:12:28.000Z,2026-08-22T06:12:28.000Z
Imbrookfromonepiece,0.0,1.0,0,0,0.0,1.0,2026-08-19T16:29:27.000Z,2026-08-19T16:29:27.000Z
Immediate-Pick6843,0.0,2.0,0,0,0.0,2.0,2026-08-21T06:49:47.000Z,2026-08-23T10:17:09.000Z
ImmediateJacket9502,0.0,6.0,0,0,0.0,6.0,2026-08-22T15:37:08.000Z,2026-08-31T21:46:15.000Z
Immediate_Wishbone70,0.0,1.0,0,0,0.0,1.0,2026-08-18T19:25:55.000Z,2026-08-18T19:25:55.000Z
ImportanceEnough5392,1.0,6.0,0,0,1.0,6.0,2026-08-23T03:21:39.000Z,2026-09-02T16:27:27.000Z
ImportantGarage69,5.0,64.0,0,0,5.0,64.0,2026-08-19T09:16:56.237Z,2026-09-02T11:08:38.000Z
Important_Boss5166,0.0,1.0,0,0,0.0,1.0,2026-08-22T06:53:17.000Z,2026-08-22T06:53:17.000Z
Impossible-Angle-245,0.0,2.0,0,0,0.0,2.0,2026-08-21T16:54:49.000Z,2026-08-23T05:59:28.000Z
Impossible-Ice2988,0.0,2.0,0,0,0.0,2.0,2026-08-25T06:49:09.000Z,2026-08-25T06:51:43.000Z
Impossible-Jaguar162,0.0,3.0,0,0,0.0,3.0,2026-08-20T03:53:41.000Z,2026-08-21T17:07:15.000Z
Impossible-Mouse5678,1.0,0.0,0,0,1.0,0.0,2026-08-23T07:15:48.805Z,2026-08-23T07:15:48.805Z
Impossible-Size-8023,0.0,1.0,0,0,0.0,1.0,2026-09-01T06:57:48.000Z,2026-09-01T06:57:48.000Z
Impossible-Spot-6729,0.0,1.0,0,0,0.0,1.0,2026-09-02T12:00:40.000Z,2026-09-02T12:00:40.000Z
ImpossibleDesign8930,0.0,1.0,0,0,0.0,1.0,2026-08-20T07:16:40.000Z,2026-08-20T07:16:40.000Z
ImpossibleImage3671,0.0,1.0,0,0,0.0,1.0,2026-08-19T06:45:15.000Z,2026-08-19T06:45:15.000Z
Impossible_Cable8210,0.0,1.0,0,0,0.0,1.0,2026-08-22T05:17:11.000Z,2026-08-22T05:17:11.000Z
Impossible_Wait5782,0.0,2.0,0,0,0.0,2.0,2026-08-20T12:59:22.000Z,2026-08-23T03:56:30.000Z
Impressive-Cress-168,0.0,1.0,0,0,0.0,1.0,2026-08-24T06:32:09.000Z,2026-08-24T06:32:09.000Z
Impressive-Injury41,0.0,2.0,0,0,0.0,2.0,2026-09-02T14:55:42.000Z,2026-09-02T14:56:34.000Z
Impressive-Remote-73,0.0,1.0,0,0,0.0,1.0,2026-08-22T06:13:30.000Z,2026-08-22T06:13:30.000Z
Impressive-Safety50,0.0,2.0,0,0,0.0,2.0,2026-09-01T19:37:03.000Z,2026-09-01T19:44:42.000Z
ImpressiveLaw9205,0.0,1.0,0,0,0.0,1.0,2026-08-29T00:16:25.000Z,2026-08-29T00:16:25.000Z
ImpressiveTrack132,1.0,4.0,0,0,1.0,4.0,2026-09-02T11:39:05.127Z,2026-09-02T12:53:53.000Z
Impressive_Gold_5019,0.0,1.0,0,0,0.0,1.0,2026-08-19T02:26:32.000Z,2026-08-19T02:26:32.000Z
Impressive_Return292,0.0,1.0,0,0,0.0,1.0,2026-08-23T17:34:36.000Z,2026-08-23T17:34:36.000Z
InKARNAte666,0.0,1.0,0,0,0.0,1.0,2026-08-25T09:18:44.000Z,2026-08-25T09:18:44.000Z
Independent-Dirt678,0.0,1.0,0,0,0.0,1.0,2026-08-22T15:58:22.000Z,2026-08-22T15:58:22.000Z
Independent-Dust-576,0.0,1.0,0,0,0.0,1.0,2026-08-27T05:44:30.000Z,2026-08-27T05:44:30.000Z
Independent-Feed3697,0.0,1.0,0,0,0.0,1.0,2026-08-28T09:11:15.000Z,2026-08-28T09:11:15.000Z
Independent-Tap-2986,0.0,1.0,0,0,0.0,1.0,2026-08-23T06:11:28.000Z,2026-08-23T06:11:28.000Z
IndependentPermit306,0.0,1.0,0,0,0.0,1.0,2026-08-23T20:04:20.000Z,2026-08-23T20:04:20.000Z
IndependentTaro3170,0.0,1.0,0,0,0.0,1.0,2026-08-26T16:02:04.000Z,2026-08-26T16:02:04.000Z
Independent_Bug3625,0.0,3.0,0,0,0.0,3.0,2026-08-21T21:12:39.000Z,2026-08-23T12:48:59.000Z
Independent_Cow888,0.0,1.0,0,0,0.0,1.0,2026-09-02T16:34:27.000Z,2026-09-02T16:34:27.000Z
Independent_Gas_1309,0.0,1.0,0,0,0.0,1.0,2026-08-26T06:13:22.000Z,2026-08-26T06:13:22.000Z
Independent_Laugh561,4.0,48.0,0,0,4.0,48.0,2026-08-20T10:01:50.000Z,2026-09-01T16:35:48.000Z
IndicationWestern734,0.0,1.0,0,0,0.0,1.0,2026-08-23T05:15:11.000Z,2026-08-23T05:15:11.000Z
Individual-Jelly2782,0.0,1.0,0,0,0.0,1.0,2026-08-25T04:31:49.000Z,2026-08-25T04:31:49.000Z
Individual-Poet-6710,0.0,1.0,0,0,0.0,1.0,2026-08-26T23:33:56.000Z,2026-08-26T23:33:56.000Z
IndividualNo6722,0.0,3.0,0,0,0.0,3.0,2026-08-23T18:29:02.000Z,2026-08-25T10:08:36.000Z
Individual_Creme_828,0.0,2.0,0,0,0.0,2.0,2026-08-24T17:41:54.000Z,2026-08-24T17:46:55.000Z
Individual_Invite663,0.0,1.0,0,0,0.0,1.0,2026-08-27T06:15:52.000Z,2026-08-27T06:15:52.000Z
IndraSB,0.0,1.0,0,0,0.0,1.0,2026-08-23T03:34:03.000Z,2026-08-23T03:34:03.000Z
Indro13,0.0,4.0,0,0,0.0,4.0,2026-08-21T15:59:12.000Z,2026-09-01T02:37:20.000Z
Inevitable-Bee9790,0.0,2.0,0,0,0.0,2.0,2026-08-23T15:43:24.000Z,2026-08-23T15:45:38.000Z
Inevitable-Common-31,1.0,2.0,0,0,1.0,2.0,2026-08-23T10:23:57.713Z,2026-08-24T14:59:10.000Z
Inevitable-Force4818,0.0,1.0,0,0,0.0,1.0,2026-08-18T14:43:17.000Z,2026-08-18T14:43:17.000Z
Inevitable-Invite415,0.0,3.0,0,0,0.0,3.0,2026-08-22T07:45:38.000Z,2026-08-28T07:29:46.000Z
Inevitable-Music-597,0.0,2.0,0,0,0.0,2.0,2026-08-22T06:56:12.000Z,2026-08-26T05:58:35.000Z
Inevitable-Taste8837,0.0,1.0,0,0,0.0,1.0,2026-08-25T20:11:39.000Z,2026-08-25T20:11:39.000Z
Inevitable-Treat485,0.0,1.0,0,0,0.0,1.0,2026-08-27T06:39:47.000Z,2026-08-27T06:39:47.000Z
Inevitable_Client307,0.0,3.0,0,0,0.0,3.0,2026-08-26T08:33:04.000Z,2026-09-01T18:36:50.000Z
Inevitable_Flan4641,0.0,2.0,0,0,0.0,2.0,2026-08-18T18:15:17.000Z,2026-08-27T10:14:10.000Z
Infamous-Ad-8992,0.0,1.0,0,0,0.0,1.0,2026-08-25T04:59:09.000Z,2026-08-25T04:59:09.000Z
Infamous-Willow-551,0.0,1.0,0,0,0.0,1.0,2026-08-25T19:12:57.000Z,2026-08-25T19:12:57.000Z
Infamous_Bowl_6341,0.0,1.0,0,0,0.0,1.0,2026-08-21T20:02:16.000Z,2026-08-21T20:02:16.000Z
Infinite-Editor-7501,0.0,2.0,0,0,0.0,2.0,2026-08-20T07:03:15.000Z,2026-08-20T07:06:03.000Z
Infinite_Elk1645,0.0,1.0,0,0,0.0,1.0,2026-08-25T13:46:15.000Z,2026-08-25T13:46:15.000Z
Infinite_Neat343,1.0,0.0,0,0,1.0,0.0,2026-08-21T16:17:36.715Z,2026-08-21T16:17:36.715Z
Infinite_Pass_2840,0.0,1.0,0,0,0.0,1.0,2026-08-24T12:24:37.000Z,2026-08-24T12:24:37.000Z
Infinite_Tip_4393,0.0,1.0,0,0,0.0,1.0,2026-08-22T07:22:16.000Z,2026-08-22T07:22:16.000Z
Infinity_777,0.0,1.0,0,0,0.0,1.0,2026-08-21T10:15:39.000Z,2026-08-21T10:15:39.000Z
InflationTechnical78,0.0,1.0,0,0,0.0,1.0,2026-08-20T18:48:21.000Z,2026-08-20T18:48:21.000Z
Initial-Bike5326,0.0,1.0,0,0,0.0,1.0,2026-08-24T11:58:54.000Z,2026-08-24T11:58:54.000Z
Initial-Horse2720,0.0,1.0,0,0,0.0,1.0,2026-08-23T10:55:58.000Z,2026-08-23T10:55:58.000Z
Initial-Inflation-60,0.0,1.0,0,0,0.0,1.0,2026-08-23T16:38:21.000Z,2026-08-23T16:38:21.000Z
Initial-Refuse-8876,0.0,1.0,0,0,0.0,1.0,2026-08-23T14:48:14.000Z,2026-08-23T14:48:14.000Z
Initial-Swordfish311,1.0,1.0,0,0,1.0,1.0,2026-08-19T14:17:39.000Z,2026-08-19T16:45:29.260Z
Initial_Funny_1998,0.0,1.0,0,0,0.0,1.0,2026-08-22T14:45:40.000Z,2026-08-22T14:45:40.000Z
Inner-Sky2559,0.0,1.0,0,0,0.0,1.0,2026-08-19T03:27:36.000Z,2026-08-19T03:27:36.000Z
Inner-Tension-1805,0.0,1.0,0,0,0.0,1.0,2026-09-01T22:54:51.000Z,2026-09-01T22:54:51.000Z
InnerSuccess1247,0.0,1.0,0,0,0.0,1.0,2026-08-24T03:34:09.000Z,2026-08-24T03:34:09.000Z
Inner_Procedure1679,0.0,2.0,0,0,0.0,2.0,2026-08-21T17:59:11.000Z,2026-08-21T18:00:15.000Z
InnocentDude69,0.0,3.0,0,0,0.0,3.0,2026-08-18T13:59:47.000Z,2026-08-27T08:42:57.000Z
Insane_usernameid,0.0,1.0,0,0,0.0,1.0,2026-08-18T16:41:39.000Z,2026-08-18T16:41:39.000Z
Inside_Ranger_2213,0.0,1.0,0,0,0.0,1.0,2026-09-01T19:24:32.000Z,2026-09-01T19:24:32.000Z
Inspection_boy,0.0,2.0,0,0,0.0,2.0,2026-08-20T05:18:08.000Z,2026-08-24T20:32:02.000Z
Intelligent-Data-310,0.0,1.0,0,0,0.0,1.0,2026-08-26T16:37:00.000Z,2026-08-26T16:37:00.000Z
Intelligent-Duty-836,0.0,1.0,0,0,0.0,1.0,2026-08-23T02:58:27.000Z,2026-08-23T02:58:27.000Z
Intelligent-Park-287,0.0,4.0,0,0,0.0,4.0,2026-08-22T16:13:18.000Z,2026-08-26T12:12:48.000Z
Intelligent-Sign-559,0.0,8.0,0,0,0.0,8.0,2026-08-31T13:04:17.000Z,2026-09-02T08:05:00.000Z
Intelligent-Spring70,0.0,1.0,0,0,0.0,1.0,2026-08-22T08:30:15.000Z,2026-08-22T08:30:15.000Z
Intelligent_Bid3069,0.0,1.0,0,0,0.0,1.0,2026-08-25T08:31:23.000Z,2026-08-25T08:31:23.000Z
Intelligent_Big626,1.0,0.0,0,0,1.0,0.0,2026-08-26T17:34:14.298Z,2026-08-26T17:34:14.298Z
Intelligent_Edge7767,0.0,3.0,0,0,0.0,3.0,2026-08-20T08:56:45.000Z,2026-08-25T11:00:21.000Z
Intelligent_Lack_787,0.0,1.0,0,0,0.0,1.0,2026-08-19T02:21:09.000Z,2026-08-19T02:21:09.000Z
Intelligent_Sky_1154,0.0,6.0,0,0,0.0,6.0,2026-08-20T06:59:03.000Z,2026-08-26T15:07:27.000Z
Intelligent_Tie761,0.0,1.0,0,0,0.0,1.0,2026-08-23T14:53:16.000Z,2026-08-23T14:53:16.000Z
Intelligent_Win_1652,0.0,1.0,0,0,0.0,1.0,2026-08-19T22:01:34.000Z,2026-08-19T22:01:34.000Z
Interesting-Cup-9685,0.0,1.0,0,0,0.0,1.0,2026-08-22T13:46:33.000Z,2026-08-22T13:46:33.000Z
Interesting-Ear2783,0.0,4.0,0,0,0.0,4.0,2026-08-24T13:31:49.000Z,2026-08-24T13:42:40.000Z
Interesting-Hold-766,0.0,1.0,0,0,0.0,1.0,2026-08-26T14:11:45.000Z,2026-08-26T14:11:45.000Z
Interesting-Jury-261,0.0,2.0,0,0,0.0,2.0,2026-08-25T17:31:10.000Z,2026-08-26T15:29:48.000Z
InterestingKing8330,0.0,1.0,0,0,0.0,1.0,2026-08-26T05:11:12.000Z,2026-08-26T05:11:12.000Z
Interesting_Award_76,0.0,3.0,0,0,0.0,3.0,2026-08-26T15:21:16.000Z,2026-08-26T15:28:03.000Z
Interesting_Bowl_200,0.0,1.0,0,0,0.0,1.0,2026-08-18T14:30:08.000Z,2026-08-18T14:30:08.000Z
Interesting_Law4428,0.0,1.0,0,0,0.0,1.0,2026-08-29T15:25:52.000Z,2026-08-29T15:25:52.000Z
Interesting_Log_4821,0.0,1.0,0,0,0.0,1.0,2026-08-20T19:02:41.000Z,2026-08-20T19:02:41.000Z
Interesting_Monk2293,0.0,1.0,0,0,0.0,1.0,2026-08-18T15:28:09.000Z,2026-08-18T15:28:09.000Z
Interesting_Tell_393,1.0,4.0,0,0,1.0,4.0,2026-08-25T19:13:31.048Z,2026-08-26T13:11:41.000Z
InternCandid1831,1.0,0.0,0,0,1.0,0.0,2026-08-26T03:56:17.076Z,2026-08-26T03:56:17.076Z
Internal-Passage5339,0.0,1.0,0,0,0.0,1.0,2026-08-25T21:26:28.000Z,2026-08-25T21:26:28.000Z
International-Movie2,0.0,1.0,0,0,0.0,1.0,2026-08-27T09:14:43.000Z,2026-08-27T09:14:43.000Z
InternationalHat3621,1.0,11.0,0,0,1.0,11.0,2026-09-01T15:11:21.200Z,2026-09-01T16:11:30.000Z
Intrepid-Addendum-58,0.0,2.0,0,0,0.0,2.0,2026-08-25T17:06:17.000Z,2026-09-01T14:00:11.000Z
Intrepid-Reading-954,1.0,5.0,0,0,1.0,5.0,2026-08-19T16:51:02.417Z,2026-08-19T20:14:24.000Z
Intrepid-Setting-113,0.0,1.0,0,0,0.0,1.0,2026-08-24T10:02:32.000Z,2026-08-24T10:02:32.000Z
IntrovertSD,0.0,6.0,0,0,0.0,6.0,2026-08-21T14:12:35.000Z,2026-09-01T05:00:52.000Z
Introverted-Seeker24,1.0,0.0,0,0,1.0,0.0,2026-09-01T09:59:16.584Z,2026-09-01T09:59:16.584Z
Invader_73,0.0,2.0,0,0,0.0,2.0,2026-08-26T19:52:10.000Z,2026-08-27T07:29:14.000Z
InvestigatorParty307,0.0,1.0,0,0,0.0,1.0,2026-08-24T08:33:23.000Z,2026-08-24T08:33:23.000Z
InvestmentSecret686,0.0,2.0,0,0,0.0,2.0,2026-08-18T15:01:31.000Z,2026-08-19T09:42:52.000Z
Invincible_008,0.0,5.0,0,0,0.0,5.0,2026-08-20T06:12:00.000Z,2026-08-27T06:35:21.000Z
Isha_capybara2003,1.0,4.0,0,0,1.0,4.0,2026-08-23T15:54:59.053Z,2026-08-23T17:28:23.000Z
Ishan1991,0.0,1.0,0,0,0.0,1.0,2026-08-25T04:04:48.000Z,2026-08-25T04:04:48.000Z
Ishandank,0.0,2.0,0,0,0.0,2.0,2026-08-20T19:03:54.000Z,2026-08-23T14:18:18.000Z
Ishu_the_goat,0.0,1.0,0,0,0.0,1.0,2026-08-23T13:32:44.000Z,2026-08-23T13:32:44.000Z
Isolated-Failure-69,1.0,1.0,0,0,1.0,1.0,2026-08-22T14:03:39.011Z,2026-09-02T13:24:41.000Z
Itchy-Reputation-969,0.0,1.0,0,0,0.0,1.0,2026-08-31T14:02:13.000Z,2026-08-31T14:02:13.000Z
Its_A_Me_JOE,0.0,1.0,0,0,0.0,1.0,2026-08-25T23:47:49.000Z,2026-08-25T23:47:49.000Z
Its_Anikaaaa,0.0,7.0,0,0,0.0,7.0,2026-08-20T05:39:18.000Z,2026-08-27T05:58:54.000Z
Ivarrtheboneless11,0.0,4.0,0,0,0.0,4.0,2026-08-22T03:35:37.000Z,2026-08-26T13:52:41.000Z
IzumiCypherX,3.0,11.0,0,0,3.0,11.0,2026-08-22T07:32:53.000Z,2026-08-26T17:48:36.000Z
JEEvanNEETi,0.0,1.0,0,0,0.0,1.0,2026-08-24T14:53:34.000Z,2026-08-24T14:53:34.000Z
JOYB0Y_22,0.0,1.0,0,0,0.0,1.0,2026-08-27T12:22:16.000Z,2026-08-27T12:22:16.000Z
JackedPoseidon,0.0,1.0,0,0,0.0,1.0,2026-08-18T14:52:05.000Z,2026-08-18T14:52:05.000Z
Jade_BlackRose,0.0,1.0,0,0,0.0,1.0,2026-08-25T19:12:16.000Z,2026-08-25T19:12:16.000Z
Jaded_Alternative,0.0,1.0,0,0,0.0,1.0,2026-08-25T02:41:09.000Z,2026-08-25T02:41:09.000Z
Jaded_Front2681,0.0,1.0,0,0,0.0,1.0,2026-08-18T15:17:43.000Z,2026-08-18T15:17:43.000Z
Jammer0069,0.0,2.0,0,0,0.0,2.0,2026-08-27T05:57:47.000Z,2026-09-01T18:15:19.000Z
Japan174,0.0,1.0,0,0,0.0,1.0,2026-09-01T18:10:56.000Z,2026-09-01T18:10:56.000Z
Jay_Raw_X,0.0,1.0,0,0,0.0,1.0,2026-08-20T17:09:47.000Z,2026-08-20T17:09:47.000Z
Jayden_hazard,1.0,0.0,0,0,1.0,0.0,2026-08-27T02:26:54.435Z,2026-08-27T02:26:54.435Z
Jaypie2017,0.0,1.0,0,0,0.0,1.0,2026-08-22T10:13:43.000Z,2026-08-22T10:13:43.000Z
JazL2001,0.0,1.0,0,0,0.0,1.0,2026-08-19T13:55:19.000Z,2026-08-19T13:55:19.000Z
Jazzlike-Lie-7433,3.0,14.0,0,0,3.0,14.0,2026-08-20T05:26:33.000Z,2026-09-02T15:28:29.000Z
JazzlikeWinter7676,1.0,0.0,0,0,1.0,0.0,2026-08-23T14:45:16.792Z,2026-08-23T14:45:16.792Z
Jazzlike_Time105,1.0,1.0,0,0,1.0,1.0,2026-08-24T03:38:16.000Z,2026-08-26T10:12:03.367Z
Jealous-Mine-694,0.0,1.0,0,0,0.0,1.0,2026-08-22T00:48:41.000Z,2026-08-22T00:48:41.000Z
Jealous_Fox_1917,0.0,1.0,0,0,0.0,1.0,2026-08-21T16:02:07.000Z,2026-08-21T16:02:07.000Z
Jealous_Sun_1934,0.0,1.0,0,0,0.0,1.0,2026-08-19T18:12:08.000Z,2026-08-19T18:12:08.000Z
Jeanpaul02,1.0,2.0,0,0,1.0,2.0,2026-08-20T20:17:02.708Z,2026-08-20T21:19:28.000Z
JediMasterKingKong,0.0,1.0,0,0,0.0,1.0,2026-08-31T17:01:24.000Z,2026-08-31T17:01:24.000Z
JeeAspirant_27,0.0,1.0,0,0,0.0,1.0,2026-08-22T04:51:02.000Z,2026-08-22T04:51:02.000Z
Jelly_ball67,1.0,0.0,0,0,1.0,0.0,2026-09-02T16:11:06.300Z,2026-09-02T16:11:06.300Z
Jhalmuri_Bangali,1.0,1.0,0,0,1.0,1.0,2026-08-20T17:39:37.100Z,2026-08-20T17:51:06.000Z
Johnny_Kumar_Singh,0.0,4.0,0,0,0.0,4.0,2026-08-21T07:51:42.000Z,2026-09-02T13:32:13.000Z
Jolly-Ask-886,0.0,2.0,0,0,0.0,2.0,2026-08-19T01:49:57.000Z,2026-08-21T12:19:27.000Z
Joroah,0.0,9.0,0,0,0.0,9.0,2026-08-19T08:45:51.000Z,2026-08-27T08:29:15.000Z
Joudheyo,0.0,1.0,0,0,0.0,1.0,2026-08-22T18:34:23.000Z,2026-08-22T18:34:23.000Z
Joyish1234,0.0,5.0,0,0,0.0,5.0,2026-08-21T06:18:46.000Z,2026-09-02T16:26:59.000Z
Jubo_Bangla_Samiti,2.0,0.0,0,0,2.0,0.0,2026-08-26T09:21:10.629Z,2026-09-01T16:38:21.936Z
Judas_Maiden,0.0,3.0,0,0,0.0,3.0,2026-09-02T04:03:26.000Z,2026-09-02T10:29:00.000Z
JudgmentDue7015,0.0,1.0,0,0,0.0,1.0,2026-09-01T19:28:57.000Z,2026-09-01T19:28:57.000Z
JuggernautRelative67,0.0,2.0,0,0,0.0,2.0,2026-08-22T07:54:33.000Z,2026-08-22T07:54:54.000Z
Jujutsuing,0.0,1.0,0,0,0.0,1.0,2026-08-18T14:34:07.000Z,2026-08-18T14:34:07.000Z
JumpAccomplished6399,0.0,1.0,0,0,0.0,1.0,2026-08-23T04:52:39.000Z,2026-08-23T04:52:39.000Z
Jumpy-Series4540,0.0,1.0,0,0,0.0,1.0,2026-08-21T12:40:23.000Z,2026-08-21T12:40:23.000Z
Jumpy-Union-729,0.0,1.0,0,0,0.0,1.0,2026-08-20T06:38:49.000Z,2026-08-20T06:38:49.000Z
Jumpy_Evening_6607,0.0,2.0,0,0,0.0,2.0,2026-08-20T10:15:36.000Z,2026-08-23T17:10:29.000Z
Jumpy_Policy9830,0.0,1.0,0,0,0.0,1.0,2026-08-18T14:54:07.000Z,2026-08-18T14:54:07.000Z
Junaidr061298,0.0,1.0,0,0,0.0,1.0,2026-08-28T02:41:42.000Z,2026-08-28T02:41:42.000Z
Junamew,1.0,10.0,0,0,1.0,10.0,2026-08-22T09:30:47.312Z,2026-08-27T11:38:14.000Z
June-Belle,1.0,4.0,0,0,1.0,4.0,2026-08-22T18:04:44.000Z,2026-09-02T04:04:48.000Z
JunketOverall6256,0.0,1.0,0,0,0.0,1.0,2026-08-27T06:23:23.000Z,2026-08-27T06:23:23.000Z
Just2Exist2,0.0,11.0,0,0,0.0,11.0,2026-08-31T07:56:41.000Z,2026-09-02T15:39:14.000Z
JustEmployee1003,0.0,1.0,0,0,0.0,1.0,2026-08-23T10:31:11.000Z,2026-08-23T10:31:11.000Z
Just_Building3914,0.0,1.0,0,0,0.0,1.0,2026-08-20T04:25:15.000Z,2026-08-20T04:25:15.000Z
Just_labyrinth04,1.0,0.0,0,0,1.0,0.0,2026-08-22T13:49:47.456Z,2026-08-22T13:49:47.456Z
Justa_CuriousBoi,0.0,1.0,0,0,0.0,1.0,2026-08-18T20:47:44.000Z,2026-08-18T20:47:44.000Z
JxdeAnii,0.0,2.0,0,0,0.0,2.0,2026-08-24T16:20:36.000Z,2026-08-26T13:32:47.000Z
Jyotiproy8384,0.0,1.0,0,0,0.0,1.0,2026-08-25T10:45:17.000Z,2026-08-25T10:45:17.000Z
Jyotirban_2003,1.0,0.0,0,0,1.0,0.0,2026-08-21T16:33:02.349Z,2026-08-21T16:33:02.349Z
KPramanik,0.0,1.0,0,0,0.0,1.0,2026-08-31T12:41:38.000Z,2026-08-31T12:41:38.000Z
KSRKINGDOM_,0.0,6.0,0,0,0.0,6.0,2026-08-19T17:08:15.000Z,2026-09-01T01:13:05.000Z
Ka_lie_doscope-Eyes,0.0,8.0,0,0,0.0,8.0,2026-08-22T04:22:50.000Z,2026-09-02T07:29:01.000Z
KaaBaatKarreHain,0.0,1.0,0,0,0.0,1.0,2026-09-02T06:40:21.000Z,2026-09-02T06:40:21.000Z
KaatilJawaani,0.0,1.0,0,0,0.0,1.0,2026-09-01T07:51:49.000Z,2026-09-01T07:51:49.000Z
Kaiser_10_Munchen,0.0,1.0,0,0,0.0,1.0,2026-08-25T14:24:10.000Z,2026-08-25T14:24:10.000Z
Kakarot00111,0.0,6.0,0,0,0.0,6.0,2026-08-18T13:44:59.000Z,2026-09-01T18:39:29.000Z
Kakarot_DB,0.0,1.0,0,0,0.0,1.0,2026-08-25T16:07:59.000Z,2026-08-25T16:07:59.000Z
KaleidoscopeOk9333,1.0,0.0,0,0,1.0,0.0,2026-09-02T07:50:26.572Z,2026-09-02T07:50:26.572Z
Kali_Killjoy,0.0,1.0,0,0,0.0,1.0,2026-08-25T18:02:32.000Z,2026-08-25T18:02:32.000Z
Kalliyangattu_Neeli,0.0,1.0,0,0,0.0,1.0,2026-09-02T07:56:42.000Z,2026-09-02T07:56:42.000Z
Kanchan_Monet,0.0,1.0,0,0,0.0,1.0,2026-08-23T03:32:33.000Z,2026-08-23T03:32:33.000Z
KangarooLower7540,0.0,1.0,0,0,0.0,1.0,2026-08-25T09:34:21.000Z,2026-08-25T09:34:21.000Z
Kanye_South_West,0.0,1.0,0,0,0.0,1.0,2026-08-27T07:10:43.000Z,2026-08-27T07:10:43.000Z
Kasturi-BoNG,0.0,1.0,0,0,0.0,1.0,2026-09-03T06:07:19.000Z,2026-09-03T06:07:19.000Z
Kaze_No_Kitsune,0.0,2.0,0,0,0.0,2.0,2026-08-26T12:55:28.000Z,2026-08-26T15:28:52.000Z
Keep0nBuckin,0.0,1.0,0,0,0.0,1.0,2026-08-24T05:11:59.000Z,2026-08-24T05:11:59.000Z
Kenshiro_88,0.0,5.0,0,0,0.0,5.0,2026-08-20T04:28:13.000Z,2026-08-24T10:19:23.000Z
Key-Cheek-8679,0.0,1.0,0,0,0.0,1.0,2026-08-26T16:55:10.000Z,2026-08-26T16:55:10.000Z
Key-Community633,0.0,1.0,0,0,0.0,1.0,2026-08-22T08:26:18.000Z,2026-08-22T08:26:18.000Z
Key-Equal3225,0.0,5.0,0,0,0.0,5.0,2026-08-20T17:53:05.000Z,2026-09-02T03:27:40.000Z
Key-Establishment185,0.0,1.0,0,0,0.0,1.0,2026-08-26T07:53:46.000Z,2026-08-26T07:53:46.000Z
Key-Valuable5509,0.0,1.0,0,0,0.0,1.0,2026-08-22T21:36:16.000Z,2026-08-22T21:36:16.000Z
Key-Working-9737,0.0,1.0,0,0,0.0,1.0,2026-08-20T09:33:37.000Z,2026-08-20T09:33:37.000Z
KeyMastodon828,0.0,3.0,0,0,0.0,3.0,2026-08-23T08:34:42.000Z,2026-09-02T16:34:57.000Z
KeySherbet3711,1.0,0.0,0,0,1.0,0.0,2026-08-21T22:49:12.532Z,2026-08-21T22:49:12.532Z
Key_Bee1223,0.0,2.0,0,0,0.0,2.0,2026-08-19T13:47:08.000Z,2026-08-20T18:43:45.000Z
Key_Company_9254,0.0,1.0,0,0,0.0,1.0,2026-08-23T09:59:09.000Z,2026-08-23T09:59:09.000Z
Key_Confidence_8166,0.0,1.0,0,0,0.0,1.0,2026-08-21T15:23:14.000Z,2026-08-21T15:23:14.000Z
Key_Fox_4566,0.0,1.0,0,0,0.0,1.0,2026-08-25T08:57:07.000Z,2026-08-25T08:57:07.000Z
Key_Lavishness6770,0.0,2.0,0,0,0.0,2.0,2026-08-22T06:42:58.000Z,2026-08-24T04:46:59.000Z
Key_Marketing_3953,0.0,2.0,0,0,0.0,2.0,2026-08-26T14:10:23.000Z,2026-08-26T16:03:17.000Z
Key_Mousse_2993,0.0,3.0,0,0,0.0,3.0,2026-08-25T14:36:04.000Z,2026-08-31T14:59:19.000Z
Key_Pin_9683,0.0,1.0,0,0,0.0,1.0,2026-08-27T06:18:57.000Z,2026-08-27T06:18:57.000Z
Key_Professor1658,1.0,19.0,0,0,1.0,19.0,2026-08-26T18:57:43.498Z,2026-08-27T08:13:52.000Z
KhankirChele69420,0.0,12.0,0,0,0.0,12.0,2026-08-18T14:56:03.000Z,2026-08-26T08:23:56.000Z
KhooniMoorga,0.0,9.0,0,0,0.0,9.0,2026-08-18T15:17:33.000Z,2026-09-01T07:40:36.000Z
Khub_baje,0.0,3.0,0,0,0.0,3.0,2026-08-22T15:31:52.000Z,2026-09-02T16:05:10.000Z
KickAssSid16,0.0,3.0,0,0,0.0,3.0,2026-08-22T08:33:25.000Z,2026-08-25T07:54:20.000Z
Kiki_Escobar,0.0,1.0,0,0,0.0,1.0,2026-08-23T09:47:17.000Z,2026-08-23T09:47:17.000Z
KillerRito7,0.0,1.0,0,0,0.0,1.0,2026-08-20T15:35:02.000Z,2026-08-20T15:35:02.000Z
Killer_insctinct,0.0,3.0,0,0,0.0,3.0,2026-08-19T06:45:47.000Z,2026-08-26T11:58:49.000Z
Kind-Grape65,0.0,1.0,0,0,0.0,1.0,2026-08-20T14:15:21.000Z,2026-08-20T14:15:21.000Z
Kindly-Amount-3687,0.0,1.0,0,0,0.0,1.0,2026-08-19T02:45:54.000Z,2026-08-19T02:45:54.000Z
Kindly-Mycologist321,0.0,1.0,0,0,0.0,1.0,2026-09-01T15:02:43.000Z,2026-09-01T15:02:43.000Z
Kindly-Resolve8603,1.0,0.0,0,0,1.0,0.0,2026-08-21T15:35:38.413Z,2026-08-21T15:35:38.413Z
Kindly_Mark_1778,0.0,1.0,0,0,0.0,1.0,2026-08-20T08:01:30.000Z,2026-08-20T08:01:30.000Z
KingDarK_Humor,0.0,2.0,0,0,0.0,2.0,2026-08-23T17:25:36.000Z,2026-08-23T17:30:16.000Z
King_53,0.0,3.0,0,0,0.0,3.0,2026-08-18T20:29:47.000Z,2026-08-21T12:15:58.000Z
King_Vegeta_2,0.0,2.0,0,0,0.0,2.0,2026-08-20T14:15:31.000Z,2026-08-27T13:10:45.000Z
Kingkartobyobimurh,0.0,3.0,0,0,0.0,3.0,2026-08-19T14:54:33.000Z,2026-08-27T06:35:46.000Z
Kinjal_kb,0.0,8.0,0,0,0.0,8.0,2026-08-19T06:47:23.000Z,2026-09-02T07:11:48.000Z
Kinky-Monk,0.0,3.0,0,0,0.0,3.0,2026-08-24T18:38:35.000Z,2026-08-31T15:40:10.000Z
Kio005,0.0,1.0,0,0,0.0,1.0,2026-08-23T16:24:55.000Z,2026-08-23T16:24:55.000Z
Kirhsirt,0.0,1.0,0,0,0.0,1.0,2026-08-26T18:34:32.000Z,2026-08-26T18:34:32.000Z
Kit_7,0.0,1.0,0,0,0.0,1.0,2026-08-23T19:27:07.000Z,2026-08-23T19:27:07.000Z
Kitchen-Necessary562,0.0,1.0,0,0,0.0,1.0,2026-08-20T04:30:42.000Z,2026-08-20T04:30:42.000Z
Kitchen_Cap5340,0.0,1.0,0,0,0.0,1.0,2026-08-22T08:17:12.000Z,2026-08-22T08:17:12.000Z
Kkpdas1994,0.0,1.0,0,0,0.0,1.0,2026-08-28T05:45:56.000Z,2026-08-28T05:45:56.000Z
Klara_wooly,0.0,1.0,0,0,0.0,1.0,2026-08-20T15:34:56.000Z,2026-08-20T15:34:56.000Z
Klutzy-Camel2868,0.0,2.0,0,0,0.0,2.0,2026-08-22T07:16:44.000Z,2026-08-23T04:37:45.000Z
KnH3000,0.0,10.0,0,0,0.0,10.0,2026-08-23T17:39:40.000Z,2026-08-24T20:52:49.000Z
Known-Journalist5999,0.0,1.0,0,0,0.0,1.0,2026-08-19T18:40:15.000Z,2026-08-19T18:40:15.000Z
Known-Task-7743,0.0,3.0,0,0,0.0,3.0,2026-08-18T16:43:41.000Z,2026-08-18T16:46:01.000Z
Known_Coconut2370,0.0,1.0,0,0,0.0,1.0,2026-08-18T18:03:08.000Z,2026-08-18T18:03:08.000Z
KochiKame696969,0.0,2.0,0,0,0.0,2.0,2026-08-21T08:58:21.000Z,2026-09-02T07:52:39.000Z
Kol-Balish,0.0,1.0,0,0,0.0,1.0,2026-09-01T16:43:38.000Z,2026-09-01T16:43:38.000Z
KolaholShobdo,0.0,10.0,0,0,0.0,10.0,2026-08-22T14:40:00.000Z,2026-09-01T08:08:52.000Z
Kooky-Gazelle-1397,0.0,2.0,0,0,0.0,2.0,2026-08-21T07:09:57.000Z,2026-08-25T06:10:08.000Z
KookyPineapple768,1.0,2.0,0,0,1.0,2.0,2026-08-24T07:33:50.420Z,2026-09-02T11:14:51.000Z
Kooky_Ad_5082,1.0,1.0,0,0,1.0,1.0,2026-08-23T15:03:51.959Z,2026-08-23T15:11:36.000Z
KramerDwight,3.0,9.0,0,0,3.0,9.0,2026-08-21T05:36:45.000Z,2026-09-02T11:22:25.000Z
Kray30,0.0,1.0,0,0,0.0,1.0,2026-08-24T06:54:56.000Z,2026-08-24T06:54:56.000Z
Kristmeister2,0.0,1.0,0,0,0.0,1.0,2026-08-23T15:39:44.000Z,2026-08-23T15:39:44.000Z
KrrishPIndia,0.0,2.0,0,0,0.0,2.0,2026-08-27T09:03:00.000Z,2026-08-27T18:52:41.000Z
KxgOEjg7GcQqQsK,0.0,5.0,0,0,0.0,5.0,2026-08-20T18:39:27.000Z,2026-09-01T19:35:03.000Z
Kyenigos,0.0,2.0,0,0,0.0,2.0,2026-08-20T14:36:50.000Z,2026-09-01T12:24:21.000Z
LORElockedNPC,0.0,1.0,0,0,0.0,1.0,2026-08-20T07:02:43.000Z,2026-08-20T07:02:43.000Z
La_leona_blanca,0.0,4.0,0,0,0.0,4.0,2026-08-20T11:15:32.000Z,2026-09-02T07:48:16.000Z
LabEither6672,0.0,31.0,0,0,0.0,31.0,2026-08-19T12:32:59.000Z,2026-08-25T05:57:27.000Z
Lady_Ink_Drinker,0.0,1.0,0,0,0.0,1.0,2026-08-26T15:10:13.000Z,2026-08-26T15:10:13.000Z
LakhindarPal,0.0,1.0,0,0,0.0,1.0,2026-08-22T05:50:52.000Z,2026-08-22T05:50:52.000Z
LalchiLadki,1.0,3.0,0,0,1.0,3.0,2026-08-22T18:31:43.254Z,2026-08-23T03:46:17.000Z
LambdaSludgeMonster,0.0,4.0,0,0,0.0,4.0,2026-08-19T21:09:52.000Z,2026-08-23T19:26:10.000Z
Lamechocolate,0.0,3.0,0,0,0.0,3.0,2026-08-19T20:03:00.000Z,2026-08-21T18:20:42.000Z
Lanky_Razzmatazz_936,0.0,3.0,0,0,0.0,3.0,2026-08-19T17:24:58.000Z,2026-08-23T03:40:37.000Z
Large_Sail3234,0.0,1.0,0,0,0.0,1.0,2026-08-19T04:23:05.000Z,2026-08-19T04:23:05.000Z
Lary1O1,0.0,3.0,0,0,0.0,3.0,2026-08-21T12:40:27.000Z,2026-08-25T12:51:50.000Z
Last-Safe7072,0.0,1.0,0,0,0.0,1.0,2026-09-01T12:34:12.000Z,2026-09-01T12:34:12.000Z
Late-Onion3186,0.0,1.0,0,0,0.0,1.0,2026-08-20T10:37:29.000Z,2026-08-20T10:37:29.000Z
Late-Row-8294,1.0,12.0,0,0,1.0,12.0,2026-08-20T03:28:27.000Z,2026-08-27T09:17:02.000Z
LateActivity5195,0.0,1.0,0,0,0.0,1.0,2026-08-26T10:40:55.000Z,2026-08-26T10:40:55.000Z
LatentVoyager,1.0,0.0,0,0,1.0,0.0,2026-08-26T16:05:11.776Z,2026-08-26T16:05:11.776Z
Latter_Idea_3874,0.0,6.0,0,0,0.0,6.0,2026-08-20T16:57:05.000Z,2026-08-26T16:42:58.000Z
Latter_Orange7932,0.0,3.0,0,0,0.0,3.0,2026-08-20T17:22:12.000Z,2026-08-23T05:11:16.000Z
LauGhonto,0.0,4.0,0,0,0.0,4.0,2026-08-21T20:06:22.000Z,2026-08-31T15:23:20.000Z
Lavender_Lotika,6.0,72.0,0,0,6.0,72.0,2026-08-19T07:32:24.000Z,2026-08-27T18:34:58.000Z
Lawde_lag_gaye_,0.0,1.0,0,0,0.0,1.0,2026-08-24T16:55:26.000Z,2026-08-24T16:55:26.000Z
Lawdickxxx,0.0,1.0,0,0,0.0,1.0,2026-08-21T07:40:24.000Z,2026-08-21T07:40:24.000Z
Lazy-Eyes-2003,0.0,2.0,0,0,0.0,2.0,2026-08-19T10:41:28.000Z,2026-08-19T14:56:23.000Z
Lazy-Illustrator-,0.0,2.0,0,0,0.0,2.0,2026-08-19T11:22:10.000Z,2026-08-25T05:44:47.000Z
Lazy-Owl-2872,0.0,1.0,0,0,0.0,1.0,2026-08-23T13:13:15.000Z,2026-08-23T13:13:15.000Z
Lazy-Statistician238,0.0,6.0,0,0,0.0,6.0,2026-08-22T06:20:26.000Z,2026-08-23T02:11:13.000Z
LazyEzio,0.0,1.0,0,0,0.0,1.0,2026-08-19T09:15:40.000Z,2026-08-19T09:15:40.000Z
Lazy_Ambition_27120,0.0,1.0,0,0,0.0,1.0,2026-08-23T16:38:39.000Z,2026-08-23T16:38:39.000Z
Lazy_Field1273,0.0,2.0,0,0,0.0,2.0,2026-08-21T07:49:27.000Z,2026-08-23T14:44:57.000Z
Leading-Bird7637,0.0,1.0,0,0,0.0,1.0,2026-08-19T13:50:50.000Z,2026-08-19T13:50:50.000Z
LearningAtMyPace,0.0,6.0,0,0,0.0,6.0,2026-08-19T04:18:05.000Z,2026-09-01T16:53:16.000Z
Least-Comedian-5929,1.0,0.0,0,0,1.0,0.0,2026-09-01T05:49:07.014Z,2026-09-01T05:49:07.014Z
Least_Time_5214,1.0,27.0,0,0,1.0,27.0,2026-08-25T08:49:57.365Z,2026-09-02T12:27:49.000Z
Leather-Bowler962,0.0,1.0,0,0,0.0,1.0,2026-08-24T12:18:37.000Z,2026-08-24T12:18:37.000Z
LeftFig989,0.0,1.0,0,0,0.0,1.0,2026-08-28T00:50:20.000Z,2026-08-28T00:50:20.000Z
Legal_Lab1894,0.0,6.0,0,0,0.0,6.0,2026-08-19T11:25:35.000Z,2026-08-27T06:38:19.000Z
Legal_Pollution_419,0.0,1.0,0,0,0.0,1.0,2026-08-18T14:14:09.000Z,2026-08-18T14:14:09.000Z
LegendSayantan,0.0,2.0,0,0,0.0,2.0,2026-08-19T14:52:22.000Z,2026-08-26T14:32:14.000Z
Legitimate-Okra161,0.0,1.0,0,0,0.0,1.0,2026-08-25T14:22:11.000Z,2026-08-25T14:22:11.000Z
Legitimate-Top-8279,0.0,1.0,0,0,0.0,1.0,2026-08-24T12:35:38.000Z,2026-08-24T12:35:38.000Z
LegitimateFunny2940,0.0,2.0,0,0,0.0,2.0,2026-08-20T13:48:02.000Z,2026-08-23T07:10:34.000Z
LegitimateMechanic24,1.0,0.0,0,0,1.0,0.0,2026-09-01T09:29:15.234Z,2026-09-01T09:29:15.234Z
LegitimateThought424,0.0,1.0,0,0,0.0,1.0,2026-08-31T09:03:43.000Z,2026-08-31T09:03:43.000Z
Legitimate_Self0129,1.0,7.0,0,0,1.0,7.0,2026-08-21T17:42:52.000Z,2026-09-01T03:51:46.000Z
LemonForsaken813,0.0,1.0,0,0,0.0,1.0,2026-08-26T07:39:31.000Z,2026-08-26T07:39:31.000Z
Leon_9,0.0,1.0,0,0,0.0,1.0,2026-08-21T20:21:28.000Z,2026-08-21T20:21:28.000Z
LeopardFew8792,0.0,1.0,0,0,0.0,1.0,2026-08-22T07:46:01.000Z,2026-08-22T07:46:01.000Z
Less-Math-3714,0.0,1.0,0,0,0.0,1.0,2026-08-26T04:39:09.000Z,2026-08-26T04:39:09.000Z
Less-Reaction-2799,0.0,2.0,0,0,0.0,2.0,2026-08-22T06:31:53.000Z,2026-08-25T03:30:20.000Z
LetNext8773,0.0,1.0,0,0,0.0,1.0,2026-08-18T15:15:18.000Z,2026-08-18T15:15:18.000Z
Lethadro,0.0,2.0,0,0,0.0,2.0,2026-08-21T12:59:17.000Z,2026-08-26T18:21:45.000Z
Levarator_01,1.0,1.0,0,0,1.0,1.0,2026-08-20T04:41:03.297Z,2026-08-21T02:16:37.000Z
Level-Dig-4807,0.0,4.0,0,0,0.0,4.0,2026-08-24T05:02:51.000Z,2026-09-01T03:49:55.000Z
Level-Vegetable-3026,1.0,9.0,0,0,1.0,9.0,2026-08-20T02:37:55.000Z,2026-08-27T06:37:07.000Z
Level_Sugar_7122,1.0,11.0,0,0,1.0,11.0,2026-08-21T12:39:13.000Z,2026-08-24T16:35:05.000Z
LieAgitated2869,0.0,2.0,0,0,0.0,2.0,2026-08-20T07:00:51.000Z,2026-08-22T10:07:20.000Z
Life-Departure9630,0.0,1.0,0,0,0.0,1.0,2026-08-26T10:28:42.000Z,2026-08-26T10:28:42.000Z
Life-Duty3544,0.0,1.0,0,0,0.0,1.0,2026-08-23T10:02:33.000Z,2026-08-23T10:02:33.000Z
LifeDistribution1735,0.0,1.0,0,0,0.0,1.0,2026-08-20T05:52:36.000Z,2026-08-20T05:52:36.000Z
Life_Highlight_2577,1.0,1.0,0,0,1.0,1.0,2026-09-02T15:47:21.952Z,2026-09-02T16:52:50.000Z
Life_Reception6744,0.0,1.0,0,0,0.0,1.0,2026-08-21T10:04:00.000Z,2026-08-21T10:04:00.000Z
Life_Twist_240,0.0,1.0,0,0,0.0,1.0,2026-08-22T07:16:12.000Z,2026-08-22T07:16:12.000Z
Lifeissuffering007,0.0,1.0,0,0,0.0,1.0,2026-08-24T23:36:00.000Z,2026-08-24T23:36:00.000Z
Lil-Bit-Everything,1.0,1.0,0,0,1.0,1.0,2026-09-02T04:36:39.722Z,2026-09-02T06:42:09.000Z
Limit-Cheap,0.0,2.0,0,0,0.0,2.0,2026-08-23T02:39:34.000Z,2026-08-27T16:05:59.000Z
Limp-Election8123,0.0,2.0,0,0,0.0,2.0,2026-08-22T06:57:10.000Z,2026-08-23T03:58:28.000Z
Limp-Net8000,0.0,1.0,0,0,0.0,1.0,2026-08-20T10:36:51.000Z,2026-08-20T10:36:51.000Z
Limp_Cobbler87,0.0,1.0,0,0,0.0,1.0,2026-08-22T13:34:53.000Z,2026-08-22T13:34:53.000Z
LingonberryOther7392,0.0,1.0,0,0,0.0,1.0,2026-08-23T16:08:03.000Z,2026-08-23T16:08:03.000Z
Lite18,0.0,1.0,0,0,0.0,1.0,2026-08-26T22:14:44.000Z,2026-08-26T22:14:44.000Z
Little-Air5436,0.0,1.0,0,0,0.0,1.0,2026-08-21T07:19:39.000Z,2026-08-21T07:19:39.000Z
LittleMissMuffet_30,0.0,3.0,0,0,0.0,3.0,2026-08-26T16:45:32.000Z,2026-08-27T13:22:11.000Z
Little_Possession440,0.0,1.0,0,0,0.0,1.0,2026-08-26T20:24:28.000Z,2026-08-26T20:24:28.000Z
Little_dove2,1.0,1.0,0,0,1.0,1.0,2026-08-26T13:29:03.085Z,2026-08-27T00:56:11.000Z
Live_Priority9511,0.0,1.0,0,0,0.0,1.0,2026-08-21T14:25:31.000Z,2026-08-21T14:25:31.000Z
Livid-Comedian-8753,0.0,1.0,0,0,0.0,1.0,2026-08-18T14:46:19.000Z,2026-08-18T14:46:19.000Z
LividProfessional182,0.0,3.0,0,0,0.0,3.0,2026-08-21T06:28:05.000Z,2026-08-23T08:46:16.000Z
Livid_Cry6346,0.0,1.0,0,0,0.0,1.0,2026-08-26T15:24:52.000Z,2026-08-26T15:24:52.000Z
LoadProfessional7357,0.0,1.0,0,0,0.0,1.0,2026-08-26T18:36:42.000Z,2026-08-26T18:36:42.000Z
LoadStandard3260,0.0,1.0,0,0,0.0,1.0,2026-08-27T14:01:48.000Z,2026-08-27T14:01:48.000Z
LoanShark696,0.0,1.0,0,0,0.0,1.0,2026-08-21T15:23:21.000Z,2026-08-21T15:23:21.000Z
LoanSoft5158,0.0,2.0,0,0,0.0,2.0,2026-08-23T03:12:28.000Z,2026-08-23T16:36:17.000Z
Lobo_3333,0.0,3.0,0,0,0.0,3.0,2026-08-20T02:45:44.000Z,2026-08-20T12:19:41.000Z
Local-Estimate112,0.0,2.0,0,0,0.0,2.0,2026-08-24T09:26:30.000Z,2026-08-27T03:25:32.000Z
LocalElk5649,0.0,1.0,0,0,0.0,1.0,2026-08-25T12:24:46.000Z,2026-08-25T12:24:46.000Z
Local_Willingness541,0.0,1.0,0,0,0.0,1.0,2026-08-24T15:37:26.000Z,2026-08-24T15:37:26.000Z
LockDown_47,1.0,1.0,0,0,1.0,1.0,2026-08-22T04:38:12.549Z,2026-09-02T10:02:00.000Z
Logical_Ad_1132,0.0,1.0,0,0,0.0,1.0,2026-09-01T15:13:15.000Z,2026-09-01T15:13:15.000Z
Logical_Way8061,0.0,1.0,0,0,0.0,1.0,2026-08-18T14:23:30.000Z,2026-08-18T14:23:30.000Z
Logical_Werewolf_112,0.0,3.0,0,0,0.0,3.0,2026-08-23T16:00:06.000Z,2026-09-01T17:10:10.000Z
Logicalcat11,0.0,1.0,0,0,0.0,1.0,2026-08-24T14:07:39.000Z,2026-08-24T14:07:39.000Z
Lokkhipecha_Hedwig,0.0,1.0,0,0,0.0,1.0,2026-09-01T13:51:07.000Z,2026-09-01T13:51:07.000Z
Lolicon_Assasinator,0.0,1.0,0,0,0.0,1.0,2026-08-25T16:03:16.000Z,2026-08-25T16:03:16.000Z
LonderWandWTF,0.0,1.0,0,0,0.0,1.0,2026-08-27T10:54:11.000Z,2026-08-27T10:54:11.000Z
Lonely_Engine_2869,0.0,1.0,0,0,0.0,1.0,2026-08-25T07:33:34.000Z,2026-08-25T07:33:34.000Z
Lonerborn,0.0,2.0,0,0,0.0,2.0,2026-09-02T15:06:27.000Z,2026-09-02T15:07:05.000Z
Lonetiger_64,0.0,1.0,0,0,0.0,1.0,2026-08-23T16:27:41.000Z,2026-08-23T16:27:41.000Z
Long-Average1478,1.0,0.0,0,0,1.0,0.0,2026-09-03T05:41:41.249Z,2026-09-03T05:41:41.249Z
Long-Pie9996,0.0,2.0,0,0,0.0,2.0,2026-09-01T06:19:36.000Z,2026-09-02T08:04:21.000Z
Long-Statistician123,0.0,2.0,0,0,0.0,2.0,2026-08-19T06:09:51.000Z,2026-08-20T19:28:09.000Z
Longjumping-Mix-9351,0.0,1.0,0,0,0.0,1.0,2026-09-02T16:40:57.000Z,2026-09-02T16:40:57.000Z
LongjumpingDivide860,0.0,1.0,0,0,0.0,1.0,2026-08-23T05:10:38.000Z,2026-08-23T05:10:38.000Z
Longjumping_Scar_725,0.0,1.0,0,0,0.0,1.0,2026-08-24T18:34:53.000Z,2026-08-24T18:34:53.000Z
Longjumping_Tale6394,0.0,21.0,0,0,0.0,21.0,2026-08-20T04:25:34.000Z,2026-09-02T13:45:03.000Z
Look_Otherwise__,0.0,1.0,0,0,0.0,1.0,2026-08-19T05:44:26.000Z,2026-08-19T05:44:26.000Z
Loose-Tap-1484,0.0,1.0,0,0,0.0,1.0,2026-08-24T14:48:28.000Z,2026-08-24T14:48:28.000Z
Loose_Departure_4389,0.0,1.0,0,0,0.0,1.0,2026-08-20T16:53:52.000Z,2026-08-20T16:53:52.000Z
Loose_Travel8159,0.0,1.0,0,0,0.0,1.0,2026-08-23T16:26:57.000Z,2026-08-23T16:26:57.000Z
Lopsided-Class2201,0.0,2.0,0,0,0.0,2.0,2026-08-19T15:42:37.000Z,2026-08-20T14:01:38.000Z
Lopsided_Gap_7087,0.0,2.0,0,0,0.0,2.0,2026-08-25T04:39:54.000Z,2026-08-25T19:35:59.000Z
LordOcean8,2.0,12.0,0,0,2.0,12.0,2026-08-19T18:53:36.000Z,2026-09-02T12:40:01.000Z
Lordofshadow_SA,0.0,1.0,0,0,0.0,1.0,2026-09-02T05:13:37.000Z,2026-09-02T05:13:37.000Z
LosInDaSos,0.0,4.0,0,0,0.0,4.0,2026-08-19T10:07:36.000Z,2026-08-23T05:59:11.000Z
LossLandscape,0.0,1.0,0,0,0.0,1.0,2026-09-01T14:21:30.000Z,2026-09-01T14:21:30.000Z
LossOpen996,0.0,1.0,0,0,0.0,1.0,2026-08-31T20:13:50.000Z,2026-08-31T20:13:50.000Z
LostPagasus1000,1.0,0.0,0,0,1.0,0.0,2026-08-22T11:29:21.377Z,2026-08-22T11:29:21.377Z
LostSoulOnAShip,0.0,1.0,0,0,0.0,1.0,2026-08-21T13:58:52.000Z,2026-08-21T13:58:52.000Z
Lost_Arix,0.0,1.0,0,0,0.0,1.0,2026-08-27T05:43:13.000Z,2026-08-27T05:43:13.000Z
Lost_anonymous_in,0.0,1.0,0,0,0.0,1.0,2026-08-24T19:15:58.000Z,2026-08-24T19:15:58.000Z
Loud-Ad1735,0.0,1.0,0,0,0.0,1.0,2026-08-25T18:12:25.000Z,2026-08-25T18:12:25.000Z
Loud-Shape-8972,0.0,1.0,0,0,0.0,1.0,2026-08-21T09:49:47.000Z,2026-08-21T09:49:47.000Z
Loud_Tone_5870,0.0,1.0,0,0,0.0,1.0,2026-08-21T04:24:44.000Z,2026-08-21T04:24:44.000Z
LouhoPurushTonyDaa,0.0,57.0,0,0,0.0,57.0,2026-08-20T13:12:32.000Z,2026-09-02T15:52:47.000Z
Love_Senpai_1303,0.0,1.0,0,0,0.0,1.0,2026-08-25T14:16:45.000Z,2026-08-25T14:16:45.000Z
Lovesick-Lilith,0.0,2.0,0,0,0.0,2.0,2026-08-21T16:28:26.000Z,2026-09-01T10:02:48.000Z
Low-Host2177,0.0,1.0,0,0,0.0,1.0,2026-08-21T08:08:40.000Z,2026-08-21T08:08:40.000Z
Low-Illustrator-9830,1.0,0.0,0,0,1.0,0.0,2026-08-26T05:32:59.908Z,2026-08-26T05:32:59.908Z
Low-Letterhead-7613,0.0,1.0,0,0,0.0,1.0,2026-08-19T16:51:01.000Z,2026-08-19T16:51:01.000Z
Low-Transition-2751,0.0,1.0,0,0,0.0,1.0,2026-08-24T07:41:54.000Z,2026-08-24T07:41:54.000Z
Low_Highlight_7167,0.0,1.0,0,0,0.0,1.0,2026-08-31T18:43:53.000Z,2026-08-31T18:43:53.000Z
Low_Introduction2077,0.0,1.0,0,0,0.0,1.0,2026-09-01T11:35:48.000Z,2026-09-01T11:35:48.000Z
Low_Journalist_9207,0.0,1.0,0,0,0.0,1.0,2026-09-01T12:54:20.000Z,2026-09-01T12:54:20.000Z
Low_key6056,0.0,1.0,0,0,0.0,1.0,2026-08-23T12:03:44.000Z,2026-08-23T12:03:44.000Z
Lower-Ad9234,0.0,1.0,0,0,0.0,1.0,2026-08-26T18:11:58.000Z,2026-08-26T18:11:58.000Z
Lower_Block2345,0.0,2.0,0,0,0.0,2.0,2026-08-20T02:56:06.000Z,2026-08-20T03:01:12.000Z
Lucky-Mycologist695,0.0,3.0,0,0,0.0,3.0,2026-08-23T06:01:07.000Z,2026-08-25T15:20:41.000Z
Lucky_Decision_4798,0.0,1.0,0,0,0.0,1.0,2026-08-18T15:31:04.000Z,2026-08-18T15:31:04.000Z
Luddite-Primitivist,0.0,1.0,0,0,0.0,1.0,2026-08-19T07:51:20.000Z,2026-08-19T07:51:20.000Z
Luminawhisper_9,0.0,1.0,0,0,0.0,1.0,2026-08-26T13:58:42.000Z,2026-08-26T13:58:42.000Z
LumpyStomach7064,0.0,1.0,0,0,0.0,1.0,2026-08-24T15:25:03.000Z,2026-08-24T15:25:03.000Z
Lurker123__,0.0,2.0,0,0,0.0,2.0,2026-08-23T15:55:02.000Z,2026-08-23T15:56:41.000Z
LyadhkhorStrategist,0.0,5.0,0,0,0.0,5.0,2026-08-20T17:42:47.000Z,2026-08-25T14:53:15.000Z
M1ss-Tea,0.0,2.0,0,0,0.0,2.0,2026-09-01T13:09:40.000Z,2026-09-01T13:15:28.000Z
MDBhatt,0.0,2.0,0,0,0.0,2.0,2026-08-22T06:21:28.000Z,2026-08-26T16:38:27.000Z
MIKU_S1MPP,1.0,2.0,0,0,1.0,2.0,2026-08-20T04:55:09.790Z,2026-08-20T05:10:02.000Z
Macabre_11,0.0,1.0,0,0,0.0,1.0,2026-09-02T03:01:36.000Z,2026-09-02T03:01:36.000Z
MachesMalone007,0.0,1.0,0,0,0.0,1.0,2026-08-27T14:13:29.000Z,2026-08-27T14:13:29.000Z
MacroffectPS,0.0,3.0,0,0,0.0,3.0,2026-08-22T02:34:12.000Z,2026-08-25T07:48:37.000Z
Maddiee17,0.0,1.0,0,0,0.0,1.0,2026-08-24T08:32:54.000Z,2026-08-24T08:32:54.000Z
Madira_,0.0,1.0,0,0,0.0,1.0,2026-08-26T06:46:54.000Z,2026-08-26T06:46:54.000Z
Madlad69694,1.0,6.0,0,0,1.0,6.0,2026-08-24T07:40:23.728Z,2026-09-02T02:35:58.000Z
MadwomanInTheAttic00,0.0,1.0,0,0,0.0,1.0,2026-08-27T19:01:31.000Z,2026-08-27T19:01:31.000Z
Maenads_005,0.0,1.0,0,0,0.0,1.0,2026-08-27T08:22:28.000Z,2026-08-27T08:22:28.000Z
MagazineStrict8520,0.0,1.0,0,0,0.0,1.0,2026-08-23T06:19:03.000Z,2026-08-23T06:19:03.000Z
MagesticLynx,0.0,1.0,0,0,0.0,1.0,2026-08-27T06:57:12.000Z,2026-08-27T06:57:12.000Z
MagicianOld8251,0.0,1.0,0,0,0.0,1.0,2026-08-26T06:04:33.000Z,2026-08-26T06:04:33.000Z
Magnum54300,0.0,1.0,0,0,0.0,1.0,2026-09-02T13:06:02.000Z,2026-09-02T13:06:02.000Z
Maimunah_31,0.0,1.0,0,0,0.0,1.0,2026-08-24T14:21:47.000Z,2026-08-24T14:21:47.000Z
Main-Hitman-1436,0.0,1.0,0,0,0.0,1.0,2026-08-21T13:50:01.000Z,2026-08-21T13:50:01.000Z
Main_Fly1386,0.0,1.0,0,0,0.0,1.0,2026-08-21T16:31:04.000Z,2026-08-21T16:31:04.000Z
Main_Rhubarb_3592,0.0,1.0,0,0,0.0,1.0,2026-08-23T07:21:42.000Z,2026-08-23T07:21:42.000Z
Main_Werewolf_5236,0.0,1.0,0,0,0.0,1.0,2026-08-23T14:20:45.000Z,2026-08-23T14:20:45.000Z
Mainak736,0.0,4.0,0,0,0.0,4.0,2026-08-21T10:09:05.000Z,2026-09-01T08:46:04.000Z
MainakMondal,0.0,1.0,0,0,0.0,1.0,2026-08-27T13:28:54.000Z,2026-08-27T13:28:54.000Z
Majestic_Quote_7147,0.0,3.0,0,0,0.0,3.0,2026-08-23T06:32:04.000Z,2026-09-01T03:58:16.000Z
Major-Midnight-7098,0.0,4.0,0,0,0.0,4.0,2026-08-23T14:50:00.000Z,2026-08-27T07:14:46.000Z
Major_Reception9700,0.0,1.0,0,0,0.0,1.0,2026-08-21T21:47:52.000Z,2026-08-21T21:47:52.000Z
MakiZenin001,0.0,1.0,0,0,0.0,1.0,2026-08-24T15:43:57.000Z,2026-08-24T15:43:57.000Z
Maleficent-Ad5730,0.0,1.0,0,0,0.0,1.0,2026-08-18T15:18:54.000Z,2026-08-18T15:18:54.000Z
MaleficentResource95,0.0,1.0,0,0,0.0,1.0,2026-08-21T10:53:55.000Z,2026-08-21T10:53:55.000Z
Maleficent_End4637,0.0,3.0,0,0,0.0,3.0,2026-08-24T13:38:07.000Z,2026-08-31T17:34:20.000Z
Maleficent_Plan_6804,0.0,1.0,0,0,0.0,1.0,2026-08-24T10:16:13.000Z,2026-08-24T10:16:13.000Z
Malinowskibidi67,0.0,1.0,0,0,0.0,1.0,2026-08-18T15:21:34.000Z,2026-08-18T15:21:34.000Z
MamataMatirManush,0.0,22.0,0,0,0.0,22.0,2026-08-19T06:24:51.000Z,2026-08-26T10:40:34.000Z
Mammoth-Assistant-91,0.0,1.0,0,0,0.0,1.0,2026-08-19T10:48:13.000Z,2026-08-19T10:48:13.000Z
Mammoth-Example-6042,0.0,1.0,0,0,0.0,1.0,2026-08-23T15:41:26.000Z,2026-08-23T15:41:26.000Z
MammothShoulder7919,1.0,0.0,0,0,1.0,0.0,2026-08-24T06:40:10.521Z,2026-08-24T06:40:10.521Z
Mammoth_Broccoli1462,0.0,1.0,0,0,0.0,1.0,2026-09-02T11:38:42.000Z,2026-09-02T11:38:42.000Z
ManagementUpbeat7542,0.0,1.0,0,0,0.0,1.0,2026-08-25T12:49:31.000Z,2026-08-25T12:49:31.000Z
Manchx21,0.0,1.0,0,0,0.0,1.0,2026-08-22T07:09:08.000Z,2026-08-22T07:09:08.000Z
Mango_Ice_,0.0,5.0,0,0,0.0,5.0,2026-08-19T05:50:25.000Z,2026-09-01T05:12:03.000Z
Maniac-_-_,0.0,1.0,0,0,0.0,1.0,2026-08-22T18:46:46.000Z,2026-08-22T18:46:46.000Z
ManiiMantra,0.0,1.0,0,0,0.0,1.0,2026-08-26T16:45:40.000Z,2026-08-26T16:45:40.000Z
Manomita,0.0,1.0,0,0,0.0,1.0,2026-08-24T06:48:17.000Z,2026-08-24T06:48:17.000Z
Mansamusa_09,1.0,1.0,0,0,1.0,1.0,2026-08-23T08:50:54.565Z,2026-08-29T06:49:26.000Z
Manthan_thakkar,0.0,1.0,0,0,0.0,1.0,2026-08-20T03:47:03.000Z,2026-08-20T03:47:03.000Z
Many_Glove_6744,0.0,1.0,0,0,0.0,1.0,2026-08-22T11:20:30.000Z,2026-08-22T11:20:30.000Z
Maoto_G,0.0,3.0,0,0,0.0,3.0,2026-08-20T13:42:21.000Z,2026-09-01T02:56:34.000Z
MapConfident368,0.0,2.0,0,0,0.0,2.0,2026-08-22T07:54:13.000Z,2026-08-27T10:36:14.000Z
MapLoud9506,0.0,5.0,0,0,0.0,5.0,2026-08-18T16:11:29.000Z,2026-08-27T05:58:33.000Z
MaraSov-OnlyFans,0.0,1.0,0,0,0.0,1.0,2026-08-23T12:20:34.000Z,2026-08-23T12:20:34.000Z
MarionberryTime3553,1.0,4.0,0,0,1.0,4.0,2026-08-20T11:12:24.000Z,2026-08-26T17:32:43.000Z
MarkEE93,0.0,7.0,0,0,0.0,7.0,2026-08-18T15:04:01.000Z,2026-08-25T20:02:38.000Z
Markiel5506,0.0,2.0,0,0,0.0,2.0,2026-08-22T19:55:55.000Z,2026-08-27T04:49:55.000Z
Massive-Ad-7199,0.0,2.0,0,0,0.0,2.0,2026-08-21T14:09:10.000Z,2026-08-24T17:41:42.000Z
Massive-Pie-6953,0.0,1.0,0,0,0.0,1.0,2026-08-18T14:12:24.000Z,2026-08-18T14:12:24.000Z
Massive-Sky6944,6.0,105.0,0,0,6.0,105.0,2026-08-19T05:58:48.000Z,2026-09-02T08:24:12.000Z
Massive_Aside_9339,1.0,17.0,0,0,1.0,17.0,2026-08-19T18:27:47.000Z,2026-08-26T15:55:00.000Z
Massive_Sky_3020,0.0,1.0,0,0,0.0,1.0,2026-08-18T19:36:04.000Z,2026-08-18T19:36:04.000Z
Master_Of_Gaming3410,0.0,1.0,0,0,0.0,1.0,2026-08-19T08:05:35.000Z,2026-08-19T08:05:35.000Z
MastodonAccurate9124,2.0,2.0,0,0,2.0,2.0,2026-08-22T15:56:54.000Z,2026-09-02T16:51:42.768Z
Masu_dur,0.0,4.0,0,0,0.0,4.0,2026-08-20T11:31:27.000Z,2026-08-24T14:58:59.000Z
Material-Bed-1200,0.0,1.0,0,0,0.0,1.0,2026-08-20T01:15:45.000Z,2026-08-20T01:15:45.000Z
Material-Maximum3518,0.0,1.0,0,0,0.0,1.0,2026-08-18T15:46:32.000Z,2026-08-18T15:46:32.000Z
Matrix_Wanderer,1.0,12.0,0,0,1.0,12.0,2026-08-19T19:49:42.000Z,2026-08-25T18:47:40.000Z
Maverick_Bane,0.0,4.0,0,0,0.0,4.0,2026-08-18T18:45:09.000Z,2026-09-02T10:51:05.000Z
Mavoii,0.0,1.0,0,0,0.0,1.0,2026-08-20T16:01:29.000Z,2026-08-20T16:01:29.000Z
May3Day,0.0,4.0,0,0,0.0,4.0,2026-08-25T17:09:40.000Z,2026-08-27T11:38:18.000Z
MayankMojumdar,1.0,0.0,0,0,1.0,0.0,2026-08-27T08:31:10.000Z,2026-08-27T08:31:10.000Z
MayatheDelusion6565,0.0,2.0,0,0,0.0,2.0,2026-08-22T06:25:30.000Z,2026-08-27T06:22:40.000Z
Maybe_maybe_not95,2.0,0.0,0,0,2.0,0.0,2026-08-21T12:35:48.492Z,2026-08-21T12:36:07.969Z
MazharFakhar0,0.0,1.0,0,0,0.0,1.0,2026-08-23T08:54:20.000Z,2026-08-23T08:54:20.000Z
McQueen_2006,0.0,2.0,0,0,0.0,2.0,2026-08-21T19:35:46.000Z,2026-08-24T16:20:45.000Z
MeanDistribution8560,0.0,6.0,0,0,0.0,6.0,2026-08-19T19:53:58.000Z,2026-09-02T14:18:13.000Z
Mean_Creme_0382,0.0,1.0,0,0,0.0,1.0,2026-08-18T14:51:26.000Z,2026-08-18T14:51:26.000Z
MeatRiderLNX,0.0,1.0,0,0,0.0,1.0,2026-08-22T07:55:00.000Z,2026-08-22T07:55:00.000Z
MediaSignificant4614,2.0,16.0,0,0,2.0,16.0,2026-08-25T16:54:12.000Z,2026-08-26T19:16:08.000Z
Medical-External-303,0.0,1.0,0,0,0.0,1.0,2026-08-18T17:21:00.000Z,2026-08-18T17:21:00.000Z
Medical-Put-7046,0.0,1.0,0,0,0.0,1.0,2026-08-27T06:13:40.000Z,2026-08-27T06:13:40.000Z
Medical-Wolverine,0.0,1.0,0,0,0.0,1.0,2026-09-01T15:47:34.000Z,2026-09-01T15:47:34.000Z
Mediocre-Insect8021,0.0,9.0,0,0,0.0,9.0,2026-08-21T17:03:50.000Z,2026-09-01T14:48:53.000Z
Mediocre_Slice_6801,0.0,1.0,0,0,0.0,1.0,2026-09-01T08:58:59.000Z,2026-09-01T08:58:59.000Z
MediumOrdinary9105,2.0,4.0,0,0,2.0,4.0,2026-09-01T06:28:03.575Z,2026-09-03T05:00:36.282Z
MegaMindSenior,0.0,1.0,0,0,0.0,1.0,2026-08-29T20:32:30.000Z,2026-08-29T20:32:30.000Z
MegaSpaceBar,0.0,9.0,0,0,0.0,9.0,2026-08-20T03:07:56.000Z,2026-08-25T02:48:09.000Z
MeghD77,0.0,1.0,0,0,0.0,1.0,2026-08-24T17:22:13.000Z,2026-08-24T17:22:13.000Z
Meghpeon_,1.0,6.0,0,0,1.0,6.0,2026-08-20T20:16:18.000Z,2026-08-25T17:51:35.000Z
Melodic-Confidence56,0.0,1.0,0,0,0.0,1.0,2026-08-22T01:40:05.000Z,2026-08-22T01:40:05.000Z
Melodic-Cup5308,0.0,8.0,0,0,0.0,8.0,2026-08-19T22:34:10.000Z,2026-08-27T03:27:19.000Z
MelodicBear8674,0.0,1.0,0,0,0.0,1.0,2026-08-18T15:31:50.000Z,2026-08-18T15:31:50.000Z
Memexp-over9000,0.0,1.0,0,0,0.0,1.0,2026-08-26T14:00:18.000Z,2026-08-26T14:00:18.000Z
Mental-Flight7126,0.0,1.0,0,0,0.0,1.0,2026-08-20T20:03:12.000Z,2026-08-20T20:03:12.000Z
Mental_Anything_5431,0.0,1.0,0,0,0.0,1.0,2026-08-27T15:05:18.000Z,2026-08-27T15:05:18.000Z
Meownkey,0.0,1.0,0,0,0.0,1.0,2026-08-19T18:01:25.000Z,2026-08-19T18:01:25.000Z
MercDroid,2.0,9.0,0,0,2.0,9.0,2026-08-23T21:01:41.000Z,2026-09-02T14:37:13.000Z
MercilessLans,0.0,2.0,0,0,0.0,2.0,2026-08-21T12:45:29.000Z,2026-08-21T17:20:30.000Z
Mess8635,1.0,5.0,0,0,1.0,5.0,2026-08-19T15:34:54.000Z,2026-08-27T13:28:47.000Z
MessageFriendly4035,0.0,3.0,0,0,0.0,3.0,2026-08-19T06:28:35.000Z,2026-08-25T16:35:01.000Z
Messi_Paglu,0.0,2.0,0,0,0.0,2.0,2026-08-20T16:02:29.000Z,2026-09-01T15:54:40.000Z
MgBoi1195,0.0,1.0,0,0,0.0,1.0,2026-09-01T18:20:41.000Z,2026-09-01T18:20:41.000Z
MiddleKid2024,1.0,0.0,0,0,1.0,0.0,2026-09-01T05:02:39.867Z,2026-09-01T05:02:39.867Z
Middle_Ambassador_26,0.0,5.0,0,0,0.0,5.0,2026-08-19T02:30:30.000Z,2026-08-26T17:36:29.000Z
Middle_Layer_4860,1.0,2.0,0,0,1.0,2.0,2026-08-21T12:35:16.000Z,2026-09-02T16:50:05.000Z
Mij99009,1.0,1.0,0,0,1.0,1.0,2026-08-21T07:33:56.000Z,2026-08-27T04:22:25.127Z
Mildly_Unemployed,0.0,1.0,0,0,0.0,1.0,2026-08-25T14:00:56.000Z,2026-08-25T14:00:56.000Z
Milky_Plug,0.0,3.0,0,0,0.0,3.0,2026-08-27T02:05:32.000Z,2026-08-27T03:58:09.000Z
Mimi_luna,0.0,12.0,0,0,0.0,12.0,2026-08-21T07:22:12.000Z,2026-09-01T17:40:34.000Z
Minced-Juice,0.0,5.0,0,0,0.0,5.0,2026-08-18T16:19:41.000Z,2026-09-01T13:48:41.000Z
Mind_body_Coach_Jeet,0.0,1.0,0,0,0.0,1.0,2026-08-19T10:26:16.000Z,2026-08-19T10:26:16.000Z
MindfulMaverickSS,0.0,1.0,0,0,0.0,1.0,2026-09-02T16:30:28.000Z,2026-09-02T16:30:28.000Z
MindlessPeanut6386,0.0,4.0,0,0,0.0,4.0,2026-08-20T19:49:57.000Z,2026-08-25T06:53:08.000Z
Mindless_Inside6981,0.0,13.0,0,0,0.0,13.0,2026-08-19T13:02:55.000Z,2026-08-22T17:57:35.000Z
Minimum_Albatross_59,0.0,5.0,0,0,0.0,5.0,2026-08-19T10:22:30.000Z,2026-08-27T12:20:19.000Z
Minute-Caramel7032,0.0,1.0,0,0,0.0,1.0,2026-08-21T10:15:50.000Z,2026-08-21T10:15:50.000Z
Minute-Persimmon2038,0.0,1.0,0,0,0.0,1.0,2026-08-19T10:49:23.000Z,2026-08-19T10:49:23.000Z
MinuteBarnacle1315,0.0,1.0,0,0,0.0,1.0,2026-08-20T14:46:49.000Z,2026-08-20T14:46:49.000Z
Minute_Conflict_471,1.0,1.0,0,0,1.0,1.0,2026-09-02T10:31:59.976Z,2026-09-02T10:38:20.000Z
Minute__Plankton,0.0,5.0,0,0,0.0,5.0,2026-08-21T18:22:34.000Z,2026-09-01T17:03:55.000Z
Misa_22,1.0,9.0,0,0,1.0,9.0,2026-08-20T16:29:42.000Z,2026-09-01T14:32:50.267Z
Miserable-Bag-2102,0.0,1.0,0,0,0.0,1.0,2026-08-27T08:15:00.000Z,2026-08-27T08:15:00.000Z
Miserable-Coast-2343,0.0,1.0,0,0,0.0,1.0,2026-08-19T15:37:28.000Z,2026-08-19T15:37:28.000Z
MiserableValuable244,0.0,1.0,0,0,0.0,1.0,2026-08-23T09:21:26.000Z,2026-08-23T09:21:26.000Z
Miss_Roy_20,0.0,1.0,0,0,0.0,1.0,2026-08-30T08:01:49.000Z,2026-08-30T08:01:49.000Z
Mission-Push2900,0.0,1.0,0,0,0.0,1.0,2026-08-28T03:56:53.000Z,2026-08-28T03:56:53.000Z
Mission_City_1500,0.0,1.0,0,0,0.0,1.0,2026-08-23T04:34:19.000Z,2026-08-23T04:34:19.000Z
MisterMiracle_,0.0,1.0,0,0,0.0,1.0,2026-08-24T15:17:52.000Z,2026-08-24T15:17:52.000Z
Mitterr,0.0,1.0,0,0,0.0,1.0,2026-08-27T03:50:44.000Z,2026-08-27T03:50:44.000Z
Mizpah_18,1.0,0.0,0,0,1.0,0.0,2026-08-21T12:17:38.164Z,2026-08-21T12:17:38.164Z
Mobile-Avocado-9475,1.0,0.0,0,0,1.0,0.0,2026-08-20T20:44:26.360Z,2026-08-20T20:44:26.360Z
Mobile-Ocelot2039,2.0,1.0,0,0,2.0,1.0,2026-08-20T19:20:08.359Z,2026-08-20T19:24:39.362Z
Mobile-Perception376,0.0,4.0,0,0,0.0,4.0,2026-08-20T20:22:38.000Z,2026-08-24T16:29:29.000Z
Mobile_Building2848,0.0,3.0,0,0,0.0,3.0,2026-08-23T19:11:45.000Z,2026-09-01T09:40:43.000Z
Mobile_Chemistry_886,0.0,2.0,0,0,0.0,2.0,2026-08-23T04:29:48.000Z,2026-08-25T13:20:35.000Z
Mobile_Storage,0.0,1.0,0,0,0.0,1.0,2026-08-23T13:13:45.000Z,2026-08-23T13:13:45.000Z
Moist-Form-948,1.0,1.0,0,0,1.0,1.0,2026-08-26T04:18:46.605Z,2026-08-26T08:45:37.000Z
MojiMaendhak,0.0,1.0,0,0,0.0,1.0,2026-08-19T13:25:04.000Z,2026-08-19T13:25:04.000Z
MoldyTexas,0.0,3.0,0,0,0.0,3.0,2026-08-20T00:45:30.000Z,2026-08-31T13:41:34.000Z
MonaThe,1.0,11.0,0,0,1.0,11.0,2026-08-18T13:41:30.099Z,2026-08-18T15:50:53.000Z
Money-Leading-935,0.0,1.0,0,0,0.0,1.0,2026-09-01T17:15:34.000Z,2026-09-01T17:15:34.000Z
MoneyPop9497,1.0,3.0,0,0,1.0,3.0,2026-08-31T14:20:49.000Z,2026-09-02T16:25:03.034Z
Money_Answer4595,0.0,1.0,0,0,0.0,1.0,2026-08-23T16:16:57.000Z,2026-08-23T16:16:57.000Z
Monkegotwild,0.0,6.0,0,0,0.0,6.0,2026-08-21T15:58:58.000Z,2026-08-27T06:59:20.000Z
Monkey-D-Luffy-77,0.0,1.0,0,0,0.0,1.0,2026-08-27T06:26:21.000Z,2026-08-27T06:26:21.000Z
MooSyMuse0_,1.0,1.0,0,0,1.0,1.0,2026-08-25T20:47:46.915Z,2026-08-25T20:53:02.000Z
Moonlight1314,0.0,1.0,0,0,0.0,1.0,2026-08-19T12:42:23.000Z,2026-08-19T12:42:23.000Z
MooseNew4887,0.0,2.0,0,0,0.0,2.0,2026-08-19T14:17:48.000Z,2026-08-20T11:52:25.000Z
More-Anybody-1880,0.0,1.0,0,0,0.0,1.0,2026-08-21T05:21:45.000Z,2026-08-21T05:21:45.000Z
More-Style2803,0.0,8.0,0,0,0.0,8.0,2026-08-19T04:52:38.000Z,2026-08-31T14:54:15.000Z
MortgageWestern5044,1.0,0.0,0,0,1.0,0.0,2026-08-19T22:14:52.123Z,2026-08-19T22:14:52.123Z
Most-Bandicoot645,0.0,1.0,0,0,0.0,1.0,2026-08-23T15:00:19.000Z,2026-08-23T15:00:19.000Z
Most-Cream3638,1.0,1.0,0,0,1.0,1.0,2026-08-20T10:11:55.000Z,2026-08-26T17:59:46.802Z
MostVoice9216,1.0,6.0,0,0,1.0,6.0,2026-08-24T21:07:20.000Z,2026-09-02T14:49:49.000Z
MotherAd4477,0.0,1.0,0,0,0.0,1.0,2026-08-18T21:15:11.000Z,2026-08-18T21:15:11.000Z
Mother_Blueberry7175,0.0,2.0,0,0,0.0,2.0,2026-08-19T15:17:18.000Z,2026-08-25T19:21:08.000Z
Mountain-Blacksmith7,0.0,3.0,0,0,0.0,3.0,2026-08-22T11:55:44.000Z,2026-08-24T14:46:48.000Z
Mountain-Music5666,0.0,2.0,0,0,0.0,2.0,2026-08-24T12:16:41.000Z,2026-08-24T15:00:32.000Z
Mountain-Umpire-2020,0.0,2.0,0,0,0.0,2.0,2026-09-02T03:37:25.000Z,2026-09-02T05:50:16.000Z
MountainDoctor3051,0.0,1.0,0,0,0.0,1.0,2026-08-26T13:22:14.000Z,2026-08-26T13:22:14.000Z
MountainFuture9641,0.0,1.0,0,0,0.0,1.0,2026-08-18T14:43:20.000Z,2026-08-18T14:43:20.000Z
MountainPumpkin7148,0.0,1.0,0,0,0.0,1.0,2026-08-25T08:08:20.000Z,2026-08-25T08:08:20.000Z
Mountainclaw555,0.0,4.0,0,0,0.0,4.0,2026-08-19T12:22:23.000Z,2026-09-01T15:21:23.000Z
Move-Forwardd,1.0,0.0,0,0,1.0,0.0,2026-08-27T06:09:22.283Z,2026-08-27T06:09:22.283Z
Moxtias,0.0,1.0,0,0,0.0,1.0,2026-08-22T04:03:54.000Z,2026-08-22T04:03:54.000Z
Mr-Reddiculous,1.0,0.0,0,0,1.0,0.0,2026-08-27T05:41:34.606Z,2026-08-27T05:41:34.606Z
MrAdhi_08,1.0,3.0,0,0,1.0,3.0,2026-08-24T12:23:25.485Z,2026-08-24T14:38:39.000Z
MrNoobReddit,0.0,1.0,0,0,0.0,1.0,2026-08-23T10:16:39.000Z,2026-08-23T10:16:39.000Z
MrSir_8433,0.0,1.0,0,0,0.0,1.0,2026-08-18T20:01:40.000Z,2026-08-18T20:01:40.000Z
MrTechie010,0.0,1.0,0,0,0.0,1.0,2026-09-01T15:59:26.000Z,2026-09-01T15:59:26.000Z
Mr_NoLabels,0.0,2.0,0,0,0.0,2.0,2026-08-21T16:05:05.000Z,2026-09-02T10:33:56.000Z
Mr_Nobody92,0.0,2.0,0,0,0.0,2.0,2026-08-20T13:36:20.000Z,2026-08-26T11:33:19.000Z
Mr_Spongebob_07,0.0,1.0,0,0,0.0,1.0,2026-09-02T14:37:31.000Z,2026-09-02T14:37:31.000Z
Mrito_Pagol,0.0,1.0,0,0,0.0,1.0,2026-08-26T08:50:21.000Z,2026-08-26T08:50:21.000Z
Mrs_livingham,0.0,1.0,0,0,0.0,1.0,2026-08-20T15:29:06.000Z,2026-08-20T15:29:06.000Z
Much-Answer-3968,0.0,1.0,0,0,0.0,1.0,2026-08-24T13:50:32.000Z,2026-08-24T13:50:32.000Z
MuchPie622,0.0,3.0,0,0,0.0,3.0,2026-08-22T02:59:04.000Z,2026-08-28T01:10:41.000Z
Much_Discussion1490,0.0,3.0,0,0,0.0,3.0,2026-08-19T05:14:13.000Z,2026-08-25T05:07:05.000Z
Much_Firefighter3692,1.0,1.0,0,0,1.0,1.0,2026-09-02T08:19:05.728Z,2026-09-02T13:40:36.000Z
Mundane_Equal2057,0.0,1.0,0,0,0.0,1.0,2026-08-26T18:02:10.000Z,2026-08-26T18:02:10.000Z
Murky_Mission_9467,0.0,1.0,0,0,0.0,1.0,2026-08-23T03:41:45.000Z,2026-08-23T03:41:45.000Z
Muscle-Matrix,0.0,1.0,0,0,0.0,1.0,2026-08-22T06:39:40.000Z,2026-08-22T06:39:40.000Z
MusicInevitable8545,0.0,1.0,0,0,0.0,1.0,2026-08-20T12:16:33.000Z,2026-08-20T12:16:33.000Z
Musical_Scientist_,0.0,1.0,0,0,0.0,1.0,2026-08-26T17:08:14.000Z,2026-08-26T17:08:14.000Z
Muted_Zombie_3235,1.0,0.0,0,0,1.0,0.0,2026-08-22T07:43:36.029Z,2026-08-22T07:43:36.029Z
Mutekinomikey,1.0,2.0,0,0,1.0,2.0,2026-08-22T08:04:44.377Z,2026-08-22T08:09:54.000Z
MuttonRoll,0.0,1.0,0,0,0.0,1.0,2026-08-27T04:02:47.000Z,2026-08-27T04:02:47.000Z
MyLuvArsenal,0.0,1.0,0,0,0.0,1.0,2026-09-02T04:28:16.000Z,2026-09-02T04:28:16.000Z
My_Factstack,0.0,1.0,0,0,0.0,1.0,2026-08-20T07:14:09.000Z,2026-08-20T07:14:09.000Z
My_name_is_an0nym0us,0.0,1.0,0,0,0.0,1.0,2026-08-19T08:12:26.000Z,2026-08-19T08:12:26.000Z
MycologistPlayful248,0.0,1.0,0,0,0.0,1.0,2026-08-19T14:10:07.000Z,2026-08-19T14:10:07.000Z
MycologistVast7857,0.0,1.0,0,0,0.0,1.0,2026-08-18T19:42:03.000Z,2026-08-18T19:42:03.000Z
Mysterious-Lynx-5522,1.0,8.0,0,0,1.0,8.0,2026-08-20T10:06:33.082Z,2026-08-21T05:56:21.000Z
Mysterious-Volume880,1.0,0.0,0,0,1.0,0.0,2026-08-19T19:46:07.387Z,2026-08-19T19:46:07.387Z
Mysterious_Radio7852,0.0,1.0,0,0,0.0,1.0,2026-09-02T11:58:38.000Z,2026-09-02T11:58:38.000Z
Mysterious_Sign3829,0.0,1.0,0,0,0.0,1.0,2026-08-23T15:45:22.000Z,2026-08-23T15:45:22.000Z
Mysterious_Theory751,0.0,1.0,0,0,0.0,1.0,2026-08-21T11:53:23.000Z,2026-08-21T11:53:23.000Z
Mysterious_Tune_3529,1.0,7.0,0,0,1.0,7.0,2026-08-20T14:23:08.564Z,2026-08-22T20:41:30.000Z
Mysterious_Value_399,0.0,1.0,0,0,0.0,1.0,2026-08-23T08:30:46.000Z,2026-08-23T08:30:46.000Z
Mytolyt,1.0,3.0,0,0,1.0,3.0,2026-09-01T17:46:15.592Z,2026-09-01T21:23:13.000Z
N00bHunter69,0.0,7.0,0,0,0.0,7.0,2026-08-20T12:40:31.000Z,2026-09-01T17:44:38.000Z
N3rdg4m3r_,0.0,2.0,0,0,0.0,2.0,2026-08-25T00:00:54.000Z,2026-09-02T15:59:00.000Z
NINJAop_297,0.0,1.0,0,0,0.0,1.0,2026-08-21T07:48:08.000Z,2026-08-21T07:48:08.000Z
NITEROX,0.0,2.0,0,0,0.0,2.0,2026-08-18T18:04:42.000Z,2026-08-22T06:15:47.000Z
NOT_HeisenberG_47,0.0,1.0,0,0,0.0,1.0,2026-08-26T19:22:29.000Z,2026-08-26T19:22:29.000Z
NPC_in_a_sidequest,0.0,4.0,0,0,0.0,4.0,2026-08-25T18:55:34.000Z,2026-08-27T04:11:13.000Z
Nachtfalke7,0.0,5.0,0,0,0.0,5.0,2026-08-22T15:41:06.000Z,2026-08-24T13:17:34.000Z
Nah-crard,0.0,2.0,0,0,0.0,2.0,2026-08-22T03:30:51.000Z,2026-09-02T02:42:24.000Z
Naina_uwu,0.0,1.0,0,0,0.0,1.0,2026-08-20T09:33:17.000Z,2026-08-20T09:33:17.000Z
Nandoniche,0.0,5.0,0,0,0.0,5.0,2026-08-20T10:44:06.000Z,2026-08-26T15:16:25.000Z
Nard-Dog_22,0.0,1.0,0,0,0.0,1.0,2026-08-18T13:51:37.000Z,2026-08-18T13:51:37.000Z
Narkelnaru,3.0,5.0,0,0,3.0,5.0,2026-08-24T16:57:36.359Z,2026-09-01T14:59:06.307Z
Narrow-Ad980,0.0,1.0,0,0,0.0,1.0,2026-09-01T15:01:24.000Z,2026-09-01T15:01:24.000Z
Narrow-Company-2604,0.0,1.0,0,0,0.0,1.0,2026-08-27T03:32:22.000Z,2026-08-27T03:32:22.000Z
Narrow-Owl-1712,0.0,1.0,0,0,0.0,1.0,2026-08-25T15:03:39.000Z,2026-08-25T15:03:39.000Z
Narrow_Complaint8495,0.0,2.0,0,0,0.0,2.0,2026-08-18T14:05:18.000Z,2026-08-23T19:15:51.000Z
Narrow_Sky_6536,0.0,7.0,0,0,0.0,7.0,2026-08-19T23:46:14.000Z,2026-08-28T02:55:14.000Z
Narrow_Toe7672,0.0,1.0,0,0,0.0,1.0,2026-08-20T15:47:09.000Z,2026-08-20T15:47:09.000Z
NationalDebt2859,0.0,1.0,0,0,0.0,1.0,2026-08-18T14:51:53.000Z,2026-08-18T14:51:53.000Z
National_Initial_885,0.0,2.0,0,0,0.0,2.0,2026-08-31T20:28:27.000Z,2026-09-01T21:05:21.000Z
Natural-Month-777,0.0,1.0,0,0,0.0,1.0,2026-08-21T17:27:40.000Z,2026-08-21T17:27:40.000Z
NaturalDry2071,0.0,1.0,0,0,0.0,1.0,2026-08-21T16:33:36.000Z,2026-08-21T16:33:36.000Z
Natural_Sky3580,0.0,1.0,0,0,0.0,1.0,2026-09-02T15:29:37.000Z,2026-09-02T15:29:37.000Z
Naxie110,0.0,1.0,0,0,0.0,1.0,2026-08-20T20:55:11.000Z,2026-08-20T20:55:11.000Z
Ne_Ko,0.0,1.0,0,0,0.0,1.0,2026-08-26T18:21:58.000Z,2026-08-26T18:21:58.000Z
Nearby-Flounder6533,1.0,4.0,0,0,1.0,4.0,2026-09-01T12:54:54.373Z,2026-09-01T14:33:47.000Z
Nearby_Anywhere_,2.0,1.0,0,0,2.0,1.0,2026-08-24T08:51:48.595Z,2026-09-01T10:20:02.000Z
Nearby_Fisherman_485,1.0,3.0,0,0,1.0,3.0,2026-08-22T10:20:59.313Z,2026-08-22T13:48:16.000Z
Nearby_Spinach_4407,0.0,1.0,0,0,0.0,1.0,2026-08-19T01:58:06.000Z,2026-08-19T01:58:06.000Z
Neat_Principle_1358,0.0,1.0,0,0,0.0,1.0,2026-08-22T06:10:45.000Z,2026-08-22T06:10:45.000Z
NebulaNegative2242,1.0,7.0,0,0,1.0,7.0,2026-08-18T13:59:55.000Z,2026-09-01T11:37:18.000Z
Necessary-Cry8896,0.0,1.0,0,0,0.0,1.0,2026-08-25T19:46:00.000Z,2026-08-25T19:46:00.000Z
Necessary-Peanut3306,0.0,1.0,0,0,0.0,1.0,2026-08-21T03:27:22.000Z,2026-08-21T03:27:22.000Z
Necessary-Ruin8829,1.0,4.0,0,0,1.0,4.0,2026-08-25T18:01:36.696Z,2026-08-26T18:03:10.000Z
Necessary_Bank_378,0.0,1.0,0,0,0.0,1.0,2026-09-01T17:43:17.000Z,2026-09-01T17:43:17.000Z
NeckMany5372,1.0,0.0,0,0,1.0,0.0,2026-09-01T17:33:03.213Z,2026-09-01T17:33:03.213Z
Necrotic_tissue49,3.0,16.0,0,0,3.0,16.0,2026-08-21T07:25:23.000Z,2026-08-27T09:40:12.000Z
NefariousnessDue958,0.0,4.0,0,0,0.0,4.0,2026-08-20T11:38:02.000Z,2026-08-31T20:52:54.000Z
NefariousnessOne7206,0.0,1.0,0,0,0.0,1.0,2026-08-19T21:17:36.000Z,2026-08-19T21:17:36.000Z
Negasonic_Noob75,0.0,1.0,0,0,0.0,1.0,2026-08-22T15:01:47.000Z,2026-08-22T15:01:47.000Z
Negative-County-7318,0.0,1.0,0,0,0.0,1.0,2026-08-20T14:21:57.000Z,2026-08-20T14:21:57.000Z
Negative-Worker-749,0.0,1.0,0,0,0.0,1.0,2026-08-25T11:56:54.000Z,2026-08-25T11:56:54.000Z
Negative_Page_5903,0.0,2.0,0,0,0.0,2.0,2026-08-26T01:34:21.000Z,2026-08-26T02:06:56.000Z
NegotiationOk8100,0.0,8.0,0,0,0.0,8.0,2026-08-20T05:36:17.000Z,2026-08-27T09:34:43.000Z
NeilG_93,0.0,2.0,0,0,0.0,2.0,2026-09-02T10:10:45.000Z,2026-09-02T10:17:54.000Z
Neither-Decision2564,0.0,1.0,0,0,0.0,1.0,2026-08-27T19:06:53.000Z,2026-08-27T19:06:53.000Z
Neo_Artista,0.0,2.0,0,0,0.0,2.0,2026-08-18T16:51:31.000Z,2026-08-18T16:58:07.000Z
Neo_sunn,0.0,2.0,0,0,0.0,2.0,2026-08-22T17:18:02.000Z,2026-09-01T14:19:51.000Z
NeonThreadEntropy,0.0,2.0,0,0,0.0,2.0,2026-08-24T04:16:26.000Z,2026-08-25T11:52:14.000Z
NerfArnab,0.0,1.0,0,0,0.0,1.0,2026-08-21T07:37:09.000Z,2026-08-21T07:37:09.000Z
NerveExtra3572,0.0,1.0,0,0,0.0,1.0,2026-09-02T14:48:16.000Z,2026-09-02T14:48:16.000Z
Nervous-Coast-9302,1.0,0.0,0,0,1.0,0.0,2026-08-20T05:05:29.045Z,2026-08-20T05:05:29.045Z
Netaji_subhash,0.0,2.0,0,0,0.0,2.0,2026-08-18T13:58:12.000Z,2026-08-22T10:21:05.000Z
New-Chef4052,0.0,2.0,0,0,0.0,2.0,2026-08-20T02:27:45.000Z,2026-08-20T15:01:11.000Z
New-Play-2734,1.0,1.0,0,0,1.0,1.0,2026-08-20T08:53:36.196Z,2026-08-21T17:18:15.000Z
New-Power-2714,0.0,1.0,0,0,0.0,1.0,2026-08-25T08:43:37.000Z,2026-08-25T08:43:37.000Z
New-Subject-7152,0.0,2.0,0,0,0.0,2.0,2026-08-19T13:49:00.000Z,2026-08-20T08:31:32.000Z
NewConsideration146,1.0,0.0,0,0,1.0,0.0,2026-09-01T06:29:46.317Z,2026-09-01T06:29:46.317Z
New_Employ8510,0.0,2.0,0,0,0.0,2.0,2026-08-23T10:26:59.000Z,2026-09-02T04:38:58.000Z
New_Key3007,0.0,7.0,0,0,0.0,7.0,2026-08-19T04:32:34.000Z,2026-08-31T15:14:34.000Z
New_Needleworker845,0.0,1.0,0,0,0.0,1.0,2026-08-23T14:47:09.000Z,2026-08-23T14:47:09.000Z
NewspaperIll6570,0.0,1.0,0,0,0.0,1.0,2026-08-31T21:22:34.000Z,2026-08-31T21:22:34.000Z
Newvil450,1.0,45.0,0,0,1.0,45.0,2026-08-19T05:57:07.000Z,2026-09-02T13:29:21.000Z
Next-Swordfish9561,1.0,9.0,0,0,1.0,9.0,2026-08-19T08:54:26.000Z,2026-08-24T10:24:13.000Z
Next_Swan5006,0.0,1.0,0,0,0.0,1.0,2026-08-27T05:58:48.000Z,2026-08-27T05:58:48.000Z
Nghtcrwlrr,8.0,17.0,0,0,8.0,17.0,2026-08-19T18:08:01.858Z,2026-09-02T15:10:52.000Z
Nice-Bell-7670,0.0,1.0,0,0,0.0,1.0,2026-08-25T20:21:42.000Z,2026-08-25T20:21:42.000Z
Nice-Kaleidoscope284,0.0,2.0,0,0,0.0,2.0,2026-08-19T10:50:27.000Z,2026-08-19T11:40:21.000Z
Niggodzilla,0.0,2.0,0,0,0.0,2.0,2026-08-20T11:44:40.000Z,2026-09-01T12:45:03.000Z
Night-Storm,0.0,2.0,0,0,0.0,2.0,2026-08-25T16:29:42.000Z,2026-09-02T02:13:49.000Z
NightRyder19,0.0,1.0,0,0,0.0,1.0,2026-08-23T16:40:10.000Z,2026-08-23T16:40:10.000Z
NightmareThunder007,0.0,1.0,0,0,0.0,1.0,2026-08-24T13:32:52.000Z,2026-08-24T13:32:52.000Z
Nikko24k,1.0,0.0,0,0,1.0,0.0,2026-08-25T14:33:47.610Z,2026-08-25T14:33:47.610Z
Nilesh_69_,1.0,0.0,0,0,1.0,0.0,2026-08-23T12:27:19.596Z,2026-08-23T12:27:19.596Z
Ninca-,1.0,0.0,0,0,1.0,0.0,2026-09-01T18:40:18.491Z,2026-09-01T18:40:18.491Z
Ninja-Panda70,0.0,4.0,0,0,0.0,4.0,2026-08-18T14:05:22.000Z,2026-08-26T20:08:08.000Z
Nitrocellulose_404,0.0,2.0,0,0,0.0,2.0,2026-08-24T17:10:47.000Z,2026-09-01T08:16:22.000Z
No-Access-3651,0.0,1.0,0,0,0.0,1.0,2026-09-01T17:40:15.000Z,2026-09-01T17:40:15.000Z
No-Accountant-2016,0.0,1.0,0,0,0.0,1.0,2026-08-18T14:36:54.000Z,2026-08-18T14:36:54.000Z
No-Angle3316,0.0,2.0,0,0,0.0,2.0,2026-08-23T08:58:32.000Z,2026-08-23T08:59:40.000Z
No-Award1964,0.0,1.0,0,0,0.0,1.0,2026-08-20T15:30:31.000Z,2026-08-20T15:30:31.000Z
No-Cherry-114,0.0,1.0,0,0,0.0,1.0,2026-08-27T07:51:20.000Z,2026-08-27T07:51:20.000Z
No-Consequence5589,0.0,1.0,0,0,0.0,1.0,2026-08-24T18:47:09.000Z,2026-08-24T18:47:09.000Z
No-Door9343,2.0,2.0,0,0,2.0,2.0,2026-08-19T18:55:28.800Z,2026-08-26T14:01:00.226Z
No-Enthusiasm285,0.0,2.0,0,0,0.0,2.0,2026-08-18T21:21:56.000Z,2026-08-18T21:22:13.000Z
No-Essay-6827,0.0,2.0,0,0,0.0,2.0,2026-08-23T06:36:54.000Z,2026-08-26T20:55:11.000Z
No-Falcon9343,1.0,2.0,0,0,1.0,2.0,2026-08-20T02:34:51.088Z,2026-08-24T05:14:50.000Z
No-Guidance7699,0.0,1.0,0,0,0.0,1.0,2026-08-27T08:49:11.000Z,2026-08-27T08:49:11.000Z
No-Lack-4418,1.0,3.0,0,0,1.0,3.0,2026-08-26T04:25:57.134Z,2026-08-26T09:43:33.000Z
No-Ninja-8356,0.0,3.0,0,0,0.0,3.0,2026-08-20T16:14:21.000Z,2026-08-24T18:28:01.000Z
No-One8747,1.0,0.0,0,0,1.0,0.0,2026-08-21T13:58:16.770Z,2026-08-21T13:58:16.770Z
No-Opposite122,0.0,1.0,0,0,0.0,1.0,2026-08-24T10:39:12.000Z,2026-08-24T10:39:12.000Z
No-Pack6937,0.0,1.0,0,0,0.0,1.0,2026-08-21T08:53:55.000Z,2026-08-21T08:53:55.000Z
No-Pomelo-1551,1.0,2.0,0,0,1.0,2.0,2026-08-26T19:48:08.249Z,2026-08-26T21:00:14.000Z
No-Replacement6594,0.0,1.0,0,0,0.0,1.0,2026-08-24T16:01:02.000Z,2026-08-24T16:01:02.000Z
No-Rock-1635,0.0,1.0,0,0,0.0,1.0,2026-08-22T12:33:14.000Z,2026-08-22T12:33:14.000Z
No-Round6633,0.0,1.0,0,0,0.0,1.0,2026-08-27T16:09:16.000Z,2026-08-27T16:09:16.000Z
No-Rush1023,0.0,2.0,0,0,0.0,2.0,2026-08-20T13:38:32.000Z,2026-08-24T09:33:56.000Z
No-Sandwich9091,2.0,14.0,0,0,2.0,14.0,2026-08-20T03:42:23.338Z,2026-08-24T08:14:06.000Z
No-Significance9613,0.0,2.0,0,0,0.0,2.0,2026-08-21T07:07:36.000Z,2026-08-22T22:20:30.000Z
No-Smoke-9770,1.0,3.0,0,0,1.0,3.0,2026-08-21T17:02:03.241Z,2026-08-22T07:38:14.000Z
No-Snow971,2.0,0.0,0,0,2.0,0.0,2026-08-22T10:56:52.366Z,2026-08-25T05:12:04.026Z
No-Spread-8270,0.0,1.0,0,0,0.0,1.0,2026-08-20T16:30:29.000Z,2026-08-20T16:30:29.000Z
No-Swordfish-7057,0.0,1.0,0,0,0.0,1.0,2026-08-22T06:15:33.000Z,2026-08-22T06:15:33.000Z
No-Tea3820,0.0,2.0,0,0,0.0,2.0,2026-08-22T02:28:07.000Z,2026-08-25T08:29:33.000Z
No-Television3484,0.0,1.0,0,0,0.0,1.0,2026-08-27T08:06:33.000Z,2026-08-27T08:06:33.000Z
No-Variation5232,0.0,2.0,0,0,0.0,2.0,2026-08-26T17:01:01.000Z,2026-09-01T13:47:52.000Z
No-War-6159,0.0,1.0,0,0,0.0,1.0,2026-08-20T07:37:50.000Z,2026-08-20T07:37:50.000Z
No-Week-2471,0.0,1.0,0,0,0.0,1.0,2026-08-24T19:56:05.000Z,2026-08-24T19:56:05.000Z
No-Wolverine-71,0.0,1.0,0,0,0.0,1.0,2026-08-18T14:48:16.000Z,2026-08-18T14:48:16.000Z
No-Woodpecker7,0.0,1.0,0,0,0.0,1.0,2026-08-23T17:17:39.000Z,2026-08-23T17:17:39.000Z
No-Yoghurt-3377,1.0,1.0,0,0,1.0,1.0,2026-09-01T17:38:58.081Z,2026-09-01T17:48:37.000Z
No-Zookeepergame7022,0.0,1.0,0,0,0.0,1.0,2026-08-19T16:38:12.000Z,2026-08-19T16:38:12.000Z
NoAntelope3622,0.0,11.0,0,0,0.0,11.0,2026-08-19T11:31:13.000Z,2026-09-01T12:33:10.000Z
NoCollege168,0.0,8.0,0,0,0.0,8.0,2026-08-20T05:00:28.000Z,2026-08-26T18:03:47.000Z
NoGodsNoMastersOOO,0.0,50.0,0,0,0.0,50.0,2026-08-18T11:20:25.000Z,2026-09-02T14:14:07.000Z
NoLetterhead8694,0.0,1.0,0,0,0.0,1.0,2026-09-01T18:11:23.000Z,2026-09-01T18:11:23.000Z
NoListenToMe,0.0,1.0,0,0,0.0,1.0,2026-08-20T04:06:58.000Z,2026-08-20T04:06:58.000Z
NoObm_ster69koRg,0.0,1.0,0,0,0.0,1.0,2026-08-18T15:00:25.000Z,2026-08-18T15:00:25.000Z
NoReflection7410,0.0,1.0,0,0,0.0,1.0,2026-08-20T12:05:15.000Z,2026-08-20T12:05:15.000Z
No_Acanthaceae1540,0.0,1.0,0,0,0.0,1.0,2026-08-21T07:04:33.000Z,2026-08-21T07:04:33.000Z
No_Ad8511,0.0,2.0,0,0,0.0,2.0,2026-08-20T17:40:43.000Z,2026-09-01T14:19:14.000Z
No_Adhesiveness6898,0.0,1.0,0,0,0.0,1.0,2026-09-01T16:47:51.000Z,2026-09-01T16:47:51.000Z
No_Bite_2717,0.0,2.0,0,0,0.0,2.0,2026-08-23T06:36:36.000Z,2026-09-01T16:34:11.000Z
No_Challenge1243,0.0,1.0,0,0,0.0,1.0,2026-08-18T21:18:36.000Z,2026-08-18T21:18:36.000Z
No_Chapter_1426,0.0,1.0,0,0,0.0,1.0,2026-09-01T04:20:12.000Z,2026-09-01T04:20:12.000Z
No_Classroom_8967,0.0,1.0,0,0,0.0,1.0,2026-08-22T06:29:53.000Z,2026-08-22T06:29:53.000Z
No_Contract_8595,0.0,1.0,0,0,0.0,1.0,2026-08-22T06:56:04.000Z,2026-08-22T06:56:04.000Z
No_Distribution_1614,0.0,1.0,0,0,0.0,1.0,2026-08-18T14:55:49.000Z,2026-08-18T14:55:49.000Z
No_Economist_2795,0.0,5.0,0,0,0.0,5.0,2026-08-20T15:58:15.000Z,2026-09-01T08:20:35.000Z
No_Forever4137,0.0,1.0,0,0,0.0,1.0,2026-08-28T18:35:05.000Z,2026-08-28T18:35:05.000Z
No_Gur_1952,0.0,2.0,0,0,0.0,2.0,2026-08-23T13:12:57.000Z,2026-08-23T13:14:07.000Z
No_Importance_5763,0.0,2.0,0,0,0.0,2.0,2026-08-24T18:30:24.000Z,2026-08-25T10:10:39.000Z
No_Interaction_1828,0.0,1.0,0,0,0.0,1.0,2026-09-02T15:47:52.000Z,2026-09-02T15:47:52.000Z
No_Leave_467,0.0,1.0,0,0,0.0,1.0,2026-08-18T22:54:56.000Z,2026-08-18T22:54:56.000Z
No_Mathematician4225,1.0,2.0,0,0,1.0,2.0,2026-08-22T17:47:35.026Z,2026-08-23T07:00:12.000Z
No_Measurement_1100,0.0,1.0,0,0,0.0,1.0,2026-08-24T14:45:06.000Z,2026-08-24T14:45:06.000Z
No_Negotiation3583,0.0,1.0,0,0,0.0,1.0,2026-08-23T16:01:44.000Z,2026-08-23T16:01:44.000Z
No_Perception0OSat,0.0,3.0,0,0,0.0,3.0,2026-08-20T01:14:14.000Z,2026-08-22T01:30:26.000Z
No_Permission_7880,0.0,1.0,0,0,0.0,1.0,2026-09-02T08:36:27.000Z,2026-09-02T08:36:27.000Z
No_Perspective_2993,0.0,2.0,0,0,0.0,2.0,2026-08-21T15:32:43.000Z,2026-08-23T07:24:07.000Z
No_Philosopher1219,0.0,5.0,0,0,0.0,5.0,2026-08-25T18:05:11.000Z,2026-08-26T14:54:43.000Z
No_Plastic_3393,1.0,1.0,0,0,1.0,1.0,2026-08-24T04:58:40.851Z,2026-08-24T05:58:54.000Z
No_Programmer3213,4.0,25.0,0,0,4.0,25.0,2026-08-18T15:19:47.000Z,2026-08-25T08:25:31.000Z
No_Purple1856,1.0,0.0,0,0,1.0,0.0,2026-08-21T10:05:10.878Z,2026-08-21T10:05:10.878Z
No_Reference8868,0.0,1.0,0,0,0.0,1.0,2026-08-25T11:04:28.000Z,2026-08-25T11:04:28.000Z
No_Restaurant_8441,0.0,2.0,0,0,0.0,2.0,2026-08-20T14:56:32.000Z,2026-08-20T14:57:03.000Z
No_Revenue_4984,0.0,2.0,0,0,0.0,2.0,2026-09-01T15:58:49.000Z,2026-09-02T10:38:38.000Z
No_Run6339,0.0,1.0,0,0,0.0,1.0,2026-08-22T13:52:14.000Z,2026-08-22T13:52:14.000Z
No_Scientist6771,0.0,1.0,0,0,0.0,1.0,2026-08-19T03:39:37.000Z,2026-08-19T03:39:37.000Z
No_Shopping5672,0.0,4.0,0,0,0.0,4.0,2026-08-23T06:44:06.000Z,2026-09-01T12:53:08.000Z
No_Smell_1570,1.0,0.0,0,0,1.0,0.0,2026-08-21T16:32:28.540Z,2026-08-21T16:32:28.540Z
No_Spell_7317,0.0,1.0,0,0,0.0,1.0,2026-08-21T04:56:14.000Z,2026-08-21T04:56:14.000Z
No_Suit1868,0.0,1.0,0,0,0.0,1.0,2026-08-23T17:45:24.000Z,2026-08-23T17:45:24.000Z
No_Tap_8259,0.0,14.0,0,0,0.0,14.0,2026-08-20T08:35:45.000Z,2026-09-01T04:56:21.000Z
No_Taste_1080,0.0,2.0,0,0,0.0,2.0,2026-08-26T11:29:28.000Z,2026-08-26T17:42:32.000Z
No_Telephone_2710,0.0,2.0,0,0,0.0,2.0,2026-08-23T13:37:21.000Z,2026-09-01T08:37:52.000Z
No_Tie_505,2.0,1.0,0,0,2.0,1.0,2026-09-01T02:19:40.914Z,2026-09-02T10:30:31.602Z
No_Till3074,0.0,1.0,0,0,0.0,1.0,2026-08-25T14:34:59.000Z,2026-08-25T14:34:59.000Z
No_Understanding1485,0.0,2.0,0,0,0.0,2.0,2026-08-23T18:22:45.000Z,2026-09-02T08:40:27.000Z
No_Voice9968,0.0,1.0,0,0,0.0,1.0,2026-08-19T15:56:43.000Z,2026-08-19T15:56:43.000Z
No_Yak_5752,0.0,1.0,0,0,0.0,1.0,2026-08-23T12:36:39.000Z,2026-08-23T12:36:39.000Z
No_context_here_,0.0,9.0,0,0,0.0,9.0,2026-08-22T19:25:52.000Z,2026-08-26T10:43:39.000Z
Noisy_Boy309,0.0,1.0,0,0,0.0,1.0,2026-08-26T03:47:06.000Z,2026-08-26T03:47:06.000Z
Nomercymood7,0.0,2.0,0,0,0.0,2.0,2026-08-24T19:48:43.000Z,2026-08-25T18:59:14.000Z
Nonchalant225,3.0,2.0,0,0,3.0,2.0,2026-08-19T15:12:26.046Z,2026-09-03T04:43:37.803Z
Nonyabuizness,0.0,1.0,0,0,0.0,1.0,2026-09-02T03:56:45.000Z,2026-09-02T03:56:45.000Z
Nooob_Master_69420,0.0,1.0,0,0,0.0,1.0,2026-08-26T12:50:21.000Z,2026-08-26T12:50:21.000Z
NordicNomad07,1.0,1.0,0,0,1.0,1.0,2026-08-20T19:14:18.000Z,2026-08-20T19:17:38.215Z
NormalPassenger3003,0.0,1.0,0,0,0.0,1.0,2026-08-22T15:28:18.000Z,2026-08-22T15:28:18.000Z
Normie-Person,0.0,1.0,0,0,0.0,1.0,2026-09-02T16:09:19.000Z,2026-09-02T16:09:19.000Z
Not-a-doctor-77,4.0,7.0,0,0,4.0,7.0,2026-08-19T06:13:29.648Z,2026-08-27T06:26:33.000Z
NotGeek21,0.0,3.0,0,0,0.0,3.0,2026-08-19T14:10:05.000Z,2026-08-22T06:31:10.000Z
NotGreenRaptor,0.0,2.0,0,0,0.0,2.0,2026-08-25T11:47:36.000Z,2026-08-27T07:09:19.000Z
NotSoRoyalBlue101,0.0,2.0,0,0,0.0,2.0,2026-08-26T12:14:11.000Z,2026-08-27T10:29:18.000Z
NotTheAbhi,0.0,7.0,0,0,0.0,7.0,2026-08-19T17:35:27.000Z,2026-08-27T08:41:06.000Z
Not_Chill_GuY,0.0,1.0,0,0,0.0,1.0,2026-08-18T16:59:40.000Z,2026-08-18T16:59:40.000Z
Not_feeling_112,0.0,5.0,0,0,0.0,5.0,2026-08-26T12:58:34.000Z,2026-08-27T06:39:43.000Z
Not_the_mischief,0.0,1.0,0,0,0.0,1.0,2026-08-21T23:48:26.000Z,2026-08-21T23:48:26.000Z
Not_the_seller,1.0,3.0,0,0,1.0,3.0,2026-08-26T07:37:12.440Z,2026-08-26T08:32:41.000Z
NotyourKhaleesi1704,0.0,5.0,0,0,0.0,5.0,2026-08-21T08:31:28.000Z,2026-09-02T07:22:43.000Z
Novel_Program_2003,1.0,1.0,0,0,1.0,1.0,2026-08-23T08:59:47.293Z,2026-08-23T09:03:56.000Z
Numerous-Acadia7626,0.0,1.0,0,0,0.0,1.0,2026-08-19T10:29:07.000Z,2026-08-19T10:29:07.000Z
Numerous-Passenger18,0.0,2.0,0,0,0.0,2.0,2026-08-24T08:26:32.000Z,2026-08-25T15:47:57.000Z
Numerous-Stay7596,1.0,1.0,0,0,1.0,1.0,2026-08-26T14:42:39.003Z,2026-08-26T21:25:00.000Z
NumerousAd5239,0.0,1.0,0,0,0.0,1.0,2026-09-01T03:52:55.000Z,2026-09-01T03:52:55.000Z
NumerousSource94,0.0,1.0,0,0,0.0,1.0,2026-08-26T12:59:32.000Z,2026-08-26T12:59:32.000Z
Numerous_Cry_6013,0.0,7.0,0,0,0.0,7.0,2026-08-19T08:43:21.000Z,2026-08-25T07:14:30.000Z
NurturingMaster,0.0,1.0,0,0,0.0,1.0,2026-09-01T05:52:38.000Z,2026-09-01T05:52:38.000Z
OGjacks,0.0,2.0,0,0,0.0,2.0,2026-08-24T12:00:58.000Z,2026-09-01T08:35:05.000Z
OUTTANOWHERE16,0.0,1.0,0,0,0.0,1.0,2026-08-18T14:37:21.000Z,2026-08-18T14:37:21.000Z
Oathtaker_69,0.0,5.0,0,0,0.0,5.0,2026-08-20T12:02:20.000Z,2026-08-26T15:45:12.000Z
Oberherr_des_Ostens,1.0,0.0,0,0,1.0,0.0,2026-08-22T06:07:55.097Z,2026-08-22T06:07:55.097Z
ObitoUchiha1008,0.0,5.0,0,0,0.0,5.0,2026-08-25T07:40:53.000Z,2026-09-01T11:03:10.000Z
Objective-Bet2866,0.0,2.0,0,0,0.0,2.0,2026-08-19T13:47:46.000Z,2026-08-21T20:29:36.000Z
Objective-Chest9922,0.0,2.0,0,0,0.0,2.0,2026-08-23T10:00:11.000Z,2026-08-23T15:04:25.000Z
Objective-Fan-7640,0.0,1.0,0,0,0.0,1.0,2026-08-25T13:37:40.000Z,2026-08-25T13:37:40.000Z
Objective-Moment9443,0.0,1.0,0,0,0.0,1.0,2026-08-26T12:15:18.000Z,2026-08-26T12:15:18.000Z
Objective-Policy8509,1.0,1.0,0,0,1.0,1.0,2026-09-01T09:59:49.646Z,2026-09-02T03:33:26.000Z
ObjectiveSalad2940,1.0,1.0,0,0,1.0,1.0,2026-08-20T12:26:14.000Z,2026-08-23T03:38:18.169Z
ObjectiveSwimmer23,0.0,1.0,0,0,0.0,1.0,2026-08-20T10:11:35.000Z,2026-08-20T10:11:35.000Z
Objective_Dig_8453,0.0,11.0,0,0,0.0,11.0,2026-08-22T15:28:35.000Z,2026-09-01T12:57:04.000Z
Objective_Froyo1710,0.0,1.0,0,0,0.0,1.0,2026-08-23T21:25:32.000Z,2026-08-23T21:25:32.000Z
Objective_Size_8385,0.0,1.0,0,0,0.0,1.0,2026-08-22T08:39:21.000Z,2026-08-22T08:39:21.000Z
Obsecure_Entity,0.0,1.0,0,0,0.0,1.0,2026-08-23T14:54:02.000Z,2026-08-23T14:54:02.000Z
ObservationUnderway,0.0,1.0,0,0,0.0,1.0,2026-08-23T09:31:21.000Z,2026-08-23T09:31:21.000Z
Observer510,0.0,1.0,0,0,0.0,1.0,2026-08-28T02:47:32.000Z,2026-08-28T02:47:32.000Z
Obvious-Leadership13,0.0,1.0,0,0,0.0,1.0,2026-08-27T01:36:11.000Z,2026-08-27T01:36:11.000Z
Obvious-Neat6005,0.0,2.0,0,0,0.0,2.0,2026-08-18T17:17:02.000Z,2026-09-01T04:08:50.000Z
Obvious_Soft4655,0.0,1.0,0,0,0.0,1.0,2026-08-20T17:57:16.000Z,2026-08-20T17:57:16.000Z
OccassionalVisiter,0.0,1.0,0,0,0.0,1.0,2026-08-26T18:56:32.000Z,2026-08-26T18:56:32.000Z
Odd-Exercise6594,0.0,1.0,0,0,0.0,1.0,2026-08-30T15:24:57.000Z,2026-08-30T15:24:57.000Z
Odd-Perspective7514,0.0,1.0,0,0,0.0,1.0,2026-08-26T19:32:03.000Z,2026-08-26T19:32:03.000Z
Odd_Garlic_4363,0.0,12.0,0,0,0.0,12.0,2026-08-20T07:43:43.000Z,2026-09-02T03:14:31.000Z
Odd_Good6610,0.0,1.0,0,0,0.0,1.0,2026-09-02T15:29:35.000Z,2026-09-02T15:29:35.000Z
Odd_Macaron_3000,0.0,3.0,0,0,0.0,3.0,2026-09-01T14:07:24.000Z,2026-09-02T12:01:45.000Z
Odd_Parking2520,0.0,2.0,0,0,0.0,2.0,2026-08-20T05:21:59.000Z,2026-08-22T06:56:40.000Z
Odd_Scheme_711,1.0,2.0,0,0,1.0,2.0,2026-09-01T13:09:01.968Z,2026-09-01T13:55:02.000Z
Odd_Studio3149,0.0,1.0,0,0,0.0,1.0,2026-08-23T12:48:13.000Z,2026-08-23T12:48:13.000Z
Odd_Yogurtcloset7072,0.0,1.0,0,0,0.0,1.0,2026-08-18T15:56:07.000Z,2026-08-18T15:56:07.000Z
Oddly_odd_even,1.0,0.0,0,0,1.0,0.0,2026-08-21T15:32:33.457Z,2026-08-21T15:32:33.457Z
OffbeatVector_,0.0,1.0,0,0,0.0,1.0,2026-08-19T16:30:17.000Z,2026-08-19T16:30:17.000Z
OftenDead_Bong,0.0,1.0,0,0,0.0,1.0,2026-08-24T03:29:03.000Z,2026-08-24T03:29:03.000Z
OhAnthonio,0.0,1.0,0,0,0.0,1.0,2026-09-01T06:33:44.000Z,2026-09-01T06:33:44.000Z
Ok-Atmosphere1719,0.0,2.0,0,0,0.0,2.0,2026-08-25T08:09:33.000Z,2026-08-26T07:40:20.000Z
Ok-Brain-1681,0.0,3.0,0,0,0.0,3.0,2026-08-22T04:01:52.000Z,2026-08-27T10:45:06.000Z
Ok-Case9520,2.0,48.0,0,0,2.0,48.0,2026-08-19T14:17:56.000Z,2026-09-02T15:25:13.000Z
Ok-Community5594,0.0,2.0,0,0,0.0,2.0,2026-08-23T08:49:41.000Z,2026-08-24T14:43:42.000Z
Ok-Department-4131,0.0,1.0,0,0,0.0,1.0,2026-09-01T18:38:09.000Z,2026-09-01T18:38:09.000Z
Ok-Dragonfly9918,0.0,1.0,0,0,0.0,1.0,2026-08-18T13:59:43.000Z,2026-08-18T13:59:43.000Z
Ok-Error1985,0.0,1.0,0,0,0.0,1.0,2026-08-19T11:48:37.000Z,2026-08-19T11:48:37.000Z
Ok-Evidence4907,0.0,2.0,0,0,0.0,2.0,2026-08-21T05:56:40.000Z,2026-08-25T05:58:57.000Z
Ok-Exam-3110,0.0,1.0,0,0,0.0,1.0,2026-08-19T20:19:21.000Z,2026-08-19T20:19:21.000Z
Ok-Flan9001,0.0,1.0,0,0,0.0,1.0,2026-08-20T19:43:22.000Z,2026-08-20T19:43:22.000Z
Ok-Flow-9917,0.0,4.0,0,0,0.0,4.0,2026-08-23T10:45:29.000Z,2026-09-01T09:16:31.000Z
Ok-Guarantee2075,0.0,1.0,0,0,0.0,1.0,2026-08-18T17:30:07.000Z,2026-08-18T17:30:07.000Z
Ok-Independent6534,0.0,2.0,0,0,0.0,2.0,2026-08-18T18:22:37.000Z,2026-08-20T04:11:07.000Z
Ok-Jellyfish-4243,0.0,2.0,0,0,0.0,2.0,2026-08-26T08:36:27.000Z,2026-09-02T10:16:15.000Z
Ok-Jellyfisshh,0.0,1.0,0,0,0.0,1.0,2026-08-19T18:41:57.000Z,2026-08-19T18:41:57.000Z
Ok-Lifeguard1211,0.0,1.0,0,0,0.0,1.0,2026-08-27T06:12:36.000Z,2026-08-27T06:12:36.000Z
Ok-Magazine7744,0.0,4.0,0,0,0.0,4.0,2026-08-19T15:27:05.000Z,2026-09-01T18:51:00.000Z
Ok-Mistake8848,0.0,1.0,0,0,0.0,1.0,2026-08-23T07:13:37.000Z,2026-08-23T07:13:37.000Z
Ok-Nectarine-2925,0.0,3.0,0,0,0.0,3.0,2026-09-01T20:30:26.000Z,2026-09-01T20:35:12.000Z
Ok-Novel-5001,0.0,3.0,0,0,0.0,3.0,2026-08-24T03:05:15.000Z,2026-09-01T18:01:07.000Z
Ok-Panda0702,0.0,2.0,0,0,0.0,2.0,2026-08-22T18:26:14.000Z,2026-08-23T16:58:47.000Z
Ok-Philosophy-434,0.0,1.0,0,0,0.0,1.0,2026-08-24T11:08:42.000Z,2026-08-24T11:08:42.000Z
Ok-Result-1769,0.0,3.0,0,0,0.0,3.0,2026-08-25T15:49:46.000Z,2026-08-27T05:44:03.000Z
Ok-Sea-Try-3903,0.0,2.0,0,0,0.0,2.0,2026-08-23T14:20:39.000Z,2026-08-31T13:09:06.000Z
Ok-Tumbleweed197,0.0,1.0,0,0,0.0,1.0,2026-08-21T07:18:23.000Z,2026-08-21T07:18:23.000Z
Ok-Visit6553,0.0,1.0,0,0,0.0,1.0,2026-08-27T16:58:52.000Z,2026-08-27T16:58:52.000Z
Ok-Web-1297,0.0,1.0,0,0,0.0,1.0,2026-08-20T12:15:19.000Z,2026-08-20T12:15:19.000Z
Ok-Yak4560,0.0,1.0,0,0,0.0,1.0,2026-08-27T04:28:46.000Z,2026-08-27T04:28:46.000Z
OkAstronomer6359,0.0,4.0,0,0,0.0,4.0,2026-08-24T09:46:53.000Z,2026-08-25T17:31:58.000Z
OkConsequence8924,0.0,1.0,0,0,0.0,1.0,2026-08-25T19:26:14.000Z,2026-08-25T19:26:14.000Z
OkCranberry7013,1.0,2.0,0,0,1.0,2.0,2026-08-21T08:22:55.000Z,2026-09-02T15:57:37.000Z
OkEmployer1335,0.0,2.0,0,0,0.0,2.0,2026-08-18T13:46:11.000Z,2026-08-22T19:31:37.000Z
OkHost5098,0.0,1.0,0,0,0.0,1.0,2026-08-23T11:19:41.000Z,2026-08-23T11:19:41.000Z
OkMarch4632,1.0,5.0,0,0,1.0,5.0,2026-08-24T06:35:41.000Z,2026-08-26T20:16:35.000Z
OkMoney5275,0.0,1.0,0,0,0.0,1.0,2026-08-25T05:09:56.000Z,2026-08-25T05:09:56.000Z
OkReception1382,0.0,1.0,0,0,0.0,1.0,2026-08-25T10:03:50.000Z,2026-08-25T10:03:50.000Z
OkScientist8989,0.0,1.0,0,0,0.0,1.0,2026-08-26T21:53:19.000Z,2026-08-26T21:53:19.000Z
Ok_Bat3833,0.0,10.0,0,0,0.0,10.0,2026-08-23T15:26:02.000Z,2026-08-27T15:43:01.000Z
Ok_Bluebird2143,1.0,3.0,0,0,1.0,3.0,2026-09-01T17:57:02.358Z,2026-09-01T18:37:27.000Z
Ok_Broccoli_998,0.0,1.0,0,0,0.0,1.0,2026-08-20T13:51:13.000Z,2026-08-20T13:51:13.000Z
Ok_Case_1326,1.0,3.0,0,0,1.0,3.0,2026-08-21T12:16:19.000Z,2026-08-26T06:55:16.000Z
Ok_Cellist_1862,0.0,1.0,0,0,0.0,1.0,2026-08-18T19:13:05.000Z,2026-08-18T19:13:05.000Z
Ok_Combination2196,2.0,9.0,0,0,2.0,9.0,2026-08-20T09:33:37.000Z,2026-08-24T20:32:10.000Z
Ok_Day_5499,0.0,1.0,0,0,0.0,1.0,2026-08-19T17:29:04.000Z,2026-08-19T17:29:04.000Z
Ok_Deer9109,0.0,1.0,0,0,0.0,1.0,2026-08-22T14:43:31.000Z,2026-08-22T14:43:31.000Z
Ok_Echidna6042,0.0,1.0,0,0,0.0,1.0,2026-08-20T17:25:24.000Z,2026-08-20T17:25:24.000Z
Ok_Entertainer_3949,0.0,2.0,0,0,0.0,2.0,2026-08-24T15:43:50.000Z,2026-08-26T11:37:35.000Z
Ok_Fishing_772,0.0,2.0,0,0,0.0,2.0,2026-08-21T10:01:43.000Z,2026-08-26T17:45:43.000Z
Ok_Gene_1837,0.0,1.0,0,0,0.0,1.0,2026-08-24T18:56:23.000Z,2026-08-24T18:56:23.000Z
Ok_Goat_2686,0.0,1.0,0,0,0.0,1.0,2026-08-25T06:39:28.000Z,2026-08-25T06:39:28.000Z
Ok_Illustrator1504,0.0,1.0,0,0,0.0,1.0,2026-08-27T12:29:39.000Z,2026-08-27T12:29:39.000Z
Ok_Interview_8497,0.0,1.0,0,0,0.0,1.0,2026-08-21T19:10:36.000Z,2026-08-21T19:10:36.000Z
Ok_Law_8097,0.0,1.0,0,0,0.0,1.0,2026-09-02T10:02:18.000Z,2026-09-02T10:02:18.000Z
Ok_Let9403,0.0,1.0,0,0,0.0,1.0,2026-08-18T16:52:37.000Z,2026-08-18T16:52:37.000Z
Ok_Masterpiece_7551,0.0,1.0,0,0,0.0,1.0,2026-08-22T04:08:56.000Z,2026-08-22T04:08:56.000Z
Ok_Mathematician3831,1.0,17.0,0,0,1.0,17.0,2026-08-23T07:25:11.000Z,2026-08-26T17:11:28.000Z
Ok_Medium_2189,0.0,1.0,0,0,0.0,1.0,2026-08-21T03:42:43.000Z,2026-08-21T03:42:43.000Z
Ok_Membership7522,1.0,7.0,0,0,1.0,7.0,2026-08-24T07:23:37.000Z,2026-09-01T10:49:09.000Z
Ok_Owl_3680,1.0,2.0,0,0,1.0,2.0,2026-08-26T13:02:31.500Z,2026-09-02T13:36:55.000Z
Ok_Penalty_2315,0.0,2.0,0,0,0.0,2.0,2026-08-19T11:27:52.000Z,2026-08-27T07:53:49.000Z
Ok_Perspective8284,0.0,1.0,0,0,0.0,1.0,2026-08-27T07:11:44.000Z,2026-08-27T07:11:44.000Z
Ok_Philosopher992,1.0,0.0,0,0,1.0,0.0,2026-08-25T14:41:55.217Z,2026-08-25T14:41:55.217Z
Ok_Pie_9015,0.0,1.0,0,0,0.0,1.0,2026-09-02T15:54:40.000Z,2026-09-02T15:54:40.000Z
Ok_Position_1758,0.0,1.0,0,0,0.0,1.0,2026-08-27T06:14:21.000Z,2026-08-27T06:14:21.000Z
Ok_Purple_2503,0.0,1.0,0,0,0.0,1.0,2026-08-19T18:07:09.000Z,2026-08-19T18:07:09.000Z
Ok_Quality1980,0.0,5.0,0,0,0.0,5.0,2026-08-22T17:40:05.000Z,2026-09-01T18:22:27.000Z
Ok_Record_2358,0.0,1.0,0,0,0.0,1.0,2026-08-27T04:33:36.000Z,2026-08-27T04:33:36.000Z
Ok_Recover5960,0.0,1.0,0,0,0.0,1.0,2026-08-23T07:59:38.000Z,2026-08-23T07:59:38.000Z
Ok_Release_4916,1.0,3.0,0,0,1.0,3.0,2026-08-21T02:39:11.000Z,2026-08-31T11:49:14.000Z
Ok_Requirement_8936,2.0,6.0,0,0,2.0,6.0,2026-08-20T03:58:48.557Z,2026-09-02T17:06:47.000Z
Ok_Sir9926,0.0,2.0,0,0,0.0,2.0,2026-08-21T09:20:05.000Z,2026-08-21T09:21:48.000Z
Ok_Wrongdoer9526,1.0,1.0,0,0,1.0,1.0,2026-08-24T13:00:25.633Z,2026-08-24T13:25:24.000Z
Ok_You7033,0.0,2.0,0,0,0.0,2.0,2026-09-02T11:36:43.000Z,2026-09-02T12:01:37.000Z
Old-Caregiver8639,0.0,3.0,0,0,0.0,3.0,2026-08-24T09:45:53.000Z,2026-09-01T10:30:06.000Z
Old-Citron9524,0.0,1.0,0,0,0.0,1.0,2026-08-22T19:42:22.000Z,2026-08-22T19:42:22.000Z
Old-Confection-8483,0.0,6.0,0,0,0.0,6.0,2026-08-19T04:18:20.000Z,2026-09-02T04:19:17.000Z
Old-Detective4,0.0,1.0,0,0,0.0,1.0,2026-08-26T18:35:08.000Z,2026-08-26T18:35:08.000Z
Old-Professional2821,0.0,2.0,0,0,0.0,2.0,2026-08-20T03:13:46.000Z,2026-08-25T19:30:36.000Z
Old-Spell-84,0.0,1.0,0,0,0.0,1.0,2026-08-27T06:31:24.000Z,2026-08-27T06:31:24.000Z
Old-Succotash-8870,0.0,1.0,0,0,0.0,1.0,2026-08-21T07:33:40.000Z,2026-08-21T07:33:40.000Z
Old-Unit7,0.0,1.0,0,0,0.0,1.0,2026-08-18T13:59:15.000Z,2026-08-18T13:59:15.000Z
Old-boy-96,0.0,1.0,0,0,0.0,1.0,2026-08-25T12:35:37.000Z,2026-08-25T12:35:37.000Z
OldAlbatross2001,1.0,4.0,0,0,1.0,4.0,2026-08-20T06:16:11.000Z,2026-08-27T06:53:31.000Z
Old_Kolkata,0.0,1.0,0,0,0.0,1.0,2026-08-20T03:29:42.000Z,2026-08-20T03:29:42.000Z
Old_Operation_9022,0.0,1.0,0,0,0.0,1.0,2026-08-24T09:14:59.000Z,2026-08-24T09:14:59.000Z
Old_Training5723,0.0,1.0,0,0,0.0,1.0,2026-08-23T15:18:28.000Z,2026-08-23T15:18:28.000Z
Omegaaaaman,0.0,1.0,0,0,0.0,1.0,2026-08-25T16:17:58.000Z,2026-08-25T16:17:58.000Z
Omni_Das,0.0,2.0,0,0,0.0,2.0,2026-08-27T08:19:01.000Z,2026-08-27T08:20:30.000Z
One-Examination3430,0.0,1.0,0,0,0.0,1.0,2026-08-19T10:48:27.000Z,2026-08-19T10:48:27.000Z
One_Assumption3459,0.0,2.0,0,0,0.0,2.0,2026-08-24T03:12:01.000Z,2026-08-26T19:48:13.000Z
One_Barracuda_7699,0.0,1.0,0,0,0.0,1.0,2026-08-24T00:50:41.000Z,2026-08-24T00:50:41.000Z
One_Contribution5184,0.0,1.0,0,0,0.0,1.0,2026-08-20T08:56:45.000Z,2026-08-20T08:56:45.000Z
One_Cycle7795,0.0,2.0,0,0,0.0,2.0,2026-08-23T09:02:51.000Z,2026-08-27T06:50:14.000Z
One_Structure3806,0.0,1.0,0,0,0.0,1.0,2026-08-20T07:03:41.000Z,2026-08-20T07:03:41.000Z
One_Study_3154,0.0,1.0,0,0,0.0,1.0,2026-08-18T15:16:21.000Z,2026-08-18T15:16:21.000Z
One_Towel8373,0.0,3.0,0,0,0.0,3.0,2026-08-21T21:32:40.000Z,2026-08-27T12:29:17.000Z
OnlineHelpSeeker,0.0,5.0,0,0,0.0,5.0,2026-08-20T13:23:29.000Z,2026-09-02T15:32:16.000Z
Only-Banana-9546,0.0,1.0,0,0,0.0,1.0,2026-08-19T04:41:12.000Z,2026-08-19T04:41:12.000Z
Only-Rise5486,0.0,1.0,0,0,0.0,1.0,2026-08-23T04:21:08.000Z,2026-08-23T04:21:08.000Z
OnlyArmadillo5923,0.0,5.0,0,0,0.0,5.0,2026-08-18T14:19:21.000Z,2026-08-25T19:48:54.000Z
Only_ITR_No_Bakwas,0.0,1.0,0,0,0.0,1.0,2026-08-20T18:02:54.000Z,2026-08-20T18:02:54.000Z
Open-Average6705,0.0,1.0,0,0,0.0,1.0,2026-08-24T13:39:13.000Z,2026-08-24T13:39:13.000Z
OpenKeyArt,0.0,1.0,0,0,0.0,1.0,2026-08-21T21:44:37.000Z,2026-08-21T21:44:37.000Z
Open_Conversation178,0.0,1.0,0,0,0.0,1.0,2026-08-25T16:42:18.000Z,2026-08-25T16:42:18.000Z
Opening-Cup1019,1.0,1.0,0,0,1.0,1.0,2026-09-02T14:54:05.911Z,2026-09-02T15:03:31.000Z
Opening-Wheel9876,0.0,2.0,0,0,0.0,2.0,2026-08-24T19:42:32.000Z,2026-08-25T19:59:46.000Z
OperationMaximum9258,0.0,1.0,0,0,0.0,1.0,2026-08-23T10:16:34.000Z,2026-08-23T10:16:34.000Z
Opposite-Emergency64,0.0,1.0,0,0,0.0,1.0,2026-08-26T17:33:53.000Z,2026-08-26T17:33:53.000Z
Opposite-Reporter695,2.0,16.0,0,0,2.0,16.0,2026-08-20T13:41:02.523Z,2026-09-02T15:08:18.000Z
Opposite_Ad_1137,1.0,0.0,0,0,1.0,0.0,2026-09-01T08:20:14.500Z,2026-09-01T08:20:14.500Z
Optimal_Ad8613,1.0,11.0,0,0,1.0,11.0,2026-08-19T09:56:38.000Z,2026-08-27T08:23:13.000Z
Optimal_Map36,0.0,1.0,0,0,0.0,1.0,2026-09-02T11:02:39.000Z,2026-09-02T11:02:39.000Z
OptimusCrime933911,0.0,4.0,0,0,0.0,4.0,2026-08-21T10:43:20.000Z,2026-08-27T09:47:34.000Z
Oracle_007,0.0,1.0,0,0,0.0,1.0,2026-08-24T22:46:13.000Z,2026-08-24T22:46:13.000Z
OrangeAshamed2793,0.0,3.0,0,0,0.0,3.0,2026-08-19T09:06:01.000Z,2026-08-19T21:29:02.000Z
OrangeThink3917,0.0,2.0,0,0,0.0,2.0,2026-08-22T07:26:59.000Z,2026-08-27T12:41:57.000Z
OrderKey6330,0.0,3.0,0,0,0.0,3.0,2026-08-23T05:38:35.000Z,2026-08-26T18:35:25.000Z
Ordinary-Hurry3156,1.0,0.0,0,0,1.0,0.0,2026-08-24T10:50:34.931Z,2026-08-24T10:50:34.931Z
Ordinary-Number-6706,0.0,1.0,0,0,0.0,1.0,2026-08-24T14:06:57.000Z,2026-08-24T14:06:57.000Z
Ordinary-guy-001,0.0,1.0,0,0,0.0,1.0,2026-08-29T10:44:08.000Z,2026-08-29T10:44:08.000Z
OrdinaryAssociate881,0.0,1.0,0,0,0.0,1.0,2026-08-18T15:13:21.000Z,2026-08-18T15:13:21.000Z
Organic-Tune2295,0.0,1.0,0,0,0.0,1.0,2026-08-25T21:40:59.000Z,2026-08-25T21:40:59.000Z
Organic_Rice6202,1.0,1.0,0,0,1.0,1.0,2026-08-23T05:47:12.345Z,2026-08-23T06:02:15.000Z
Original_Agency_6669,0.0,1.0,0,0,0.0,1.0,2026-08-25T07:00:02.000Z,2026-08-25T07:00:02.000Z
Ornery-Committee246,0.0,1.0,0,0,0.0,1.0,2026-08-24T11:02:42.000Z,2026-08-24T11:02:42.000Z
Oru_Vadakkan,0.0,1.0,0,0,0.0,1.0,2026-08-27T14:44:01.000Z,2026-08-27T14:44:01.000Z
Otherwise-Comb7916,1.0,3.0,0,0,1.0,3.0,2026-08-25T12:20:59.941Z,2026-08-25T12:50:28.000Z
Otherwise_Advice_468,0.0,1.0,0,0,0.0,1.0,2026-08-23T06:29:26.000Z,2026-08-23T06:29:26.000Z
Otherwise_Passion_48,0.0,1.0,0,0,0.0,1.0,2026-08-19T04:05:31.000Z,2026-08-19T04:05:31.000Z
OutShotKillShot,0.0,1.0,0,0,0.0,1.0,2026-08-26T15:28:46.000Z,2026-08-26T15:28:46.000Z
Outrageous-Goose1001,0.0,1.0,0,0,0.0,1.0,2026-08-26T08:19:41.000Z,2026-08-26T08:19:41.000Z
Outrageous-Nerve8551,0.0,1.0,0,0,0.0,1.0,2026-08-18T14:27:56.000Z,2026-08-18T14:27:56.000Z
Outrageous-Proof7931,1.0,0.0,0,0,1.0,0.0,2026-09-02T21:45:22.630Z,2026-09-02T21:45:22.630Z
Outrageous-Rent-9060,0.0,1.0,0,0,0.0,1.0,2026-08-27T07:58:07.000Z,2026-08-27T07:58:07.000Z
Outrageous-Ring2906,0.0,4.0,0,0,0.0,4.0,2026-08-22T06:25:00.000Z,2026-09-02T06:19:02.000Z
Outrageous-Royal-497,0.0,3.0,0,0,0.0,3.0,2026-08-20T02:14:24.000Z,2026-09-01T13:48:40.000Z
OutrageousGaze,0.0,2.0,0,0,0.0,2.0,2026-08-26T14:29:04.000Z,2026-08-28T02:25:01.000Z
OutrageousPhonix2636,0.0,1.0,0,0,0.0,1.0,2026-08-27T07:27:12.000Z,2026-08-27T07:27:12.000Z
Outrageous_Pen_5165,0.0,14.0,0,0,0.0,14.0,2026-08-19T06:01:47.000Z,2026-08-27T06:10:46.000Z
Outrageous_Salad5500,0.0,3.0,0,0,0.0,3.0,2026-09-01T17:05:27.000Z,2026-09-02T14:28:47.000Z
Outrageous_Steak9813,0.0,2.0,0,0,0.0,2.0,2026-08-24T02:55:03.000Z,2026-08-24T02:58:53.000Z
OutsideSurprise1674,1.0,1.0,0,0,1.0,1.0,2026-08-25T20:37:53.507Z,2026-08-25T20:41:22.000Z
OutsideSwimming970,0.0,1.0,0,0,0.0,1.0,2026-08-26T06:41:05.000Z,2026-08-26T06:41:05.000Z
Outside_Bowler8148,0.0,2.0,0,0,0.0,2.0,2026-08-22T15:56:11.000Z,2026-08-27T04:14:20.000Z
Outside_Pen7224,1.0,4.0,0,0,1.0,4.0,2026-08-20T16:31:17.625Z,2026-08-20T17:14:52.000Z
Outspoken_Infantry04,0.0,2.0,0,0,0.0,2.0,2026-09-01T15:46:12.000Z,2026-09-02T16:02:36.000Z
Over-Body3761,2.0,3.0,0,0,2.0,3.0,2026-08-19T21:46:12.000Z,2026-08-23T09:10:45.847Z
Over-Letterhead7051,1.0,8.0,0,0,1.0,8.0,2026-08-22T06:10:28.000Z,2026-08-26T05:47:15.000Z
Over_Analytics,0.0,1.0,0,0,0.0,1.0,2026-08-22T01:45:07.000Z,2026-08-22T01:45:07.000Z
Over_Day_2869,0.0,1.0,0,0,0.0,1.0,2026-08-27T07:26:37.000Z,2026-08-27T07:26:37.000Z
Over_Pea_2027,1.0,4.0,0,0,1.0,4.0,2026-08-19T19:30:07.000Z,2026-08-24T15:47:30.000Z
Over_Scallion3852,0.0,1.0,0,0,0.0,1.0,2026-08-27T07:40:15.000Z,2026-08-27T07:40:15.000Z
Overall-Ear-475,0.0,3.0,0,0,0.0,3.0,2026-08-18T17:53:47.000Z,2026-08-26T06:18:18.000Z
Overall_Fee_1972,0.0,1.0,0,0,0.0,1.0,2026-08-18T14:27:47.000Z,2026-08-18T14:27:47.000Z
OweMySoul,1.0,2.0,0,0,1.0,2.0,2026-08-25T19:55:57.753Z,2026-08-26T05:08:16.000Z
Own-Algae7011,1.0,1.0,0,0,1.0,1.0,2026-08-25T09:43:12.538Z,2026-08-25T10:01:20.000Z
Own-Bug-6657,0.0,1.0,0,0,0.0,1.0,2026-08-26T14:19:47.000Z,2026-08-26T14:19:47.000Z
Own-Guava8750,0.0,1.0,0,0,0.0,1.0,2026-08-20T09:20:15.000Z,2026-08-20T09:20:15.000Z
OwnDegree6806,0.0,1.0,0,0,0.0,1.0,2026-08-21T11:50:59.000Z,2026-08-21T11:50:59.000Z
Own_Championship3935,0.0,1.0,0,0,0.0,1.0,2026-08-24T14:36:04.000Z,2026-08-24T14:36:04.000Z
Own_Concentrate_4821,0.0,2.0,0,0,0.0,2.0,2026-08-18T20:58:22.000Z,2026-08-26T07:29:35.000Z
Own_List_1805,1.0,0.0,0,0,1.0,0.0,2026-08-22T12:15:45.059Z,2026-08-22T12:15:45.059Z
Own_Primary4136,1.0,0.0,0,0,1.0,0.0,2026-08-24T13:39:37.754Z,2026-08-24T13:39:37.754Z
Own_Scratch6028,0.0,1.0,0,0,0.0,1.0,2026-08-27T05:57:06.000Z,2026-08-27T05:57:06.000Z
Own_Search_8391,0.0,3.0,0,0,0.0,3.0,2026-08-19T14:39:02.000Z,2026-08-25T08:14:49.000Z
Own_Tell8663,0.0,1.0,0,0,0.0,1.0,2026-08-24T18:12:52.000Z,2026-08-24T18:12:52.000Z
Own_Tradition4940,0.0,1.0,0,0,0.0,1.0,2026-08-26T02:49:49.000Z,2026-08-26T02:49:49.000Z
Oxalite_X,4.0,16.0,0,0,4.0,16.0,2026-08-22T02:22:36.786Z,2026-09-02T08:37:35.000Z
PC_Mitter14,0.0,1.0,0,0,0.0,1.0,2026-08-22T06:51:06.000Z,2026-08-22T06:51:06.000Z
PESMobile_Pro,0.0,1.0,0,0,0.0,1.0,2026-08-24T11:28:52.000Z,2026-08-24T11:28:52.000Z
PN341720,0.0,1.0,0,0,0.0,1.0,2026-08-26T09:29:20.000Z,2026-08-26T09:29:20.000Z
PPM06,0.0,2.0,0,0,0.0,2.0,2026-08-24T10:19:27.000Z,2026-08-27T07:23:38.000Z
PPatra2022,0.0,4.0,0,0,0.0,4.0,2026-08-23T07:20:34.000Z,2026-09-02T04:32:04.000Z
PRC_rocks69,0.0,1.0,0,0,0.0,1.0,2026-08-20T03:58:11.000Z,2026-08-20T03:58:11.000Z
Pablo_INV,0.0,1.0,0,0,0.0,1.0,2026-08-21T07:31:02.000Z,2026-08-21T07:31:02.000Z
Pacewalk92,0.0,1.0,0,0,0.0,1.0,2026-09-02T10:21:40.000Z,2026-09-02T10:21:40.000Z
PackagePrestigious76,0.0,1.0,0,0,0.0,1.0,2026-08-24T18:42:27.000Z,2026-08-24T18:42:27.000Z
Pain_killer68,0.0,2.0,0,0,0.0,2.0,2026-08-24T16:23:05.000Z,2026-08-29T06:37:31.000Z
PainterLoud4708,0.0,1.0,0,0,0.0,1.0,2026-08-27T07:27:01.000Z,2026-08-27T07:27:01.000Z
Pale-Cicada-266,0.0,1.0,0,0,0.0,1.0,2026-08-26T06:26:52.000Z,2026-08-26T06:26:52.000Z
Pale-Share-8451,0.0,1.0,0,0,0.0,1.0,2026-08-24T14:50:19.000Z,2026-08-24T14:50:19.000Z
PandaRealistic117,0.0,1.0,0,0,0.0,1.0,2026-08-30T20:38:52.000Z,2026-08-30T20:38:52.000Z
PanicAble5560,0.0,1.0,0,0,0.0,1.0,2026-08-18T14:44:47.000Z,2026-08-18T14:44:47.000Z
Pap_Guru,1.0,7.0,0,0,1.0,7.0,2026-08-21T15:19:25.700Z,2026-08-23T04:00:27.000Z
Papa_Sango,0.0,2.0,0,0,0.0,2.0,2026-08-24T06:40:44.000Z,2026-08-25T07:56:33.000Z
Paracetamol650,0.0,3.0,0,0,0.0,3.0,2026-08-19T09:06:56.000Z,2026-08-23T06:06:27.000Z
ParkingGeologist4877,0.0,7.0,0,0,0.0,7.0,2026-08-25T05:13:15.000Z,2026-09-02T06:15:41.000Z
Parking_Author4390,1.0,12.0,0,0,1.0,12.0,2026-08-19T21:56:13.000Z,2026-09-02T17:05:15.000Z
Particular-Ad1275,0.0,2.0,0,0,0.0,2.0,2026-08-20T17:59:01.000Z,2026-09-01T12:16:04.000Z
Particular-Hippo-351,0.0,1.0,0,0,0.0,1.0,2026-08-21T06:29:22.000Z,2026-08-21T06:29:22.000Z
Particular7468,0.0,1.0,0,0,0.0,1.0,2026-08-26T06:01:01.000Z,2026-08-26T06:01:01.000Z
ParticularGanache386,0.0,3.0,0,0,0.0,3.0,2026-08-25T12:19:35.000Z,2026-09-01T14:25:45.000Z
ParticularParsley295,0.0,1.0,0,0,0.0,1.0,2026-08-27T05:17:41.000Z,2026-08-27T05:17:41.000Z
Party-Historian1154,0.0,2.0,0,0,0.0,2.0,2026-08-20T10:14:34.000Z,2026-08-20T16:38:39.000Z
Party-Obligation-201,0.0,1.0,0,0,0.0,1.0,2026-09-02T10:34:47.000Z,2026-09-02T10:34:47.000Z
Party_Season1056,0.0,1.0,0,0,0.0,1.0,2026-08-27T06:07:30.000Z,2026-08-27T06:07:30.000Z
Party_War5851,0.0,3.0,0,0,0.0,3.0,2026-08-18T16:40:20.000Z,2026-09-01T10:26:15.000Z
PassengerFast2375,0.0,2.0,0,0,0.0,2.0,2026-08-21T05:38:26.000Z,2026-08-21T05:42:11.000Z
Passer-by777,0.0,2.0,0,0,0.0,2.0,2026-08-20T12:12:49.000Z,2026-08-24T04:14:39.000Z
Past-Alfalfa-675,0.0,2.0,0,0,0.0,2.0,2026-08-19T19:41:38.000Z,2026-08-20T03:39:53.000Z
Past-Antelope-3863,0.0,1.0,0,0,0.0,1.0,2026-08-25T09:46:54.000Z,2026-08-25T09:46:54.000Z
Past-Possibility1799,0.0,2.0,0,0,0.0,2.0,2026-08-22T08:13:51.000Z,2026-08-24T13:58:15.000Z
Past_Cry_4543,0.0,2.0,0,0,0.0,2.0,2026-08-19T11:07:38.000Z,2026-08-19T15:43:11.000Z
Pata_nahi_bhai_1212,0.0,2.0,0,0,0.0,2.0,2026-08-20T03:31:40.000Z,2026-08-31T14:00:07.000Z
Pathikmgx,0.0,1.0,0,0,0.0,1.0,2026-08-24T18:45:00.000Z,2026-08-24T18:45:00.000Z
PatienceFeeling1481,0.0,18.0,0,0,0.0,18.0,2026-08-19T01:35:36.000Z,2026-09-02T06:25:41.000Z
PatronousPulse,1.0,10.0,0,0,1.0,10.0,2026-08-20T14:46:38.703Z,2026-09-01T20:16:33.000Z
PatternBackground713,0.0,1.0,0,0,0.0,1.0,2026-08-23T06:27:12.000Z,2026-08-23T06:27:12.000Z
Paulomi12,1.0,0.0,0,0,1.0,0.0,2026-09-03T04:08:06.281Z,2026-09-03T04:08:06.281Z
PauseRecent99,0.0,17.0,0,0,0.0,17.0,2026-08-19T13:23:51.000Z,2026-09-02T16:47:41.000Z
Pavan_Pareek,1.0,0.0,0,0,1.0,0.0,2026-08-24T17:26:44.802Z,2026-08-24T17:26:44.802Z
PayProfessional9207,0.0,1.0,0,0,0.0,1.0,2026-08-24T06:34:59.000Z,2026-08-24T06:34:59.000Z
Pedophile--Muhammad,0.0,1.0,0,0,0.0,1.0,2026-09-01T11:35:13.000Z,2026-09-01T11:35:13.000Z
Perfect_Cry_7180,0.0,4.0,0,0,0.0,4.0,2026-08-20T07:32:52.000Z,2026-08-26T21:37:12.000Z
PerformanceHorror263,0.0,1.0,0,0,0.0,1.0,2026-08-19T19:14:04.000Z,2026-08-19T19:14:04.000Z
PerformativeNarc,1.0,5.0,0,0,1.0,5.0,2026-08-19T10:33:40.000Z,2026-08-31T19:45:53.000Z
PerformerLast5587,0.0,5.0,0,0,0.0,5.0,2026-08-22T14:56:56.000Z,2026-09-02T13:45:22.000Z
Perfumedalcoholic,0.0,1.0,0,0,0.0,1.0,2026-08-23T10:30:15.000Z,2026-08-23T10:30:15.000Z
Perfumekadeewana,0.0,1.0,0,0,0.0,1.0,2026-08-18T16:15:30.000Z,2026-08-18T16:15:30.000Z
PermissionOdd2124,0.0,1.0,0,0,0.0,1.0,2026-08-18T14:54:03.000Z,2026-08-18T14:54:03.000Z
Perses_09,0.0,1.0,0,0,0.0,1.0,2026-08-24T20:02:14.000Z,2026-08-24T20:02:14.000Z
Perseus069,1.0,0.0,0,0,1.0,0.0,2026-08-23T08:45:00.010Z,2026-08-23T08:45:00.010Z
Personal-Magician-80,1.0,0.0,0,0,1.0,0.0,2026-08-25T18:53:25.993Z,2026-08-25T18:53:25.993Z
Personal_Buddy_9996,0.0,2.0,0,0,0.0,2.0,2026-08-22T07:10:31.000Z,2026-08-23T13:31:37.000Z
Personal_Pipe3812,0.0,1.0,0,0,0.0,1.0,2026-08-22T15:04:24.000Z,2026-08-22T15:04:24.000Z
Peruere_mano,0.0,2.0,0,0,0.0,2.0,2026-08-18T15:19:56.000Z,2026-08-20T11:50:43.000Z
PesidentOfErtanastan,0.0,1.0,0,0,0.0,1.0,2026-08-23T15:47:25.000Z,2026-08-23T15:47:25.000Z
Peter_Griffin9,1.0,0.0,0,0,1.0,0.0,2026-08-23T09:06:11.836Z,2026-08-23T09:06:11.836Z
Petuk_Bangali,0.0,1.0,0,0,0.0,1.0,2026-09-02T04:20:11.000Z,2026-09-02T04:20:11.000Z
PewdiePie9089,0.0,7.0,0,0,0.0,7.0,2026-08-20T05:08:19.000Z,2026-09-02T12:38:46.000Z
PhantomParallax,0.0,1.0,0,0,0.0,1.0,2026-08-31T22:39:28.000Z,2026-08-31T22:39:28.000Z
Phantomkiller03,0.0,1.0,0,0,0.0,1.0,2026-08-27T08:16:43.000Z,2026-08-27T08:16:43.000Z
Phantomvertigo,0.0,2.0,0,0,0.0,2.0,2026-08-19T09:09:16.000Z,2026-08-24T10:38:29.000Z
Phase_Tall,0.0,1.0,0,0,0.0,1.0,2026-08-22T06:35:06.000Z,2026-08-22T06:35:06.000Z
PhillyshellWarrior,0.0,2.0,0,0,0.0,2.0,2026-08-21T18:22:19.000Z,2026-09-02T15:57:32.000Z
Phoenix_Nightcrawler,0.0,1.0,0,0,0.0,1.0,2026-08-26T06:25:22.000Z,2026-08-26T06:25:22.000Z
PhoneEmergency3000,0.0,9.0,0,0,0.0,9.0,2026-08-25T12:17:20.000Z,2026-09-02T17:01:12.000Z
Phonix_1729,0.0,1.0,0,0,0.0,1.0,2026-08-21T15:29:40.000Z,2026-08-21T15:29:40.000Z
Photogenic_Gamer2005,0.0,2.0,0,0,0.0,2.0,2026-08-22T05:07:09.000Z,2026-08-27T08:19:40.000Z
Phurba654,1.0,5.0,0,0,1.0,5.0,2026-08-20T03:19:31.000Z,2026-08-22T17:32:48.000Z
Physical-Antelope-80,0.0,1.0,0,0,0.0,1.0,2026-08-23T07:26:18.000Z,2026-08-23T07:26:18.000Z
Physical-Mail3518,0.0,1.0,0,0,0.0,1.0,2026-09-01T12:08:04.000Z,2026-09-01T12:08:04.000Z
Physical_Act_1311,0.0,1.0,0,0,0.0,1.0,2026-09-02T07:39:15.000Z,2026-09-02T07:39:15.000Z
Physical_Narwhal2960,0.0,1.0,0,0,0.0,1.0,2026-08-26T17:39:40.000Z,2026-08-26T17:39:40.000Z
Picasso_Magpie,0.0,3.0,0,0,0.0,3.0,2026-08-25T09:19:29.000Z,2026-08-25T09:21:28.000Z
PickleRick567,0.0,5.0,0,0,0.0,5.0,2026-08-18T14:36:57.000Z,2026-09-02T09:02:42.000Z
Picklejr08,0.0,2.0,0,0,0.0,2.0,2026-08-19T17:06:52.000Z,2026-08-22T15:26:34.000Z
Piece0fCake,0.0,1.0,0,0,0.0,1.0,2026-08-27T12:21:28.000Z,2026-08-27T12:21:28.000Z
PieceDistinct2279,0.0,1.0,0,0,0.0,1.0,2026-08-20T15:35:56.000Z,2026-08-20T15:35:56.000Z
Pirate_Empire931,0.0,1.0,0,0,0.0,1.0,2026-08-19T17:17:44.000Z,2026-08-19T17:17:44.000Z
Pissed_Pig,0.0,1.0,0,0,0.0,1.0,2026-08-23T12:02:36.000Z,2026-08-23T12:02:36.000Z
Pitiful-Ad8859,1.0,0.0,0,0,1.0,0.0,2026-09-02T19:12:58.062Z,2026-09-02T19:12:58.062Z
Pitiful-Drawing2013,0.0,2.0,0,0,0.0,2.0,2026-08-25T18:51:12.000Z,2026-08-27T09:04:35.000Z
PitifulBeing4832,0.0,1.0,0,0,0.0,1.0,2026-09-01T01:54:35.000Z,2026-09-01T01:54:35.000Z
PitifulEntertainer29,0.0,2.0,0,0,0.0,2.0,2026-08-23T10:36:22.000Z,2026-08-27T05:41:11.000Z
Pixeloxel,0.0,1.0,0,0,0.0,1.0,2026-08-19T05:45:02.000Z,2026-08-19T05:45:02.000Z
Pj_Xeath,0.0,1.0,0,0,0.0,1.0,2026-08-23T05:20:31.000Z,2026-08-23T05:20:31.000Z
Plane_Clerk_6721,0.0,1.0,0,0,0.0,1.0,2026-08-19T02:34:31.000Z,2026-08-19T02:34:31.000Z
Plane_Spirit7206,0.0,1.0,0,0,0.0,1.0,2026-08-28T04:17:30.000Z,2026-08-28T04:17:30.000Z
Plane_Tell_58,1.0,1.0,0,0,1.0,1.0,2026-08-26T16:40:50.000Z,2026-09-01T22:10:49.536Z
Plants-Man,0.0,1.0,0,0,0.0,1.0,2026-08-23T19:12:27.000Z,2026-08-23T19:12:27.000Z
Plasmavortex0,1.0,1.0,0,0,1.0,1.0,2026-09-02T13:14:09.584Z,2026-09-02T13:48:18.000Z
Playful-Dog-9413,0.0,3.0,0,0,0.0,3.0,2026-08-20T10:55:22.000Z,2026-08-24T08:43:20.000Z
PlayfulTraining6437,0.0,1.0,0,0,0.0,1.0,2026-08-26T20:41:05.000Z,2026-08-26T20:41:05.000Z
Pleasant-Degree-3662,0.0,6.0,0,0,0.0,6.0,2026-08-20T06:03:11.000Z,2026-08-25T15:40:20.000Z
Pleasant-Fig5191,0.0,1.0,0,0,0.0,1.0,2026-08-24T17:05:11.000Z,2026-08-24T17:05:11.000Z
Pleasant-H0rr0r,0.0,1.0,0,0,0.0,1.0,2026-08-18T17:37:32.000Z,2026-08-18T17:37:32.000Z
Pleasant_Heat_7933,0.0,5.0,0,0,0.0,5.0,2026-08-25T18:35:09.000Z,2026-08-25T18:38:43.000Z
Pleasedontkidnapme,0.0,6.0,0,0,0.0,6.0,2026-08-19T07:38:39.000Z,2026-09-02T15:44:39.000Z
Plenty-Profile-7118,0.0,1.0,0,0,0.0,1.0,2026-08-22T17:43:10.000Z,2026-08-22T17:43:10.000Z
Plenty_Ad1940,0.0,1.0,0,0,0.0,1.0,2026-08-20T05:53:47.000Z,2026-08-20T05:53:47.000Z
Plenty_Category_8864,0.0,17.0,0,0,0.0,17.0,2026-08-19T14:23:38.000Z,2026-09-02T04:39:04.000Z
Plus-Eye-3047,0.0,1.0,0,0,0.0,1.0,2026-08-19T08:11:53.000Z,2026-08-19T08:11:53.000Z
Plus_Appeal_8053,0.0,1.0,0,0,0.0,1.0,2026-08-23T16:40:25.000Z,2026-08-23T16:40:25.000Z
Plus_Oil_2087,0.0,1.0,0,0,0.0,1.0,2026-09-02T03:41:39.000Z,2026-09-02T03:41:39.000Z
PokerFaced_SadSoul,0.0,5.0,0,0,0.0,5.0,2026-08-20T06:43:13.000Z,2026-08-27T06:31:19.000Z
Polite_Humanbeing,0.0,2.0,0,0,0.0,2.0,2026-08-24T19:47:56.000Z,2026-08-26T06:43:40.000Z
Pooldrone360,0.0,1.0,0,0,0.0,1.0,2026-08-31T20:41:45.000Z,2026-08-31T20:41:45.000Z
Popular-Specialist-7,0.0,1.0,0,0,0.0,1.0,2026-08-20T16:11:55.000Z,2026-08-20T16:11:55.000Z
Popular_Customer_402,0.0,1.0,0,0,0.0,1.0,2026-08-20T07:48:48.000Z,2026-08-20T07:48:48.000Z
Poseidon_997,0.0,3.0,0,0,0.0,3.0,2026-08-23T08:16:27.000Z,2026-08-24T18:10:39.000Z
Positive-Driver-3273,0.0,4.0,0,0,0.0,4.0,2026-08-23T07:50:28.000Z,2026-09-01T06:29:04.000Z
Positive-Rain1853,0.0,1.0,0,0,0.0,1.0,2026-08-27T10:01:43.000Z,2026-08-27T10:01:43.000Z
Positive_Bumblebee38,1.0,2.0,0,0,1.0,2.0,2026-08-24T06:42:09.514Z,2026-08-24T07:07:08.000Z
Positive_Estimate217,1.0,8.0,0,0,1.0,8.0,2026-08-19T12:01:57.000Z,2026-08-27T08:15:39.000Z
Positive_Judgment827,0.0,1.0,0,0,0.0,1.0,2026-08-23T16:17:43.000Z,2026-08-23T16:17:43.000Z
Positive_Resident46,0.0,1.0,0,0,0.0,1.0,2026-08-21T17:57:47.000Z,2026-08-21T17:57:47.000Z
Positive_Session_355,0.0,3.0,0,0,0.0,3.0,2026-09-02T06:11:04.000Z,2026-09-02T16:58:30.000Z
Possible-General4396,3.0,3.0,0,0,3.0,3.0,2026-08-25T17:20:55.095Z,2026-09-02T16:45:31.000Z
Possible-Standard507,0.0,1.0,0,0,0.0,1.0,2026-09-01T11:32:11.000Z,2026-09-01T11:32:11.000Z
Possible_Lime_2644,1.0,0.0,0,0,1.0,0.0,2026-08-24T15:41:49.338Z,2026-08-24T15:41:49.338Z
Possible_Peak3871,0.0,1.0,0,0,0.0,1.0,2026-09-02T05:00:16.000Z,2026-09-02T05:00:16.000Z
Postnzeus_22,0.0,1.0,0,0,0.0,1.0,2026-08-26T19:02:37.000Z,2026-08-26T19:02:37.000Z
Potato2890,0.0,11.0,0,0,0.0,11.0,2026-08-18T14:16:49.000Z,2026-09-02T12:05:30.000Z
PotatoDreamer3,0.0,6.0,0,0,0.0,6.0,2026-08-21T08:14:21.000Z,2026-09-02T15:50:25.000Z
Potential-Concert515,1.0,3.0,0,0,1.0,3.0,2026-08-20T09:20:20.302Z,2026-08-20T12:37:34.000Z
Potential-Worry9682,1.0,5.0,0,0,1.0,5.0,2026-08-20T14:54:04.372Z,2026-08-20T15:53:07.000Z
PotentialDark2046,0.0,1.0,0,0,0.0,1.0,2026-08-21T09:21:25.000Z,2026-08-21T09:21:25.000Z
Potential_Music_8175,2.0,7.0,0,0,2.0,7.0,2026-08-21T19:52:48.970Z,2026-08-25T19:32:07.000Z
Potentiometre,2.0,0.0,0,0,2.0,0.0,2026-08-22T10:52:45.650Z,2026-08-23T04:43:51.678Z
PoundLiving9258,0.0,1.0,0,0,0.0,1.0,2026-09-01T11:28:36.000Z,2026-09-01T11:28:36.000Z
Powerful_Ad_8915,0.0,1.0,0,0,0.0,1.0,2026-08-19T14:16:42.000Z,2026-08-19T14:16:42.000Z
Powerful_Pie_5700,0.0,1.0,0,0,0.0,1.0,2026-08-23T03:43:00.000Z,2026-08-23T03:43:00.000Z
Powerpointless777,0.0,2.0,0,0,0.0,2.0,2026-08-21T14:50:25.000Z,2026-09-01T05:33:19.000Z
Practical-Lab5329,0.0,1.0,0,0,0.0,1.0,2026-08-19T09:32:42.000Z,2026-08-19T09:32:42.000Z
Practical_Ad7858,0.0,1.0,0,0,0.0,1.0,2026-08-26T06:35:51.000Z,2026-08-26T06:35:51.000Z
Prakash_Mahato_21,0.0,1.0,0,0,0.0,1.0,2026-08-27T05:09:08.000Z,2026-08-27T05:09:08.000Z
Prakhar_2692,1.0,0.0,0,0,1.0,0.0,2026-09-02T02:17:03.362Z,2026-09-02T02:17:03.362Z
Pramit2005,0.0,1.0,0,0,0.0,1.0,2026-08-27T09:56:03.000Z,2026-08-27T09:56:03.000Z
Prantik2021,1.0,0.0,0,0,1.0,0.0,2026-08-23T15:00:00.057Z,2026-08-23T15:00:00.057Z
PratD24899,0.0,2.0,0,0,0.0,2.0,2026-08-20T09:35:52.000Z,2026-08-27T07:34:05.000Z
PreBooze,1.0,6.0,0,0,1.0,6.0,2026-08-20T05:57:00.717Z,2026-09-01T08:35:25.000Z
Present-Beyond1328,1.0,14.0,0,0,1.0,14.0,2026-08-19T15:40:12.000Z,2026-08-24T03:31:10.000Z
Present-Eggplant-902,0.0,23.0,0,0,0.0,23.0,2026-08-19T16:34:05.000Z,2026-09-02T16:41:21.000Z
PresentAnt9554,0.0,1.0,0,0,0.0,1.0,2026-08-27T07:53:46.000Z,2026-08-27T07:53:46.000Z
President123456789,0.0,2.0,0,0,0.0,2.0,2026-08-22T14:34:00.000Z,2026-08-27T07:42:40.000Z
President_Weeb,0.0,2.0,0,0,0.0,2.0,2026-08-20T14:22:06.000Z,2026-08-24T10:51:38.000Z
Prestigious-Boss-439,0.0,3.0,0,0,0.0,3.0,2026-08-21T16:40:10.000Z,2026-08-23T09:50:31.000Z
Prestigious-End-7020,0.0,1.0,0,0,0.0,1.0,2026-08-20T21:14:51.000Z,2026-08-20T21:14:51.000Z
Prestigious-Rush8393,0.0,1.0,0,0,0.0,1.0,2026-08-26T17:12:56.000Z,2026-08-26T17:12:56.000Z
Prestigious-Steak316,0.0,1.0,0,0,0.0,1.0,2026-08-27T16:29:24.000Z,2026-08-27T16:29:24.000Z
Prestigious-Sun-4982,0.0,1.0,0,0,0.0,1.0,2026-08-19T11:23:47.000Z,2026-08-19T11:23:47.000Z
PrestigiousBuddy734,0.0,1.0,0,0,0.0,1.0,2026-08-22T07:13:41.000Z,2026-08-22T07:13:41.000Z
PrestigiousFan113,0.0,1.0,0,0,0.0,1.0,2026-08-24T02:25:31.000Z,2026-08-24T02:25:31.000Z
PrestigiousTrip6224,0.0,1.0,0,0,0.0,1.0,2026-08-22T09:33:07.000Z,2026-08-22T09:33:07.000Z
Prestigious_bde,0.0,8.0,0,0,0.0,8.0,2026-08-20T06:07:51.000Z,2026-08-24T14:15:43.000Z
Pretend_Iron_5029,1.0,0.0,0,0,1.0,0.0,2026-08-26T20:39:56.816Z,2026-08-26T20:39:56.816Z
Previous_Candy_2396,0.0,1.0,0,0,0.0,1.0,2026-08-25T18:48:06.000Z,2026-08-25T18:48:06.000Z
Primary_Hope_951,0.0,3.0,0,0,0.0,3.0,2026-08-22T21:09:37.000Z,2026-08-31T17:08:22.000Z
Pritam1997,0.0,3.0,0,0,0.0,3.0,2026-08-20T09:21:07.000Z,2026-09-01T11:51:02.000Z
Prithirajn,1.0,49.0,0,0,1.0,49.0,2026-08-19T05:38:33.732Z,2026-08-20T09:46:20.000Z
Prize-Study1444,0.0,2.0,0,0,0.0,2.0,2026-08-19T20:04:50.000Z,2026-08-24T12:35:17.000Z
Prize_Television_736,0.0,34.0,0,0,0.0,34.0,2026-08-26T16:47:39.000Z,2026-09-02T11:28:31.000Z
Pro-Raja,1.0,0.0,0,0,1.0,0.0,2026-08-26T21:45:54.582Z,2026-08-26T21:45:54.582Z
Pro_ENDERGUARD,0.0,1.0,0,0,0.0,1.0,2026-08-24T05:47:21.000Z,2026-08-24T05:47:21.000Z
Prof_Weedgenstein,0.0,1.0,0,0,0.0,1.0,2026-08-25T12:33:08.000Z,2026-08-25T12:33:08.000Z
ProfessionUpset2724,0.0,14.0,0,0,0.0,14.0,2026-08-20T03:41:12.000Z,2026-09-02T16:32:26.000Z
Professional-Art3726,0.0,1.0,0,0,0.0,1.0,2026-08-26T01:44:14.000Z,2026-08-26T01:44:14.000Z
Professional-Ask1223,0.0,1.0,0,0,0.0,1.0,2026-08-27T04:54:23.000Z,2026-08-27T04:54:23.000Z
Professional-Egg6308,0.0,1.0,0,0,0.0,1.0,2026-08-26T21:30:30.000Z,2026-08-26T21:30:30.000Z
Professional-Emu447,0.0,3.0,0,0,0.0,3.0,2026-08-20T03:45:18.000Z,2026-08-22T19:02:43.000Z
Professional-Light88,0.0,2.0,0,0,0.0,2.0,2026-08-18T15:24:31.000Z,2026-09-01T21:31:13.000Z
Professional-Look672,0.0,2.0,0,0,0.0,2.0,2026-08-23T06:39:52.000Z,2026-08-27T02:32:44.000Z
Professional-Pen1357,0.0,3.0,0,0,0.0,3.0,2026-08-20T12:18:06.000Z,2026-09-01T13:39:03.000Z
ProfessionalBar5971,0.0,1.0,0,0,0.0,1.0,2026-09-02T17:04:15.000Z,2026-09-02T17:04:15.000Z
ProfessionalPath7331,0.0,2.0,0,0,0.0,2.0,2026-08-26T07:30:15.000Z,2026-09-01T20:45:18.000Z
Professional_Fan2438,0.0,1.0,0,0,0.0,1.0,2026-08-23T20:16:20.000Z,2026-08-23T20:16:20.000Z
Professional_Mix_717,0.0,1.0,0,0,0.0,1.0,2026-08-21T09:32:38.000Z,2026-08-21T09:32:38.000Z
Professional_One03,0.0,1.0,0,0,0.0,1.0,2026-08-26T17:43:22.000Z,2026-08-26T17:43:22.000Z
Professional_Safe886,0.0,1.0,0,0,0.0,1.0,2026-08-21T17:33:50.000Z,2026-08-21T17:33:50.000Z
Professional_Sun8866,0.0,8.0,0,0,0.0,8.0,2026-08-19T11:12:49.000Z,2026-09-01T23:01:12.000Z
Professional_Yam_101,0.0,3.0,0,0,0.0,3.0,2026-08-22T08:24:12.000Z,2026-08-25T06:43:55.000Z
ProfessorSnare710,0.0,2.0,0,0,0.0,2.0,2026-08-25T14:33:09.000Z,2026-08-25T14:36:54.000Z
Proof_Lawfulness_218,0.0,1.0,0,0,0.0,1.0,2026-08-18T22:23:18.000Z,2026-08-18T22:23:18.000Z
Proper-Beginning-814,0.0,1.0,0,0,0.0,1.0,2026-08-25T14:42:35.000Z,2026-08-25T14:42:35.000Z
Proper_Berry_9480,0.0,1.0,0,0,0.0,1.0,2026-09-02T08:06:41.000Z,2026-09-02T08:06:41.000Z
Proper_Blueberry_510,0.0,2.0,0,0,0.0,2.0,2026-08-26T16:45:14.000Z,2026-08-28T09:42:43.000Z
Proper_Economics_953,0.0,1.0,0,0,0.0,1.0,2026-08-22T14:53:09.000Z,2026-08-22T14:53:09.000Z
Proper_General7107,0.0,1.0,0,0,0.0,1.0,2026-08-24T13:59:45.000Z,2026-08-24T13:59:45.000Z
Proper_Plenty_7658,0.0,16.0,0,0,0.0,16.0,2026-08-21T08:57:03.000Z,2026-08-25T21:10:50.000Z
ProposalForsaken6239,0.0,1.0,0,0,0.0,1.0,2026-08-20T14:53:07.000Z,2026-08-20T14:53:07.000Z
ProtectionNo5098,0.0,1.0,0,0,0.0,1.0,2026-08-27T06:32:52.000Z,2026-08-27T06:32:52.000Z
Proud-Principle-1303,0.0,2.0,0,0,0.0,2.0,2026-08-26T10:25:20.000Z,2026-08-27T12:00:25.000Z
Proud-State-6311,0.0,2.0,0,0,0.0,2.0,2026-08-20T14:16:40.000Z,2026-08-26T19:03:15.000Z
Proudcouchpotato4263,0.0,5.0,0,0,0.0,5.0,2026-08-19T14:38:53.000Z,2026-08-26T17:43:34.000Z
Proxy_Rohosso,1.0,0.0,0,0,1.0,0.0,2026-08-23T09:19:32.225Z,2026-08-23T09:19:32.225Z
Prudent-Reader,0.0,4.0,0,0,0.0,4.0,2026-08-24T07:55:49.000Z,2026-08-26T18:45:23.000Z
PseudoNihilist666,1.0,2.0,0,0,1.0,2.0,2026-08-21T03:47:58.000Z,2026-08-21T13:24:32.000Z
PsychologicalAge1055,0.0,1.0,0,0,0.0,1.0,2026-08-27T07:02:08.000Z,2026-08-27T07:02:08.000Z
PsychologicalEbb7995,0.0,1.0,0,0,0.0,1.0,2026-08-27T13:49:08.000Z,2026-08-27T13:49:08.000Z
PsychologicalGrape88,0.0,1.0,0,0,0.0,1.0,2026-08-19T06:39:06.000Z,2026-08-19T06:39:06.000Z
PsychologicalRip3137,2.0,8.0,0,0,2.0,8.0,2026-08-26T07:51:00.501Z,2026-08-27T05:01:21.000Z
PsychologicalUnit693,2.0,6.0,0,0,2.0,6.0,2026-08-23T15:39:45.000Z,2026-09-02T10:11:27.000Z
PsychologyQuirky1741,1.0,1.0,0,0,1.0,1.0,2026-08-23T19:58:09.692Z,2026-08-27T04:10:52.000Z
Public-Practice-5054,0.0,1.0,0,0,0.0,1.0,2026-08-21T09:51:27.000Z,2026-08-21T09:51:27.000Z
Public-Resolve-2541,0.0,1.0,0,0,0.0,1.0,2026-08-18T14:48:44.000Z,2026-08-18T14:48:44.000Z
PublicMediocre2247,0.0,4.0,0,0,0.0,4.0,2026-08-19T21:10:49.000Z,2026-08-21T06:30:06.000Z
Public_Fan_9936,0.0,2.0,0,0,0.0,2.0,2026-08-20T18:51:22.000Z,2026-08-24T04:01:40.000Z
Public_Newspaper_400,0.0,1.0,0,0,0.0,1.0,2026-09-01T05:17:45.000Z,2026-09-01T05:17:45.000Z
Public_Room9343,0.0,1.0,0,0,0.0,1.0,2026-08-18T15:59:02.000Z,2026-08-18T15:59:02.000Z
Puckness,0.0,1.0,0,0,0.0,1.0,2026-08-27T06:44:20.000Z,2026-08-27T06:44:20.000Z
Punderful__Life,0.0,2.0,0,0,0.0,2.0,2026-09-01T04:49:56.000Z,2026-09-01T14:31:53.000Z
PunksterPerez,0.0,3.0,0,0,0.0,3.0,2026-08-21T09:21:19.000Z,2026-08-23T18:53:54.000Z
Purchase_Dismal,0.0,1.0,0,0,0.0,1.0,2026-08-27T18:51:00.000Z,2026-08-27T18:51:00.000Z
Pure-Duty191,0.0,2.0,0,0,0.0,2.0,2026-08-24T20:01:11.000Z,2026-08-27T09:11:50.000Z
Pure_Ad1621,0.0,1.0,0,0,0.0,1.0,2026-08-21T13:36:44.000Z,2026-08-21T13:36:44.000Z
Pure_Count_3566,0.0,1.0,0,0,0.0,1.0,2026-08-23T04:19:31.000Z,2026-08-23T04:19:31.000Z
Purple-Air-8538,1.0,0.0,0,0,1.0,0.0,2026-08-23T06:30:12.834Z,2026-08-23T06:30:12.834Z
Purple-Lifeguard7524,0.0,3.0,0,0,0.0,3.0,2026-09-02T11:07:44.000Z,2026-09-02T11:10:52.000Z
Purple-Object-4591,0.0,5.0,0,0,0.0,5.0,2026-08-18T17:12:50.000Z,2026-08-23T00:12:24.000Z
PurpleRuins,0.0,1.0,0,0,0.0,1.0,2026-08-19T10:04:39.000Z,2026-08-19T10:04:39.000Z
Purple_Regret_3648,0.0,1.0,0,0,0.0,1.0,2026-08-18T15:26:20.000Z,2026-08-18T15:26:20.000Z
Pushingmyzone,0.0,1.0,0,0,0.0,1.0,2026-09-01T10:37:29.000Z,2026-09-01T10:37:29.000Z
Putrid-Reward-2158,0.0,1.0,0,0,0.0,1.0,2026-09-02T09:35:27.000Z,2026-09-02T09:35:27.000Z
PuzzledBullfrog8290,0.0,1.0,0,0,0.0,1.0,2026-08-31T18:13:36.000Z,2026-08-31T18:13:36.000Z
Puzzled_Context_3961,0.0,1.0,0,0,0.0,1.0,2026-08-19T15:31:09.000Z,2026-08-19T15:31:09.000Z
Puzzleheaded-Bug2425,0.0,4.0,0,0,0.0,4.0,2026-08-22T09:38:55.000Z,2026-08-27T08:25:52.000Z
Puzzleheaded-Hunt663,0.0,1.0,0,0,0.0,1.0,2026-08-22T01:38:17.000Z,2026-08-22T01:38:17.000Z
Puzzleheaded-Row-477,7.0,98.0,0,0,7.0,98.0,2026-08-19T08:43:19.000Z,2026-09-02T16:56:44.000Z
Puzzleheaded-Sir8625,0.0,1.0,0,0,0.0,1.0,2026-09-01T12:42:35.000Z,2026-09-01T12:42:35.000Z
PuzzleheadedBlood612,1.0,4.0,0,0,1.0,4.0,2026-08-22T10:18:06.000Z,2026-08-22T14:08:04.000Z
PuzzleheadedClock973,0.0,1.0,0,0,0.0,1.0,2026-08-20T04:48:05.000Z,2026-08-20T04:48:05.000Z
PuzzleheadedOnion585,0.0,1.0,0,0,0.0,1.0,2026-08-25T18:49:40.000Z,2026-08-25T18:49:40.000Z
PuzzleheadedSuit8273,0.0,1.0,0,0,0.0,1.0,2026-08-24T17:07:16.000Z,2026-08-24T17:07:16.000Z
Puzzleheaded_Deal792,7.0,44.0,0,0,7.0,44.0,2026-08-19T19:45:54.565Z,2026-09-02T11:03:09.000Z
Puzzleheaded_Fruit49,0.0,1.0,0,0,0.0,1.0,2026-08-24T15:17:26.000Z,2026-08-24T15:17:26.000Z
Puzzleheaded_Pound55,0.0,2.0,0,0,0.0,2.0,2026-08-19T22:58:11.000Z,2026-08-20T10:14:22.000Z
PvtMercer,0.0,1.0,0,0,0.0,1.0,2026-08-22T17:31:28.000Z,2026-08-22T17:31:28.000Z
QEDbitch,0.0,3.0,0,0,0.0,3.0,2026-08-19T10:34:41.000Z,2026-08-26T05:18:59.000Z
Qamarrima,0.0,1.0,0,0,0.0,1.0,2026-08-27T07:14:48.000Z,2026-08-27T07:14:48.000Z
Quant3k,0.0,4.0,0,0,0.0,4.0,2026-08-20T10:29:02.000Z,2026-08-26T07:19:46.000Z
Quantum_menance,0.0,3.0,0,0,0.0,3.0,2026-08-20T21:42:41.000Z,2026-08-23T06:31:51.000Z
Quasi_fluid72,1.0,4.0,0,0,1.0,4.0,2026-08-20T14:14:43.000Z,2026-09-02T19:17:14.762Z
Queasy_Impress_691,0.0,11.0,0,0,0.0,11.0,2026-08-20T14:04:03.000Z,2026-08-27T08:30:30.000Z
Queasy_Wait_1650,1.0,2.0,0,0,1.0,2.0,2026-08-31T19:21:32.000Z,2026-09-01T17:21:32.000Z
Queslaque_456,1.0,0.0,0,0,1.0,0.0,2026-09-02T21:12:24.625Z,2026-09-02T21:12:24.625Z
Quibblion,1.0,0.0,0,0,1.0,0.0,2026-08-25T20:04:00.355Z,2026-08-25T20:04:00.355Z
Quick_Mission2904,0.0,1.0,0,0,0.0,1.0,2026-08-21T04:21:19.000Z,2026-08-21T04:21:19.000Z
Quiet_Classic4629,1.0,0.0,0,0,1.0,0.0,2026-08-24T16:48:26.874Z,2026-08-24T16:48:26.874Z
Quirky-Mulberry9827,0.0,10.0,0,0,0.0,10.0,2026-08-18T22:59:05.000Z,2026-09-02T12:34:15.000Z
Quirky_Addition7912,1.0,1.0,0,0,1.0,1.0,2026-09-01T07:20:00.607Z,2026-09-01T07:48:08.000Z
Quirky_Diya,0.0,1.0,0,0,0.0,1.0,2026-08-25T09:41:48.000Z,2026-08-25T09:41:48.000Z
Quirky_Sunflower,0.0,2.0,0,0,0.0,2.0,2026-08-20T13:05:38.000Z,2026-08-23T18:45:41.000Z
R-jo,0.0,1.0,0,0,0.0,1.0,2026-08-26T07:45:57.000Z,2026-08-26T07:45:57.000Z
R221B,0.0,1.0,0,0,0.0,1.0,2026-08-20T08:48:45.000Z,2026-08-20T08:48:45.000Z
R97Shark,1.0,9.0,0,0,1.0,9.0,2026-08-20T01:11:40.000Z,2026-08-27T05:07:03.000Z
RAAZ_2,0.0,3.0,0,0,0.0,3.0,2026-08-18T14:00:29.000Z,2026-08-27T07:00:34.000Z
RAGDA_PATTIE,0.0,2.0,0,0,0.0,2.0,2026-08-22T08:07:11.000Z,2026-08-29T14:23:05.000Z
RATEDRKBRO,0.0,5.0,0,0,0.0,5.0,2026-08-19T07:28:56.000Z,2026-08-26T09:31:38.000Z
RBNandi,0.0,2.0,0,0,0.0,2.0,2026-08-22T01:09:04.000Z,2026-08-27T07:00:03.000Z
RB_2004_h,2.0,2.0,0,0,2.0,2.0,2026-08-21T10:40:35.593Z,2026-09-01T09:59:48.000Z
REVENANT989898,2.0,28.0,0,0,2.0,28.0,2026-08-20T04:17:07.000Z,2026-08-24T04:03:31.000Z
RITAMhere,0.0,2.0,0,0,0.0,2.0,2026-08-24T03:07:06.000Z,2026-08-27T15:30:15.000Z
RIT_720,0.0,2.0,0,0,0.0,2.0,2026-08-19T20:46:52.000Z,2026-08-23T09:21:34.000Z
RXTHISH,0.0,1.0,0,0,0.0,1.0,2026-08-25T04:39:42.000Z,2026-08-25T04:39:42.000Z
R_u_alrightt,0.0,1.0,0,0,0.0,1.0,2026-08-26T17:05:12.000Z,2026-08-26T17:05:12.000Z
Rabadazh,0.0,4.0,0,0,0.0,4.0,2026-08-21T07:50:19.000Z,2026-08-23T14:46:17.000Z
Racticadow,0.0,1.0,0,0,0.0,1.0,2026-08-19T02:45:30.000Z,2026-08-19T02:45:30.000Z
Radiant-Ad3851,0.0,2.0,0,0,0.0,2.0,2026-08-21T19:32:59.000Z,2026-08-26T20:06:58.000Z
Radiant_Brother6558,1.0,0.0,0,0,1.0,0.0,2026-08-26T14:47:50.175Z,2026-08-26T14:47:50.175Z
Radiant_Care_4121,0.0,2.0,0,0,0.0,2.0,2026-08-23T17:14:50.000Z,2026-08-25T09:08:06.000Z
Radiant_Court_518,0.0,1.0,0,0,0.0,1.0,2026-09-02T09:01:38.000Z,2026-09-02T09:01:38.000Z
Radiant_Raccoon_7947,1.0,5.0,0,0,1.0,5.0,2026-08-21T16:49:36.000Z,2026-08-26T14:58:12.000Z
Radiant_thunderman,0.0,3.0,0,0,0.0,3.0,2026-08-26T04:34:27.000Z,2026-09-02T10:46:19.000Z
Radioactive_Brain,1.0,8.0,0,0,1.0,8.0,2026-08-22T04:49:28.978Z,2026-08-22T05:43:35.000Z
Raestan,0.0,1.0,0,0,0.0,1.0,2026-08-24T18:04:48.000Z,2026-08-24T18:04:48.000Z
RageX22,0.0,1.0,0,0,0.0,1.0,2026-08-24T09:17:12.000Z,2026-08-24T09:17:12.000Z
RaghavJha_982,0.0,1.0,0,0,0.0,1.0,2026-08-18T17:28:34.000Z,2026-08-18T17:28:34.000Z
RagnarrUTD,0.0,2.0,0,0,0.0,2.0,2026-08-20T13:41:08.000Z,2026-08-24T09:29:05.000Z
Rahul-Das,0.0,2.0,0,0,0.0,2.0,2026-08-20T05:48:39.000Z,2026-08-23T18:03:00.000Z
RajJames,0.0,1.0,0,0,0.0,1.0,2026-08-23T05:04:47.000Z,2026-08-23T05:04:47.000Z
Raj_Kittur,0.0,1.0,0,0,0.0,1.0,2026-08-18T14:38:42.000Z,2026-08-18T14:38:42.000Z
RajatGarg001,1.0,0.0,0,0,1.0,0.0,2026-08-21T11:45:35.091Z,2026-08-21T11:45:35.091Z
Rakesh1620,1.0,0.0,0,0,1.0,0.0,2026-08-27T06:55:55.404Z,2026-08-27T06:55:55.404Z
RakrasImu,0.0,1.0,0,0,0.0,1.0,2026-08-21T06:11:03.000Z,2026-08-21T06:11:03.000Z
Random-_-Fellow,0.0,2.0,0,0,0.0,2.0,2026-08-19T01:36:47.000Z,2026-08-23T04:57:41.000Z
RandomDigga_9087,0.0,7.0,0,0,0.0,7.0,2026-08-21T16:55:48.000Z,2026-09-01T17:19:59.000Z
Randomguyuse939,0.0,1.0,0,0,0.0,1.0,2026-08-24T16:04:53.000Z,2026-08-24T16:04:53.000Z
RaniTheUnique,0.0,2.0,0,0,0.0,2.0,2026-08-20T16:53:27.000Z,2026-08-20T17:14:07.000Z
Rare-W-67,0.0,1.0,0,0,0.0,1.0,2026-08-24T10:41:42.000Z,2026-08-24T10:41:42.000Z
Rare_Ad_1216,0.0,3.0,0,0,0.0,3.0,2026-08-21T07:25:52.000Z,2026-08-24T15:39:47.000Z
Rare_Alternative_707,1.0,1.0,0,0,1.0,1.0,2026-08-20T22:29:22.140Z,2026-08-20T22:39:47.000Z
Rare_Mixture_9303,0.0,1.0,0,0,0.0,1.0,2026-08-22T14:19:54.000Z,2026-08-22T14:19:54.000Z
Rare_Ride_3650,0.0,2.0,0,0,0.0,2.0,2026-08-20T18:59:00.000Z,2026-08-20T19:03:10.000Z
Ratanbarai,0.0,2.0,0,0,0.0,2.0,2026-08-24T08:19:01.000Z,2026-08-26T09:18:28.000Z
RatsckorArdur,0.0,1.0,0,0,0.0,1.0,2026-08-27T08:42:22.000Z,2026-08-27T08:42:22.000Z
Raunak6969,0.0,1.0,0,0,0.0,1.0,2026-08-22T03:10:46.000Z,2026-08-22T03:10:46.000Z
Ravi_ranjan123,0.0,1.0,0,0,0.0,1.0,2026-08-23T02:31:23.000Z,2026-08-23T02:31:23.000Z
RayDaBom,0.0,1.0,0,0,0.0,1.0,2026-08-23T06:25:40.000Z,2026-08-23T06:25:40.000Z
RayDalio2,0.0,2.0,0,0,0.0,2.0,2026-08-20T06:06:18.000Z,2026-08-20T06:10:29.000Z
RaySayWHAT,0.0,4.0,0,0,0.0,4.0,2026-09-01T11:32:28.000Z,2026-09-01T11:46:20.000Z
RazeX_91,0.0,1.0,0,0,0.0,1.0,2026-08-26T07:54:00.000Z,2026-08-26T07:54:00.000Z
Razzzorr,0.0,1.0,0,0,0.0,1.0,2026-08-22T07:11:29.000Z,2026-08-22T07:11:29.000Z
RdBlaze-23,0.0,2.0,0,0,0.0,2.0,2026-08-25T14:36:54.000Z,2026-09-01T12:05:44.000Z
Rdsinha,1.0,1.0,0,0,1.0,1.0,2026-08-26T07:44:50.835Z,2026-08-26T07:50:44.000Z
Rdx_Spyder0069,0.0,1.0,0,0,0.0,1.0,2026-08-24T15:13:50.000Z,2026-08-24T15:13:50.000Z
ReactionSuspicious55,0.0,5.0,0,0,0.0,5.0,2026-08-18T14:54:48.000Z,2026-08-25T10:47:10.000Z
Reader_Cat1994,0.0,1.0,0,0,0.0,1.0,2026-08-26T17:06:10.000Z,2026-08-26T17:06:10.000Z
ReadyToBeEaten,0.0,7.0,0,0,0.0,7.0,2026-08-18T13:01:40.000Z,2026-09-01T17:03:20.000Z
Ready_Head4888,1.0,0.0,0,0,1.0,0.0,2026-08-27T04:55:20.001Z,2026-08-27T04:55:20.001Z
Real-Visit-5610,0.0,1.0,0,0,0.0,1.0,2026-08-19T09:51:52.000Z,2026-08-19T09:51:52.000Z
RealHouseMd,0.0,2.0,0,0,0.0,2.0,2026-08-23T06:55:11.000Z,2026-08-26T14:46:59.000Z
Real_Ad6187,0.0,7.0,0,0,0.0,7.0,2026-08-18T14:31:31.000Z,2026-09-01T13:21:19.000Z
Real_Alternative67,0.0,2.0,0,0,0.0,2.0,2026-08-23T17:42:45.000Z,2026-09-01T16:59:06.000Z
Realistic-Cicada6307,0.0,1.0,0,0,0.0,1.0,2026-09-02T10:32:30.000Z,2026-09-02T10:32:30.000Z
Realistic-Pause5488,0.0,1.0,0,0,0.0,1.0,2026-08-25T16:46:22.000Z,2026-08-25T16:46:22.000Z
Realistic_Diver2031,0.0,1.0,0,0,0.0,1.0,2026-09-01T14:20:14.000Z,2026-09-01T14:20:14.000Z
Realistic_Quality207,0.0,1.0,0,0,0.0,1.0,2026-08-29T13:24:15.000Z,2026-08-29T13:24:15.000Z
Realistic_Tune9972,2.0,1.0,0,0,2.0,1.0,2026-08-22T20:42:17.379Z,2026-08-26T15:32:00.000Z
Realtalkismything,0.0,1.0,0,0,0.0,1.0,2026-08-21T12:59:44.000Z,2026-08-21T12:59:44.000Z
ReaperOAK,0.0,1.0,0,0,0.0,1.0,2026-09-01T09:54:30.000Z,2026-09-01T09:54:30.000Z
ReasRx,0.0,1.0,0,0,0.0,1.0,2026-08-20T06:55:04.000Z,2026-08-20T06:55:04.000Z
Reasonable-Dingo2673,0.0,1.0,0,0,0.0,1.0,2026-09-01T14:43:20.000Z,2026-09-01T14:43:20.000Z
Reasonable-Elk-8469,1.0,1.0,0,0,1.0,1.0,2026-09-02T00:08:35.803Z,2026-09-02T06:03:59.000Z
Reasonable-Radio-447,0.0,1.0,0,0,0.0,1.0,2026-08-18T14:00:02.000Z,2026-08-18T14:00:02.000Z
Reasonable-Swan-7734,0.0,4.0,0,0,0.0,4.0,2026-08-25T20:12:59.000Z,2026-09-01T21:10:45.000Z
ReasonableWin3679,0.0,1.0,0,0,0.0,1.0,2026-08-22T07:06:55.000Z,2026-08-22T07:06:55.000Z
Reasonable_Dare1961,0.0,1.0,0,0,0.0,1.0,2026-08-27T17:12:11.000Z,2026-08-27T17:12:11.000Z
Reasonable_Guide6444,0.0,13.0,0,0,0.0,13.0,2026-08-20T12:05:43.000Z,2026-09-02T11:35:52.000Z
Reasonable_Many_9201,0.0,1.0,0,0,0.0,1.0,2026-08-21T18:30:28.000Z,2026-08-21T18:30:28.000Z
Reasonable_Ratio4241,0.0,1.0,0,0,0.0,1.0,2026-08-23T07:14:32.000Z,2026-08-23T07:14:32.000Z
Reasonable_Teaching9,0.0,4.0,0,0,0.0,4.0,2026-08-19T19:53:15.000Z,2026-09-01T18:33:55.000Z
Recent-Birthday2109,1.0,17.0,0,0,1.0,17.0,2026-08-24T16:51:21.000Z,2026-08-26T16:14:24.000Z
Recent-Tear155,0.0,3.0,0,0,0.0,3.0,2026-08-25T08:29:43.000Z,2026-08-25T20:29:26.000Z
Recent_Lingonberry34,0.0,1.0,0,0,0.0,1.0,2026-08-21T13:54:22.000Z,2026-08-21T13:54:22.000Z
ReceptionQuiet1748,1.0,0.0,0,0,1.0,0.0,2026-09-01T18:15:37.172Z,2026-09-01T18:15:37.172Z
ReceptionUsual2628,0.0,3.0,0,0,0.0,3.0,2026-08-20T06:10:51.000Z,2026-09-01T17:30:44.000Z
RecordKeeper79874,0.0,7.0,0,0,0.0,7.0,2026-08-19T05:14:35.000Z,2026-08-25T02:04:33.000Z
RedJohnDC,0.0,1.0,0,0,0.0,1.0,2026-08-23T11:43:16.000Z,2026-08-23T11:43:16.000Z
RedRakham910,0.0,1.0,0,0,0.0,1.0,2026-08-27T07:52:59.000Z,2026-08-27T07:52:59.000Z
Red_Knight6449,0.0,2.0,0,0,0.0,2.0,2026-08-21T09:08:28.000Z,2026-09-02T15:09:29.000Z
RedditBlockchains,0.0,1.0,0,0,0.0,1.0,2026-08-27T06:11:12.000Z,2026-08-27T06:11:12.000Z
Redditerrivu,0.0,1.0,0,0,0.0,1.0,2026-09-01T21:24:26.000Z,2026-09-01T21:24:26.000Z
Reddude089,0.0,1.0,0,0,0.0,1.0,2026-08-19T07:19:35.000Z,2026-08-19T07:19:35.000Z
Redthegamer12112,0.0,1.0,0,0,0.0,1.0,2026-08-18T15:06:20.000Z,2026-08-18T15:06:20.000Z
ReflectionPast2933,0.0,1.0,0,0,0.0,1.0,2026-08-20T12:49:07.000Z,2026-08-20T12:49:07.000Z
RefrigeratorMiddle82,0.0,2.0,0,0,0.0,2.0,2026-08-24T18:33:26.000Z,2026-08-27T03:56:15.000Z
Regular-Ad-7751,0.0,1.0,0,0,0.0,1.0,2026-08-19T13:23:41.000Z,2026-08-19T13:23:41.000Z
Regular_Pass_2550,0.0,2.0,0,0,0.0,2.0,2026-08-23T15:58:49.000Z,2026-08-27T03:48:34.000Z
ReignX2_Tenshi,0.0,5.0,0,0,0.0,5.0,2026-08-21T15:54:48.000Z,2026-09-01T12:44:16.000Z
Relevant_Tension_92,1.0,15.0,0,0,1.0,15.0,2026-08-20T04:52:56.000Z,2026-09-01T03:10:20.000Z
Relevant_You_1052,0.0,1.0,0,0,0.0,1.0,2026-08-25T11:40:01.000Z,2026-08-25T11:40:01.000Z
Relevant_You_9642,0.0,1.0,0,0,0.0,1.0,2026-08-23T05:56:20.000Z,2026-08-23T05:56:20.000Z
Remarkable-Brain1439,0.0,3.0,0,0,0.0,3.0,2026-08-23T18:28:39.000Z,2026-08-27T09:53:22.000Z
Remarkable-Low-643,0.0,1.0,0,0,0.0,1.0,2026-08-24T16:32:20.000Z,2026-08-24T16:32:20.000Z
Remarkable-Movie-431,1.0,4.0,0,0,1.0,4.0,2026-08-24T07:40:11.959Z,2026-08-24T09:36:31.000Z
RemarkablePaper6160,0.0,1.0,0,0,0.0,1.0,2026-08-19T07:53:12.000Z,2026-08-19T07:53:12.000Z
RemarkableSpite2323,1.0,10.0,0,0,1.0,10.0,2026-08-22T19:10:49.000Z,2026-08-27T03:57:28.000Z
RememberSaulstone,0.0,1.0,0,0,0.0,1.0,2026-08-20T16:55:08.000Z,2026-08-20T16:55:08.000Z
Remielle_Lover,0.0,1.0,0,0,0.0,1.0,2026-08-24T20:54:42.000Z,2026-08-24T20:54:42.000Z
RemindMeBot,0.0,1.0,0,0,0.0,1.0,2026-09-01T07:43:57.000Z,2026-09-01T07:43:57.000Z
Remote-Ring3854,0.0,1.0,0,0,0.0,1.0,2026-08-22T03:29:10.000Z,2026-08-22T03:29:10.000Z
Remote-Succotash5413,0.0,4.0,0,0,0.0,4.0,2026-08-19T16:41:45.000Z,2026-08-25T14:15:31.000Z
Remote_Panda6884,1.0,1.0,0,0,1.0,1.0,2026-08-25T11:43:01.068Z,2026-08-25T11:58:10.000Z
RenewedPulse,0.0,1.0,0,0,0.0,1.0,2026-09-02T06:12:31.000Z,2026-09-02T06:12:31.000Z
RepresentativeNo6403,0.0,1.0,0,0,0.0,1.0,2026-08-24T14:46:00.000Z,2026-08-24T14:46:00.000Z
Repulsive-Beat1391,0.0,1.0,0,0,0.0,1.0,2026-08-23T19:46:15.000Z,2026-08-23T19:46:15.000Z
Repulsive-Gap-6787,0.0,1.0,0,0,0.0,1.0,2026-08-23T19:54:38.000Z,2026-08-23T19:54:38.000Z
RepulsiveBat7720,0.0,1.0,0,0,0.0,1.0,2026-09-02T07:42:36.000Z,2026-09-02T07:42:36.000Z
RepulsiveScale5968,0.0,1.0,0,0,0.0,1.0,2026-08-23T13:49:57.000Z,2026-08-23T13:49:57.000Z
Repulsive_Panic5216,0.0,2.0,0,0,0.0,2.0,2026-08-19T17:58:43.000Z,2026-08-19T18:01:42.000Z
Research_Paper_404,0.0,1.0,0,0,0.0,1.0,2026-08-22T06:22:33.000Z,2026-08-22T06:22:33.000Z
Resident-Piccolo489,0.0,2.0,0,0,0.0,2.0,2026-09-01T02:41:48.000Z,2026-09-01T13:40:37.000Z
Resident-Wind-9938,0.0,3.0,0,0,0.0,3.0,2026-08-19T09:49:54.000Z,2026-08-25T13:48:02.000Z
ResidentAd8536,0.0,1.0,0,0,0.0,1.0,2026-08-25T13:00:04.000Z,2026-08-25T13:00:04.000Z
ResolveThen7884,0.0,8.0,0,0,0.0,8.0,2026-08-18T14:13:04.000Z,2026-08-26T07:25:51.000Z
Responsible-Paper405,0.0,1.0,0,0,0.0,1.0,2026-08-25T11:16:08.000Z,2026-08-25T11:16:08.000Z
Responsible-Visual-9,0.0,1.0,0,0,0.0,1.0,2026-08-24T14:06:23.000Z,2026-08-24T14:06:23.000Z
ResponsibleBag2017,0.0,3.0,0,0,0.0,3.0,2026-09-01T02:18:10.000Z,2026-09-01T08:17:25.000Z
ResponsiblePush7158,0.0,5.0,0,0,0.0,5.0,2026-08-19T07:59:38.000Z,2026-08-24T19:04:08.000Z
Responsible_Age_5440,0.0,1.0,0,0,0.0,1.0,2026-09-01T18:24:44.000Z,2026-09-01T18:24:44.000Z
Responsible_Bread372,0.0,35.0,0,0,0.0,35.0,2026-08-19T04:48:32.000Z,2026-09-01T17:20:45.000Z
Responsible_Pay_1689,0.0,1.0,0,0,0.0,1.0,2026-08-27T07:10:59.000Z,2026-08-27T07:10:59.000Z
Responsible_Swim_162,0.0,1.0,0,0,0.0,1.0,2026-08-27T04:31:51.000Z,2026-08-27T04:31:51.000Z
Responsible_Wing_286,0.0,1.0,0,0,0.0,1.0,2026-08-28T04:08:58.000Z,2026-08-28T04:08:58.000Z
Restless_Flaneur,0.0,1.0,0,0,0.0,1.0,2026-08-21T20:56:37.000Z,2026-08-21T20:56:37.000Z
ReturnNu11,0.0,1.0,0,0,0.0,1.0,2026-08-22T22:05:02.000Z,2026-08-22T22:05:02.000Z
Revolutionary-Skin46,0.0,1.0,0,0,0.0,1.0,2026-08-20T11:34:46.000Z,2026-08-20T11:34:46.000Z
RevolutionaryUse6411,0.0,2.0,0,0,0.0,2.0,2026-08-25T19:58:27.000Z,2026-08-26T08:33:53.000Z
Revolutionnnn6969,0.0,4.0,0,0,0.0,4.0,2026-08-20T17:03:11.000Z,2026-09-02T09:54:48.000Z
RexS99,0.0,2.0,0,0,0.0,2.0,2026-08-23T21:02:18.000Z,2026-08-27T18:50:25.000Z
Rhitvii,0.0,3.0,0,0,0.0,3.0,2026-08-23T17:49:21.000Z,2026-09-02T06:28:45.000Z
Rhys-Montrose,0.0,8.0,0,0,0.0,8.0,2026-08-23T03:44:39.000Z,2026-09-02T16:37:13.000Z
Rhythmmaz986,1.0,0.0,0,0,1.0,0.0,2026-08-23T05:42:01.027Z,2026-08-23T05:42:01.027Z
Rich-Eggplant4546,0.0,1.0,0,0,0.0,1.0,2026-08-25T16:07:36.000Z,2026-08-25T16:07:36.000Z
Rich-Philosophy-0107,0.0,4.0,0,0,0.0,4.0,2026-08-19T13:24:56.000Z,2026-08-25T09:20:43.000Z
Rich_Mess9707,0.0,1.0,0,0,0.0,1.0,2026-08-22T10:26:00.000Z,2026-08-22T10:26:00.000Z
Rich_Rotten_ramen,0.0,1.0,0,0,0.0,1.0,2026-08-27T11:29:49.000Z,2026-08-27T11:29:49.000Z
Richierich1999,0.0,1.0,0,0,0.0,1.0,2026-08-20T11:30:10.000Z,2026-08-20T11:30:10.000Z
RicingLife,0.0,1.0,0,0,0.0,1.0,2026-08-20T12:29:35.000Z,2026-08-20T12:29:35.000Z
RickRussel,0.0,1.0,0,0,0.0,1.0,2026-08-23T10:33:09.000Z,2026-08-23T10:33:09.000Z
RiddlePopcorn,0.0,1.0,0,0,0.0,1.0,2026-08-31T18:01:43.000Z,2026-08-31T18:01:43.000Z
Right_Excitement6371,1.0,2.0,0,0,1.0,2.0,2026-08-25T12:33:27.594Z,2026-08-25T14:10:41.000Z
Right_Ladder22,0.0,1.0,0,0,0.0,1.0,2026-08-26T18:27:44.000Z,2026-08-26T18:27:44.000Z
Right_Link7302,0.0,3.0,0,0,0.0,3.0,2026-08-20T22:24:35.000Z,2026-09-01T02:58:22.000Z
Rii_013,0.0,6.0,0,0,0.0,6.0,2026-08-24T13:14:38.000Z,2026-08-25T19:37:04.000Z
Rims_16,1.0,3.0,0,0,1.0,3.0,2026-08-20T17:37:04.000Z,2026-08-26T20:47:30.000Z
Rit4798,0.0,1.0,0,0,0.0,1.0,2026-08-26T16:11:47.000Z,2026-08-26T16:11:47.000Z
RitamDank,0.0,8.0,0,0,0.0,8.0,2026-08-21T12:40:19.000Z,2026-08-24T06:52:07.000Z
Ritam_1234,0.0,3.0,0,0,0.0,3.0,2026-08-21T15:54:55.000Z,2026-08-24T15:06:43.000Z
Ritobrata_Gupta,0.0,2.0,0,0,0.0,2.0,2026-08-21T05:40:55.000Z,2026-08-23T17:11:16.000Z
RivaMumma,1.0,2.0,0,0,1.0,2.0,2026-08-22T08:16:42.659Z,2026-08-22T08:52:57.000Z
Rjoe1993,0.0,1.0,0,0,0.0,1.0,2026-08-21T21:15:39.000Z,2026-08-21T21:15:39.000Z
RobbyOp,0.0,1.0,0,0,0.0,1.0,2026-08-20T06:34:34.000Z,2026-08-20T06:34:34.000Z
RockingThor,0.0,1.0,0,0,0.0,1.0,2026-08-25T07:32:33.000Z,2026-08-25T07:32:33.000Z
RockstarAdii,0.0,1.0,0,0,0.0,1.0,2026-08-26T16:12:37.000Z,2026-08-26T16:12:37.000Z
Rohan1808,0.0,1.0,0,0,0.0,1.0,2026-08-19T17:32:43.000Z,2026-08-19T17:32:43.000Z
Rohit_Strokes,1.0,3.0,0,0,1.0,3.0,2026-08-20T18:28:26.625Z,2026-08-20T19:41:16.000Z
RoinToyers,0.0,1.0,0,0,0.0,1.0,2026-08-19T23:06:48.000Z,2026-08-19T23:06:48.000Z
Romantic_Spirit_25,0.0,5.0,0,0,0.0,5.0,2026-08-25T17:51:58.000Z,2026-09-02T03:19:07.000Z
RonBooii,0.0,1.0,0,0,0.0,1.0,2026-08-22T20:20:43.000Z,2026-08-22T20:20:43.000Z
RonDante,0.0,1.0,0,0,0.0,1.0,2026-08-21T05:53:06.000Z,2026-08-21T05:53:06.000Z
Ron_006,1.0,2.0,0,0,1.0,2.0,2026-08-24T08:35:13.000Z,2026-09-02T14:36:18.000Z
RoomAggravating6101,1.0,6.0,0,0,1.0,6.0,2026-08-20T17:55:57.268Z,2026-08-20T18:57:42.000Z
Round-Agent-6948,0.0,3.0,0,0,0.0,3.0,2026-08-18T14:05:00.000Z,2026-08-26T09:16:16.000Z
RoundTradition6837,0.0,1.0,0,0,0.0,1.0,2026-09-02T08:37:21.000Z,2026-09-02T08:37:21.000Z
RoutineOk4687,0.0,1.0,0,0,0.0,1.0,2026-08-22T15:26:33.000Z,2026-08-22T15:26:33.000Z
Royal-Hamster1954,1.0,2.0,0,0,1.0,2.0,2026-08-19T16:28:11.000Z,2026-08-27T04:57:23.000Z
Royal-Spare-8025,0.0,1.0,0,0,0.0,1.0,2026-08-25T13:53:56.000Z,2026-08-25T13:53:56.000Z
RoyalAggravating3731,0.0,1.0,0,0,0.0,1.0,2026-08-29T02:31:33.000Z,2026-08-29T02:31:33.000Z
RoyalFast9739,0.0,4.0,0,0,0.0,4.0,2026-08-24T17:30:27.000Z,2026-08-24T17:43:45.000Z
Ruby_Sqube,2.0,22.0,0,0,2.0,22.0,2026-08-20T16:52:10.828Z,2026-08-26T19:33:36.000Z
Rubydebbarma9,0.0,1.0,0,0,0.0,1.0,2026-08-26T02:42:51.000Z,2026-08-26T02:42:51.000Z
Rude-Tomatillo854,0.0,1.0,0,0,0.0,1.0,2026-08-23T01:57:18.000Z,2026-08-23T01:57:18.000Z
Rude_Pie_9842,0.0,9.0,0,0,0.0,9.0,2026-08-19T05:44:28.000Z,2026-08-25T11:05:01.000Z
Rudrapriya2008,0.0,2.0,0,0,0.0,2.0,2026-08-18T18:23:42.000Z,2026-08-24T19:04:05.000Z
RuleEvening4732,0.0,1.0,0,0,0.0,1.0,2026-08-25T19:03:42.000Z,2026-08-25T19:03:42.000Z
Rumlez95,1.0,3.0,0,0,1.0,3.0,2026-09-02T09:43:25.546Z,2026-09-02T14:01:06.000Z
Runi_Bs_87,0.0,5.0,0,0,0.0,5.0,2026-08-20T16:43:18.000Z,2026-09-01T18:49:54.000Z
Ruproni,0.0,1.0,0,0,0.0,1.0,2026-08-20T13:43:42.000Z,2026-08-20T13:43:42.000Z
Ruthless_Ritwik,0.0,1.0,0,0,0.0,1.0,2026-08-18T17:47:49.000Z,2026-08-18T17:47:49.000Z
RytPsyde,0.0,8.0,0,0,0.0,8.0,2026-08-22T01:15:44.000Z,2026-08-27T07:53:14.000Z
Ryujiro101,0.0,3.0,0,0,0.0,3.0,2026-08-25T12:36:47.000Z,2026-08-31T17:13:00.000Z
S--Ray,0.0,1.0,0,0,0.0,1.0,2026-08-18T19:49:52.000Z,2026-08-18T19:49:52.000Z
S28092010,0.0,2.0,0,0,0.0,2.0,2026-08-22T14:09:07.000Z,2026-08-25T09:31:39.000Z
S6474,0.0,1.0,0,0,0.0,1.0,2026-08-28T05:06:07.000Z,2026-08-28T05:06:07.000Z
SAD_LIKE_NAME,0.0,1.0,0,0,0.0,1.0,2026-08-28T11:10:14.000Z,2026-08-28T11:10:14.000Z
SBan83,0.0,1.0,0,0,0.0,1.0,2026-08-23T01:36:31.000Z,2026-08-23T01:36:31.000Z
SBiswas89,0.0,1.0,0,0,0.0,1.0,2026-08-27T08:02:49.000Z,2026-08-27T08:02:49.000Z
SCOPE25,0.0,1.0,0,0,0.0,1.0,2026-08-19T04:37:40.000Z,2026-08-19T04:37:40.000Z
SG21793,0.0,4.0,0,0,0.0,4.0,2026-08-20T14:09:51.000Z,2026-09-01T23:22:38.000Z
SHADOWDBZ09,0.0,2.0,0,0,0.0,2.0,2026-08-24T16:16:34.000Z,2026-08-27T00:40:19.000Z
SMXRXNYX,0.0,1.0,0,0,0.0,1.0,2026-08-23T19:19:58.000Z,2026-08-23T19:19:58.000Z
SOCiallyAwkwardAdmin,0.0,1.0,0,0,0.0,1.0,2026-08-21T07:58:24.000Z,2026-08-21T07:58:24.000Z
SOMPotter,1.0,2.0,0,0,1.0,2.0,2026-08-23T07:14:54.976Z,2026-08-23T15:09:01.000Z
SOUMO_007,0.0,1.0,0,0,0.0,1.0,2026-08-24T04:45:47.000Z,2026-08-24T04:45:47.000Z
SPECTRA_ash,0.0,1.0,0,0,0.0,1.0,2026-08-26T20:41:38.000Z,2026-08-26T20:41:38.000Z
STUD_END,0.0,1.0,0,0,0.0,1.0,2026-08-18T14:58:33.000Z,2026-08-18T14:58:33.000Z
SUB_Tech_Guy04,0.0,1.0,0,0,0.0,1.0,2026-08-19T04:21:22.000Z,2026-08-19T04:21:22.000Z
S_Chatterje,0.0,1.0,0,0,0.0,1.0,2026-08-20T13:37:16.000Z,2026-08-20T13:37:16.000Z
Sad-Aerie9776,0.0,1.0,0,0,0.0,1.0,2026-08-24T07:07:45.000Z,2026-08-24T07:07:45.000Z
Sad-Ambassador8003,0.0,1.0,0,0,0.0,1.0,2026-08-24T16:29:55.000Z,2026-08-24T16:29:55.000Z
Sad-Boysenberry2285,0.0,2.0,0,0,0.0,2.0,2026-08-19T14:51:24.000Z,2026-08-22T09:04:45.000Z
Sad-Butterfly915,0.0,1.0,0,0,0.0,1.0,2026-08-27T07:32:23.000Z,2026-08-27T07:32:23.000Z
Sad-Competition-8512,1.0,6.0,0,0,1.0,6.0,2026-08-19T20:39:59.195Z,2026-08-20T09:16:43.000Z
Sad-Goose9852,0.0,1.0,0,0,0.0,1.0,2026-09-02T12:21:36.000Z,2026-09-02T12:21:36.000Z
Sad-Researcher9791,1.0,2.0,0,0,1.0,2.0,2026-08-24T12:54:36.000Z,2026-09-01T08:50:13.000Z
SadBiscotti9641,1.0,0.0,0,0,1.0,0.0,2026-08-26T06:27:22.096Z,2026-08-26T06:27:22.096Z
Sad_Caregiver726,0.0,2.0,0,0,0.0,2.0,2026-08-20T12:21:16.000Z,2026-08-20T19:27:15.000Z
Sad_Glass_5200,0.0,1.0,0,0,0.0,1.0,2026-08-23T12:41:36.000Z,2026-08-23T12:41:36.000Z
Sad_Monk_5347,0.0,1.0,0,0,0.0,1.0,2026-08-25T08:33:22.000Z,2026-08-25T08:33:22.000Z
Sad_Move_5751,2.0,44.0,0,0,2.0,44.0,2026-08-19T17:40:31.000Z,2026-08-25T12:23:02.000Z
Sad_Nobody_2185,1.0,1.0,0,0,1.0,1.0,2026-09-02T14:32:59.088Z,2026-09-02T14:35:38.000Z
Sad_Raspberryy,1.0,6.0,0,0,1.0,6.0,2026-08-22T16:09:18.000Z,2026-09-02T01:26:15.000Z
Sad_Succotash_3723,0.0,1.0,0,0,0.0,1.0,2026-08-19T15:30:10.000Z,2026-08-19T15:30:10.000Z
Sad_Woodpecker_6604,0.0,1.0,0,0,0.0,1.0,2026-08-24T14:13:39.000Z,2026-08-24T14:13:39.000Z
SafaiWala6,1.0,5.0,0,0,1.0,5.0,2026-08-21T18:47:02.553Z,2026-08-22T11:12:38.000Z
Safe-Rise-4790,3.0,15.0,0,0,3.0,15.0,2026-08-19T11:10:02.000Z,2026-09-01T13:57:31.000Z
Safe_Discussion_6464,0.0,1.0,0,0,0.0,1.0,2026-08-28T12:09:12.000Z,2026-08-28T12:09:12.000Z
Sahil2337,0.0,1.0,0,0,0.0,1.0,2026-08-24T11:29:58.000Z,2026-08-24T11:29:58.000Z
Saitamaofindia,0.0,1.0,0,0,0.0,1.0,2026-08-18T17:24:39.000Z,2026-08-18T17:24:39.000Z
SalamanderBorn348,0.0,1.0,0,0,0.0,1.0,2026-08-23T05:20:49.000Z,2026-08-23T05:20:49.000Z
Salazaar_Arny,1.0,4.0,0,0,1.0,4.0,2026-08-20T04:36:59.000Z,2026-09-01T13:59:30.000Z
Salt-Association7567,0.0,1.0,0,0,0.0,1.0,2026-08-18T19:20:38.000Z,2026-08-18T19:20:38.000Z
Salt-Road-3461,0.0,2.0,0,0,0.0,2.0,2026-08-23T10:13:59.000Z,2026-08-27T08:23:58.000Z
Salty-Bug-2599,0.0,1.0,0,0,0.0,1.0,2026-08-27T10:03:43.000Z,2026-08-27T10:03:43.000Z
Salty-Competition356,0.0,1.0,0,0,0.0,1.0,2026-08-24T14:59:01.000Z,2026-08-24T14:59:01.000Z
SaltyShock7484,2.0,1.0,0,0,2.0,1.0,2026-08-26T19:47:16.452Z,2026-09-02T03:03:58.034Z
Salty_Ad_8904,0.0,5.0,0,0,0.0,5.0,2026-08-22T05:00:44.000Z,2026-08-25T19:23:36.000Z
Salty_Fun6647,0.0,1.0,0,0,0.0,1.0,2026-08-24T14:57:08.000Z,2026-08-24T14:57:08.000Z
Sam1995iam,0.0,1.0,0,0,0.0,1.0,2026-08-23T11:26:04.000Z,2026-08-23T11:26:04.000Z
SamStorm1,0.0,1.0,0,0,0.0,1.0,2026-08-23T10:35:46.000Z,2026-08-23T10:35:46.000Z
Samarjit5,0.0,4.0,0,0,0.0,4.0,2026-08-22T16:22:28.000Z,2026-08-25T07:08:17.000Z
Same-Tea-2337,0.0,2.0,0,0,0.0,2.0,2026-08-20T05:34:15.000Z,2026-08-20T17:11:07.000Z
Same_Deal,0.0,1.0,0,0,0.0,1.0,2026-08-23T09:35:49.000Z,2026-08-23T09:35:49.000Z
Same_Insect_4457,0.0,1.0,0,0,0.0,1.0,2026-08-26T17:23:41.000Z,2026-08-26T17:23:41.000Z
SamosaLover,0.0,2.0,0,0,0.0,2.0,2026-08-20T04:59:42.000Z,2026-08-20T05:00:15.000Z
SampleInfinite5151,0.0,1.0,0,0,0.0,1.0,2026-08-23T15:27:47.000Z,2026-08-23T15:27:47.000Z
Samuel_Frog,0.0,1.0,0,0,0.0,1.0,2026-08-21T15:47:26.000Z,2026-08-21T15:47:26.000Z
Samurai_Champloo_3,0.0,1.0,0,0,0.0,1.0,2026-08-25T18:09:06.000Z,2026-08-25T18:09:06.000Z
Sanctus_Serpentis,0.0,1.0,0,0,0.0,1.0,2026-08-24T20:42:24.000Z,2026-08-24T20:42:24.000Z
SanoTiX,0.0,1.0,0,0,0.0,1.0,2026-08-27T05:57:50.000Z,2026-08-27T05:57:50.000Z
Saptarsh-1020,0.0,1.0,0,0,0.0,1.0,2026-08-27T06:58:38.000Z,2026-08-27T06:58:38.000Z
Sarath_222,1.0,1.0,0,0,1.0,1.0,2026-08-21T16:34:57.000Z,2026-08-24T17:02:04.886Z
Sarbokunn,1.0,0.0,0,0,1.0,0.0,2026-08-26T04:04:45.607Z,2026-08-26T04:04:45.607Z
SarkarIftekhar,0.0,1.0,0,0,0.0,1.0,2026-08-24T00:05:57.000Z,2026-08-24T00:05:57.000Z
Sas2kwqt,0.0,1.0,0,0,0.0,1.0,2026-08-23T10:29:31.000Z,2026-08-23T10:29:31.000Z
Satan_665,0.0,1.0,0,0,0.0,1.0,2026-08-20T12:26:19.000Z,2026-08-20T12:26:19.000Z
Satoru-Gojo-4240,0.0,4.0,0,0,0.0,4.0,2026-08-19T13:42:33.000Z,2026-09-02T13:28:31.000Z
Saujanya1098,0.0,1.0,0,0,0.0,1.0,2026-08-22T07:47:00.000Z,2026-08-22T07:47:00.000Z
SaumabhoBagchi,0.0,1.0,0,0,0.0,1.0,2026-09-01T06:19:33.000Z,2026-09-01T06:19:33.000Z
Sauron_999__,0.0,4.0,0,0,0.0,4.0,2026-08-20T08:13:03.000Z,2026-08-26T08:30:53.000Z
Savings-Gift7410,1.0,89.0,0,0,1.0,89.0,2026-08-26T13:31:25.000Z,2026-08-27T08:33:09.000Z
Savings_Push_8642,0.0,1.0,0,0,0.0,1.0,2026-09-02T08:25:12.000Z,2026-09-02T08:25:12.000Z
Savvy_2021,1.0,1.0,0,0,1.0,1.0,2026-09-01T04:27:45.128Z,2026-09-01T04:35:35.000Z
Sayan-GD,0.0,3.0,0,0,0.0,3.0,2026-08-21T10:55:08.000Z,2026-08-21T10:56:21.000Z
Sayan108,0.0,19.0,0,0,0.0,19.0,2026-08-21T08:34:19.000Z,2026-08-27T04:12:43.000Z
Sayan12,0.0,1.0,0,0,0.0,1.0,2026-08-31T18:56:04.000Z,2026-08-31T18:56:04.000Z
Sayandeep10,1.0,6.0,0,0,1.0,6.0,2026-08-27T16:38:39.000Z,2026-09-01T14:21:34.000Z
Sayanestein-07,0.0,2.0,0,0,0.0,2.0,2026-08-20T21:05:20.000Z,2026-09-02T00:13:13.000Z
ScaleOverall7886,8.0,3.0,0,0,8.0,3.0,2026-08-21T15:07:24.282Z,2026-09-02T18:48:02.388Z
Scar-6996,0.0,1.0,0,0,0.0,1.0,2026-08-25T01:46:13.000Z,2026-08-25T01:46:13.000Z
Scary_Knowledge97,0.0,1.0,0,0,0.0,1.0,2026-08-23T07:22:32.000Z,2026-08-23T07:22:32.000Z
SceneWorldly5158,0.0,1.0,0,0,0.0,1.0,2026-08-20T12:43:53.000Z,2026-08-20T12:43:53.000Z
ScholarEnough1696,0.0,2.0,0,0,0.0,2.0,2026-09-02T08:44:49.000Z,2026-09-02T10:53:45.000Z
ScholarQueasy9728,1.0,0.0,0,0,1.0,0.0,2026-09-02T17:34:25.282Z,2026-09-02T17:34:25.282Z
SchwarzerHase,0.0,8.0,0,0,0.0,8.0,2026-08-19T13:31:36.000Z,2026-08-27T06:46:23.000Z
Scott_infinity,0.0,1.0,0,0,0.0,1.0,2026-08-24T08:27:15.000Z,2026-08-24T08:27:15.000Z
Sea-Assumption-8501,1.0,0.0,0,0,1.0,0.0,2026-08-26T04:27:44.084Z,2026-08-26T04:27:44.084Z
Sea-Attention-5136,0.0,1.0,0,0,0.0,1.0,2026-08-19T10:32:56.000Z,2026-08-19T10:32:56.000Z
Sea-Explanation-7973,0.0,4.0,0,0,0.0,4.0,2026-08-20T19:44:58.000Z,2026-09-01T19:15:12.000Z
Sea-Minimum9406,1.0,0.0,0,0,1.0,0.0,2026-08-25T09:50:41.932Z,2026-08-25T09:50:41.932Z
Sea-Palpitation-2526,1.0,0.0,0,0,1.0,0.0,2026-09-03T05:14:35.490Z,2026-09-03T05:14:35.490Z
Sea-Peach-2291,0.0,2.0,0,0,0.0,2.0,2026-08-23T10:51:13.000Z,2026-08-24T14:49:08.000Z
Sea-Trouble-5700,0.0,1.0,0,0,0.0,1.0,2026-08-21T10:30:57.000Z,2026-08-21T10:30:57.000Z
SeaLengthiness6327,0.0,19.0,0,0,0.0,19.0,2026-08-20T10:58:15.000Z,2026-08-26T17:42:27.000Z
Sea_Interaction879,0.0,1.0,0,0,0.0,1.0,2026-08-25T15:06:50.000Z,2026-08-25T15:06:50.000Z
Sea_Mood_703,0.0,1.0,0,0,0.0,1.0,2026-08-26T14:28:02.000Z,2026-08-26T14:28:02.000Z
Sea_Paramedic7392,1.0,0.0,0,0,1.0,0.0,2026-08-19T20:45:20.296Z,2026-08-19T20:45:20.296Z
SeaworthinessHuge933,1.0,0.0,0,0,1.0,0.0,2026-08-26T17:22:35.815Z,2026-08-26T17:22:35.815Z
Secret-Round2880,0.0,1.0,0,0,0.0,1.0,2026-08-24T10:14:29.000Z,2026-08-24T10:14:29.000Z
SecretResponse1194,0.0,4.0,0,0,0.0,4.0,2026-08-20T06:27:06.000Z,2026-09-02T14:40:55.000Z
SecretTadpole9781,1.0,1.0,0,0,1.0,1.0,2026-09-01T14:42:51.778Z,2026-09-01T16:42:32.000Z
Secret_Discount_8738,0.0,3.0,0,0,0.0,3.0,2026-08-23T09:08:18.000Z,2026-08-23T14:57:26.000Z
Secret_Santa10,1.0,1.0,0,0,1.0,1.0,2026-08-20T09:51:09.580Z,2026-08-27T04:58:18.000Z
SecurePossession2708,0.0,2.0,0,0,0.0,2.0,2026-08-20T11:31:54.000Z,2026-09-01T18:06:22.000Z
SecureRecipeRide,0.0,1.0,0,0,0.0,1.0,2026-08-25T07:19:59.000Z,2026-08-25T07:19:59.000Z
Select_Maintenance67,0.0,1.0,0,0,0.0,1.0,2026-08-23T06:00:04.000Z,2026-08-23T06:00:04.000Z
Senior-Sink6561,0.0,1.0,0,0,0.0,1.0,2026-08-20T04:59:06.000Z,2026-08-20T04:59:06.000Z
Senior-Squirrel7418,0.0,1.0,0,0,0.0,1.0,2026-08-24T12:49:40.000Z,2026-08-24T12:49:40.000Z
Senior_Doubt_3394,0.0,2.0,0,0,0.0,2.0,2026-08-21T13:07:23.000Z,2026-08-22T12:03:32.000Z
Senior_Friendship756,0.0,4.0,0,0,0.0,4.0,2026-08-18T14:40:48.000Z,2026-08-24T21:35:06.000Z
Senior_Wrongdoer7804,0.0,1.0,0,0,0.0,1.0,2026-09-02T03:20:38.000Z,2026-09-02T03:20:38.000Z
Sensitive-Beat5257,0.0,1.0,0,0,0.0,1.0,2026-08-20T03:27:40.000Z,2026-08-20T03:27:40.000Z
Sensitive-Discount3,0.0,2.0,0,0,0.0,2.0,2026-08-27T08:43:22.000Z,2026-08-31T13:10:20.000Z
SensitiveDriver5739,1.0,1.0,0,0,1.0,1.0,2026-08-19T19:51:19.122Z,2026-08-19T19:52:05.000Z
Sensitive_Cup_6173,0.0,1.0,0,0,0.0,1.0,2026-09-01T14:49:18.000Z,2026-09-01T14:49:18.000Z
Separate-Evidence500,0.0,1.0,0,0,0.0,1.0,2026-08-19T08:27:05.000Z,2026-08-19T08:27:05.000Z
Separate-Scholar-244,0.0,4.0,0,0,0.0,4.0,2026-08-24T09:04:39.000Z,2026-08-27T04:06:58.000Z
Separate-Treacle3293,0.0,1.0,0,0,0.0,1.0,2026-08-19T10:17:50.000Z,2026-08-19T10:17:50.000Z
Separate-Way3681,0.0,3.0,0,0,0.0,3.0,2026-08-21T18:15:34.000Z,2026-08-23T10:13:05.000Z
Seraphim_talks,1.0,6.0,0,0,1.0,6.0,2026-08-20T17:54:06.687Z,2026-08-23T17:40:09.000Z
SerendipitousServant,0.0,2.0,0,0,0.0,2.0,2026-08-24T21:13:50.000Z,2026-08-25T18:41:52.000Z
SeriesElectrical7600,0.0,1.0,0,0,0.0,1.0,2026-08-27T06:43:38.000Z,2026-08-27T06:43:38.000Z
Serious-Anything6625,0.0,4.0,0,0,0.0,4.0,2026-08-21T07:34:46.000Z,2026-08-27T08:39:33.000Z
Serious-Speech4393,0.0,1.0,0,0,0.0,1.0,2026-09-02T15:37:07.000Z,2026-09-02T15:37:07.000Z
Serious_Ad_8572,0.0,1.0,0,0,0.0,1.0,2026-08-22T10:58:15.000Z,2026-08-22T10:58:15.000Z
Serious_Crab2259,0.0,1.0,0,0,0.0,1.0,2026-08-21T12:34:34.000Z,2026-08-21T12:34:34.000Z
Serious_Cream1245,0.0,3.0,0,0,0.0,3.0,2026-08-19T11:46:38.000Z,2026-09-01T13:27:11.000Z
Serious_Package2186,0.0,2.0,0,0,0.0,2.0,2026-08-26T17:02:40.000Z,2026-08-27T08:23:44.000Z
SetElectrical9165,0.0,1.0,0,0,0.0,1.0,2026-09-01T19:36:48.000Z,2026-09-01T19:36:48.000Z
Sevashi_Kun7,0.0,2.0,0,0,0.0,2.0,2026-08-25T09:34:56.000Z,2026-09-02T16:08:00.000Z
Several-Basil4823,0.0,1.0,0,0,0.0,1.0,2026-08-21T05:25:29.000Z,2026-08-21T05:25:29.000Z
Several-Law2200,0.0,1.0,0,0,0.0,1.0,2026-09-01T18:00:02.000Z,2026-09-01T18:00:02.000Z
Several-Search-6594,0.0,1.0,0,0,0.0,1.0,2026-08-27T13:10:44.000Z,2026-08-27T13:10:44.000Z
Sexy_Fish01,0.0,29.0,0,0,0.0,29.0,2026-08-20T15:10:13.000Z,2026-08-27T07:08:23.000Z
ShadowClawShowdown67,0.0,2.0,0,0,0.0,2.0,2026-08-24T03:47:45.000Z,2026-09-02T16:10:36.000Z
ShadowDxebec101,0.0,3.0,0,0,0.0,3.0,2026-08-20T13:29:37.000Z,2026-08-25T04:42:54.000Z
ShadowRage2004,0.0,2.0,0,0,0.0,2.0,2026-08-20T06:52:13.000Z,2026-08-26T12:50:01.000Z
Shadow_SJ019,0.0,1.0,0,0,0.0,1.0,2026-08-21T16:06:13.000Z,2026-08-21T16:06:13.000Z
Shadow_moth51,0.0,7.0,0,0,0.0,7.0,2026-08-19T15:29:34.000Z,2026-08-27T14:01:35.000Z
Shadowalker9912,0.0,4.0,0,0,0.0,4.0,2026-08-19T20:58:45.000Z,2026-09-02T14:08:39.000Z
ShahRukhBhakt,0.0,1.0,0,0,0.0,1.0,2026-08-22T08:39:36.000Z,2026-08-22T08:39:36.000Z
Shaidar-Haran-,0.0,5.0,0,0,0.0,5.0,2026-08-20T16:39:25.000Z,2026-08-24T17:12:33.000Z
ShallotZestyclose829,1.0,3.0,0,0,1.0,3.0,2026-08-19T13:14:44.206Z,2026-08-19T18:21:12.000Z
ShameAgitated2791,0.0,2.0,0,0,0.0,2.0,2026-08-20T06:32:46.000Z,2026-08-26T19:29:00.000Z
Shamik18,0.0,6.0,0,0,0.0,6.0,2026-08-26T15:41:39.000Z,2026-09-02T12:50:38.000Z
Shandha_Karmakar1999,0.0,1.0,0,0,0.0,1.0,2026-09-02T17:06:42.000Z,2026-09-02T17:06:42.000Z
Shantanu_0007,0.0,2.0,0,0,0.0,2.0,2026-08-19T16:14:21.000Z,2026-08-31T16:49:46.000Z
Sharanya_1210,0.0,1.0,0,0,0.0,1.0,2026-08-23T04:10:17.000Z,2026-08-23T04:10:17.000Z
Sharp_Grass_8445,0.0,1.0,0,0,0.0,1.0,2026-08-24T14:43:14.000Z,2026-08-24T14:43:14.000Z
Sharp_Green5369,0.0,1.0,0,0,0.0,1.0,2026-08-20T11:37:40.000Z,2026-08-20T11:37:40.000Z
Sharp_Mongoose_7343,0.0,1.0,0,0,0.0,1.0,2026-08-25T10:05:22.000Z,2026-08-25T10:05:22.000Z
Shatabdifaxpress,0.0,1.0,0,0,0.0,1.0,2026-08-24T14:36:47.000Z,2026-08-24T14:36:47.000Z
She_doesntevnngohere,0.0,1.0,0,0,0.0,1.0,2026-09-02T08:57:40.000Z,2026-09-02T08:57:40.000Z
Shed2419,0.0,1.0,0,0,0.0,1.0,2026-08-19T04:09:43.000Z,2026-08-19T04:09:43.000Z
SheepherderNo5488,0.0,1.0,0,0,0.0,1.0,2026-08-25T19:58:17.000Z,2026-08-25T19:58:17.000Z
SherbertNumerous9821,0.0,1.0,0,0,0.0,1.0,2026-08-31T20:36:34.000Z,2026-08-31T20:36:34.000Z
Sherry_G99,0.0,8.0,0,0,0.0,8.0,2026-08-19T06:25:24.000Z,2026-08-26T12:28:45.000Z
ShibamKarmakar,0.0,6.0,0,0,0.0,6.0,2026-08-20T12:03:47.000Z,2026-09-02T04:25:17.000Z
ShirtSubstantial368,0.0,1.0,0,0,0.0,1.0,2026-08-20T10:06:35.000Z,2026-08-20T10:06:35.000Z
ShiteInBed,0.0,1.0,0,0,0.0,1.0,2026-08-18T15:23:01.000Z,2026-08-18T15:23:01.000Z
ShivamKhandex,0.0,2.0,0,0,0.0,2.0,2026-09-01T15:31:06.000Z,2026-09-01T15:31:15.000Z
Shoddy_Fly3312,1.0,2.0,0,0,1.0,2.0,2026-08-19T13:17:35.000Z,2026-08-20T17:44:29.000Z
Shoddy_Land9368,0.0,1.0,0,0,0.0,1.0,2026-08-24T15:58:18.000Z,2026-08-24T15:58:18.000Z
Shoddy_Prompt_2109,0.0,3.0,0,0,0.0,3.0,2026-08-23T20:48:55.000Z,2026-08-27T01:54:11.000Z
Short-Bookkeeper-354,0.0,5.0,0,0,0.0,5.0,2026-08-18T14:02:48.000Z,2026-08-25T18:55:58.000Z
Short_Opposite4473,0.0,1.0,0,0,0.0,1.0,2026-08-22T16:18:15.000Z,2026-08-22T16:18:15.000Z
Short_Turnover_7928,0.0,1.0,0,0,0.0,1.0,2026-08-20T19:35:56.000Z,2026-08-20T19:35:56.000Z
Shourya1910,0.0,8.0,0,0,0.0,8.0,2026-08-20T06:11:24.000Z,2026-09-01T08:03:13.000Z
ShowWick7,0.0,1.0,0,0,0.0,1.0,2026-08-26T09:12:39.000Z,2026-08-26T09:12:39.000Z
Shrao_777,0.0,1.0,0,0,0.0,1.0,2026-08-21T08:50:56.000Z,2026-08-21T08:50:56.000Z
Shrijit_B,0.0,1.0,0,0,0.0,1.0,2026-08-23T04:30:50.000Z,2026-08-23T04:30:50.000Z
Shu_thedogmom,0.0,8.0,0,0,0.0,8.0,2026-08-20T10:21:42.000Z,2026-09-02T14:50:32.000Z
Shubhan777,0.0,1.0,0,0,0.0,1.0,2026-08-28T16:33:50.000Z,2026-08-28T16:33:50.000Z
Shutter_Chakra,0.0,2.0,0,0,0.0,2.0,2026-08-25T12:45:36.000Z,2026-08-26T12:45:47.000Z
Shuvayandg,1.0,4.0,0,0,1.0,4.0,2026-08-18T15:21:41.000Z,2026-08-26T14:28:39.000Z
SidonIthano1,0.0,1.0,0,0,0.0,1.0,2026-08-23T12:01:35.000Z,2026-08-23T12:01:35.000Z
Siductionn,0.0,5.0,0,0,0.0,5.0,2026-08-20T15:57:51.000Z,2026-08-24T11:38:51.000Z
Sigma-Wolf004,0.0,1.0,0,0,0.0,1.0,2026-08-24T03:36:14.000Z,2026-08-24T03:36:14.000Z
Signal_Tale3207,0.0,1.0,0,0,0.0,1.0,2026-08-24T16:41:02.000Z,2026-08-24T16:41:02.000Z
Significant-Bake211,0.0,2.0,0,0,0.0,2.0,2026-09-01T19:28:50.000Z,2026-09-02T07:16:40.000Z
Significant-Elk1344,0.0,1.0,0,0,0.0,1.0,2026-08-22T22:47:29.000Z,2026-08-22T22:47:29.000Z
Significant-Jello196,0.0,1.0,0,0,0.0,1.0,2026-08-25T13:21:07.000Z,2026-08-25T13:21:07.000Z
Significant-Try7148,1.0,1.0,0,0,1.0,1.0,2026-08-25T04:17:24.854Z,2026-08-25T04:54:06.000Z
Significant-Yam3045,0.0,1.0,0,0,0.0,1.0,2026-08-24T16:11:19.000Z,2026-08-24T16:11:19.000Z
SignificantBite87841,2.0,1.0,0,0,2.0,1.0,2026-08-19T19:41:19.674Z,2026-08-23T16:43:02.000Z
SignificantJoke8316,0.0,14.0,0,0,0.0,14.0,2026-08-18T16:53:01.000Z,2026-09-02T10:53:44.000Z
SignificantLoquat988,0.0,1.0,0,0,0.0,1.0,2026-08-21T17:41:34.000Z,2026-08-21T17:41:34.000Z
Significant_Bid_248,0.0,1.0,0,0,0.0,1.0,2026-09-01T05:18:03.000Z,2026-09-01T05:18:03.000Z
Significant_Lie8768,0.0,1.0,0,0,0.0,1.0,2026-09-01T20:24:53.000Z,2026-09-01T20:24:53.000Z
Significant_Lunch817,1.0,7.0,0,0,1.0,7.0,2026-08-27T06:27:21.122Z,2026-08-28T02:36:10.000Z
Significant_Use_4246,0.0,4.0,0,0,0.0,4.0,2026-09-01T09:44:46.000Z,2026-09-02T07:53:39.000Z
Silent-Box-5387,1.0,0.0,0,0,1.0,0.0,2026-08-20T09:43:14.500Z,2026-08-20T09:43:14.500Z
SilentTheorem,1.0,1.0,0,0,1.0,1.0,2026-08-26T12:11:11.716Z,2026-08-26T12:18:39.000Z
SilentVigil07,0.0,2.0,0,0,0.0,2.0,2026-08-23T12:45:22.000Z,2026-08-24T15:27:11.000Z
Silent_Status_1605,0.0,1.0,0,0,0.0,1.0,2026-08-19T21:49:57.000Z,2026-08-19T21:49:57.000Z
Silk_song11,0.0,2.0,0,0,0.0,2.0,2026-08-23T17:24:15.000Z,2026-08-23T17:27:28.000Z
Silly-Discipline5038,0.0,2.0,0,0,0.0,2.0,2026-08-25T10:23:12.000Z,2026-08-26T11:15:18.000Z
Silly-Scientist-5608,0.0,1.0,0,0,0.0,1.0,2026-09-01T14:18:46.000Z,2026-09-01T14:18:46.000Z
SilverLynelSlayer,0.0,1.0,0,0,0.0,1.0,2026-08-19T03:49:22.000Z,2026-08-19T03:49:22.000Z
Silver_Garage_9549,0.0,1.0,0,0,0.0,1.0,2026-08-21T08:56:40.000Z,2026-08-21T08:56:40.000Z
Silver_Question_6243,0.0,3.0,0,0,0.0,3.0,2026-08-20T02:34:32.000Z,2026-08-22T07:02:31.000Z
Silverpulse1,0.0,1.0,0,0,0.0,1.0,2026-09-02T17:11:28.000Z,2026-09-02T17:11:28.000Z
Similar-Street-8247,1.0,20.0,0,0,1.0,20.0,2026-08-18T11:25:22.000Z,2026-09-02T15:13:41.000Z
Similar_Scheme6966,0.0,1.0,0,0,0.0,1.0,2026-08-21T04:14:32.000Z,2026-08-21T04:14:32.000Z
Simple-Phool-3602,0.0,3.0,0,0,0.0,3.0,2026-08-23T03:59:56.000Z,2026-08-27T06:55:13.000Z
SimpleLife101,0.0,3.0,0,0,0.0,3.0,2026-08-25T14:00:38.000Z,2026-08-26T15:23:07.000Z
Simple_Feedback_5873,1.0,2.0,0,0,1.0,2.0,2026-08-24T08:57:14.987Z,2026-09-02T16:38:21.000Z
Simply_explorin,0.0,1.0,0,0,0.0,1.0,2026-08-27T06:56:34.000Z,2026-08-27T06:56:34.000Z
SirButterT0ast,0.0,2.0,0,0,0.0,2.0,2026-08-20T11:25:07.000Z,2026-09-01T07:07:42.000Z
SirComrade141,0.0,4.0,0,0,0.0,4.0,2026-08-19T09:21:48.000Z,2026-09-02T14:35:00.000Z
SirFartsALot33,0.0,3.0,0,0,0.0,3.0,2026-08-23T09:04:24.000Z,2026-08-25T06:24:39.000Z
SirPlastic8062,1.0,14.0,0,0,1.0,14.0,2026-08-21T10:31:08.000Z,2026-09-02T11:26:55.000Z
SitOnYourKnees,0.0,1.0,0,0,0.0,1.0,2026-08-18T16:54:18.000Z,2026-08-18T16:54:18.000Z
SituationAny6167,0.0,1.0,0,0,0.0,1.0,2026-08-23T08:18:53.000Z,2026-08-23T08:18:53.000Z
Siya_Roy_2000,1.0,2.0,0,0,1.0,2.0,2026-09-01T16:41:00.565Z,2026-09-01T17:33:17.000Z
SkelyHart,0.0,1.0,0,0,0.0,1.0,2026-08-27T02:35:09.000Z,2026-08-27T02:35:09.000Z
SkepticNewbie,0.0,5.0,0,0,0.0,5.0,2026-08-20T12:42:21.000Z,2026-08-24T16:52:13.000Z
SkibidiRizzler_039,0.0,2.0,0,0,0.0,2.0,2026-08-20T16:42:07.000Z,2026-08-20T16:43:27.000Z
Skullshocker,0.0,1.0,0,0,0.0,1.0,2026-09-02T17:11:12.000Z,2026-09-02T17:11:12.000Z
SkyGovt,0.0,1.0,0,0,0.0,1.0,2026-08-22T06:59:19.000Z,2026-08-22T06:59:19.000Z
SkyShake97,0.0,2.0,0,0,0.0,2.0,2026-08-21T03:49:17.000Z,2026-08-22T07:45:12.000Z
Sl4SH_07,0.0,1.0,0,0,0.0,1.0,2026-08-19T04:20:27.000Z,2026-08-19T04:20:27.000Z
Slayersworld,0.0,1.0,0,0,0.0,1.0,2026-08-22T17:29:13.000Z,2026-08-22T17:29:13.000Z
Slight-Connection-73,0.0,2.0,0,0,0.0,2.0,2026-08-21T10:13:40.000Z,2026-08-21T14:50:13.000Z
Slight-Fortune-4107,0.0,1.0,0,0,0.0,1.0,2026-09-02T09:28:00.000Z,2026-09-02T09:28:00.000Z
SlightIndependence62,1.0,1.0,0,0,1.0,1.0,2026-08-22T05:42:25.928Z,2026-08-26T08:50:13.000Z
Slight_Dragonfly3742,0.0,1.0,0,0,0.0,1.0,2026-08-19T16:46:29.000Z,2026-08-19T16:46:29.000Z
Slight_Net_1664,0.0,2.0,0,0,0.0,2.0,2026-08-27T02:51:14.000Z,2026-08-28T10:11:52.000Z
Slight_Temporary1257,1.0,1.0,0,0,1.0,1.0,2026-09-02T13:58:30.599Z,2026-09-02T14:08:24.000Z
SloppyMcfloppy01,0.0,2.0,0,0,0.0,2.0,2026-08-23T16:01:32.000Z,2026-08-26T08:14:31.000Z
Slow-Ad-2592,3.0,2.0,0,0,3.0,2.0,2026-08-20T08:54:33.635Z,2026-09-02T13:37:14.600Z
Slow_Prior_9362,0.0,2.0,0,0,0.0,2.0,2026-08-23T04:19:35.000Z,2026-08-24T05:40:15.000Z
Slow_Witness007,0.0,2.0,0,0,0.0,2.0,2026-09-01T18:55:39.000Z,2026-09-02T11:26:02.000Z
Slsouvik245,0.0,7.0,0,0,0.0,7.0,2026-08-21T19:29:35.000Z,2026-09-02T16:39:36.000Z
Slug864,0.0,5.0,0,0,0.0,5.0,2026-08-22T06:59:54.000Z,2026-08-29T08:51:03.000Z
Small-Ad-2192,0.0,1.0,0,0,0.0,1.0,2026-09-01T05:25:12.000Z,2026-09-01T05:25:12.000Z
Small_Muffin_6808,0.0,1.0,0,0,0.0,1.0,2026-08-23T11:13:00.000Z,2026-08-23T11:13:00.000Z
Small_Pie_4371,0.0,1.0,0,0,0.0,1.0,2026-08-20T03:54:23.000Z,2026-08-20T03:54:23.000Z
Smart-Car6063,1.0,8.0,0,0,1.0,8.0,2026-09-02T11:12:33.188Z,2026-09-02T12:27:59.000Z
Smart-Succotash9703,0.0,11.0,0,0,0.0,11.0,2026-08-20T13:14:30.000Z,2026-08-20T16:26:19.000Z
SmartLetterhead3425,0.0,1.0,0,0,0.0,1.0,2026-08-22T12:56:51.000Z,2026-08-22T12:56:51.000Z
Smart_Citron8120,0.0,4.0,0,0,0.0,4.0,2026-08-29T17:05:26.000Z,2026-08-29T17:07:17.000Z
SmoggyRaptor_997,1.0,3.0,0,0,1.0,3.0,2026-08-22T19:56:51.532Z,2026-08-27T23:36:22.000Z
SmokingReindeer,0.0,1.0,0,0,0.0,1.0,2026-08-24T06:50:19.000Z,2026-08-24T06:50:19.000Z
Smooth-Cry-398Girl,0.0,1.0,0,0,0.0,1.0,2026-08-26T22:40:46.000Z,2026-08-26T22:40:46.000Z
Smooth-Pen8116,0.0,6.0,0,0,0.0,6.0,2026-08-18T14:54:22.000Z,2026-08-27T16:41:53.000Z
Smooth-Theory3685,0.0,2.0,0,0,0.0,2.0,2026-08-27T18:54:12.000Z,2026-08-28T17:03:06.000Z
SneakyMndl,0.0,1.0,0,0,0.0,1.0,2026-08-18T14:31:38.000Z,2026-08-18T14:31:38.000Z
Sniper_Bishop_h7,0.0,1.0,0,0,0.0,1.0,2026-08-23T04:33:20.000Z,2026-08-23T04:33:20.000Z
Snoo-70212,0.0,1.0,0,0,0.0,1.0,2026-08-22T08:00:10.000Z,2026-08-22T08:00:10.000Z
SnooPeppers2554,0.0,3.0,0,0,0.0,3.0,2026-08-22T18:29:04.000Z,2026-08-27T11:17:31.000Z
SnooRecipes9628,2.0,1.0,0,0,2.0,1.0,2026-09-01T05:19:37.242Z,2026-09-01T13:37:39.000Z
SnooSquirrels3781,0.0,1.0,0,0,0.0,1.0,2026-08-19T03:59:15.000Z,2026-08-19T03:59:15.000Z
SnoopHoop77,0.0,1.0,0,0,0.0,1.0,2026-08-23T23:38:32.000Z,2026-08-23T23:38:32.000Z
So_Mo93,1.0,1.0,0,0,1.0,1.0,2026-08-19T06:02:51.731Z,2026-08-19T06:38:19.000Z
Soft-Paneer,0.0,3.0,0,0,0.0,3.0,2026-09-01T06:38:13.000Z,2026-09-02T12:29:38.000Z
Soft-Size-9815,0.0,1.0,0,0,0.0,1.0,2026-08-28T13:06:26.000Z,2026-08-28T13:06:26.000Z
Soft-Vanilla2261,1.0,0.0,0,0,1.0,0.0,2026-08-23T08:57:49.765Z,2026-08-23T08:57:49.765Z
SoftExit8545,1.0,0.0,0,0,1.0,0.0,2026-08-23T20:08:53.810Z,2026-08-23T20:08:53.810Z
Soft_Average_4765,0.0,2.0,0,0,0.0,2.0,2026-09-01T14:17:11.000Z,2026-09-01T14:18:24.000Z
Soft_Cantaloupe_6280,0.0,1.0,0,0,0.0,1.0,2026-08-18T15:27:45.000Z,2026-08-18T15:27:45.000Z
Soft_Culture1227,0.0,3.0,0,0,0.0,3.0,2026-08-20T09:00:44.000Z,2026-08-23T12:29:50.000Z
Soft_Pride8284,0.0,1.0,0,0,0.0,1.0,2026-08-27T09:57:28.000Z,2026-08-27T09:57:28.000Z
Soft_Stranger3954,0.0,1.0,0,0,0.0,1.0,2026-08-18T16:13:54.000Z,2026-08-18T16:13:54.000Z
SohailVerse,0.0,1.0,0,0,0.0,1.0,2026-08-21T10:15:31.000Z,2026-08-21T10:15:31.000Z
Solid-Cartographer91,0.0,1.0,0,0,0.0,1.0,2026-08-27T10:10:12.000Z,2026-08-27T10:10:12.000Z
Solid-News7173,0.0,2.0,0,0,0.0,2.0,2026-08-20T05:31:26.000Z,2026-08-21T09:43:18.000Z
Solid-Seesaw-7144,0.0,1.0,0,0,0.0,1.0,2026-08-22T15:38:29.000Z,2026-08-22T15:38:29.000Z
Somboy_Pat,0.0,1.0,0,0,0.0,1.0,2026-08-21T13:09:31.000Z,2026-08-21T13:09:31.000Z
Some-Direction-8458,0.0,1.0,0,0,0.0,1.0,2026-08-23T21:25:25.000Z,2026-08-23T21:25:25.000Z
SomeTaconMojito,0.0,1.0,0,0,0.0,1.0,2026-09-02T10:33:37.000Z,2026-09-02T10:33:37.000Z
Someofjalapeno,1.0,7.0,0,0,1.0,7.0,2026-08-20T10:12:07.650Z,2026-08-27T14:49:12.000Z
Somnia25,0.0,2.0,0,0,0.0,2.0,2026-08-22T14:39:08.000Z,2026-09-01T14:14:22.000Z
Sonu_Agarwal000,0.0,1.0,0,0,0.0,1.0,2026-08-28T07:27:27.000Z,2026-08-28T07:27:27.000Z
Sorcerer_Beast,0.0,1.0,0,0,0.0,1.0,2026-08-23T11:05:37.000Z,2026-08-23T11:05:37.000Z
Sorry-Smile6957,0.0,5.0,0,0,0.0,5.0,2026-08-19T14:40:07.000Z,2026-09-02T16:11:54.000Z
SorryStrawberry3707,1.0,0.0,0,0,1.0,0.0,2026-09-03T06:45:38.722Z,2026-09-03T06:45:38.722Z
SorryUnderstanding7,0.0,2.0,0,0,0.0,2.0,2026-08-23T09:18:35.000Z,2026-08-25T18:17:25.000Z
Sorry_Knowledge6542,0.0,2.0,0,0,0.0,2.0,2026-08-20T03:25:54.000Z,2026-08-23T04:05:24.000Z
SortApprehensive7533,0.0,3.0,0,0,0.0,3.0,2026-08-25T20:34:00.000Z,2026-08-26T10:51:08.000Z
SouLIndraNiL,0.0,1.0,0,0,0.0,1.0,2026-09-01T09:49:21.000Z,2026-09-01T09:49:21.000Z
SougatDey,0.0,1.0,0,0,0.0,1.0,2026-08-31T22:34:11.000Z,2026-08-31T22:34:11.000Z
SoulShakti,0.0,3.0,0,0,0.0,3.0,2026-08-19T10:10:33.000Z,2026-08-19T17:34:23.000Z
Soumo21,0.0,1.0,0,0,0.0,1.0,2026-09-02T09:16:18.000Z,2026-09-02T09:16:18.000Z
Soumya_developer,0.0,1.0,0,0,0.0,1.0,2026-08-23T20:00:37.000Z,2026-08-23T20:00:37.000Z
Soumyadeep_1,2.0,22.0,0,0,2.0,22.0,2026-08-21T06:41:28.000Z,2026-09-02T16:30:31.000Z
SoupMysterious4581,0.0,1.0,0,0,0.0,1.0,2026-08-24T05:18:02.000Z,2026-08-24T05:18:02.000Z
Southern_Ad_2556,0.0,3.0,0,0,0.0,3.0,2026-08-23T14:58:43.000Z,2026-08-27T10:34:25.000Z
Southern_Cup_9649,0.0,1.0,0,0,0.0,1.0,2026-08-23T12:04:07.000Z,2026-08-23T12:04:07.000Z
Southern_Trifle_7256,1.0,0.0,0,0,1.0,0.0,2026-09-02T15:15:06.082Z,2026-09-02T15:15:06.082Z
SouvikD97,0.0,2.0,0,0,0.0,2.0,2026-08-23T04:34:21.000Z,2026-08-27T06:44:28.000Z
Sp1rshi,0.0,2.0,0,0,0.0,2.0,2026-08-19T01:34:04.000Z,2026-08-19T01:34:44.000Z
Space-merlini77,0.0,9.0,0,0,0.0,9.0,2026-08-20T13:13:16.000Z,2026-09-01T22:25:42.000Z
SpaceX_Explorer,0.0,2.0,0,0,0.0,2.0,2026-08-18T13:46:25.000Z,2026-08-18T13:53:04.000Z
Space_CreeperYT,0.0,1.0,0,0,0.0,1.0,2026-08-19T09:06:59.000Z,2026-08-19T09:06:59.000Z
Spare-Customer4480,0.0,2.0,0,0,0.0,2.0,2026-08-20T15:05:00.000Z,2026-08-21T11:03:18.000Z
Spare-Sugar-3265,0.0,3.0,0,0,0.0,3.0,2026-08-22T06:13:00.000Z,2026-09-01T19:25:15.000Z
Spare_Election_5777,0.0,1.0,0,0,0.0,1.0,2026-08-19T06:40:57.000Z,2026-08-19T06:40:57.000Z
Sparkxx7,0.0,1.0,0,0,0.0,1.0,2026-08-21T10:09:30.000Z,2026-08-21T10:09:30.000Z
Specialist-Glass1672,0.0,1.0,0,0,0.0,1.0,2026-08-22T06:07:30.000Z,2026-08-22T06:07:30.000Z
Specialist-Top-6351,0.0,11.0,0,0,0.0,11.0,2026-08-23T20:00:17.000Z,2026-09-01T19:32:32.000Z
SpecialistProud5720,1.0,7.0,0,0,1.0,7.0,2026-08-24T06:40:37.064Z,2026-08-26T06:53:50.000Z
SpecialistSlide9511,0.0,1.0,0,0,0.0,1.0,2026-08-18T15:16:33.000Z,2026-08-18T15:16:33.000Z
SpecialistUnion5103,0.0,4.0,0,0,0.0,4.0,2026-08-23T04:50:44.000Z,2026-08-26T19:17:40.000Z
Specific-Role-73,0.0,1.0,0,0,0.0,1.0,2026-08-25T04:55:13.000Z,2026-08-25T04:55:13.000Z
SpellMinimum5691,0.0,1.0,0,0,0.0,1.0,2026-08-19T03:09:07.000Z,2026-08-19T03:09:07.000Z
SpellbounDead_,0.0,1.0,0,0,0.0,1.0,2026-08-26T09:52:12.000Z,2026-08-26T09:52:12.000Z
SpicyBanana13,0.0,1.0,0,0,0.0,1.0,2026-08-22T17:01:10.000Z,2026-08-22T17:01:10.000Z
Spinda8027,0.0,1.0,0,0,0.0,1.0,2026-08-18T17:01:40.000Z,2026-08-18T17:01:40.000Z
Spirited_Visual_6997,1.0,4.0,0,0,1.0,4.0,2026-08-26T13:34:39.816Z,2026-08-26T15:19:41.000Z
Spiritual-Drive7918,1.0,0.0,0,0,1.0,0.0,2026-08-19T16:21:11.162Z,2026-08-19T16:21:11.162Z
Spiritual_Error9024,0.0,1.0,0,0,0.0,1.0,2026-08-27T10:45:44.000Z,2026-08-27T10:45:44.000Z
Spiritual_Kick_34,0.0,1.0,0,0,0.0,1.0,2026-08-21T15:29:16.000Z,2026-08-21T15:29:16.000Z
Spiritual_Trouble_07,0.0,7.0,0,0,0.0,7.0,2026-08-21T11:00:22.000Z,2026-09-02T11:32:11.000Z
SpoiledHoney,0.0,1.0,0,0,0.0,1.0,2026-08-18T14:19:09.000Z,2026-08-18T14:19:09.000Z
SquareYam263,0.0,1.0,0,0,0.0,1.0,2026-08-30T15:16:04.000Z,2026-08-30T15:16:04.000Z
SquirrelDangerous611,0.0,2.0,0,0,0.0,2.0,2026-08-18T16:29:50.000Z,2026-09-01T06:00:55.000Z
Sresthag,0.0,1.0,0,0,0.0,1.0,2026-08-24T14:52:26.000Z,2026-08-24T14:52:26.000Z
Srideep__Bhaduri,0.0,3.0,0,0,0.0,3.0,2026-08-21T03:11:57.000Z,2026-09-01T17:27:07.000Z
Srijita_7278,0.0,1.0,0,0,0.0,1.0,2026-08-31T13:29:46.000Z,2026-08-31T13:29:46.000Z
StFu-_-sussss,0.0,5.0,0,0,0.0,5.0,2026-08-19T11:40:56.000Z,2026-08-26T17:47:06.000Z
Stabok_Bose,4.0,10.0,0,0,4.0,10.0,2026-08-19T10:50:34.010Z,2026-08-26T03:01:36.000Z
Standard-Constant585,0.0,1.0,0,0,0.0,1.0,2026-08-21T13:50:22.000Z,2026-08-21T13:50:22.000Z
Standard-Fig1299,0.0,1.0,0,0,0.0,1.0,2026-08-27T17:24:27.000Z,2026-08-27T17:24:27.000Z
Standard_Caramel8836,0.0,1.0,0,0,0.0,1.0,2026-08-27T22:44:46.000Z,2026-08-27T22:44:46.000Z
Standard_Position_81,1.0,26.0,0,0,1.0,26.0,2026-08-18T13:59:14.000Z,2026-09-03T04:16:28.456Z
Standard_Rise_8707,0.0,1.0,0,0,0.0,1.0,2026-08-26T01:13:37.000Z,2026-08-26T01:13:37.000Z
Standard_Slip_5800,0.0,3.0,0,0,0.0,3.0,2026-08-18T15:09:36.000Z,2026-08-31T15:36:08.000Z
StanlyPaul,0.0,1.0,0,0,0.0,1.0,2026-09-01T19:26:21.000Z,2026-09-01T19:26:21.000Z
Stanz009,0.0,1.0,0,0,0.0,1.0,2026-08-23T13:53:15.000Z,2026-08-23T13:53:15.000Z
Starfish846,0.0,4.0,0,0,0.0,4.0,2026-08-22T16:06:05.000Z,2026-08-26T14:41:05.000Z
Stargazer857,0.0,3.0,0,0,0.0,3.0,2026-08-23T08:09:12.000Z,2026-09-01T06:07:14.000Z
StatisticianOld8006,0.0,1.0,0,0,0.0,1.0,2026-08-19T14:30:08.000Z,2026-08-19T14:30:08.000Z
StatisticianSuper,0.0,1.0,0,0,0.0,1.0,2026-08-26T07:37:34.000Z,2026-08-26T07:37:34.000Z
Status_Swimming5286,0.0,1.0,0,0,0.0,1.0,2026-09-01T12:15:43.000Z,2026-09-01T12:15:43.000Z
Stayawayfrompusssyy,0.0,2.0,0,0,0.0,2.0,2026-08-22T02:21:04.000Z,2026-09-02T10:16:58.000Z
Stebe01355,0.0,1.0,0,0,0.0,1.0,2026-08-23T19:20:27.000Z,2026-08-23T19:20:27.000Z
Steppenwolf1515,0.0,2.0,0,0,0.0,2.0,2026-08-25T15:47:55.000Z,2026-09-02T17:05:15.000Z
SterioOperator,0.0,1.0,0,0,0.0,1.0,2026-08-24T10:04:46.000Z,2026-08-24T10:04:46.000Z
Steveisbackinplay,0.0,1.0,0,0,0.0,1.0,2026-08-19T15:26:17.000Z,2026-08-19T15:26:17.000Z
StiffMaister007,0.0,1.0,0,0,0.0,1.0,2026-09-01T10:39:25.000Z,2026-09-01T10:39:25.000Z
StillConcious,0.0,6.0,0,0,0.0,6.0,2026-08-20T10:08:16.000Z,2026-08-24T18:18:14.000Z
Still_Fudge_9799,0.0,3.0,0,0,0.0,3.0,2026-08-19T09:09:08.000Z,2026-08-22T18:08:55.000Z
Still_thinking02,0.0,1.0,0,0,0.0,1.0,2026-08-20T05:10:38.000Z,2026-08-20T05:10:38.000Z
StitchyFish,0.0,1.0,0,0,0.0,1.0,2026-08-26T08:07:37.000Z,2026-08-26T08:07:37.000Z
StockPossible8522,5.0,9.0,0,0,5.0,9.0,2026-08-22T09:56:18.374Z,2026-09-01T23:02:31.955Z
Stock_Hat_4922,0.0,1.0,0,0,0.0,1.0,2026-09-02T00:06:31.000Z,2026-09-02T00:06:31.000Z
Stock_Register7056,1.0,19.0,0,0,1.0,19.0,2026-08-19T10:28:42.000Z,2026-08-23T17:56:57.000Z
StopBusy182,0.0,1.0,0,0,0.0,1.0,2026-08-24T16:02:30.000Z,2026-08-24T16:02:30.000Z
StoreBeautiful1492,0.0,1.0,0,0,0.0,1.0,2026-08-20T07:03:54.000Z,2026-08-20T07:03:54.000Z
Straight-Anybody7120,0.0,3.0,0,0,0.0,3.0,2026-08-19T18:32:24.000Z,2026-08-23T09:02:09.000Z
Straight-Print,0.0,2.0,0,0,0.0,2.0,2026-08-18T22:00:19.000Z,2026-08-24T17:56:19.000Z
Straight-Shake-1105,1.0,1.0,0,0,1.0,1.0,2026-08-19T19:21:07.795Z,2026-08-19T19:29:25.000Z
Straight_Drive_7882,0.0,5.0,0,0,0.0,5.0,2026-08-18T17:21:24.000Z,2026-09-01T15:22:44.000Z
Strange-Captain-7463,0.0,1.0,0,0,0.0,1.0,2026-08-22T06:21:25.000Z,2026-08-22T06:21:25.000Z
Strange-Guess-9947,0.0,1.0,0,0,0.0,1.0,2026-08-18T18:04:51.000Z,2026-08-18T18:04:51.000Z
Stranger_Muffin3076,0.0,1.0,0,0,0.0,1.0,2026-08-19T16:26:27.000Z,2026-08-19T16:26:27.000Z
Street_Ad1723,0.0,18.0,0,0,0.0,18.0,2026-08-19T10:11:05.000Z,2026-09-02T01:43:46.000Z
Street_Button2637,0.0,1.0,0,0,0.0,1.0,2026-08-26T18:36:42.000Z,2026-08-26T18:36:42.000Z
Street_Daikon_86,0.0,2.0,0,0,0.0,2.0,2026-08-26T18:04:22.000Z,2026-09-01T16:32:12.000Z
StressedPokemon1999,0.0,1.0,0,0,0.0,1.0,2026-08-27T06:23:37.000Z,2026-08-27T06:23:37.000Z
Strict-Ad3903,0.0,1.0,0,0,0.0,1.0,2026-08-22T07:38:35.000Z,2026-08-22T07:38:35.000Z
Strict_Day_724,0.0,1.0,0,0,0.0,1.0,2026-08-27T08:54:56.000Z,2026-08-27T08:54:56.000Z
Strict_Jump_3956,0.0,1.0,0,0,0.0,1.0,2026-08-20T11:00:25.000Z,2026-08-20T11:00:25.000Z
Striking-Increase377,3.0,14.0,0,0,3.0,14.0,2026-09-01T01:05:11.498Z,2026-09-03T03:07:23.946Z
StrikingScience2270,0.0,1.0,0,0,0.0,1.0,2026-08-24T14:23:16.000Z,2026-08-24T14:23:16.000Z
Striking_Skyquake,0.0,7.0,0,0,0.0,7.0,2026-08-22T08:35:38.000Z,2026-09-01T10:29:31.000Z
Striver00,0.0,1.0,0,0,0.0,1.0,2026-08-22T11:38:00.000Z,2026-08-22T11:38:00.000Z
Strong-Incident-9853,0.0,1.0,0,0,0.0,1.0,2026-09-01T04:20:45.000Z,2026-09-01T04:20:45.000Z
StrongSomewhere3294,0.0,1.0,0,0,0.0,1.0,2026-08-21T03:49:57.000Z,2026-08-21T03:49:57.000Z
Strucker30,0.0,2.0,0,0,0.0,2.0,2026-08-19T15:18:15.000Z,2026-08-21T08:08:14.000Z
StunningBid9137,0.0,1.0,0,0,0.0,1.0,2026-09-02T17:14:41.000Z,2026-09-02T17:14:41.000Z
Subha_CJPR,0.0,1.0,0,0,0.0,1.0,2026-08-19T02:09:28.000Z,2026-08-19T02:09:28.000Z
Subha_T,0.0,1.0,0,0,0.0,1.0,2026-08-23T03:52:14.000Z,2026-08-23T03:52:14.000Z
Subhadeep09,0.0,2.0,0,0,0.0,2.0,2026-08-24T21:02:00.000Z,2026-09-02T09:01:43.000Z
Subhal13,0.0,1.0,0,0,0.0,1.0,2026-08-27T01:57:31.000Z,2026-08-27T01:57:31.000Z
SubhamoyDas1,0.0,1.0,0,0,0.0,1.0,2026-08-23T11:47:06.000Z,2026-08-23T11:47:06.000Z
Subject-Mongoose-911,0.0,1.0,0,0,0.0,1.0,2026-08-20T18:00:31.000Z,2026-08-20T18:00:31.000Z
SubjectAdvertising82,0.0,1.0,0,0,0.0,1.0,2026-08-22T06:45:12.000Z,2026-08-22T06:45:12.000Z
Subject_Surprise_401,0.0,2.0,0,0,0.0,2.0,2026-09-01T16:56:50.000Z,2026-09-01T17:51:26.000Z
Subject__xiii,6.0,4.0,0,0,6.0,4.0,2026-08-24T02:43:00.230Z,2026-09-02T09:14:30.000Z
SubrataCuber,0.0,1.0,0,0,0.0,1.0,2026-09-02T12:19:07.000Z,2026-09-02T12:19:07.000Z
SubstancePatient2501,0.0,1.0,0,0,0.0,1.0,2026-08-28T18:30:19.000Z,2026-08-28T18:30:19.000Z
Substantial-Sock2356,0.0,1.0,0,0,0.0,1.0,2026-08-29T09:27:04.000Z,2026-08-29T09:27:04.000Z
Substantial-Store857,0.0,1.0,0,0,0.0,1.0,2026-08-24T07:20:50.000Z,2026-08-24T07:20:50.000Z
SubstantialHair8928,0.0,1.0,0,0,0.0,1.0,2026-08-24T06:11:20.000Z,2026-08-24T06:11:20.000Z
SubstantialIdeal4799,0.0,3.0,0,0,0.0,3.0,2026-08-22T19:11:27.000Z,2026-08-27T07:40:41.000Z
Substantial_Cream969,0.0,1.0,0,0,0.0,1.0,2026-08-25T04:01:51.000Z,2026-08-25T04:01:51.000Z
Subtle_Goumet,0.0,2.0,0,0,0.0,2.0,2026-08-22T06:39:18.000Z,2026-08-22T07:44:12.000Z
Successful-Ad-7190,1.0,3.0,0,0,1.0,3.0,2026-08-22T17:10:18.609Z,2026-08-22T18:30:22.000Z
Successful-Bar5311,0.0,1.0,0,0,0.0,1.0,2026-09-01T16:30:29.000Z,2026-09-01T16:30:29.000Z
Successful-Newt1147,0.0,2.0,0,0,0.0,2.0,2026-08-18T14:23:44.000Z,2026-08-18T14:25:53.000Z
Successful_Fix9377,1.0,2.0,0,0,1.0,2.0,2026-08-20T11:07:46.551Z,2026-08-26T07:22:44.000Z
Successful_Long_1230,0.0,1.0,0,0,0.0,1.0,2026-08-18T20:19:12.000Z,2026-08-18T20:19:12.000Z
Such-Goal-1851,0.0,1.0,0,0,0.0,1.0,2026-08-22T18:11:45.000Z,2026-08-22T18:11:45.000Z
Such-Watercress-8367,0.0,1.0,0,0,0.0,1.0,2026-08-24T16:13:44.000Z,2026-08-24T16:13:44.000Z
Such_Doughnut_7711,0.0,1.0,0,0,0.0,1.0,2026-08-27T08:54:36.000Z,2026-08-27T08:54:36.000Z
Such_Engineering4997,0.0,3.0,0,0,0.0,3.0,2026-08-25T16:42:44.000Z,2026-08-27T04:24:51.000Z
Such_Ground1666,1.0,0.0,0,0,1.0,0.0,2026-09-02T17:58:17.894Z,2026-09-02T17:58:17.894Z
Suck_My_DukhiAtma,0.0,3.0,0,0,0.0,3.0,2026-08-21T19:52:36.000Z,2026-08-25T08:10:52.000Z
Sudden-Lifeguard5022,0.0,1.0,0,0,0.0,1.0,2026-08-18T15:10:40.000Z,2026-08-18T15:10:40.000Z
Sufficient-Cover2332,0.0,1.0,0,0,0.0,1.0,2026-08-25T17:31:22.000Z,2026-08-25T17:31:22.000Z
Sufficient_Aside7000,0.0,1.0,0,0,0.0,1.0,2026-08-23T20:01:21.000Z,2026-08-23T20:01:21.000Z
Sufficient_Fuel_5724,0.0,1.0,0,0,0.0,1.0,2026-08-26T16:12:41.000Z,2026-08-26T16:12:41.000Z
Sugandha_Bhowmick,0.0,1.0,0,0,0.0,1.0,2026-08-23T15:15:30.000Z,2026-08-23T15:15:30.000Z
SuitAltruistic5848,0.0,1.0,0,0,0.0,1.0,2026-09-01T23:49:10.000Z,2026-09-01T23:49:10.000Z
SuitableStructure120,0.0,4.0,0,0,0.0,4.0,2026-08-18T14:39:30.000Z,2026-09-02T13:56:43.000Z
Suman-72,0.0,1.0,0,0,0.0,1.0,2026-08-19T03:07:34.000Z,2026-08-19T03:07:34.000Z
Sumitra7,0.0,1.0,0,0,0.0,1.0,2026-08-18T17:29:36.000Z,2026-08-18T17:29:36.000Z
SummerAbject1988,0.0,1.0,0,0,0.0,1.0,2026-08-18T17:54:30.000Z,2026-08-18T17:54:30.000Z
SunJumpy7842,2.0,15.0,0,0,2.0,15.0,2026-08-18T16:47:24.000Z,2026-08-26T16:17:40.000Z
Sunlexxx,0.0,2.0,0,0,0.0,2.0,2026-08-23T09:26:50.000Z,2026-08-26T21:19:07.000Z
Sunthemoamoa,2.0,5.0,0,0,2.0,5.0,2026-08-20T12:20:25.598Z,2026-08-21T01:48:43.000Z
Super-Cost-1,0.0,1.0,0,0,0.0,1.0,2026-08-23T21:29:02.000Z,2026-08-23T21:29:02.000Z
Super-Sea-4131,0.0,1.0,0,0,0.0,1.0,2026-08-22T20:21:17.000Z,2026-08-22T20:21:17.000Z
Super_Journalist_220,0.0,1.0,0,0,0.0,1.0,2026-08-27T07:28:29.000Z,2026-08-27T07:28:29.000Z
Super_Nobody4541,0.0,1.0,0,0,0.0,1.0,2026-08-21T09:25:13.000Z,2026-08-21T09:25:13.000Z
Super_Truck_725,0.0,1.0,0,0,0.0,1.0,2026-08-27T09:05:27.000Z,2026-08-27T09:05:27.000Z
Superb-End3929,0.0,1.0,0,0,0.0,1.0,2026-08-31T17:49:15.000Z,2026-08-31T17:49:15.000Z
Superb_Duck_9743,2.0,45.0,0,0,2.0,45.0,2026-08-19T06:19:12.000Z,2026-08-22T19:59:51.000Z
SupermarketLazy4062,0.0,2.0,0,0,0.0,2.0,2026-09-01T17:51:31.000Z,2026-09-01T18:32:51.000Z
Superneel1988,1.0,28.0,0,0,1.0,28.0,2026-08-18T22:38:49.000Z,2026-09-02T05:53:55.000Z
SupremeSoumya,0.0,1.0,0,0,0.0,1.0,2026-08-21T17:21:46.000Z,2026-08-21T17:21:46.000Z
Supriyo19,0.0,1.0,0,0,0.0,1.0,2026-08-23T15:43:36.000Z,2026-08-23T15:43:36.000Z
Suprotik10m,0.0,1.0,0,0,0.0,1.0,2026-08-26T21:43:53.000Z,2026-08-26T21:43:53.000Z
Sure-Ad-7395,0.0,1.0,0,0,0.0,1.0,2026-09-02T03:54:55.000Z,2026-09-02T03:54:55.000Z
Sure-Hamster-4140,0.0,1.0,0,0,0.0,1.0,2026-08-29T11:26:46.000Z,2026-08-29T11:26:46.000Z
SureMacaron1347,0.0,1.0,0,0,0.0,1.0,2026-09-02T04:25:10.000Z,2026-09-02T04:25:10.000Z
SurjalMallik,0.0,1.0,0,0,0.0,1.0,2026-08-24T16:33:30.000Z,2026-08-24T16:33:30.000Z
SurroundPresent1665,2.0,8.0,0,0,2.0,8.0,2026-08-22T06:41:19.000Z,2026-08-24T14:15:44.000Z
SushanX,0.0,2.0,0,0,0.0,2.0,2026-08-23T15:44:29.000Z,2026-09-02T11:45:44.000Z
Susovan_Geek,0.0,3.0,0,0,0.0,3.0,2026-08-23T05:57:14.000Z,2026-08-23T06:10:53.000Z
Suspicious-Estate695,10.0,16.0,0,0,10.0,16.0,2026-08-19T04:12:05.129Z,2026-09-03T05:17:08.289Z
Suspicious-Fall-1729,1.0,0.0,0,0,1.0,0.0,2026-08-22T07:59:46.076Z,2026-08-22T07:59:46.076Z
Suspicious-Fun-7671,0.0,1.0,0,0,0.0,1.0,2026-08-18T17:18:27.000Z,2026-08-18T17:18:27.000Z
Suspicious-Juice5329,0.0,2.0,0,0,0.0,2.0,2026-08-25T09:46:23.000Z,2026-08-25T09:47:20.000Z
Suspicious-Tea-9402,0.0,1.0,0,0,0.0,1.0,2026-08-27T04:27:30.000Z,2026-08-27T04:27:30.000Z
SuspiciousChemical41,0.0,2.0,0,0,0.0,2.0,2026-08-24T17:40:07.000Z,2026-08-26T12:31:49.000Z
SuspiciousPoet1934,0.0,1.0,0,0,0.0,1.0,2026-08-26T17:33:42.000Z,2026-08-26T17:33:42.000Z
Suspicious_Chance482,0.0,1.0,0,0,0.0,1.0,2026-08-20T18:26:32.000Z,2026-08-20T18:26:32.000Z
Suspicious_Clothes87,0.0,1.0,0,0,0.0,1.0,2026-08-28T09:58:06.000Z,2026-08-28T09:58:06.000Z
Suspicious_Flower349,0.0,1.0,0,0,0.0,1.0,2026-09-01T18:19:11.000Z,2026-09-01T18:19:11.000Z
Suspicious_Pop_6198,0.0,3.0,0,0,0.0,3.0,2026-08-26T18:12:12.000Z,2026-09-02T09:02:11.000Z
Suspicious_Star6279,0.0,1.0,0,0,0.0,1.0,2026-08-26T02:10:57.000Z,2026-08-26T02:10:57.000Z
Sutanudey-92,0.0,1.0,0,0,0.0,1.0,2026-08-27T05:23:33.000Z,2026-08-27T05:23:33.000Z
Svenaris,0.0,1.0,0,0,0.0,1.0,2026-08-26T05:13:15.000Z,2026-08-26T05:13:15.000Z
SwanPlenty1444,0.0,1.0,0,0,0.0,1.0,2026-08-23T10:37:13.000Z,2026-08-23T10:37:13.000Z
Swarnesh007,0.0,1.0,0,0,0.0,1.0,2026-08-25T04:50:41.000Z,2026-08-25T04:50:41.000Z
Sweaty-Evidence-8218,0.0,1.0,0,0,0.0,1.0,2026-09-02T09:12:46.000Z,2026-09-02T09:12:46.000Z
SweatyComment4225,1.0,8.0,0,0,1.0,8.0,2026-08-20T18:54:07.692Z,2026-08-21T05:17:16.000Z
SweatyRegister3633,0.0,1.0,0,0,0.0,1.0,2026-08-24T18:52:27.000Z,2026-08-24T18:52:27.000Z
Sweaty_Explorer_8441,0.0,8.0,0,0,0.0,8.0,2026-08-21T03:08:30.000Z,2026-09-02T14:15:31.000Z
Sweet-Disaster-2225,0.0,1.0,0,0,0.0,1.0,2026-08-24T17:28:33.000Z,2026-08-24T17:28:33.000Z
Sweet_Nail5134,0.0,14.0,0,0,0.0,14.0,2026-08-24T23:46:34.000Z,2026-09-01T23:20:50.000Z
Sweet_Travel_6788,0.0,2.0,0,0,0.0,2.0,2026-08-18T14:04:00.000Z,2026-08-22T02:46:57.000Z
SwimEast8430,0.0,1.0,0,0,0.0,1.0,2026-08-18T16:05:50.000Z,2026-08-18T16:05:50.000Z
Swimming-Ad9411,1.0,1.0,0,0,1.0,1.0,2026-08-21T07:01:01.762Z,2026-08-22T19:52:41.000Z
Swimming-Aspect7092,0.0,10.0,0,0,0.0,10.0,2026-08-19T07:02:53.000Z,2026-08-26T12:52:26.000Z
Swimming-Try-5816,0.0,1.0,0,0,0.0,1.0,2026-08-18T17:56:44.000Z,2026-08-18T17:56:44.000Z
Swimming_Power5319,4.0,12.0,0,0,4.0,12.0,2026-08-19T05:35:07.000Z,2026-09-01T18:46:00.459Z
Swimming_Spite9990,1.0,1.0,0,0,1.0,1.0,2026-08-24T18:45:15.370Z,2026-08-24T19:23:00.000Z
SylvieSerene,0.0,1.0,0,0,0.0,1.0,2026-08-21T06:07:27.000Z,2026-08-21T06:07:27.000Z
SystumParrDengey,0.0,2.0,0,0,0.0,2.0,2026-08-23T08:21:31.000Z,2026-08-26T18:24:59.000Z
T0NY_5T4RK,0.0,1.0,0,0,0.0,1.0,2026-09-01T06:54:37.000Z,2026-09-01T06:54:37.000Z
TANKominator,0.0,2.0,0,0,0.0,2.0,2026-08-26T19:01:47.000Z,2026-08-26T19:06:39.000Z
TROMA3846,0.0,1.0,0,0,0.0,1.0,2026-08-22T12:17:10.000Z,2026-08-22T12:17:10.000Z
TaciturnLinguophile,0.0,1.0,0,0,0.0,1.0,2026-08-19T14:51:18.000Z,2026-08-19T14:51:18.000Z
TacticalConsultant,0.0,1.0,0,0,0.0,1.0,2026-08-27T05:57:30.000Z,2026-08-27T05:57:30.000Z
Tactical_Gaffer,0.0,2.0,0,0,0.0,2.0,2026-08-24T07:14:48.000Z,2026-08-25T14:05:42.000Z
Takdhinadhin,1.0,2.0,0,0,1.0,2.0,2026-08-25T22:55:40.339Z,2026-08-26T08:21:22.000Z
Take_it_EZ_all_EZ,0.0,2.0,0,0,0.0,2.0,2026-08-19T15:00:32.000Z,2026-08-26T00:18:01.000Z
TakingMyShots,0.0,1.0,0,0,0.0,1.0,2026-09-01T14:15:14.000Z,2026-09-01T14:15:14.000Z
Talk_to_rahul,0.0,1.0,0,0,0.0,1.0,2026-08-23T19:09:02.000Z,2026-08-23T19:09:02.000Z
Talkingparrot8907,0.0,5.0,0,0,0.0,5.0,2026-08-21T16:24:09.000Z,2026-08-25T14:08:11.000Z
TalksickMe,0.0,1.0,0,0,0.0,1.0,2026-09-02T04:31:17.000Z,2026-09-02T04:31:17.000Z
Tall-Barnacle-4196,1.0,1.0,0,0,1.0,1.0,2026-08-23T08:51:40.188Z,2026-09-02T09:07:00.000Z
Tall-Calendar-4407,0.0,1.0,0,0,0.0,1.0,2026-08-25T06:41:27.000Z,2026-08-25T06:41:27.000Z
Tall-Conference-8798,1.0,0.0,0,0,1.0,0.0,2026-09-02T20:18:47.684Z,2026-09-02T20:18:47.684Z
Tall-Satisfaction715,0.0,3.0,0,0,0.0,3.0,2026-08-25T17:49:27.000Z,2026-08-27T04:41:55.000Z
Tall-Swordfish5182,1.0,0.0,0,0,1.0,0.0,2026-08-21T13:29:52.902Z,2026-08-21T13:29:52.902Z
Tall_Dig_3524,1.0,2.0,0,0,1.0,2.0,2026-08-23T11:58:16.962Z,2026-08-23T12:15:06.000Z
Tall_Knee_1564,0.0,1.0,0,0,0.0,1.0,2026-08-23T09:22:59.000Z,2026-08-23T09:22:59.000Z
Tangent_pikachu,0.0,1.0,0,0,0.0,1.0,2026-08-23T06:10:31.000Z,2026-08-23T06:10:31.000Z
TangerineSlight5231,0.0,5.0,0,0,0.0,5.0,2026-08-20T10:25:24.000Z,2026-09-02T08:17:23.000Z
Tanish_Piplani,0.0,1.0,0,0,0.0,1.0,2026-08-18T19:53:11.000Z,2026-08-18T19:53:11.000Z
TanmayGG7,0.0,1.0,0,0,0.0,1.0,2026-08-22T17:52:32.000Z,2026-08-22T17:52:32.000Z
Tanupriyo,0.0,1.0,0,0,0.0,1.0,2026-08-19T14:41:28.000Z,2026-08-19T14:41:28.000Z
TarunRS-26,0.0,1.0,0,0,0.0,1.0,2026-08-27T08:10:15.000Z,2026-08-27T08:10:15.000Z
TastyRemote9,0.0,1.0,0,0,0.0,1.0,2026-08-21T06:56:11.000Z,2026-08-21T06:56:11.000Z
Tathagatra,1.0,2.0,0,0,1.0,2.0,2026-09-01T06:54:02.783Z,2026-09-01T08:21:21.000Z
Tavullia46,0.0,1.0,0,0,0.0,1.0,2026-08-19T15:22:48.000Z,2026-08-19T15:22:48.000Z
Teachmedriving,0.0,6.0,0,0,0.0,6.0,2026-08-20T10:12:06.000Z,2026-08-27T04:42:10.000Z
Techies786,0.0,1.0,0,0,0.0,1.0,2026-08-18T20:56:40.000Z,2026-08-18T20:56:40.000Z
Technical-Click-9431,0.0,1.0,0,0,0.0,1.0,2026-09-02T16:42:54.000Z,2026-09-02T16:42:54.000Z
Technical-Smoke5513,0.0,1.0,0,0,0.0,1.0,2026-08-27T17:37:36.000Z,2026-08-27T17:37:36.000Z
Technical_Home_3174,0.0,1.0,0,0,0.0,1.0,2026-08-18T15:46:37.000Z,2026-08-18T15:46:37.000Z
Teelaikhumbi,1.0,5.0,0,0,1.0,5.0,2026-08-22T14:01:04.000Z,2026-09-02T13:16:01.000Z
Temporary-Sale2160,1.0,1.0,0,0,1.0,1.0,2026-08-23T14:10:47.728Z,2026-08-23T14:22:00.000Z
Temporary-Test7974,0.0,3.0,0,0,0.0,3.0,2026-08-20T14:35:06.000Z,2026-08-20T14:48:15.000Z
TemporaryEast3771,1.0,1.0,0,0,1.0,1.0,2026-08-24T15:52:51.881Z,2026-08-25T04:26:51.000Z
Temporary_Reality174,0.0,1.0,0,0,0.0,1.0,2026-08-19T16:38:40.000Z,2026-08-19T16:38:40.000Z
Tense_turtle23,0.0,1.0,0,0,0.0,1.0,2026-09-02T13:12:52.000Z,2026-09-02T13:12:52.000Z
TensionLost392,0.0,1.0,0,0,0.0,1.0,2026-08-20T15:25:34.000Z,2026-08-20T15:25:34.000Z
Terrible-Result2131,0.0,1.0,0,0,0.0,1.0,2026-08-28T09:46:25.000Z,2026-08-28T09:46:25.000Z
Terrible-Switch-4650,0.0,3.0,0,0,0.0,3.0,2026-08-19T08:54:46.000Z,2026-08-21T06:42:30.000Z
Terrible_Ad_03,0.0,1.0,0,0,0.0,1.0,2026-08-27T15:43:11.000Z,2026-08-27T15:43:11.000Z
Terrible_Constant382,0.0,1.0,0,0,0.0,1.0,2026-08-19T20:18:18.000Z,2026-08-19T20:18:18.000Z
Terrible_General_439,0.0,1.0,0,0,0.0,1.0,2026-08-21T07:34:44.000Z,2026-08-21T07:34:44.000Z
Terrible_Republic825,0.0,1.0,0,0,0.0,1.0,2026-08-22T07:41:19.000Z,2026-08-22T07:41:19.000Z
Thalapathy-Adglu,0.0,1.0,0,0,0.0,1.0,2026-09-02T09:32:15.000Z,2026-09-02T09:32:15.000Z
That-Abalone-1919,0.0,1.0,0,0,0.0,1.0,2026-08-24T08:28:18.000Z,2026-08-24T08:28:18.000Z
ThatGreatBoi,0.0,14.0,0,0,0.0,14.0,2026-08-20T09:58:05.000Z,2026-08-26T08:44:49.000Z
That_Boi_101,0.0,2.0,0,0,0.0,2.0,2026-08-26T22:55:13.000Z,2026-08-26T23:02:31.000Z
That_Wrongdoer_5764,0.0,1.0,0,0,0.0,1.0,2026-08-27T04:31:37.000Z,2026-08-27T04:31:37.000Z
The-Mastermind-,1.0,2.0,0,0,1.0,2.0,2026-08-23T10:09:15.037Z,2026-08-23T12:20:36.000Z
TheAngshul,0.0,2.0,0,0,0.0,2.0,2026-08-19T06:14:09.000Z,2026-08-19T06:14:51.000Z
TheAnimatorX,0.0,1.0,0,0,0.0,1.0,2026-08-24T05:03:14.000Z,2026-08-24T05:03:14.000Z
TheBalancedGeek,0.0,4.0,0,0,0.0,4.0,2026-08-24T01:34:53.000Z,2026-09-01T10:36:21.000Z
TheBengali_beauty96,0.0,2.0,0,0,0.0,2.0,2026-08-21T09:40:10.000Z,2026-09-02T02:51:55.000Z
TheBrandBuilder96,0.0,2.0,0,0,0.0,2.0,2026-08-27T05:17:25.000Z,2026-09-02T09:09:10.000Z
TheBrokeguy3,0.0,2.0,0,0,0.0,2.0,2026-08-19T19:47:57.000Z,2026-08-22T06:35:55.000Z
TheBuroun,0.0,1.0,0,0,0.0,1.0,2026-08-20T03:42:55.000Z,2026-08-20T03:42:55.000Z
TheCasperor,0.0,1.0,0,0,0.0,1.0,2026-08-23T19:35:30.000Z,2026-08-23T19:35:30.000Z
TheCharteredGuy,0.0,1.0,0,0,0.0,1.0,2026-08-26T19:02:38.000Z,2026-08-26T19:02:38.000Z
TheCryptic_Pineapple,0.0,2.0,0,0,0.0,2.0,2026-08-24T10:28:07.000Z,2026-08-24T17:59:19.000Z
TheEasternKopite,2.0,2.0,0,0,2.0,2.0,2026-08-20T06:42:12.865Z,2026-08-22T11:20:13.000Z
TheEternalTruth_,0.0,1.0,0,0,0.0,1.0,2026-08-19T03:42:27.000Z,2026-08-19T03:42:27.000Z
TheGameTubeAgain,0.0,1.0,0,0,0.0,1.0,2026-08-23T09:46:21.000Z,2026-08-23T09:46:21.000Z
TheGratitudeBot,0.0,1.0,0,0,0.0,1.0,2026-09-01T06:24:45.000Z,2026-09-01T06:24:45.000Z
TheHonouredOne0509,0.0,1.0,0,0,0.0,1.0,2026-08-19T09:23:21.000Z,2026-08-19T09:23:21.000Z
TheIneffableHalcyon,0.0,1.0,0,0,0.0,1.0,2026-08-25T07:10:58.000Z,2026-08-25T07:10:58.000Z
TheJosh15,2.0,4.0,0,0,2.0,4.0,2026-08-24T05:42:13.192Z,2026-09-02T16:00:49.000Z
TheKillingRiddle,0.0,1.0,0,0,0.0,1.0,2026-08-20T10:07:39.000Z,2026-08-20T10:07:39.000Z
TheKingOfSoul90,0.0,1.0,0,0,0.0,1.0,2026-08-26T10:45:01.000Z,2026-08-26T10:45:01.000Z
TheLastEagle,1.0,17.0,0,0,1.0,17.0,2026-08-20T01:52:10.000Z,2026-08-21T01:53:30.000Z
TheLastVagrant,0.0,1.0,0,0,0.0,1.0,2026-08-26T15:50:11.000Z,2026-08-26T15:50:11.000Z
TheLastWarrior1206,0.0,1.0,0,0,0.0,1.0,2026-08-27T00:46:55.000Z,2026-08-27T00:46:55.000Z
TheLazy_james,0.0,1.0,0,0,0.0,1.0,2026-08-23T05:07:49.000Z,2026-08-23T05:07:49.000Z
TheLostGuy_11,0.0,1.0,0,0,0.0,1.0,2026-09-02T04:50:04.000Z,2026-09-02T04:50:04.000Z
TheMotaBaccha,0.0,9.0,0,0,0.0,9.0,2026-08-19T13:33:36.000Z,2026-08-25T19:05:11.000Z
TheOverlookedHades,0.0,3.0,0,0,0.0,3.0,2026-08-26T13:40:11.000Z,2026-08-26T15:03:19.000Z
ThePoliteGuy20,0.0,1.0,0,0,0.0,1.0,2026-08-18T14:56:04.000Z,2026-08-18T14:56:04.000Z
ThePositiveThinker,0.0,1.0,0,0,0.0,1.0,2026-08-26T17:56:30.000Z,2026-08-26T17:56:30.000Z
TheSnehasish,0.0,1.0,0,0,0.0,1.0,2026-08-21T18:49:33.000Z,2026-08-21T18:49:33.000Z
TheSoubhik,0.0,1.0,0,0,0.0,1.0,2026-08-27T20:19:09.000Z,2026-08-27T20:19:09.000Z
TheSumitBanik,0.0,1.0,0,0,0.0,1.0,2026-08-24T14:12:29.000Z,2026-08-24T14:12:29.000Z
TheWiseSaidNo,0.0,1.0,0,0,0.0,1.0,2026-08-22T08:23:49.000Z,2026-08-22T08:23:49.000Z
TheWittywhiz,0.0,1.0,0,0,0.0,1.0,2026-08-21T17:17:07.000Z,2026-08-21T17:17:07.000Z
TheXenonDetroit,0.0,1.0,0,0,0.0,1.0,2026-08-24T15:44:40.000Z,2026-08-24T15:44:40.000Z
The_Ancient_Stardust,0.0,5.0,0,0,0.0,5.0,2026-08-20T17:04:34.000Z,2026-09-02T15:33:00.000Z
The_Bipolar_Guy,0.0,2.0,0,0,0.0,2.0,2026-08-25T08:58:33.000Z,2026-09-01T05:08:07.000Z
The_Chakraborty01,0.0,5.0,0,0,0.0,5.0,2026-08-19T10:52:10.000Z,2026-08-26T19:27:52.000Z
The_Conqueror1,0.0,1.0,0,0,0.0,1.0,2026-08-26T09:47:34.000Z,2026-08-26T09:47:34.000Z
The_Gemini_Man_2151,1.0,2.0,0,0,1.0,2.0,2026-08-24T02:59:20.758Z,2026-08-25T03:17:20.000Z
The_Happy_Baloney,0.0,1.0,0,0,0.0,1.0,2026-08-21T18:47:39.000Z,2026-08-21T18:47:39.000Z
The_RRM,0.0,1.0,0,0,0.0,1.0,2026-08-22T07:27:13.000Z,2026-08-22T07:27:13.000Z
The_bong_nudist,0.0,1.0,0,0,0.0,1.0,2026-08-21T18:50:11.000Z,2026-08-21T18:50:11.000Z
The_hammerandsickle_,0.0,12.0,0,0,0.0,12.0,2026-08-20T15:21:57.000Z,2026-08-27T08:05:57.000Z
The_teenager1234,0.0,2.0,0,0,0.0,2.0,2026-08-22T06:54:19.000Z,2026-08-25T17:04:24.000Z
The_unknow__,0.0,1.0,0,0,0.0,1.0,2026-08-18T16:20:13.000Z,2026-08-18T16:20:13.000Z
Thecosmogreen,1.0,19.0,0,0,1.0,19.0,2026-08-20T18:24:27.000Z,2026-09-02T10:24:42.000Z
Thecrypticmind____,0.0,2.0,0,0,0.0,2.0,2026-08-22T18:49:55.000Z,2026-08-27T07:19:02.000Z
Thecurlylawyer,0.0,1.0,0,0,0.0,1.0,2026-08-22T06:59:35.000Z,2026-08-22T06:59:35.000Z
Thereisnocanon,0.0,2.0,0,0,0.0,2.0,2026-08-23T10:41:37.000Z,2026-08-25T12:04:31.000Z
These-Sand8761,0.0,1.0,0,0,0.0,1.0,2026-08-21T18:31:58.000Z,2026-08-21T18:31:58.000Z
Thin-Needleworker369,0.0,2.0,0,0,0.0,2.0,2026-09-01T17:25:38.000Z,2026-09-02T11:21:28.000Z
Thin-Ordinary-6282,0.0,2.0,0,0,0.0,2.0,2026-08-24T21:55:57.000Z,2026-08-26T20:26:07.000Z
ThinkFoot,0.0,1.0,0,0,0.0,1.0,2026-09-02T16:11:57.000Z,2026-09-02T16:11:57.000Z
Think_Finding_2077,0.0,8.0,0,0,0.0,8.0,2026-08-18T17:49:18.000Z,2026-09-01T04:09:30.000Z
Think_Job379,0.0,6.0,0,0,0.0,6.0,2026-08-20T05:00:54.000Z,2026-08-24T20:24:57.000Z
Think_Yesterday_8140,1.0,4.0,0,0,1.0,4.0,2026-08-18T15:14:24.000Z,2026-08-25T21:36:49.000Z
This-Turnip5341,0.0,1.0,0,0,0.0,1.0,2026-08-22T07:26:20.000Z,2026-08-22T07:26:20.000Z
This_shall_toopass,0.0,2.0,0,0,0.0,2.0,2026-08-23T13:36:42.000Z,2026-08-24T13:10:34.000Z
ThoughtOwn7073,0.0,1.0,0,0,0.0,1.0,2026-08-22T08:10:06.000Z,2026-08-22T08:10:06.000Z
ThrowRA6666766666,0.0,1.0,0,0,0.0,1.0,2026-08-19T02:48:21.000Z,2026-08-19T02:48:21.000Z
ThrowRA789890,0.0,6.0,0,0,0.0,6.0,2026-08-20T14:39:50.000Z,2026-08-27T04:56:12.000Z
ThrowawayID1233,1.0,5.0,0,0,1.0,5.0,2026-08-20T19:53:48.000Z,2026-08-26T20:58:58.000Z
Thunder9697,0.0,1.0,0,0,0.0,1.0,2026-09-01T10:22:06.000Z,2026-09-01T10:22:06.000Z
Thunder_5678,0.0,1.0,0,0,0.0,1.0,2026-08-25T19:46:04.000Z,2026-08-25T19:46:04.000Z
Thunderslasher0409,0.0,1.0,0,0,0.0,1.0,2026-08-21T16:34:55.000Z,2026-08-21T16:34:55.000Z
Tiara812,0.0,1.0,0,0,0.0,1.0,2026-08-23T05:44:59.000Z,2026-08-23T05:44:59.000Z
Tifo231,0.0,3.0,0,0,0.0,3.0,2026-08-22T19:14:07.000Z,2026-08-26T19:02:20.000Z
Tight_Assignments,0.0,1.0,0,0,0.0,1.0,2026-08-24T08:34:02.000Z,2026-08-24T08:34:02.000Z
Time-Mission-7266,0.0,1.0,0,0,0.0,1.0,2026-09-02T11:07:06.000Z,2026-09-02T11:07:06.000Z
Timeless_elephant,1.0,10.0,0,0,1.0,10.0,2026-08-19T08:38:28.000Z,2026-08-22T14:57:17.000Z
Timely-Commission-26,0.0,2.0,0,0,0.0,2.0,2026-08-20T18:47:48.000Z,2026-08-25T20:30:11.000Z
Timely_Pangolin6077,0.0,3.0,0,0,0.0,3.0,2026-08-20T06:37:21.000Z,2026-09-01T17:18:02.000Z
Timely_Technician966,0.0,2.0,0,0,0.0,2.0,2026-08-27T09:03:25.000Z,2026-09-01T13:44:14.000Z
TinSilver02,0.0,2.0,0,0,0.0,2.0,2026-08-22T11:04:53.000Z,2026-08-27T14:15:49.000Z
TinyDark176,0.0,1.0,0,0,0.0,1.0,2026-08-25T03:24:33.000Z,2026-08-25T03:24:33.000Z
TinySplit8858,0.0,1.0,0,0,0.0,1.0,2026-08-18T13:50:25.000Z,2026-08-18T13:50:25.000Z
Tirtha1991,0.0,1.0,0,0,0.0,1.0,2026-08-24T09:21:44.000Z,2026-08-24T09:21:44.000Z
TissuesAndBandages,0.0,1.0,0,0,0.0,1.0,2026-08-19T10:02:41.000Z,2026-08-19T10:02:41.000Z
TitanJrOP,0.0,3.0,0,0,0.0,3.0,2026-08-21T17:44:37.000Z,2026-08-25T03:51:26.000Z
Titash13,0.0,1.0,0,0,0.0,1.0,2026-08-23T16:30:07.000Z,2026-08-23T16:30:07.000Z
Titoindia,0.0,1.0,0,0,0.0,1.0,2026-08-26T15:21:15.000Z,2026-08-26T15:21:15.000Z
ToastedPussy,0.0,1.0,0,0,0.0,1.0,2026-09-01T17:30:36.000Z,2026-09-01T17:30:36.000Z
ToeFabulous1550,0.0,1.0,0,0,0.0,1.0,2026-08-24T16:05:12.000Z,2026-08-24T16:05:12.000Z
Tonggggggggg,0.0,1.0,0,0,0.0,1.0,2026-08-25T08:25:53.000Z,2026-08-25T08:25:53.000Z
TooApprehensive,0.0,2.0,0,0,0.0,2.0,2026-08-23T15:11:01.000Z,2026-08-25T07:54:35.000Z
Top-Alternative-3231,0.0,1.0,0,0,0.0,1.0,2026-08-23T13:36:38.000Z,2026-08-23T13:36:38.000Z
Top-Cod-5017,1.0,3.0,0,0,1.0,3.0,2026-08-23T06:11:58.000Z,2026-08-27T04:55:03.000Z
Top-Fee-2089,0.0,1.0,0,0,0.0,1.0,2026-08-23T14:18:37.000Z,2026-08-23T14:18:37.000Z
Top-Gap-4578,2.0,15.0,0,0,2.0,15.0,2026-08-21T16:37:58.000Z,2026-08-26T22:13:30.000Z
Top-Masterpiece7299,1.0,0.0,0,0,1.0,0.0,2026-08-23T10:39:53.589Z,2026-08-23T10:39:53.589Z
Top-Percentage669,0.0,1.0,0,0,0.0,1.0,2026-08-26T23:47:28.000Z,2026-08-26T23:47:28.000Z
Top-Scientist3474,2.0,17.0,0,0,2.0,17.0,2026-08-23T08:27:03.000Z,2026-09-02T13:47:38.000Z
Top-Use-3367,0.0,1.0,0,0,0.0,1.0,2026-08-19T09:56:39.000Z,2026-08-19T09:56:39.000Z
TopImaginary9858,0.0,1.0,0,0,0.0,1.0,2026-09-01T16:05:16.000Z,2026-09-01T16:05:16.000Z
Top_Drink_7516,0.0,3.0,0,0,0.0,3.0,2026-08-22T17:51:10.000Z,2026-08-26T15:32:59.000Z
Top_Psychology8698,0.0,1.0,0,0,0.0,1.0,2026-08-19T14:24:14.000Z,2026-08-19T14:24:14.000Z
Top_Reading9466,0.0,1.0,0,0,0.0,1.0,2026-08-22T21:38:31.000Z,2026-08-22T21:38:31.000Z
Toriichi470,0.0,2.0,0,0,0.0,2.0,2026-08-20T10:11:26.000Z,2026-08-22T05:23:37.000Z
Tosh90,0.0,1.0,0,0,0.0,1.0,2026-08-20T11:31:01.000Z,2026-08-20T11:31:01.000Z
TotalSea6477,1.0,6.0,0,0,1.0,6.0,2026-08-21T06:46:41.912Z,2026-08-21T16:55:18.000Z
TotalShoddy7764,0.0,1.0,0,0,0.0,1.0,2026-08-21T06:11:02.000Z,2026-08-21T06:11:02.000Z
Total_Ad3821,0.0,1.0,0,0,0.0,1.0,2026-08-26T09:43:56.000Z,2026-08-26T09:43:56.000Z
Tough-Friendship-397,2.0,8.0,0,0,2.0,8.0,2026-08-23T16:49:40.000Z,2026-09-01T18:48:29.000Z
TouristTrue4200,0.0,1.0,0,0,0.0,1.0,2026-08-18T14:33:57.000Z,2026-08-18T14:33:57.000Z
TraditionJolly7247,0.0,4.0,0,0,0.0,4.0,2026-08-20T06:43:56.000Z,2026-08-27T06:17:58.000Z
TraditionNo4106,0.0,1.0,0,0,0.0,1.0,2026-08-26T14:49:35.000Z,2026-08-26T14:49:35.000Z
TraditionUnique280,0.0,1.0,0,0,0.0,1.0,2026-08-23T19:22:40.000Z,2026-08-23T19:22:40.000Z
Traditional-Tea5965,0.0,1.0,0,0,0.0,1.0,2026-08-24T08:31:25.000Z,2026-08-24T08:31:25.000Z
Traditional_Day2927,0.0,1.0,0,0,0.0,1.0,2026-08-19T03:20:06.000Z,2026-08-19T03:20:06.000Z
Traditional_Fox171,0.0,1.0,0,0,0.0,1.0,2026-08-31T13:46:34.000Z,2026-08-31T13:46:34.000Z
Traditional_One1313,0.0,1.0,0,0,0.0,1.0,2026-08-24T09:35:59.000Z,2026-08-24T09:35:59.000Z
Traditional_Pass9078,0.0,1.0,0,0,0.0,1.0,2026-08-23T09:40:31.000Z,2026-08-23T09:40:31.000Z
Traditional_Zone8594,0.0,2.0,0,0,0.0,2.0,2026-09-02T09:18:35.000Z,2026-09-02T11:34:03.000Z
Training-Football-55,0.0,1.0,0,0,0.0,1.0,2026-08-20T00:59:40.000Z,2026-08-20T00:59:40.000Z
Treat-Intelligent,0.0,1.0,0,0,0.0,1.0,2026-09-02T14:37:54.000Z,2026-09-02T14:37:54.000Z
Tree_The_Dutch,0.0,2.0,0,0,0.0,2.0,2026-09-02T03:46:24.000Z,2026-09-02T03:48:12.000Z
TrendTraderSheldon,0.0,1.0,0,0,0.0,1.0,2026-08-19T02:58:05.000Z,2026-08-19T02:58:05.000Z
Trick_Chemistry8004,0.0,1.0,0,0,0.0,1.0,2026-08-22T17:03:46.000Z,2026-08-22T17:03:46.000Z
Trick_Position,0.0,2.0,0,0,0.0,2.0,2026-09-02T16:52:51.000Z,2026-09-02T16:53:15.000Z
Trick_Vacation_3617,0.0,4.0,0,0,0.0,4.0,2026-08-19T18:19:52.000Z,2026-08-27T03:22:34.000Z
TrickyDreams08,0.0,1.0,0,0,0.0,1.0,2026-08-27T13:07:08.000Z,2026-08-27T13:07:08.000Z
Trisha2_Aks06,0.0,1.0,0,0,0.0,1.0,2026-08-19T15:04:46.000Z,2026-08-19T15:04:46.000Z
TritiyaPandav,17.0,36.0,0,0,17.0,36.0,2026-08-19T08:13:03.284Z,2026-09-02T04:39:25.128Z
Trollge-2005,1.0,3.0,0,0,1.0,3.0,2026-08-31T11:30:37.041Z,2026-08-31T12:08:01.000Z
Trouble-Vast,0.0,3.0,0,0,0.0,3.0,2026-08-18T15:28:50.000Z,2026-08-24T14:42:46.000Z
Trouble_221,0.0,2.0,0,0,0.0,2.0,2026-08-21T18:53:24.000Z,2026-08-22T17:56:09.000Z
True-Bridge-8865,0.0,2.0,0,0,0.0,2.0,2026-08-24T19:41:09.000Z,2026-08-26T15:49:28.000Z
True-Shallot-5133,0.0,7.0,0,0,0.0,7.0,2026-08-19T09:10:26.000Z,2026-09-02T10:02:05.000Z
TrueLies03,0.0,1.0,0,0,0.0,1.0,2026-09-01T03:53:22.000Z,2026-09-01T03:53:22.000Z
True_Economics_6936,0.0,1.0,0,0,0.0,1.0,2026-08-23T05:58:29.000Z,2026-08-23T05:58:29.000Z
TrustLoose3254,0.0,1.0,0,0,0.0,1.0,2026-08-26T20:38:50.000Z,2026-08-26T20:38:50.000Z
TrustMeBro-Not-A-Bot,0.0,1.0,0,0,0.0,1.0,2026-08-20T18:27:05.000Z,2026-08-20T18:27:05.000Z
TryHarder527,1.0,36.0,0,0,1.0,36.0,2026-08-25T18:50:35.586Z,2026-08-26T17:06:36.000Z
Tubai001,0.0,1.0,0,0,0.0,1.0,2026-08-21T08:35:24.000Z,2026-08-21T08:35:24.000Z
Tuhin7705,0.0,1.0,0,0,0.0,1.0,2026-08-18T19:36:19.000Z,2026-08-18T19:36:19.000Z
TuneUnhappy5585,0.0,1.0,0,0,0.0,1.0,2026-08-20T10:12:55.000Z,2026-08-20T10:12:55.000Z
Tunir007,0.0,1.0,0,0,0.0,1.0,2026-08-27T06:10:15.000Z,2026-08-27T06:10:15.000Z
Turbulent-Look-6632,0.0,1.0,0,0,0.0,1.0,2026-08-22T08:10:31.000Z,2026-08-22T08:10:31.000Z
TurbulentWrangler654,0.0,1.0,0,0,0.0,1.0,2026-09-01T04:47:11.000Z,2026-09-01T04:47:11.000Z
Turbulent_Alps_3294,0.0,1.0,0,0,0.0,1.0,2026-09-01T18:49:18.000Z,2026-09-01T18:49:18.000Z
TurrisFortisMihiDeus,0.0,1.0,0,0,0.0,1.0,2026-08-27T02:01:10.000Z,2026-08-27T02:01:10.000Z
Typical_Call5267,0.0,1.0,0,0,0.0,1.0,2026-08-23T15:26:02.000Z,2026-08-23T15:26:02.000Z
UDKIDKWDKK,0.0,1.0,0,0,0.0,1.0,2026-08-30T04:59:01.000Z,2026-08-30T04:59:01.000Z
UNEMPLOED,1.0,0.0,0,0,1.0,0.0,2026-09-01T09:37:41.537Z,2026-09-01T09:37:41.537Z
UPraisal,0.0,1.0,0,0,0.0,1.0,2026-09-02T14:04:45.000Z,2026-09-02T14:04:45.000Z
Uff_GenZ,0.0,1.0,0,0,0.0,1.0,2026-08-26T03:22:41.000Z,2026-08-26T03:22:41.000Z
Uglu_Buglu,0.0,4.0,0,0,0.0,4.0,2026-08-22T09:16:41.000Z,2026-09-01T01:10:53.000Z
Uglynoob69,0.0,1.0,0,0,0.0,1.0,2026-08-26T14:53:46.000Z,2026-08-26T14:53:46.000Z
UjanRoy2008,1.0,3.0,0,0,1.0,3.0,2026-08-25T15:12:36.625Z,2026-08-26T13:49:23.000Z
Unable-Highlight-920,0.0,1.0,0,0,0.0,1.0,2026-08-31T18:57:22.000Z,2026-08-31T18:57:22.000Z
Under_TheKnife,0.0,1.0,0,0,0.0,1.0,2026-08-18T16:12:27.000Z,2026-08-18T16:12:27.000Z
UnemployedTechie2021,1.0,8.0,0,0,1.0,8.0,2026-08-20T08:46:35.000Z,2026-09-01T02:49:08.000Z
Unfair-Gur7325,0.0,3.0,0,0,0.0,3.0,2026-08-21T15:44:01.000Z,2026-08-24T15:42:32.000Z
Unhappy-Progress4791,0.0,1.0,0,0,0.0,1.0,2026-08-26T13:14:43.000Z,2026-08-26T13:14:43.000Z
UnhappyAnalyst2772,0.0,4.0,0,0,0.0,4.0,2026-08-21T14:17:36.000Z,2026-08-25T19:17:43.000Z
Unique-Challenge-840,0.0,1.0,0,0,0.0,1.0,2026-08-19T09:58:27.000Z,2026-08-19T09:58:27.000Z
Unique-Grass3413,0.0,1.0,0,0,0.0,1.0,2026-08-22T03:17:18.000Z,2026-08-22T03:17:18.000Z
UniqueScheme7269,0.0,1.0,0,0,0.0,1.0,2026-08-27T13:30:51.000Z,2026-08-27T13:30:51.000Z
Unique_Butterfly_797,1.0,2.0,0,0,1.0,2.0,2026-08-26T20:33:57.750Z,2026-08-26T21:06:36.000Z
Unique_Guidance8920,0.0,3.0,0,0,0.0,3.0,2026-08-26T07:19:09.000Z,2026-09-02T09:39:21.000Z
United-Scholar-1614,0.0,2.0,0,0,0.0,2.0,2026-08-19T09:53:09.000Z,2026-08-27T02:29:03.000Z
United_Ad_1842,0.0,3.0,0,0,0.0,3.0,2026-08-18T19:53:48.000Z,2026-09-02T06:06:48.000Z
United_Difference_93,0.0,1.0,0,0,0.0,1.0,2026-08-24T14:22:27.000Z,2026-08-24T14:22:27.000Z
Universal_Soldier666,0.0,2.0,0,0,0.0,2.0,2026-08-22T05:53:31.000Z,2026-08-22T05:56:32.000Z
UnknownByChoice26,0.0,4.0,0,0,0.0,4.0,2026-08-20T16:37:21.000Z,2026-08-20T17:11:52.000Z
Unknown_022007,0.0,2.0,0,0,0.0,2.0,2026-08-20T19:06:04.000Z,2026-08-21T07:29:19.000Z
Unknown_Smile69,0.0,2.0,0,0,0.0,2.0,2026-09-01T17:57:39.000Z,2026-09-02T03:15:45.000Z
Unlikely_Cupcake4948,0.0,1.0,0,0,0.0,1.0,2026-09-02T12:00:23.000Z,2026-09-02T12:00:23.000Z
Unlikely_Proof_8394,0.0,1.0,0,0,0.0,1.0,2026-09-01T12:10:34.000Z,2026-09-01T12:10:34.000Z
Unlucky-Delivery9234,0.0,1.0,0,0,0.0,1.0,2026-08-21T16:26:08.000Z,2026-08-21T16:26:08.000Z
Unlucky-Succotash862,0.0,4.0,0,0,0.0,4.0,2026-08-20T22:14:40.000Z,2026-08-27T05:53:45.000Z
Unlucky-Tumbleweed89,0.0,3.0,0,0,0.0,3.0,2026-08-19T20:43:22.000Z,2026-08-24T13:05:40.000Z
Unlucky_File_9595,0.0,1.0,0,0,0.0,1.0,2026-08-19T11:39:01.000Z,2026-08-19T11:39:01.000Z
Unresolved-Problem,0.0,3.0,0,0,0.0,3.0,2026-08-19T20:01:58.000Z,2026-08-23T17:58:30.000Z
Unstoplbleee,0.0,1.0,0,0,0.0,1.0,2026-08-24T11:02:56.000Z,2026-08-24T11:02:56.000Z
UnthinkableMystery,0.0,1.0,0,0,0.0,1.0,2026-08-22T15:40:07.000Z,2026-08-22T15:40:07.000Z
Unusual-Guest-1637,0.0,1.0,0,0,0.0,1.0,2026-09-01T17:45:03.000Z,2026-09-01T17:45:03.000Z
Unusual_Bid_1011,0.0,2.0,0,0,0.0,2.0,2026-08-31T13:52:54.000Z,2026-09-01T11:53:38.000Z
Unusual_Influence754,0.0,3.0,0,0,0.0,3.0,2026-08-20T10:18:56.000Z,2026-08-27T03:44:47.000Z
Upbeat_Sand9010,1.0,0.0,0,0,1.0,0.0,2026-08-23T16:41:10.597Z,2026-08-23T16:41:10.597Z
Upbeat_Weekend_650,0.0,2.0,0,0,0.0,2.0,2026-08-27T09:55:44.000Z,2026-08-31T21:09:56.000Z
Upper-Fennel-1426,0.0,1.0,0,0,0.0,1.0,2026-08-18T14:47:28.000Z,2026-08-18T14:47:28.000Z
Upper_Jackfruit_4724,0.0,1.0,0,0,0.0,1.0,2026-09-02T15:25:05.000Z,2026-09-02T15:25:05.000Z
Upset-Compote-9139,0.0,1.0,0,0,0.0,1.0,2026-08-19T11:51:05.000Z,2026-08-19T11:51:05.000Z
Upset_Isopod_5206,0.0,2.0,0,0,0.0,2.0,2026-08-23T08:37:35.000Z,2026-08-23T10:43:19.000Z
Upstairs-Analyst8353,0.0,1.0,0,0,0.0,1.0,2026-08-18T15:21:49.000Z,2026-08-18T15:21:49.000Z
Upstairs-Quantity469,0.0,3.0,0,0,0.0,3.0,2026-08-22T07:15:48.000Z,2026-08-24T12:21:42.000Z
Urbanrakhal,0.0,1.0,0,0,0.0,1.0,2026-08-22T07:04:02.000Z,2026-08-22T07:04:02.000Z
Uri_BaBa,0.0,1.0,0,0,0.0,1.0,2026-08-24T18:42:56.000Z,2026-08-24T18:42:56.000Z
Urmi-e-Azar,0.0,2.0,0,0,0.0,2.0,2026-09-02T14:17:36.000Z,2026-09-02T14:26:11.000Z
Used-Shelter-1311,0.0,1.0,0,0,0.0,1.0,2026-09-02T12:04:35.000Z,2026-09-02T12:04:35.000Z
Used_Man_58,0.0,4.0,0,0,0.0,4.0,2026-08-20T10:22:29.000Z,2026-08-21T16:06:04.000Z
Useful-Marsupial-859,1.0,0.0,0,0,1.0,0.0,2026-09-03T01:54:56.834Z,2026-09-03T01:54:56.834Z
Useful-Wallaby-5874,0.0,1.0,0,0,0.0,1.0,2026-08-23T03:47:35.000Z,2026-08-23T03:47:35.000Z
Useful_Baby_2876,0.0,1.0,0,0,0.0,1.0,2026-08-19T20:29:08.000Z,2026-08-19T20:29:08.000Z
Useful_Choice1212,0.0,1.0,0,0,0.0,1.0,2026-09-01T14:34:36.000Z,2026-09-01T14:34:36.000Z
Usmaankhalid,0.0,4.0,0,0,0.0,4.0,2026-08-23T14:43:57.000Z,2026-09-01T17:01:13.000Z
Usual_Age1911,0.0,1.0,0,0,0.0,1.0,2026-08-21T15:40:09.000Z,2026-08-21T15:40:09.000Z
UsurperErenJaeger,0.0,1.0,0,0,0.0,1.0,2026-08-18T14:16:03.000Z,2026-08-18T14:16:03.000Z
VAMPIRE_LORD04,0.0,1.0,0,0,0.0,1.0,2026-08-23T21:31:50.000Z,2026-08-23T21:31:50.000Z
Vadertalks,0.0,1.0,0,0,0.0,1.0,2026-08-18T14:32:13.000Z,2026-08-18T14:32:13.000Z
Valuable-Peanut-1472,0.0,2.0,0,0,0.0,2.0,2026-08-20T14:37:36.000Z,2026-09-01T16:17:48.000Z
Valuable_Relief_7221,0.0,1.0,0,0,0.0,1.0,2026-09-01T12:41:25.000Z,2026-09-01T12:41:25.000Z
Vammy02,0.0,1.0,0,0,0.0,1.0,2026-09-01T21:13:33.000Z,2026-09-01T21:13:33.000Z
Vanix69_,0.0,1.0,0,0,0.0,1.0,2026-08-24T17:41:28.000Z,2026-08-24T17:41:28.000Z
Various-Low4016,0.0,3.0,0,0,0.0,3.0,2026-08-22T18:25:39.000Z,2026-08-27T07:07:57.000Z
Various-Prior5228,0.0,1.0,0,0,0.0,1.0,2026-08-22T07:04:02.000Z,2026-08-22T07:04:02.000Z
Various_Counter_3365,1.0,3.0,0,0,1.0,3.0,2026-09-02T09:43:32.014Z,2026-09-02T16:57:58.000Z
Various_Dragonfly688,0.0,1.0,0,0,0.0,1.0,2026-08-28T11:48:37.000Z,2026-08-28T11:48:37.000Z
Various_Sky_7685,0.0,1.0,0,0,0.0,1.0,2026-09-01T11:33:57.000Z,2026-09-01T11:33:57.000Z
Vast_Attitude5540,0.0,1.0,0,0,0.0,1.0,2026-08-20T08:20:48.000Z,2026-08-20T08:20:48.000Z
Vasto_Charlotte,0.0,5.0,0,0,0.0,5.0,2026-08-20T08:04:23.000Z,2026-08-26T08:37:09.000Z
Veekral,0.0,2.0,0,0,0.0,2.0,2026-08-26T15:20:47.000Z,2026-09-02T13:32:23.000Z
Veer_frr,0.0,1.0,0,0,0.0,1.0,2026-08-20T16:23:27.000Z,2026-08-20T16:23:27.000Z
Vegetable-Welder-227,0.0,2.0,0,0,0.0,2.0,2026-08-21T07:59:45.000Z,2026-08-22T06:58:07.000Z
VegetableEmployee478,0.0,4.0,0,0,0.0,4.0,2026-08-25T15:59:44.000Z,2026-09-01T18:15:13.000Z
VegetableLonely3304,1.0,1.0,0,0,1.0,1.0,2026-08-27T05:18:55.337Z,2026-08-27T05:29:51.000Z
Veilix0,1.0,0.0,0,0,1.0,0.0,2026-08-25T12:20:57.855Z,2026-08-25T12:20:57.855Z
Velvyn_,0.0,7.0,0,0,0.0,7.0,2026-08-19T05:46:20.000Z,2026-09-01T15:21:20.000Z
VengarTheRedditor,0.0,1.0,0,0,0.0,1.0,2026-08-23T05:30:36.000Z,2026-08-23T05:30:36.000Z
Venn_Diagr,0.0,5.0,0,0,0.0,5.0,2026-08-23T06:50:30.000Z,2026-08-27T14:10:55.000Z
VenomJr_030,0.0,1.0,0,0,0.0,1.0,2026-08-22T06:54:42.000Z,2026-08-22T06:54:42.000Z
Very_lazy_human,0.0,2.0,0,0,0.0,2.0,2026-08-20T22:02:35.000Z,2026-09-01T13:34:10.000Z
VeterinarianCommon27,0.0,1.0,0,0,0.0,1.0,2026-08-20T15:30:19.000Z,2026-08-20T15:30:19.000Z
Vexper780,0.0,1.0,0,0,0.0,1.0,2026-08-22T06:16:40.000Z,2026-08-22T06:16:40.000Z
Vikramaditya-1008,0.0,1.0,0,0,0.0,1.0,2026-08-27T15:14:16.000Z,2026-08-27T15:14:16.000Z
Villanelle04,0.0,3.0,0,0,0.0,3.0,2026-08-22T17:34:40.000Z,2026-08-27T09:15:12.000Z
ViolinistOld9049,0.0,2.0,0,0,0.0,2.0,2026-08-27T05:42:05.000Z,2026-09-02T16:16:00.000Z
Viper_23,0.0,1.0,0,0,0.0,1.0,2026-08-23T08:55:22.000Z,2026-08-23T08:55:22.000Z
Virtual-Act2479,0.0,1.0,0,0,0.0,1.0,2026-08-18T18:11:09.000Z,2026-08-18T18:11:09.000Z
Virtual-Surround-710,0.0,1.0,0,0,0.0,1.0,2026-08-21T06:35:09.000Z,2026-08-21T06:35:09.000Z
Virtual_Interest3720,1.0,2.0,0,0,1.0,2.0,2026-08-24T19:58:09.000Z,2026-09-02T21:57:11.209Z
Virtual_Law3063,0.0,2.0,0,0,0.0,2.0,2026-08-20T11:48:37.000Z,2026-08-21T14:03:47.000Z
Virtual_joker_,0.0,1.0,0,0,0.0,1.0,2026-08-20T05:40:37.000Z,2026-08-20T05:40:37.000Z
Virusdeducted242,0.0,2.0,0,0,0.0,2.0,2026-08-20T08:54:09.000Z,2026-08-24T15:56:19.000Z
Visible-Habit3076,0.0,1.0,0,0,0.0,1.0,2026-08-22T11:23:14.000Z,2026-08-22T11:23:14.000Z
VisibleBar3917,0.0,1.0,0,0,0.0,1.0,2026-08-23T18:19:34.000Z,2026-08-23T18:19:34.000Z
Visible_Anxiety6275,0.0,2.0,0,0,0.0,2.0,2026-08-22T19:39:44.000Z,2026-09-02T14:48:34.000Z
Visible_Dingo_4473,0.0,1.0,0,0,0.0,1.0,2026-08-21T16:32:04.000Z,2026-08-21T16:32:04.000Z
Visual-Attorney1239,0.0,1.0,0,0,0.0,1.0,2026-09-01T11:51:02.000Z,2026-09-01T11:51:02.000Z
Visual-Formal-4294,0.0,1.0,0,0,0.0,1.0,2026-08-18T18:41:02.000Z,2026-08-18T18:41:02.000Z
Visual_Attitude_9065,0.0,2.0,0,0,0.0,2.0,2026-08-21T17:11:56.000Z,2026-08-22T16:38:00.000Z
Vital-Twist4594,2.0,7.0,0,0,2.0,7.0,2026-09-01T03:02:57.000Z,2026-09-02T13:59:24.000Z
Vital_Lamp,0.0,7.0,0,0,0.0,7.0,2026-08-19T19:26:02.000Z,2026-09-01T13:40:35.000Z
Viukus_Kakuja,0.0,1.0,0,0,0.0,1.0,2026-08-26T16:52:30.000Z,2026-08-26T16:52:30.000Z
VividInteraction6576,0.0,3.0,0,0,0.0,3.0,2026-08-25T19:07:02.000Z,2026-08-26T18:58:08.000Z
Vivid_Cancel1150,0.0,2.0,0,0,0.0,2.0,2026-08-22T16:23:18.000Z,2026-09-02T04:54:31.000Z
Vivid_Rip_5121,0.0,1.0,0,0,0.0,1.0,2026-08-26T06:11:39.000Z,2026-08-26T06:11:39.000Z
VladtheGoat,1.0,1.0,0,0,1.0,1.0,2026-08-20T20:06:12.722Z,2026-08-20T20:37:48.000Z
Void_AstarothYT,0.0,2.0,0,0,0.0,2.0,2026-08-20T11:50:30.000Z,2026-09-01T10:23:30.000Z
VorteXYZ_710,0.0,1.0,0,0,0.0,1.0,2026-08-20T04:05:59.000Z,2026-08-20T04:05:59.000Z
VorteX_from_redddit,0.0,1.0,0,0,0.0,1.0,2026-08-20T17:09:18.000Z,2026-08-20T17:09:18.000Z
WOLFAGENT1234,0.0,1.0,0,0,0.0,1.0,2026-08-23T10:34:07.000Z,2026-08-23T10:34:07.000Z
Waah_Realist,0.0,3.0,0,0,0.0,3.0,2026-08-19T02:41:17.000Z,2026-08-24T15:18:10.000Z
Walter-White_Jr,0.0,1.0,0,0,0.0,1.0,2026-08-20T21:59:02.000Z,2026-08-20T21:59:02.000Z
Walter_Xe,1.0,10.0,0,0,1.0,10.0,2026-08-18T14:15:39.000Z,2026-08-24T07:52:09.000Z
Wandering-Dunadan,0.0,29.0,0,0,0.0,29.0,2026-08-19T05:54:10.000Z,2026-09-02T15:51:01.000Z
War_Wager,0.0,11.0,0,0,0.0,11.0,2026-08-19T08:23:57.000Z,2026-09-01T11:42:33.000Z
Warm-Breakfast-3688,0.0,8.0,0,0,0.0,8.0,2026-08-19T14:10:27.000Z,2026-09-02T03:55:28.000Z
Warm-Citron3048,0.0,1.0,0,0,0.0,1.0,2026-08-26T05:22:02.000Z,2026-08-26T05:22:02.000Z
Warm-Rock9,0.0,1.0,0,0,0.0,1.0,2026-09-01T13:39:33.000Z,2026-09-01T13:39:33.000Z
WarmFreshBread56,0.0,1.0,0,0,0.0,1.0,2026-09-02T08:21:03.000Z,2026-09-02T08:21:03.000Z
Warriorop3,0.0,1.0,0,0,0.0,1.0,2026-08-27T02:19:51.000Z,2026-08-27T02:19:51.000Z
WarthogStatus1679,0.0,1.0,0,0,0.0,1.0,2026-08-25T19:01:21.000Z,2026-08-25T19:01:21.000Z
Waste_Ad_5252,0.0,1.0,0,0,0.0,1.0,2026-08-23T09:53:16.000Z,2026-08-23T09:53:16.000Z
WayFinal8698,0.0,2.0,0,0,0.0,2.0,2026-08-22T16:16:33.000Z,2026-08-24T17:20:56.000Z
WayFinder_1_2_3,1.0,0.0,0,0,1.0,0.0,2026-08-20T14:48:15.099Z,2026-08-20T14:48:15.099Z
Way_NoWay1,0.0,1.0,0,0,0.0,1.0,2026-08-26T14:27:56.000Z,2026-08-26T14:27:56.000Z
Weak-Alfalfa-2312,0.0,1.0,0,0,0.0,1.0,2026-08-23T12:16:45.000Z,2026-08-23T12:16:45.000Z
Weak-Pea8758,0.0,3.0,0,0,0.0,3.0,2026-08-23T14:32:21.000Z,2026-09-02T14:55:52.000Z
Weary-Employee3244,0.0,1.0,0,0,0.0,1.0,2026-08-21T02:10:18.000Z,2026-08-21T02:10:18.000Z
Weary-Improvement486,0.0,2.0,0,0,0.0,2.0,2026-08-20T15:20:41.000Z,2026-08-24T12:17:28.000Z
Weary-Possible9768,1.0,3.0,0,0,1.0,3.0,2026-08-19T15:50:29.000Z,2026-08-25T12:30:38.000Z
WeeklyLandscape3461,0.0,2.0,0,0,0.0,2.0,2026-09-02T08:31:03.000Z,2026-09-02T08:43:42.000Z
Weekly_Cream_5500,0.0,2.0,0,0,0.0,2.0,2026-08-25T14:26:55.000Z,2026-08-31T07:57:45.000Z
WeepingShade,1.0,0.0,0,0,1.0,0.0,2026-08-26T13:15:18.073Z,2026-08-26T13:15:18.073Z
WeirdBhosale,0.0,1.0,0,0,0.0,1.0,2026-08-22T06:28:41.000Z,2026-08-22T06:28:41.000Z
Weird_Meet_4586,1.0,4.0,0,0,1.0,4.0,2026-08-26T15:51:28.754Z,2026-08-27T09:34:48.000Z
WelderWild5300,0.0,1.0,0,0,0.0,1.0,2026-08-27T11:44:39.000Z,2026-08-27T11:44:39.000Z
West-Radio-1534,0.0,1.0,0,0,0.0,1.0,2026-08-31T15:09:11.000Z,2026-08-31T15:09:11.000Z
West-Technician-4856,1.0,0.0,0,0,1.0,0.0,2026-08-25T08:32:26.443Z,2026-08-25T08:32:26.443Z
West_Kaleidoscope675,0.0,1.0,0,0,0.0,1.0,2026-08-19T07:33:43.000Z,2026-08-19T07:33:43.000Z
West_Support9223,0.0,1.0,0,0,0.0,1.0,2026-08-22T08:24:59.000Z,2026-08-22T08:24:59.000Z
Western_Baby7021,0.0,1.0,0,0,0.0,1.0,2026-08-25T12:16:32.000Z,2026-08-25T12:16:32.000Z
Western_Emu_4037,2.0,6.0,0,0,2.0,6.0,2026-08-23T09:12:42.660Z,2026-09-01T11:29:09.000Z
WhatASave83,0.0,1.0,0,0,0.0,1.0,2026-08-22T23:18:23.000Z,2026-08-22T23:18:23.000Z
WhatIsLife_doomed,0.0,1.0,0,0,0.0,1.0,2026-08-22T20:18:31.000Z,2026-08-22T20:18:31.000Z
WheelStrange970,1.0,2.0,0,0,1.0,2.0,2026-09-01T22:30:02.983Z,2026-09-02T08:17:09.000Z
WheelSweet2048,0.0,1.0,0,0,0.0,1.0,2026-08-25T17:21:46.000Z,2026-08-25T17:21:46.000Z
Wheezyahhkid,0.0,1.0,0,0,0.0,1.0,2026-08-26T06:28:54.000Z,2026-08-26T06:28:54.000Z
Which_Department7451,0.0,1.0,0,0,0.0,1.0,2026-08-26T16:24:35.000Z,2026-08-26T16:24:35.000Z
WhimsyFables,1.0,4.0,0,0,1.0,4.0,2026-09-01T22:10:24.000Z,2026-09-02T08:30:06.000Z
WhisperedDesires99,0.0,5.0,0,0,0.0,5.0,2026-08-18T18:34:34.000Z,2026-09-01T22:51:32.000Z
Whole-Beautiful-9080,0.0,1.0,0,0,0.0,1.0,2026-08-26T20:35:49.000Z,2026-08-26T20:35:49.000Z
Whole-Caterpillar-44,0.0,1.0,0,0,0.0,1.0,2026-08-19T16:10:34.000Z,2026-08-19T16:10:34.000Z
Whole-Soup-1247,0.0,1.0,0,0,0.0,1.0,2026-08-18T14:22:13.000Z,2026-08-18T14:22:13.000Z
Whole_Worldliness630,0.0,1.0,0,0,0.0,1.0,2026-08-21T13:13:10.000Z,2026-08-21T13:13:10.000Z
WiWiWi_WiWiWi,0.0,1.0,0,0,0.0,1.0,2026-08-18T14:41:42.000Z,2026-08-18T14:41:42.000Z
Wide-Mention9502,0.0,1.0,0,0,0.0,1.0,2026-08-22T07:22:56.000Z,2026-08-22T07:22:56.000Z
Wide_Cat_7160,0.0,1.0,0,0,0.0,1.0,2026-08-22T12:17:02.000Z,2026-08-22T12:17:02.000Z
Wide_Open_Librar,1.0,11.0,0,0,1.0,11.0,2026-08-20T17:52:25.000Z,2026-09-01T08:43:58.000Z
WildAgency3601,0.0,1.0,0,0,0.0,1.0,2026-08-20T09:15:48.000Z,2026-08-20T09:15:48.000Z
WildResist9175,0.0,1.0,0,0,0.0,1.0,2026-08-23T17:41:55.000Z,2026-08-23T17:41:55.000Z
WildVulcan,0.0,1.0,0,0,0.0,1.0,2026-08-18T14:53:06.000Z,2026-08-18T14:53:06.000Z
WildestDream34,0.0,20.0,0,0,0.0,20.0,2026-08-19T17:13:26.000Z,2026-09-01T11:16:26.000Z
Willing-Dot-9500,0.0,1.0,0,0,0.0,1.0,2026-08-24T13:50:27.000Z,2026-08-24T13:50:27.000Z
Willing-Marzipan-904,0.0,10.0,0,0,0.0,10.0,2026-08-20T09:34:35.000Z,2026-08-27T05:38:37.000Z
Willing-Signal-9936,0.0,1.0,0,0,0.0,1.0,2026-08-26T21:31:17.000Z,2026-08-26T21:31:17.000Z
WillingFly247,0.0,21.0,0,0,0.0,21.0,2026-08-19T11:10:14.000Z,2026-09-02T16:05:37.000Z
Willing_Animal_5722,1.0,1.0,0,0,1.0,1.0,2026-08-24T13:40:09.040Z,2026-08-24T15:02:44.000Z
Willing_Animator8094,1.0,1.0,0,0,1.0,1.0,2026-08-20T08:56:51.561Z,2026-08-20T22:48:44.000Z
Windows_2024,0.0,5.0,0,0,0.0,5.0,2026-08-23T23:13:36.000Z,2026-08-27T21:34:50.000Z
WingProfessional687,0.0,1.0,0,0,0.0,1.0,2026-08-21T11:53:18.000Z,2026-08-21T11:53:18.000Z
Winter-Tradition-_14,0.0,1.0,0,0,0.0,1.0,2026-08-22T09:00:23.000Z,2026-08-22T09:00:23.000Z
Winter_Practice_266,0.0,3.0,0,0,0.0,3.0,2026-08-18T14:13:27.000Z,2026-08-23T17:08:31.000Z
Winter_Prompt_9961,0.0,4.0,0,0,0.0,4.0,2026-08-19T19:42:06.000Z,2026-08-23T15:53:19.000Z
Wise-Enthusiasm6423,0.0,1.0,0,0,0.0,1.0,2026-08-22T07:27:23.000Z,2026-08-22T07:27:23.000Z
Wise-Standard-,0.0,2.0,0,0,0.0,2.0,2026-08-20T22:11:38.000Z,2026-08-21T00:24:43.000Z
Wise-Taro53,0.0,1.0,0,0,0.0,1.0,2026-08-21T11:05:26.000Z,2026-08-21T11:05:26.000Z
Wise-dee2440,0.0,1.0,0,0,0.0,1.0,2026-08-29T03:58:57.000Z,2026-08-29T03:58:57.000Z
WiseGas8726,0.0,1.0,0,0,0.0,1.0,2026-08-26T13:11:54.000Z,2026-08-26T13:11:54.000Z
Wise_Awareness_1275,0.0,1.0,0,0,0.0,1.0,2026-08-24T09:26:38.000Z,2026-08-24T09:26:38.000Z
Wise_Dragonfruit_877,0.0,1.0,0,0,0.0,1.0,2026-08-19T19:17:59.000Z,2026-08-19T19:17:59.000Z
Wise_Owl1926,0.0,1.0,0,0,0.0,1.0,2026-08-23T17:46:37.000Z,2026-08-23T17:46:37.000Z
Witty-Pie9323,0.0,2.0,0,0,0.0,2.0,2026-08-25T01:21:17.000Z,2026-08-26T07:54:25.000Z
Witty-Section1126,2.0,4.0,0,0,2.0,4.0,2026-08-23T08:10:34.000Z,2026-08-26T12:06:39.000Z
Witty_Awareness_3444,0.0,3.0,0,0,0.0,3.0,2026-08-24T14:42:50.000Z,2026-08-26T17:01:19.000Z
Witty_Butterfly_2774,0.0,1.0,0,0,0.0,1.0,2026-08-22T21:19:27.000Z,2026-08-22T21:19:27.000Z
Wolven_Helm,0.0,1.0,0,0,0.0,1.0,2026-08-25T19:56:18.000Z,2026-08-25T19:56:18.000Z
Wonderful-Bet3093,0.0,1.0,0,0,0.0,1.0,2026-08-27T11:47:17.000Z,2026-08-27T11:47:17.000Z
Wonderful-One-816,0.0,1.0,0,0,0.0,1.0,2026-08-27T19:54:36.000Z,2026-08-27T19:54:36.000Z
Wonderful-Paper3798,0.0,1.0,0,0,0.0,1.0,2026-09-02T05:01:56.000Z,2026-09-02T05:01:56.000Z
Wonderful-Pick-3408,1.0,10.0,0,0,1.0,10.0,2026-08-20T13:09:47.897Z,2026-08-20T17:19:38.000Z
Wonderful_Fish5300,0.0,1.0,0,0,0.0,1.0,2026-09-02T10:13:55.000Z,2026-09-02T10:13:55.000Z
Wonderful_One_390,0.0,1.0,0,0,0.0,1.0,2026-08-20T18:15:55.000Z,2026-08-20T18:15:55.000Z
Wooden-Composer-703,0.0,1.0,0,0,0.0,1.0,2026-08-27T06:16:04.000Z,2026-08-27T06:16:04.000Z
Wooden-Salad4635,3.0,4.0,0,0,3.0,4.0,2026-08-26T13:05:15.160Z,2026-08-26T16:17:36.000Z
Wooden_Huckleberry92,0.0,2.0,0,0,0.0,2.0,2026-08-20T09:50:11.000Z,2026-08-20T18:02:50.000Z
WooooooohNaaaaaa,0.0,30.0,0,0,0.0,30.0,2026-08-19T17:00:54.000Z,2026-09-02T15:17:59.000Z
Working-Algae4691,0.0,3.0,0,0,0.0,3.0,2026-08-26T06:19:31.000Z,2026-09-02T08:30:39.000Z
Working-Eye-2870,0.0,1.0,0,0,0.0,1.0,2026-08-23T04:31:01.000Z,2026-08-23T04:31:01.000Z
Working-Slide9345,0.0,3.0,0,0,0.0,3.0,2026-08-20T20:24:33.000Z,2026-08-25T06:29:56.000Z
WorkingDisaster7812,0.0,1.0,0,0,0.0,1.0,2026-08-27T04:00:19.000Z,2026-08-27T04:00:19.000Z
Working_Road_4899,0.0,1.0,0,0,0.0,1.0,2026-08-23T16:29:19.000Z,2026-08-23T16:29:19.000Z
Worldly-Ad1187,0.0,1.0,0,0,0.0,1.0,2026-09-01T13:23:06.000Z,2026-09-01T13:23:06.000Z
Worldly-Archer7111,0.0,1.0,0,0,0.0,1.0,2026-08-20T13:32:53.000Z,2026-08-20T13:32:53.000Z
Worldly-Pangolin5238,0.0,1.0,0,0,0.0,1.0,2026-08-22T17:44:41.000Z,2026-08-22T17:44:41.000Z
Worldly-Piccolo1409,0.0,2.0,0,0,0.0,2.0,2026-08-26T04:21:39.000Z,2026-08-27T00:55:42.000Z
Worldly-Walrus-3717,0.0,1.0,0,0,0.0,1.0,2026-08-24T20:07:49.000Z,2026-08-24T20:07:49.000Z
WorldlyLong1823,1.0,0.0,0,0,1.0,0.0,2026-08-21T03:25:15.128Z,2026-08-21T03:25:15.128Z
Worldly_Helicopter95,0.0,1.0,0,0,0.0,1.0,2026-08-21T13:21:35.000Z,2026-08-21T13:21:35.000Z
WorthlessAlter,1.0,13.0,0,0,1.0,13.0,2026-09-02T14:45:21.893Z,2026-09-02T15:19:30.000Z
WorthyCheesecake679,0.0,1.0,0,0,0.0,1.0,2026-08-20T03:34:42.000Z,2026-08-20T03:34:42.000Z
Wrong-Rough-9713,0.0,1.0,0,0,0.0,1.0,2026-09-01T06:48:29.000Z,2026-09-01T06:48:29.000Z
WrongCountry6219,0.0,1.0,0,0,0.0,1.0,2026-08-27T12:57:17.000Z,2026-08-27T12:57:17.000Z
Wrong_Bee_2542,1.0,0.0,0,0,1.0,0.0,2026-08-26T15:59:15.528Z,2026-08-26T15:59:15.528Z
WrongdoerAdept3985,3.0,32.0,0,0,3.0,32.0,2026-08-19T08:59:09.000Z,2026-09-02T09:45:38.000Z
XavierDadem,0.0,3.0,0,0,0.0,3.0,2026-08-19T09:18:50.000Z,2026-09-01T08:22:13.000Z
XayaS,0.0,5.0,0,0,0.0,5.0,2026-08-26T09:09:24.000Z,2026-09-01T13:43:27.000Z
Xcalivr,0.0,2.0,0,0,0.0,2.0,2026-08-26T14:12:51.000Z,2026-09-01T13:39:32.000Z
XebecAdriot999,0.0,1.0,0,0,0.0,1.0,2026-08-20T13:41:50.000Z,2026-08-20T13:41:50.000Z
Xenon-Acer3,1.0,3.0,0,0,1.0,3.0,2026-08-31T16:53:33.000Z,2026-09-01T17:19:47.000Z
Xenothinker,0.0,1.0,0,0,0.0,1.0,2026-08-31T13:30:21.000Z,2026-08-31T13:30:21.000Z
Xin11x,0.0,2.0,0,0,0.0,2.0,2026-08-20T11:31:13.000Z,2026-08-20T11:34:05.000Z
YT_GamerAditya,0.0,1.0,0,0,0.0,1.0,2026-08-19T14:08:27.000Z,2026-08-19T14:08:27.000Z
YahshuaQuelle,0.0,3.0,0,0,0.0,3.0,2026-08-22T06:36:11.000Z,2026-09-02T13:41:44.000Z
YakPowerful3671,1.0,1.0,0,0,1.0,1.0,2026-09-01T15:34:55.815Z,2026-09-01T18:11:04.000Z
YatoshiNakamura,0.0,1.0,0,0,0.0,1.0,2026-08-25T13:52:10.000Z,2026-08-25T13:52:10.000Z
YeeHaw_72,0.0,1.0,0,0,0.0,1.0,2026-09-01T09:10:54.000Z,2026-09-01T09:10:54.000Z
YellowLow8700,0.0,1.0,0,0,0.0,1.0,2026-08-20T04:48:27.000Z,2026-08-20T04:48:27.000Z
YoungBloodSuckers,0.0,5.0,0,0,0.0,5.0,2026-08-19T13:17:52.000Z,2026-08-24T15:42:26.000Z
YoungStraight5529,0.0,1.0,0,0,0.0,1.0,2026-08-25T04:11:10.000Z,2026-08-25T04:11:10.000Z
YourNekoBaby3,0.0,1.0,0,0,0.0,1.0,2026-08-22T06:02:29.000Z,2026-08-22T06:02:29.000Z
YoursAbhii,0.0,1.0,0,0,0.0,1.0,2026-09-01T15:22:03.000Z,2026-09-01T15:22:03.000Z
Yourstrulynightmare,0.0,1.0,0,0,0.0,1.0,2026-08-27T14:39:46.000Z,2026-08-27T14:39:46.000Z
Yugi1994,0.0,3.0,0,0,0.0,3.0,2026-08-19T18:21:17.000Z,2026-08-21T01:34:26.000Z
YumaYT,0.0,1.0,0,0,0.0,1.0,2026-08-19T18:18:55.000Z,2026-08-19T18:18:55.000Z
YuvrajXG,0.0,4.0,0,0,0.0,4.0,2026-08-19T09:18:58.000Z,2026-08-22T21:30:56.000Z
ZIG_ZAG_0,0.0,1.0,0,0,0.0,1.0,2026-08-22T05:20:03.000Z,2026-08-22T05:20:03.000Z
ZR_7,0.0,3.0,0,0,0.0,3.0,2026-08-25T18:15:31.000Z,2026-09-02T16:36:17.000Z
ZackyyPackyy,0.0,1.0,0,0,0.0,1.0,2026-08-19T04:18:44.000Z,2026-08-19T04:18:44.000Z
Zaphy01,0.0,2.0,0,0,0.0,2.0,2026-08-19T06:35:46.000Z,2026-08-19T06:38:12.000Z
Zatch_Electron,0.0,1.0,0,0,0.0,1.0,2026-08-24T05:56:42.000Z,2026-08-24T05:56:42.000Z
Zealousideal-Pool432,0.0,1.0,0,0,0.0,1.0,2026-08-23T22:15:22.000Z,2026-08-23T22:15:22.000Z
Zealousideal-Sense79,0.0,1.0,0,0,0.0,1.0,2026-08-23T00:09:47.000Z,2026-08-23T00:09:47.000Z
ZealousidealMath7481,0.0,1.0,0,0,0.0,1.0,2026-08-22T03:54:26.000Z,2026-08-22T03:54:26.000Z
ZealousidealRuin2858,2.0,16.0,0,0,2.0,16.0,2026-08-20T10:23:54.000Z,2026-09-02T20:06:17.748Z
ZealousidealYou1837,0.0,1.0,0,0,0.0,1.0,2026-08-24T14:20:41.000Z,2026-08-24T14:20:41.000Z
Zeehahahahahahahahah,1.0,1.0,0,0,1.0,1.0,2026-08-26T09:40:19.959Z,2026-09-01T10:56:39.000Z
Zeltos05,0.0,1.0,0,0,0.0,1.0,2026-08-21T04:28:02.000Z,2026-08-21T04:28:02.000Z
ZenoNationOG,0.0,2.0,0,0,0.0,2.0,2026-08-24T15:49:58.000Z,2026-09-01T11:19:16.000Z
Zestyclose-Drama890,0.0,1.0,0,0,0.0,1.0,2026-09-01T06:29:33.000Z,2026-09-01T06:29:33.000Z
Zestyclose-Fig994,0.0,1.0,0,0,0.0,1.0,2026-08-26T19:00:34.000Z,2026-08-26T19:00:34.000Z
Zestyclose-Lemon-557,0.0,2.0,0,0,0.0,2.0,2026-08-24T12:31:56.000Z,2026-08-24T12:35:34.000Z
Zestyclose-Sand7870,0.0,1.0,0,0,0.0,1.0,2026-08-26T06:52:19.000Z,2026-08-26T06:52:19.000Z
ZestycloseJello1113,1.0,1.0,0,0,1.0,1.0,2026-08-22T15:47:55.119Z,2026-08-27T19:31:35.000Z
Zestyclose_Stay9071,0.0,7.0,0,0,0.0,7.0,2026-08-20T13:36:13.000Z,2026-08-26T16:44:44.000Z
Zestyclose_Steak9983,0.0,1.0,0,0,0.0,1.0,2026-09-01T12:45:39.000Z,2026-09-01T12:45:39.000Z
Zich_v1,0.0,1.0,0,0,0.0,1.0,2026-09-02T09:57:31.000Z,2026-09-02T09:57:31.000Z
ZoneLeather4934,1.0,6.0,0,0,1.0,6.0,2026-08-20T09:49:16.368Z,2026-08-20T11:32:12.000Z
_Adeptus_Xiao,0.0,1.0,0,0,0.0,1.0,2026-08-21T04:04:55.000Z,2026-08-21T04:04:55.000Z
_BiryaniWali_,0.0,1.0,0,0,0.0,1.0,2026-08-19T09:45:17.000Z,2026-08-19T09:45:17.000Z
_Buttu_,0.0,2.0,0,0,0.0,2.0,2026-08-21T13:14:57.000Z,2026-08-25T19:06:32.000Z
_CalculatedMistake_,0.0,2.0,0,0,0.0,2.0,2026-08-20T03:32:36.000Z,2026-08-27T13:55:52.000Z
_Caught_in_act_,0.0,1.0,0,0,0.0,1.0,2026-09-01T12:13:51.000Z,2026-09-01T12:13:51.000Z
_Hell_Raiser,0.0,1.0,0,0,0.0,1.0,2026-08-22T01:20:22.000Z,2026-08-22T01:20:22.000Z
_Hot_shot_23,0.0,3.0,0,0,0.0,3.0,2026-08-19T04:28:37.000Z,2026-08-26T16:23:26.000Z
_LEVEL_SIX_,0.0,2.0,0,0,0.0,2.0,2026-08-18T16:55:52.000Z,2026-08-22T15:32:14.000Z
_PLUE_,1.0,1.0,0,0,1.0,1.0,2026-08-25T05:05:41.885Z,2026-08-25T07:44:11.000Z
_Poisson_,0.0,3.0,0,0,0.0,3.0,2026-08-18T18:35:03.000Z,2026-08-22T07:59:20.000Z
_SPECTREZ_,0.0,1.0,0,0,0.0,1.0,2026-08-20T21:10:22.000Z,2026-08-20T21:10:22.000Z
_S_I_R_E_,0.0,1.0,0,0,0.0,1.0,2026-08-18T16:56:45.000Z,2026-08-18T16:56:45.000Z
_Soharu_,0.0,1.0,0,0,0.0,1.0,2026-08-22T06:23:20.000Z,2026-08-22T06:23:20.000Z
___WIZZGOD___,0.0,1.0,0,0,0.0,1.0,2026-09-01T17:01:01.000Z,2026-09-01T17:01:01.000Z
__does_not_exist__,0.0,3.0,0,0,0.0,3.0,2026-08-19T17:11:46.000Z,2026-08-23T03:46:34.000Z
__urmom_,0.0,2.0,0,0,0.0,2.0,2026-08-18T15:54:24.000Z,2026-08-21T16:17:37.000Z
_absolute_cinema_,0.0,1.0,0,0,0.0,1.0,2026-08-26T11:58:09.000Z,2026-08-26T11:58:09.000Z
_aconite_cj_,2.0,18.0,0,0,2.0,18.0,2026-08-18T14:02:36.000Z,2026-08-28T03:08:42.000Z
_anupamroy,0.0,7.0,0,0,0.0,7.0,2026-08-22T14:30:03.000Z,2026-09-01T07:05:23.000Z
_average_engineer,0.0,4.0,0,0,0.0,4.0,2026-09-01T15:32:03.000Z,2026-09-02T10:14:19.000Z
_bluemoonxz_,0.0,1.0,0,0,0.0,1.0,2026-08-19T15:37:43.000Z,2026-08-19T15:37:43.000Z
_dreya_xoxo,1.0,0.0,0,0,1.0,0.0,2026-08-27T05:59:02.521Z,2026-08-27T05:59:02.521Z
_ilish_mach_,0.0,1.0,0,0,0.0,1.0,2026-09-02T00:43:24.000Z,2026-09-02T00:43:24.000Z
_innocentslut,1.0,2.0,0,0,1.0,2.0,2026-08-25T19:41:00.920Z,2026-08-25T20:07:14.000Z
_kachodi,0.0,1.0,0,0,0.0,1.0,2026-08-25T17:49:38.000Z,2026-08-25T17:49:38.000Z
_khaldrogo_,0.0,1.0,0,0,0.0,1.0,2026-08-27T07:37:02.000Z,2026-08-27T07:37:02.000Z
_loner_with_boner_,0.0,1.0,0,0,0.0,1.0,2026-08-20T18:18:57.000Z,2026-08-20T18:18:57.000Z
_mizan___,0.0,1.0,0,0,0.0,1.0,2026-08-27T11:10:54.000Z,2026-08-27T11:10:54.000Z
_moonknightkiller_,0.0,1.0,0,0,0.0,1.0,2026-08-30T07:06:49.000Z,2026-08-30T07:06:49.000Z
_norwester,0.0,1.0,0,0,0.0,1.0,2026-08-23T15:30:47.000Z,2026-08-23T15:30:47.000Z
_otaku_kaizoku_,0.0,1.0,0,0,0.0,1.0,2026-08-26T23:57:13.000Z,2026-08-26T23:57:13.000Z
_owlcitizen_,0.0,1.0,0,0,0.0,1.0,2026-08-23T08:34:41.000Z,2026-08-23T08:34:41.000Z
_plexed,0.0,1.0,0,0,0.0,1.0,2026-08-21T10:33:23.000Z,2026-08-21T10:33:23.000Z
_pradhanmantri,0.0,2.0,0,0,0.0,2.0,2026-08-23T18:21:22.000Z,2026-08-24T01:47:09.000Z
_redglamour_,0.0,3.0,0,0,0.0,3.0,2026-08-22T06:30:30.000Z,2026-08-24T17:50:27.000Z
_sarcastic_writer_,0.0,1.0,0,0,0.0,1.0,2026-08-22T13:47:26.000Z,2026-08-22T13:47:26.000Z
_shinchandler_,0.0,1.0,0,0,0.0,1.0,2026-08-18T16:29:16.000Z,2026-08-18T16:29:16.000Z
_stardust_25,1.0,6.0,0,0,1.0,6.0,2026-08-18T14:48:23.000Z,2026-09-01T18:16:14.000Z
_the_sky_10,1.0,4.0,0,0,1.0,4.0,2026-08-25T16:31:11.157Z,2026-08-25T16:47:22.000Z
_the_solares_,0.0,1.0,0,0,0.0,1.0,2026-09-02T16:10:15.000Z,2026-09-02T16:10:15.000Z
_thefifthmarauder_,0.0,1.0,0,0,0.0,1.0,2026-08-23T15:54:10.000Z,2026-08-23T15:54:10.000Z
_ubermensch_king,1.0,0.0,0,0,1.0,0.0,2026-09-02T17:45:24.612Z,2026-09-02T17:45:24.612Z
a2zheavengaming,1.0,2.0,0,0,1.0,2.0,2026-08-23T14:11:51.807Z,2026-08-23T17:55:27.000Z
a9iedyne,0.0,1.0,0,0,0.0,1.0,2026-08-24T15:59:45.000Z,2026-08-24T15:59:45.000Z
aDofficial29,0.0,2.0,0,0,0.0,2.0,2026-08-21T18:18:35.000Z,2026-09-01T11:03:55.000Z
a_aniq,0.0,3.0,0,0,0.0,3.0,2026-08-23T01:24:54.000Z,2026-08-28T05:39:37.000Z
a_gregarious_soul,1.0,0.0,0,0,1.0,0.0,2026-09-01T13:12:53.760Z,2026-09-01T13:12:53.760Z
a_qriza,0.0,1.0,0,0,0.0,1.0,2026-08-22T07:08:21.000Z,2026-08-22T07:08:21.000Z
a_sudden_stranger,1.0,69.0,0,0,1.0,69.0,2026-08-20T05:09:03.000Z,2026-09-02T17:15:54.000Z
aaanushkaaaaaaa,0.0,3.0,0,0,0.0,3.0,2026-08-19T17:42:21.000Z,2026-08-27T04:37:03.000Z
aabdhiosttw,1.0,0.0,0,0,1.0,0.0,2026-09-01T07:28:13.731Z,2026-09-01T07:28:13.731Z
aao_yama,0.0,1.0,0,0,0.0,1.0,2026-08-25T08:32:16.000Z,2026-08-25T08:32:16.000Z
abchamps_17,0.0,5.0,0,0,0.0,5.0,2026-08-20T09:26:17.000Z,2026-08-20T11:06:52.000Z
abey_safed_kapra,0.0,1.0,0,0,0.0,1.0,2026-08-26T19:56:31.000Z,2026-08-26T19:56:31.000Z
abhisek_jp,0.0,1.0,0,0,0.0,1.0,2026-08-27T07:31:52.000Z,2026-08-27T07:31:52.000Z
abir_presi,0.0,1.0,0,0,0.0,1.0,2026-08-24T16:18:44.000Z,2026-08-24T16:18:44.000Z
abirchau,0.0,1.0,0,0,0.0,1.0,2026-08-23T16:00:44.000Z,2026-08-23T16:00:44.000Z
aboltabol_1902,0.0,6.0,0,0,0.0,6.0,2026-08-20T11:10:46.000Z,2026-08-27T06:52:20.000Z
abstract_sarcasm_777,0.0,2.0,0,0,0.0,2.0,2026-08-25T02:51:54.000Z,2026-08-27T13:14:25.000Z
account-65677,0.0,1.0,0,0,0.0,1.0,2026-08-27T04:04:28.000Z,2026-08-27T04:04:28.000Z
ad_unboxthetech,0.0,1.0,0,0,0.0,1.0,2026-08-31T15:49:48.000Z,2026-08-31T15:49:48.000Z
adam639,0.0,1.0,0,0,0.0,1.0,2026-08-24T17:31:10.000Z,2026-08-24T17:31:10.000Z
aditya6000,1.0,0.0,0,0,1.0,0.0,2026-08-22T13:13:17.619Z,2026-08-22T13:13:17.619Z
aditya_35,2.0,0.0,0,0,2.0,0.0,2026-08-21T16:13:35.290Z,2026-08-24T15:16:16.774Z
adixxCD,0.0,1.0,0,0,0.0,1.0,2026-08-18T18:03:50.000Z,2026-08-18T18:03:50.000Z
admiralrohan,0.0,1.0,0,0,0.0,1.0,2026-08-27T07:27:06.000Z,2026-08-27T07:27:06.000Z
adoreherer,0.0,1.0,0,0,0.0,1.0,2026-08-25T18:51:07.000Z,2026-08-25T18:51:07.000Z
adrikizer,0.0,2.0,0,0,0.0,2.0,2026-08-19T19:04:59.000Z,2026-08-24T18:18:48.000Z
aeria-zero,0.0,1.0,0,0,0.0,1.0,2026-08-20T19:35:55.000Z,2026-08-20T19:35:55.000Z
aesthetic_bloom,0.0,1.0,0,0,0.0,1.0,2026-08-21T15:43:53.000Z,2026-08-21T15:43:53.000Z
aesthusqueue,0.0,1.0,0,0,0.0,1.0,2026-08-19T16:01:14.000Z,2026-08-19T16:01:14.000Z
aezindagigaladabade,0.0,8.0,0,0,0.0,8.0,2026-08-21T12:49:27.000Z,2026-09-02T13:04:48.000Z
affection_giver,0.0,2.0,0,0,0.0,2.0,2026-08-25T03:40:34.000Z,2026-08-25T03:56:57.000Z
affy03,0.0,1.0,0,0,0.0,1.0,2026-08-24T11:01:22.000Z,2026-08-24T11:01:22.000Z
ag_section,1.0,17.0,0,0,1.0,17.0,2026-08-19T16:58:13.000Z,2026-09-01T07:14:45.000Z
agitatedbathroom69,0.0,1.0,0,0,0.0,1.0,2026-08-19T10:06:12.000Z,2026-08-19T10:06:12.000Z
ah_itsall_good,0.0,1.0,0,0,0.0,1.0,2026-08-22T18:00:01.000Z,2026-08-22T18:00:01.000Z
ahx-red,0.0,1.0,0,0,0.0,1.0,2026-08-20T05:07:25.000Z,2026-08-20T05:07:25.000Z
aibasb,0.0,1.0,0,0,0.0,1.0,2026-08-25T06:44:36.000Z,2026-08-25T06:44:36.000Z
aiml28,0.0,4.0,0,0,0.0,4.0,2026-08-24T14:13:22.000Z,2026-08-27T10:42:26.000Z
aint_your_sammy_7,0.0,1.0,0,0,0.0,1.0,2026-08-26T06:37:27.000Z,2026-08-26T06:37:27.000Z
aishika_das,0.0,2.0,0,0,0.0,2.0,2026-08-23T17:24:08.000Z,2026-08-24T17:30:41.000Z
ajensorjay38,0.0,1.0,0,0,0.0,1.0,2026-08-24T18:12:34.000Z,2026-08-24T18:12:34.000Z
akashdey95,0.0,3.0,0,0,0.0,3.0,2026-08-20T11:15:09.000Z,2026-09-02T06:43:49.000Z
akasjh,0.0,1.0,0,0,0.0,1.0,2026-08-19T05:03:09.000Z,2026-08-19T05:03:09.000Z
akc_rudrarox,0.0,2.0,0,0,0.0,2.0,2026-08-21T15:24:49.000Z,2026-08-23T04:50:16.000Z
akku_7,1.0,1.0,0,0,1.0,1.0,2026-08-22T18:23:14.039Z,2026-08-22T18:39:43.000Z
alaska_rose_6,0.0,7.0,0,0,0.0,7.0,2026-08-22T04:44:14.000Z,2026-09-01T15:41:23.000Z
alchemist195,0.0,1.0,0,0,0.0,1.0,2026-08-21T04:25:13.000Z,2026-08-21T04:25:13.000Z
alid57,0.0,1.0,0,0,0.0,1.0,2026-08-28T11:32:25.000Z,2026-08-28T11:32:25.000Z
alkaline_08,0.0,2.0,0,0,0.0,2.0,2026-08-22T07:14:00.000Z,2026-08-23T06:28:29.000Z
allentrix590,0.0,1.0,0,0,0.0,1.0,2026-08-23T02:15:26.000Z,2026-08-23T02:15:26.000Z
alnxn,0.0,1.0,0,0,0.0,1.0,2026-08-20T12:39:45.000Z,2026-08-20T12:39:45.000Z
aloo_premi,1.0,6.0,0,0,1.0,6.0,2026-08-22T10:57:06.000Z,2026-09-01T20:14:22.000Z
alooo_ka_prantha,0.0,4.0,0,0,0.0,4.0,2026-08-20T04:14:34.000Z,2026-09-02T12:54:29.000Z
alpha_404_error,0.0,3.0,0,0,0.0,3.0,2026-08-25T19:08:02.000Z,2026-09-02T13:55:12.000Z
altcarbon_,0.0,1.0,0,0,0.0,1.0,2026-08-25T08:52:09.000Z,2026-08-25T08:52:09.000Z
alterego5437,2.0,22.0,0,0,2.0,22.0,2026-08-19T19:22:42.000Z,2026-08-27T11:29:10.000Z
alterrealityxo,0.0,1.0,0,0,0.0,1.0,2026-08-22T05:15:25.000Z,2026-08-22T05:15:25.000Z
alvin_the_elf,0.0,1.0,0,0,0.0,1.0,2026-08-24T09:48:54.000Z,2026-08-24T09:48:54.000Z
alwaysmusinggg,0.0,1.0,0,0,0.0,1.0,2026-08-18T14:48:51.000Z,2026-08-18T14:48:51.000Z
amar_07,0.0,1.0,0,0,0.0,1.0,2026-08-19T14:16:52.000Z,2026-08-19T14:16:52.000Z
ambitiousmanifester,0.0,1.0,0,0,0.0,1.0,2026-08-22T02:09:26.000Z,2026-08-22T02:09:26.000Z
amethyst_witch2112,0.0,3.0,0,0,0.0,3.0,2026-08-21T06:00:34.000Z,2026-08-27T05:45:53.000Z
ameture_reader,0.0,1.0,0,0,0.0,1.0,2026-08-20T14:21:33.000Z,2026-08-20T14:21:33.000Z
amnruti,0.0,1.0,0,0,0.0,1.0,2026-08-25T14:16:17.000Z,2026-08-25T14:16:17.000Z
amoghzie,0.0,1.0,0,0,0.0,1.0,2026-08-18T14:39:04.000Z,2026-08-18T14:39:04.000Z
an_anique,0.0,4.0,0,0,0.0,4.0,2026-08-19T13:44:44.000Z,2026-08-19T19:48:55.000Z
anamethatisnotaname,0.0,2.0,0,0,0.0,2.0,2026-08-24T03:29:16.000Z,2026-08-27T11:12:49.000Z
ancom_doomer,0.0,1.0,0,0,0.0,1.0,2026-08-20T09:12:08.000Z,2026-08-20T09:12:08.000Z
andabread,0.0,3.0,0,0,0.0,3.0,2026-08-24T18:45:15.000Z,2026-09-01T22:19:46.000Z
aneek03,0.0,3.0,0,0,0.0,3.0,2026-08-21T17:21:08.000Z,2026-08-24T17:20:47.000Z
anfumann,0.0,1.0,0,0,0.0,1.0,2026-08-31T21:01:10.000Z,2026-08-31T21:01:10.000Z
angrytinyfemale,0.0,1.0,0,0,0.0,1.0,2026-08-24T15:16:49.000Z,2026-08-24T15:16:49.000Z
angstywuxian,0.0,1.0,0,0,0.0,1.0,2026-08-23T11:33:40.000Z,2026-08-23T11:33:40.000Z
ani_astartes,0.0,1.0,0,0,0.0,1.0,2026-08-22T04:30:00.000Z,2026-08-22T04:30:00.000Z
anigameman,0.0,1.0,0,0,0.0,1.0,2026-08-23T09:47:59.000Z,2026-08-23T09:47:59.000Z
anikaizen,0.0,2.0,0,0,0.0,2.0,2026-08-20T08:05:21.000Z,2026-08-25T13:59:10.000Z
animasu_,0.0,1.0,0,0,0.0,1.0,2026-08-18T21:03:36.000Z,2026-08-18T21:03:36.000Z
animeConsumer5,0.0,1.0,0,0,0.0,1.0,2026-08-27T12:47:11.000Z,2026-08-27T12:47:11.000Z
animeshnbe,0.0,2.0,0,0,0.0,2.0,2026-08-19T19:32:06.000Z,2026-09-02T03:17:00.000Z
animpguy,0.0,1.0,0,0,0.0,1.0,2026-08-25T19:18:01.000Z,2026-08-25T19:18:01.000Z
anirban-7722,0.0,2.0,0,0,0.0,2.0,2026-08-20T12:31:00.000Z,2026-08-22T08:06:47.000Z
anirban_82,0.0,1.0,0,0,0.0,1.0,2026-08-25T07:40:25.000Z,2026-08-25T07:40:25.000Z
aniruddha_789,0.0,1.0,0,0,0.0,1.0,2026-08-18T20:56:38.000Z,2026-08-18T20:56:38.000Z
anishak8,0.0,3.0,0,0,0.0,3.0,2026-08-24T13:02:56.000Z,2026-08-24T14:50:05.000Z
anishaxd,0.0,1.0,0,0,0.0,1.0,2026-08-22T08:46:15.000Z,2026-08-22T08:46:15.000Z
ankdey7,1.0,0.0,0,0,1.0,0.0,2026-08-26T19:09:45.214Z,2026-08-26T19:09:45.214Z
ankhesenamun1489,0.0,1.0,0,0,0.0,1.0,2026-08-22T06:08:39.000Z,2026-08-22T06:08:39.000Z
ankitopp,1.0,1.0,0,0,1.0,1.0,2026-08-27T07:50:37.344Z,2026-09-02T12:39:03.000Z
ankush2324235,0.0,1.0,0,0,0.0,1.0,2026-08-25T02:58:19.000Z,2026-08-25T02:58:19.000Z
annk23,0.0,1.0,0,0,0.0,1.0,2026-09-02T16:57:13.000Z,2026-09-02T16:57:13.000Z
annoyedkid3579,0.0,1.0,0,0,0.0,1.0,2026-08-19T03:14:00.000Z,2026-08-19T03:14:00.000Z
anon-cypher,0.0,5.0,0,0,0.0,5.0,2026-08-21T23:08:29.000Z,2026-08-27T06:47:22.000Z
anonumas,0.0,5.0,0,0,0.0,5.0,2026-08-20T11:37:40.000Z,2026-08-25T21:24:12.000Z
anonymous_6289,0.0,5.0,0,0,0.0,5.0,2026-08-20T01:37:04.000Z,2026-08-26T15:42:09.000Z
anonymousacolyte386,0.0,2.0,0,0,0.0,2.0,2026-08-20T08:17:04.000Z,2026-09-02T13:11:26.000Z
anonymouse_179,0.0,2.0,0,0,0.0,2.0,2026-08-21T16:36:42.000Z,2026-08-25T19:53:46.000Z
anonymoustoo1,0.0,2.0,0,0,0.0,2.0,2026-08-20T12:53:34.000Z,2026-09-01T14:31:36.000Z
anshika64,0.0,1.0,0,0,0.0,1.0,2026-09-02T15:54:15.000Z,2026-09-02T15:54:15.000Z
anurag-tech,0.0,1.0,0,0,0.0,1.0,2026-08-27T08:17:44.000Z,2026-08-27T08:17:44.000Z
anuragjjjj,0.0,1.0,0,0,0.0,1.0,2026-08-26T15:09:20.000Z,2026-08-26T15:09:20.000Z
anurocks7,0.0,2.0,0,0,0.0,2.0,2026-08-27T04:05:13.000Z,2026-08-27T06:04:15.000Z
anwesh9804,0.0,8.0,0,0,0.0,8.0,2026-08-19T21:05:36.000Z,2026-09-02T17:04:43.000Z
anxious-dinosaurr,0.0,7.0,0,0,0.0,7.0,2026-08-19T13:21:47.000Z,2026-09-01T08:03:23.000Z
anxious-phenomenon,1.0,0.0,0,0,1.0,0.0,2026-08-19T19:50:18.107Z,2026-08-19T19:50:18.107Z
appleswineyyy,0.0,1.0,0,0,0.0,1.0,2026-08-18T16:42:51.000Z,2026-08-18T16:42:51.000Z
approxyman,0.0,2.0,0,0,0.0,2.0,2026-08-21T10:13:02.000Z,2026-08-21T10:14:29.000Z
apurbak9,0.0,1.0,0,0,0.0,1.0,2026-08-18T11:17:11.000Z,2026-08-18T11:17:11.000Z
apurboroy,0.0,5.0,0,0,0.0,5.0,2026-08-18T16:17:20.000Z,2026-08-23T16:55:30.000Z
aqn_6074,0.0,1.0,0,0,0.0,1.0,2026-08-27T18:03:17.000Z,2026-08-27T18:03:17.000Z
aqua00099y,0.0,1.0,0,0,0.0,1.0,2026-08-21T14:03:36.000Z,2026-08-21T14:03:36.000Z
aquafiredragon,0.0,1.0,0,0,0.0,1.0,2026-08-22T17:28:26.000Z,2026-08-22T17:28:26.000Z
aquickbrowndolphin,1.0,0.0,0,0,1.0,0.0,2026-09-02T07:05:29.340Z,2026-09-02T07:05:29.340Z
aravs4,0.0,1.0,0,0,0.0,1.0,2026-08-19T05:03:05.000Z,2026-08-19T05:03:05.000Z
arcanezia,1.0,0.0,0,0,1.0,0.0,2026-09-03T03:39:07.136Z,2026-09-03T03:39:07.136Z
arghya1048,0.0,2.0,0,0,0.0,2.0,2026-08-20T14:40:00.000Z,2026-08-20T14:44:36.000Z
arghya_gupta,0.0,1.0,0,0,0.0,1.0,2026-08-27T01:55:45.000Z,2026-08-27T01:55:45.000Z
ari_sark1,0.0,1.0,0,0,0.0,1.0,2026-08-22T12:47:17.000Z,2026-08-22T12:47:17.000Z
aribloodykool_yo,0.0,4.0,0,0,0.0,4.0,2026-08-27T04:20:27.000Z,2026-09-02T03:54:37.000Z
arisu_0022,1.0,1.0,0,0,1.0,1.0,2026-08-26T19:29:48.878Z,2026-08-26T20:14:42.000Z
aritra2006,0.0,3.0,0,0,0.0,3.0,2026-08-20T04:31:00.000Z,2026-09-01T11:37:33.000Z
arka2003biswas,0.0,1.0,0,0,0.0,1.0,2026-08-26T03:41:05.000Z,2026-08-26T03:41:05.000Z
arko53,0.0,1.0,0,0,0.0,1.0,2026-08-18T13:51:45.000Z,2026-08-18T13:51:45.000Z
arko8,0.0,1.0,0,0,0.0,1.0,2026-08-31T17:17:52.000Z,2026-08-31T17:17:52.000Z
armyofonions,0.0,2.0,0,0,0.0,2.0,2026-08-25T07:59:18.000Z,2026-08-25T19:23:45.000Z
arnaaa_05,0.0,4.0,0,0,0.0,4.0,2026-08-22T10:14:52.000Z,2026-08-26T19:02:17.000Z
arpan4,0.0,1.0,0,0,0.0,1.0,2026-08-21T17:04:12.000Z,2026-08-21T17:04:12.000Z
arundhatiroy2201,0.0,2.0,0,0,0.0,2.0,2026-08-23T22:52:54.000Z,2026-09-01T08:12:28.000Z
arunotwrong,0.0,1.0,0,0,0.0,1.0,2026-08-20T17:32:01.000Z,2026-08-20T17:32:01.000Z
arup_r,0.0,1.0,0,0,0.0,1.0,2026-09-02T04:16:59.000Z,2026-09-02T04:16:59.000Z
aryaban2011,0.0,1.0,0,0,0.0,1.0,2026-08-27T19:03:39.000Z,2026-08-27T19:03:39.000Z
aryan17156,0.0,1.0,0,0,0.0,1.0,2026-08-19T09:49:04.000Z,2026-08-19T09:49:04.000Z
aryan6368,0.0,1.0,0,0,0.0,1.0,2026-08-23T15:09:32.000Z,2026-08-23T15:09:32.000Z
as_if_a_sapiens,0.0,1.0,0,0,0.0,1.0,2026-08-23T05:38:34.000Z,2026-08-23T05:38:34.000Z
as_subhro,0.0,4.0,0,0,0.0,4.0,2026-08-20T16:59:16.000Z,2026-08-24T17:58:09.000Z
ash350z,0.0,2.0,0,0,0.0,2.0,2026-08-23T05:51:47.000Z,2026-08-24T16:16:18.000Z
ashraf0341,0.0,1.0,0,0,0.0,1.0,2026-08-26T05:02:10.000Z,2026-08-26T05:02:10.000Z
asifxsama,0.0,23.0,0,0,0.0,23.0,2026-08-18T21:43:23.000Z,2026-09-01T19:13:20.000Z
aslamloveukum,1.0,16.0,0,0,1.0,16.0,2026-08-20T19:43:04.000Z,2026-08-26T04:58:13.599Z
asleepkoala09,0.0,6.0,0,0,0.0,6.0,2026-08-24T16:02:14.000Z,2026-08-27T09:12:42.000Z
asphaltbloom,0.0,1.0,0,0,0.0,1.0,2026-08-21T15:46:40.000Z,2026-08-21T15:46:40.000Z
atmanama,0.0,1.0,0,0,0.0,1.0,2026-08-22T12:02:02.000Z,2026-08-22T12:02:02.000Z
atomic-sniper1408,0.0,1.0,0,0,0.0,1.0,2026-08-26T11:44:55.000Z,2026-08-26T11:44:55.000Z
atunucallin90,0.0,4.0,0,0,0.0,4.0,2026-08-18T17:30:11.000Z,2026-09-02T09:06:26.000Z
auspiciously_sus,0.0,13.0,0,0,0.0,13.0,2026-08-19T06:31:03.000Z,2026-08-26T17:53:31.000Z
authentic_ofc_,0.0,1.0,0,0,0.0,1.0,2026-08-20T04:35:28.000Z,2026-08-20T04:35:28.000Z
avc27,0.0,1.0,0,0,0.0,1.0,2026-08-21T05:54:42.000Z,2026-08-21T05:54:42.000Z
average_coder_009,0.0,1.0,0,0,0.0,1.0,2026-08-25T12:29:06.000Z,2026-08-25T12:29:06.000Z
avidsk87,0.0,3.0,0,0,0.0,3.0,2026-08-21T16:24:00.000Z,2026-08-27T11:02:39.000Z
avikdev,0.0,5.0,0,0,0.0,5.0,2026-08-23T00:18:21.000Z,2026-09-02T07:52:33.000Z
avocado185,1.0,4.0,0,0,1.0,4.0,2026-08-20T14:36:35.922Z,2026-09-02T17:14:42.000Z
awaishssn,0.0,1.0,0,0,0.0,1.0,2026-08-18T14:31:52.000Z,2026-08-18T14:31:52.000Z
awakener03,1.0,1.0,0,0,1.0,1.0,2026-08-24T06:40:13.466Z,2026-08-24T13:35:01.000Z
awesssomee,0.0,1.0,0,0,0.0,1.0,2026-08-20T11:05:18.000Z,2026-08-20T11:05:18.000Z
awhileaago,0.0,14.0,0,0,0.0,14.0,2026-08-19T17:09:49.000Z,2026-08-31T15:38:29.000Z
awkward_neuron,0.0,2.0,0,0,0.0,2.0,2026-08-26T06:42:23.000Z,2026-08-26T06:52:53.000Z
awkwardlycurious,0.0,1.0,0,0,0.0,1.0,2026-08-25T07:45:38.000Z,2026-08-25T07:45:38.000Z
awsmAhad,0.0,1.0,0,0,0.0,1.0,2026-08-27T09:05:19.000Z,2026-08-27T09:05:19.000Z
awwrrko,0.0,1.0,0,0,0.0,1.0,2026-08-28T00:04:59.000Z,2026-08-28T00:04:59.000Z
awzbitch,0.0,1.0,0,0,0.0,1.0,2026-08-21T17:48:30.000Z,2026-08-21T17:48:30.000Z
ayan__fem,0.0,1.0,0,0,0.0,1.0,2026-08-23T03:30:49.000Z,2026-08-23T03:30:49.000Z
ayanb918tech,0.0,1.0,0,0,0.0,1.0,2026-08-20T05:25:21.000Z,2026-08-20T05:25:21.000Z
ayanokojiij,0.0,2.0,0,0,0.0,2.0,2026-08-26T03:06:49.000Z,2026-08-26T07:13:06.000Z
ayowtfieeee,0.0,5.0,0,0,0.0,5.0,2026-08-18T14:59:32.000Z,2026-08-27T07:00:01.000Z
ayufox,0.0,1.0,0,0,0.0,1.0,2026-08-21T17:47:19.000Z,2026-08-21T17:47:19.000Z
ayushshush,0.0,9.0,0,0,0.0,9.0,2026-08-19T09:04:52.000Z,2026-08-24T07:50:47.000Z
ayuss__,0.0,1.0,0,0,0.0,1.0,2026-08-21T06:36:32.000Z,2026-08-21T06:36:32.000Z
bHiKu_mhaTre_17,0.0,3.0,0,0,0.0,3.0,2026-08-19T12:00:24.000Z,2026-08-24T08:51:26.000Z
b_must_die,0.0,1.0,0,0,0.0,1.0,2026-08-19T11:25:53.000Z,2026-08-19T11:25:53.000Z
babai100,0.0,1.0,0,0,0.0,1.0,2026-08-22T06:59:41.000Z,2026-08-22T06:59:41.000Z
babarig420,1.0,0.0,0,0,1.0,0.0,2026-09-02T16:28:48.700Z,2026-09-02T16:28:48.700Z
babinxoxo,0.0,1.0,0,0,0.0,1.0,2026-09-02T16:45:08.000Z,2026-09-02T16:45:08.000Z
babla27,0.0,1.0,0,0,0.0,1.0,2026-09-02T07:52:55.000Z,2026-09-02T07:52:55.000Z
babybillilovesherbf,1.0,1.0,0,0,1.0,1.0,2026-08-23T20:33:36.524Z,2026-08-24T06:16:05.000Z
badchik,0.0,1.0,0,0,0.0,1.0,2026-08-24T08:51:11.000Z,2026-08-24T08:51:11.000Z
bagheera_bh,0.0,2.0,0,0,0.0,2.0,2026-08-21T01:34:23.000Z,2026-08-27T15:29:40.000Z
bakaa_ningen,0.0,2.0,0,0,0.0,2.0,2026-08-23T13:18:27.000Z,2026-08-24T16:19:01.000Z
balrajreddy_,0.0,2.0,0,0,0.0,2.0,2026-08-22T21:16:11.000Z,2026-08-23T22:10:56.000Z
bangalimajdoor,0.0,1.0,0,0,0.0,1.0,2026-09-02T16:01:45.000Z,2026-09-02T16:01:45.000Z
banglamadarchod,0.0,1.0,0,0,0.0,1.0,2026-08-24T04:10:43.000Z,2026-08-24T04:10:43.000Z
bankinu,0.0,1.0,0,0,0.0,1.0,2026-08-22T12:56:05.000Z,2026-08-22T12:56:05.000Z
bannadance123,0.0,1.0,0,0,0.0,1.0,2026-08-24T07:47:49.000Z,2026-08-24T07:47:49.000Z
bbdpes10,0.0,1.0,0,0,0.0,1.0,2026-08-25T14:36:24.000Z,2026-08-25T14:36:24.000Z
bd83Bm,0.0,1.0,0,0,0.0,1.0,2026-08-21T10:41:04.000Z,2026-08-21T10:41:04.000Z
beardbreed,0.0,1.0,0,0,0.0,1.0,2026-08-22T11:53:42.000Z,2026-08-22T11:53:42.000Z
beatingit_1,0.0,1.0,0,0,0.0,1.0,2026-08-21T03:56:23.000Z,2026-08-21T03:56:23.000Z
beediphoonk,0.0,1.0,0,0,0.0,1.0,2026-09-01T20:13:26.000Z,2026-09-01T20:13:26.000Z
beetahuakal,0.0,1.0,0,0,0.0,1.0,2026-08-24T13:28:24.000Z,2026-08-24T13:28:24.000Z
beforethest0rm,1.0,1.0,0,0,1.0,1.0,2026-08-25T15:32:11.526Z,2026-08-26T14:54:02.000Z
behaya06,0.0,2.0,0,0,0.0,2.0,2026-08-19T11:23:23.000Z,2026-08-25T09:55:21.000Z
being_moonchild,0.0,1.0,0,0,0.0,1.0,2026-08-24T18:14:38.000Z,2026-08-24T18:14:38.000Z
belabose_2441139,0.0,1.0,0,0,0.0,1.0,2026-08-24T15:50:15.000Z,2026-08-24T15:50:15.000Z
believe_in_colours,0.0,1.0,0,0,0.0,1.0,2026-08-25T16:19:27.000Z,2026-08-25T16:19:27.000Z
bella__2004_,0.0,2.0,0,0,0.0,2.0,2026-08-20T10:56:59.000Z,2026-08-22T15:50:22.000Z
ben10alienx,1.0,0.0,0,0,1.0,0.0,2026-08-23T12:27:47.812Z,2026-08-23T12:27:47.812Z
bengal-bhadralok,0.0,1.0,0,0,0.0,1.0,2026-08-31T13:09:11.000Z,2026-08-31T13:09:11.000Z
bengal69,0.0,1.0,0,0,0.0,1.0,2026-08-22T07:25:44.000Z,2026-08-22T07:25:44.000Z
beral_amar_naam,0.0,6.0,0,0,0.0,6.0,2026-08-18T14:29:03.000Z,2026-09-02T12:39:19.000Z
betterthanmost9,0.0,1.0,0,0,0.0,1.0,2026-08-20T18:01:45.000Z,2026-08-20T18:01:45.000Z
bewithgourab,0.0,1.0,0,0,0.0,1.0,2026-08-26T16:17:56.000Z,2026-08-26T16:17:56.000Z
bhatakta_hua_atmaa,0.0,1.0,0,0,0.0,1.0,2026-08-22T19:49:00.000Z,2026-08-22T19:49:00.000Z
bhetobangali13,0.0,2.0,0,0,0.0,2.0,2026-08-24T15:27:38.000Z,2026-08-24T15:28:45.000Z
bhin_deshi,0.0,1.0,0,0,0.0,1.0,2026-08-21T19:49:32.000Z,2026-08-21T19:49:32.000Z
bhootnathbabakijai,0.0,1.0,0,0,0.0,1.0,2026-08-23T11:59:39.000Z,2026-08-23T11:59:39.000Z
bhootpurva,0.0,1.0,0,0,0.0,1.0,2026-08-27T15:55:32.000Z,2026-08-27T15:55:32.000Z
bi_and_depressed-789,0.0,1.0,0,0,0.0,1.0,2026-08-23T19:16:27.000Z,2026-08-23T19:16:27.000Z
bigBonk907,0.0,2.0,0,0,0.0,2.0,2026-08-21T03:32:34.000Z,2026-08-24T08:58:21.000Z
bigbrownguy898,0.0,3.0,0,0,0.0,3.0,2026-08-27T08:01:53.000Z,2026-09-01T07:57:50.000Z
bigstar2026,0.0,1.0,0,0,0.0,1.0,2026-08-28T10:11:50.000Z,2026-08-28T10:11:50.000Z
bigtimeOptimistic,2.0,6.0,0,0,2.0,6.0,2026-08-19T12:15:50.712Z,2026-08-25T05:11:25.000Z
bikashpramanik,0.0,1.0,0,0,0.0,1.0,2026-09-02T02:16:19.000Z,2026-09-02T02:16:19.000Z
bikbar1,0.0,11.0,0,0,0.0,11.0,2026-08-18T17:31:05.000Z,2026-09-02T17:14:43.000Z
bimanghosh65,0.0,1.0,0,0,0.0,1.0,2026-09-01T12:50:27.000Z,2026-09-01T12:50:27.000Z
binary-hunter,0.0,1.0,0,0,0.0,1.0,2026-08-27T15:23:05.000Z,2026-08-27T15:23:05.000Z
bineet_ghosh,0.0,1.0,0,0,0.0,1.0,2026-08-26T20:52:33.000Z,2026-08-26T20:52:33.000Z
binod_roxx,0.0,1.0,0,0,0.0,1.0,2026-08-18T16:54:34.000Z,2026-08-18T16:54:34.000Z
biriyani_babe,0.0,1.0,0,0,0.0,1.0,2026-08-27T12:30:43.000Z,2026-08-27T12:30:43.000Z
biriyanipookie,0.0,1.0,0,0,0.0,1.0,2026-08-31T23:02:04.000Z,2026-08-31T23:02:04.000Z
biswajit_93,0.0,2.0,0,0,0.0,2.0,2026-08-21T08:47:15.000Z,2026-08-21T09:32:43.000Z
biswajitgeek,1.0,2.0,0,0,1.0,2.0,2026-08-23T06:51:36.196Z,2026-08-23T09:54:54.000Z
bitanshu,0.0,1.0,0,0,0.0,1.0,2026-09-01T15:46:40.000Z,2026-09-01T15:46:40.000Z
bitter-chili,0.0,1.0,0,0,0.0,1.0,2026-08-24T03:17:46.000Z,2026-08-24T03:17:46.000Z
black02,0.0,1.0,0,0,0.0,1.0,2026-08-25T12:54:56.000Z,2026-08-25T12:54:56.000Z
black_-throne,0.0,1.0,0,0,0.0,1.0,2026-08-27T07:10:22.000Z,2026-08-27T07:10:22.000Z
black_phantom_750,0.0,4.0,0,0,0.0,4.0,2026-08-20T13:00:14.000Z,2026-08-26T16:54:45.000Z
blackmagician119,0.0,3.0,0,0,0.0,3.0,2026-08-22T09:03:29.000Z,2026-09-02T01:04:47.000Z
blackyalpha358,0.0,1.0,0,0,0.0,1.0,2026-08-25T12:59:24.000Z,2026-08-25T12:59:24.000Z
blade_runner1853,0.0,7.0,0,0,0.0,7.0,2026-08-19T13:33:13.000Z,2026-09-02T07:05:54.000Z
blahblah_2468,0.0,1.0,0,0,0.0,1.0,2026-08-22T06:11:31.000Z,2026-08-22T06:11:31.000Z
blair_13_,0.0,1.0,0,0,0.0,1.0,2026-08-20T12:13:31.000Z,2026-08-20T12:13:31.000Z
blairsmacaroon,0.0,1.0,0,0,0.0,1.0,2026-08-21T06:50:15.000Z,2026-08-21T06:50:15.000Z
blaster____,0.0,1.0,0,0,0.0,1.0,2026-09-01T10:53:48.000Z,2026-09-01T10:53:48.000Z
blaze_kush_,0.0,1.0,0,0,0.0,1.0,2026-08-19T14:02:30.000Z,2026-08-19T14:02:30.000Z
blindshot03,0.0,1.0,0,0,0.0,1.0,2026-08-21T10:34:48.000Z,2026-08-21T10:34:48.000Z
blinksTooLess,0.0,20.0,0,0,0.0,20.0,2026-08-23T08:36:29.000Z,2026-09-01T21:15:29.000Z
blockthecock,1.0,13.0,0,0,1.0,13.0,2026-08-21T18:11:54.886Z,2026-08-22T19:46:51.000Z
blueRaspberyy,0.0,2.0,0,0,0.0,2.0,2026-08-20T15:01:06.000Z,2026-08-26T06:19:15.000Z
blueberry19_,1.0,0.0,0,0,1.0,0.0,2026-08-23T10:53:23.668Z,2026-08-23T10:53:23.668Z
blueberrybiriyani,0.0,5.0,0,0,0.0,5.0,2026-08-18T13:46:48.000Z,2026-09-01T14:29:41.000Z
bluehaze198,0.0,2.0,0,0,0.0,2.0,2026-08-21T06:31:04.000Z,2026-08-25T19:27:34.000Z
blueroker12,1.0,0.0,0,0,1.0,0.0,2026-09-03T02:25:22.975Z,2026-09-03T02:25:22.975Z
bluesandwhites,0.0,1.0,0,0,0.0,1.0,2026-08-25T15:20:20.000Z,2026-08-25T15:20:20.000Z
bodmoshi_,0.0,6.0,0,0,0.0,6.0,2026-08-25T08:56:40.000Z,2026-08-27T06:52:10.000Z
bombadillocapadillo,0.0,2.0,0,0,0.0,2.0,2026-08-23T11:18:14.000Z,2026-08-27T17:21:41.000Z
bong-daddy99,0.0,7.0,0,0,0.0,7.0,2026-08-21T08:27:50.000Z,2026-09-01T17:01:45.000Z
bong_dev,1.0,0.0,0,0,1.0,0.0,2026-08-24T12:06:19.395Z,2026-08-24T12:06:19.395Z
bong_ebong_young,2.0,4.0,0,0,2.0,4.0,2026-08-20T07:10:21.000Z,2026-08-23T18:27:28.000Z
bong_guy50,0.0,1.0,0,0,0.0,1.0,2026-08-21T06:02:54.000Z,2026-08-21T06:02:54.000Z
bongkhor,0.0,4.0,0,0,0.0,4.0,2026-08-20T09:11:15.000Z,2026-08-31T18:54:51.000Z
bose17,0.0,2.0,0,0,0.0,2.0,2026-08-24T15:14:52.000Z,2026-08-26T20:05:21.000Z
bose_6x9,0.0,3.0,0,0,0.0,3.0,2026-08-19T00:50:31.000Z,2026-08-23T02:47:15.000Z
bossReader007,1.0,3.0,0,0,1.0,3.0,2026-08-22T07:04:08.000Z,2026-09-02T16:33:02.000Z
boss_007,0.0,3.0,0,0,0.0,3.0,2026-08-23T16:47:20.000Z,2026-09-02T15:02:42.000Z
boujee_bishh,1.0,1.0,0,0,1.0,1.0,2026-08-23T13:42:23.848Z,2026-08-24T02:59:27.000Z
bowee_chi14,0.0,1.0,0,0,0.0,1.0,2026-08-20T16:22:06.000Z,2026-08-20T16:22:06.000Z
boy_lost_in_reddit,0.0,2.0,0,0,0.0,2.0,2026-08-27T06:28:34.000Z,2026-08-27T06:33:02.000Z
boycapel28,0.0,1.0,0,0,0.0,1.0,2026-08-22T18:10:54.000Z,2026-08-22T18:10:54.000Z
brandnewwwwW,0.0,1.0,0,0,0.0,1.0,2026-08-18T17:09:04.000Z,2026-08-18T17:09:04.000Z
brayvefart,0.0,1.0,0,0,0.0,1.0,2026-08-26T06:44:22.000Z,2026-08-26T06:44:22.000Z
brazen_101,1.0,7.0,0,0,1.0,7.0,2026-08-20T06:55:09.000Z,2026-08-20T18:09:25.000Z
brewing_hot,0.0,1.0,0,0,0.0,1.0,2026-08-18T14:36:43.000Z,2026-08-18T14:36:43.000Z
brise_musicale,0.0,2.0,0,0,0.0,2.0,2026-08-20T11:43:16.000Z,2026-08-25T15:50:35.000Z
broUstfu,1.0,1.0,0,0,1.0,1.0,2026-09-01T12:36:28.917Z,2026-09-02T07:30:42.000Z
brocolliwala,0.0,1.0,0,0,0.0,1.0,2026-08-26T07:04:09.000Z,2026-08-26T07:04:09.000Z
brotoyagami,0.0,1.0,0,0,0.0,1.0,2026-08-19T09:54:50.000Z,2026-08-19T09:54:50.000Z
browneyedwarrior,0.0,1.0,0,0,0.0,1.0,2026-08-27T06:06:12.000Z,2026-08-27T06:06:12.000Z
brownmfdoomer,0.0,1.0,0,0,0.0,1.0,2026-08-21T23:33:39.000Z,2026-08-21T23:33:39.000Z
bruhmomentum_69,2.0,19.0,0,0,2.0,19.0,2026-08-24T14:59:41.860Z,2026-08-30T05:48:35.000Z
bsk_99,0.0,3.0,0,0,0.0,3.0,2026-08-23T10:42:25.000Z,2026-09-01T13:04:10.000Z
bsr126,0.0,1.0,0,0,0.0,1.0,2026-08-23T15:23:26.000Z,2026-08-23T15:23:26.000Z
bucktsofjzz,1.0,12.0,0,0,1.0,12.0,2026-08-20T23:13:24.000Z,2026-09-02T16:45:12.000Z
buffduderoy,0.0,1.0,0,0,0.0,1.0,2026-08-27T08:26:53.000Z,2026-08-27T08:26:53.000Z
builder_bob2441139,1.0,0.0,0,0,1.0,0.0,2026-08-26T12:14:59.921Z,2026-08-26T12:14:59.921Z
buno1978,0.0,1.0,0,0,0.0,1.0,2026-08-27T13:03:44.000Z,2026-08-27T13:03:44.000Z
burgerstrasse,0.0,3.0,0,0,0.0,3.0,2026-08-20T17:09:40.000Z,2026-08-25T18:30:39.000Z
buriiiburiiizaimon,0.0,1.0,0,0,0.0,1.0,2026-08-19T13:39:50.000Z,2026-08-19T13:39:50.000Z
butterscotchdev,0.0,1.0,0,0,0.0,1.0,2026-08-27T19:13:14.000Z,2026-08-27T19:13:14.000Z
buzuReddit,0.0,1.0,0,0,0.0,1.0,2026-08-24T06:27:02.000Z,2026-08-24T06:27:02.000Z
bwayne2015,0.0,1.0,0,0,0.0,1.0,2026-08-20T03:38:39.000Z,2026-08-20T03:38:39.000Z
bzzyb1,0.0,1.0,0,0,0.0,1.0,2026-09-02T03:25:38.000Z,2026-09-02T03:25:38.000Z
c0nfett1,1.0,0.0,0,0,1.0,0.0,2026-09-03T04:58:11.150Z,2026-09-03T04:58:11.150Z
ca_aspirant_deba,0.0,1.0,0,0,0.0,1.0,2026-08-30T15:58:28.000Z,2026-08-30T15:58:28.000Z
cabinet_minister,0.0,2.0,0,0,0.0,2.0,2026-08-20T12:24:35.000Z,2026-08-27T23:49:08.000Z
cactus_cock,0.0,1.0,0,0,0.0,1.0,2026-08-20T15:11:07.000Z,2026-08-20T15:11:07.000Z
calcutta76,0.0,1.0,0,0,0.0,1.0,2026-08-19T19:28:00.000Z,2026-08-19T19:28:00.000Z
calliope_carcosa,1.0,1.0,0,0,1.0,1.0,2026-08-20T05:07:23.311Z,2026-08-26T13:22:17.000Z
callmepari,0.0,1.0,0,0,0.0,1.0,2026-08-18T14:00:05.000Z,2026-08-18T14:00:05.000Z
callmesupraman,0.0,1.0,0,0,0.0,1.0,2026-08-23T04:07:14.000Z,2026-08-23T04:07:14.000Z
captainsparc,0.0,1.0,0,0,0.0,1.0,2026-08-25T04:36:28.000Z,2026-08-25T04:36:28.000Z
caramelo_pieeeee,0.0,1.0,0,0,0.0,1.0,2026-08-26T09:35:34.000Z,2026-08-26T09:35:34.000Z
careerpaglu,0.0,1.0,0,0,0.0,1.0,2026-09-02T11:14:30.000Z,2026-09-02T11:14:30.000Z
carl_Jellyfish7812,0.0,1.0,0,0,0.0,1.0,2026-08-27T07:52:28.000Z,2026-08-27T07:52:28.000Z
cassian_andor85,0.0,1.0,0,0,0.0,1.0,2026-08-25T18:03:03.000Z,2026-08-25T18:03:03.000Z
cat_who_reads,1.0,20.0,0,0,1.0,20.0,2026-08-19T10:45:00.000Z,2026-09-01T13:16:32.000Z
cathelog,1.0,0.0,0,0,1.0,0.0,2026-09-02T16:10:08.774Z,2026-09-02T16:10:08.774Z
catherine_bronte,0.0,4.0,0,0,0.0,4.0,2026-08-21T07:24:55.000Z,2026-08-26T09:23:51.000Z
cavemanhyperx,0.0,1.0,0,0,0.0,1.0,2026-08-22T17:41:31.000Z,2026-08-22T17:41:31.000Z
ceasar_47,0.0,4.0,0,0,0.0,4.0,2026-08-21T05:32:21.000Z,2026-08-24T02:51:01.000Z
celestialcocoabutter,0.0,4.0,0,0,0.0,4.0,2026-08-19T18:48:07.000Z,2026-08-27T05:35:14.000Z
chad_569,0.0,1.0,0,0,0.0,1.0,2026-08-24T15:57:34.000Z,2026-08-24T15:57:34.000Z
chaddi_ka_naara,0.0,1.0,0,0,0.0,1.0,2026-08-19T18:11:07.000Z,2026-08-19T18:11:07.000Z
chaiguyhere,0.0,1.0,0,0,0.0,1.0,2026-08-18T21:22:20.000Z,2026-08-18T21:22:20.000Z
chain0007,0.0,1.0,0,0,0.0,1.0,2026-08-19T07:31:25.000Z,2026-08-19T07:31:25.000Z
chalo-fir,0.0,1.0,0,0,0.0,1.0,2026-08-24T15:51:21.000Z,2026-08-24T15:51:21.000Z
chandlerbing26,0.0,2.0,0,0,0.0,2.0,2026-08-21T16:35:11.000Z,2026-08-27T08:41:38.000Z
chaosunnysideup,0.0,4.0,0,0,0.0,4.0,2026-08-19T16:28:50.000Z,2026-09-01T03:17:11.000Z
charm_n_craft,0.0,1.0,0,0,0.0,1.0,2026-08-18T14:49:09.000Z,2026-08-18T14:49:09.000Z
chatpata_femboy,0.0,1.0,0,0,0.0,1.0,2026-08-18T14:53:11.000Z,2026-08-18T14:53:11.000Z
checkikul,0.0,1.0,0,0,0.0,1.0,2026-08-25T16:08:26.000Z,2026-08-25T16:08:26.000Z
cherryblossom_36,0.0,2.0,0,0,0.0,2.0,2026-08-22T07:28:09.000Z,2026-08-22T07:31:29.000Z
chickendick07,2.0,21.0,0,0,2.0,21.0,2026-08-23T15:01:50.000Z,2026-08-27T07:59:02.000Z
chickpeaglasses,0.0,1.0,0,0,0.0,1.0,2026-08-23T13:44:53.000Z,2026-08-23T13:44:53.000Z
chimpwithadegree,0.0,1.0,0,0,0.0,1.0,2026-08-20T06:17:37.000Z,2026-08-20T06:17:37.000Z
chomulal1,0.0,3.0,0,0,0.0,3.0,2026-09-02T09:53:47.000Z,2026-09-02T14:29:50.000Z
chondroguptomourjo,0.0,1.0,0,0,0.0,1.0,2026-08-23T14:47:04.000Z,2026-08-23T14:47:04.000Z
chronicalboner,0.0,1.0,0,0,0.0,1.0,2026-08-21T11:10:25.000Z,2026-08-21T11:10:25.000Z
chucked_norris_,0.0,1.0,0,0,0.0,1.0,2026-08-22T18:10:07.000Z,2026-08-22T18:10:07.000Z
ci5er_,0.0,1.0,0,0,0.0,1.0,2026-08-31T16:23:33.000Z,2026-08-31T16:23:33.000Z
cicataa,0.0,1.0,0,0,0.0,1.0,2026-08-27T07:10:18.000Z,2026-08-27T07:10:18.000Z
classic_mocha,0.0,1.0,0,0,0.0,1.0,2026-08-26T14:57:51.000Z,2026-08-26T14:57:51.000Z
clinnkkk_,0.0,1.0,0,0,0.0,1.0,2026-08-23T09:24:34.000Z,2026-08-23T09:24:34.000Z
cloudgirl1010,0.0,1.0,0,0,0.0,1.0,2026-08-27T03:38:31.000Z,2026-08-27T03:38:31.000Z
cloverfield31,0.0,1.0,0,0,0.0,1.0,2026-08-25T02:10:07.000Z,2026-08-25T02:10:07.000Z
clueless20yo,1.0,2.0,0,0,1.0,2.0,2026-08-21T07:39:15.580Z,2026-08-21T08:04:00.000Z
cocomrkitty,0.0,5.0,0,0,0.0,5.0,2026-08-23T10:00:41.000Z,2026-08-31T14:15:32.000Z
code_gop,0.0,1.0,0,0,0.0,1.0,2026-08-27T06:45:23.000Z,2026-08-27T06:45:23.000Z
codedbyhelios,0.0,1.0,0,0,0.0,1.0,2026-08-26T12:00:46.000Z,2026-08-26T12:00:46.000Z
coffee-bard-gpt,0.0,1.0,0,0,0.0,1.0,2026-08-27T16:16:15.000Z,2026-08-27T16:16:15.000Z
coffeeaddictmedico__,0.0,1.0,0,0,0.0,1.0,2026-09-01T19:42:27.000Z,2026-09-01T19:42:27.000Z
coffeeforlife30,0.0,8.0,0,0,0.0,8.0,2026-08-18T20:55:14.000Z,2026-08-27T12:44:02.000Z
coilserpent,0.0,1.0,0,0,0.0,1.0,2026-08-19T18:48:30.000Z,2026-08-19T18:48:30.000Z
cokeaftersambhog,0.0,2.0,0,0,0.0,2.0,2026-08-22T07:17:09.000Z,2026-08-27T09:02:27.000Z
come-ben-dover,0.0,1.0,0,0,0.0,1.0,2026-08-18T18:25:58.000Z,2026-08-18T18:25:58.000Z
comfortandconundrums,0.0,2.0,0,0,0.0,2.0,2026-08-24T20:03:39.000Z,2026-08-25T03:29:16.000Z
compile_commit,0.0,2.0,0,0,0.0,2.0,2026-08-25T16:56:45.000Z,2026-08-29T07:53:48.000Z
confidentlycringe,2.0,13.0,0,0,2.0,13.0,2026-08-31T17:30:06.369Z,2026-09-02T08:57:51.000Z
confusedfkc_2003,0.0,1.0,0,0,0.0,1.0,2026-08-19T14:53:49.000Z,2026-08-19T14:53:49.000Z
consciouscreating,0.0,1.0,0,0,0.0,1.0,2026-09-02T08:32:11.000Z,2026-09-02T08:32:11.000Z
continuous-fapper,0.0,1.0,0,0,0.0,1.0,2026-08-21T18:15:15.000Z,2026-08-21T18:15:15.000Z
cool22ppimproving,0.0,1.0,0,0,0.0,1.0,2026-08-27T09:21:24.000Z,2026-08-27T09:21:24.000Z
corpo-slave,0.0,1.0,0,0,0.0,1.0,2026-08-19T05:01:33.000Z,2026-08-19T05:01:33.000Z
corrode_soul,0.0,1.0,0,0,0.0,1.0,2026-08-25T13:54:07.000Z,2026-08-25T13:54:07.000Z
cos_zenphi,0.0,1.0,0,0,0.0,1.0,2026-08-26T09:10:30.000Z,2026-08-26T09:10:30.000Z
cosmicguy192098,2.0,14.0,0,0,2.0,14.0,2026-08-20T19:25:33.000Z,2026-09-02T17:44:24.562Z
cosmicsynergy_,0.0,2.0,0,0,0.0,2.0,2026-08-20T21:54:05.000Z,2026-08-24T16:32:12.000Z
costaccounting,0.0,1.0,0,0,0.0,1.0,2026-08-25T15:42:51.000Z,2026-08-25T15:42:51.000Z
couchpotato2357,0.0,1.0,0,0,0.0,1.0,2026-08-28T11:07:28.000Z,2026-08-28T11:07:28.000Z
crazyindian007,0.0,2.0,0,0,0.0,2.0,2026-08-24T05:08:26.000Z,2026-08-29T05:04:38.000Z
create-the-username,0.0,2.0,0,0,0.0,2.0,2026-08-26T07:09:52.000Z,2026-08-26T07:11:01.000Z
crime_unfolded,1.0,0.0,0,0,1.0,0.0,2026-09-01T13:27:07.611Z,2026-09-01T13:27:07.611Z
croixdesprit,0.0,2.0,0,0,0.0,2.0,2026-08-23T15:25:51.000Z,2026-08-25T15:28:51.000Z
cromptonfan,0.0,1.0,0,0,0.0,1.0,2026-08-26T19:28:00.000Z,2026-08-26T19:28:00.000Z
cryinggng,1.0,3.0,0,0,1.0,3.0,2026-09-01T05:43:25.340Z,2026-09-01T10:04:59.000Z
cryptoman_101,0.0,2.0,0,0,0.0,2.0,2026-09-02T12:52:47.000Z,2026-09-02T13:33:51.000Z
crystalgenixx,0.0,3.0,0,0,0.0,3.0,2026-08-20T21:18:02.000Z,2026-08-26T05:09:08.000Z
cs_rohit2003,0.0,1.0,0,0,0.0,1.0,2026-09-02T15:05:58.000Z,2026-09-02T15:05:58.000Z
cuddle_bubbles,0.0,4.0,0,0,0.0,4.0,2026-08-18T19:16:04.000Z,2026-09-01T10:21:44.000Z
cum_cum_sex,0.0,2.0,0,0,0.0,2.0,2026-08-22T15:03:46.000Z,2026-09-01T13:17:31.000Z
cuntian_ethics,0.0,1.0,0,0,0.0,1.0,2026-08-20T06:29:43.000Z,2026-08-20T06:29:43.000Z
cupcakescanfly1434,0.0,1.0,0,0,0.0,1.0,2026-09-01T18:30:24.000Z,2026-09-01T18:30:24.000Z
curiosity_push,1.0,0.0,0,0,1.0,0.0,2026-09-01T19:50:54.286Z,2026-09-01T19:50:54.286Z
cutebanda,0.0,1.0,0,0,0.0,1.0,2026-08-18T18:33:56.000Z,2026-08-18T18:33:56.000Z
cyber_yu,0.0,1.0,0,0,0.0,1.0,2026-08-26T06:51:38.000Z,2026-08-26T06:51:38.000Z
d-gang,0.0,1.0,0,0,0.0,1.0,2026-08-27T09:23:26.000Z,2026-08-27T09:23:26.000Z
d0n0tpan1c,0.0,2.0,0,0,0.0,2.0,2026-08-20T09:49:03.000Z,2026-08-24T08:19:11.000Z
d33z_Life_SUX,0.0,1.0,0,0,0.0,1.0,2026-08-21T17:33:24.000Z,2026-08-21T17:33:24.000Z
d3barsh1,0.0,1.0,0,0,0.0,1.0,2026-08-24T02:11:55.000Z,2026-08-24T02:11:55.000Z
d3bd33p,0.0,5.0,0,0,0.0,5.0,2026-08-20T01:46:13.000Z,2026-08-24T12:55:07.000Z
d3vgotnobitches,0.0,5.0,0,0,0.0,5.0,2026-08-23T08:06:54.000Z,2026-08-27T07:39:39.000Z
d_k_boshu,0.0,4.0,0,0,0.0,4.0,2026-08-19T04:35:59.000Z,2026-08-27T05:55:56.000Z
daaktaar,0.0,3.0,0,0,0.0,3.0,2026-08-19T19:46:12.000Z,2026-09-02T13:49:23.000Z
daddydomsluts,0.0,5.0,0,0,0.0,5.0,2026-08-24T05:12:21.000Z,2026-08-26T19:21:23.000Z
daddyguilty,0.0,1.0,0,0,0.0,1.0,2026-08-24T11:51:36.000Z,2026-08-24T11:51:36.000Z
dairymilk_silk,0.0,2.0,0,0,0.0,2.0,2026-08-19T04:36:11.000Z,2026-08-20T09:26:37.000Z
damnit_debs,0.0,1.0,0,0,0.0,1.0,2026-08-27T06:24:24.000Z,2026-08-27T06:24:24.000Z
danceandfight,0.0,1.0,0,0,0.0,1.0,2026-08-22T13:53:42.000Z,2026-08-22T13:53:42.000Z
daneagle_,0.0,1.0,0,0,0.0,1.0,2026-08-18T14:38:00.000Z,2026-08-18T14:38:00.000Z
dankyPranky007,0.0,1.0,0,0,0.0,1.0,2026-08-21T16:55:31.000Z,2026-08-21T16:55:31.000Z
danyonff,1.0,4.0,0,0,1.0,4.0,2026-08-20T23:22:39.000Z,2026-08-23T16:06:27.000Z
darkdinner09,0.0,1.0,0,0,0.0,1.0,2026-09-02T15:04:07.000Z,2026-09-02T15:04:07.000Z
darktypelegendary,0.0,2.0,0,0,0.0,2.0,2026-08-22T06:40:07.000Z,2026-08-26T08:11:40.000Z
darkvoyager115,0.0,2.0,0,0,0.0,2.0,2026-08-21T17:07:13.000Z,2026-08-28T16:39:35.000Z
darupikemaartihoon,0.0,1.0,0,0,0.0,1.0,2026-09-02T16:36:46.000Z,2026-09-02T16:36:46.000Z
das_debashruti,0.0,1.0,0,0,0.0,1.0,2026-08-26T07:05:40.000Z,2026-08-26T07:05:40.000Z
dashgoogle,0.0,2.0,0,0,0.0,2.0,2026-09-02T08:05:26.000Z,2026-09-02T10:05:05.000Z
dastanlegend,0.0,2.0,0,0,0.0,2.0,2026-08-26T14:07:43.000Z,2026-08-27T10:24:27.000Z
dattaVSdatta,0.0,1.0,0,0,0.0,1.0,2026-09-01T06:48:58.000Z,2026-09-01T06:48:58.000Z
dattasagnik,0.0,2.0,0,0,0.0,2.0,2026-08-24T17:22:22.000Z,2026-08-27T20:22:06.000Z
david-putra2000cc,0.0,1.0,0,0,0.0,1.0,2026-08-23T16:20:01.000Z,2026-08-23T16:20:01.000Z
davidcopperfield97,0.0,2.0,0,0,0.0,2.0,2026-08-23T07:23:36.000Z,2026-08-27T13:12:03.000Z
daybowsmeetherr,0.0,1.0,0,0,0.0,1.0,2026-08-24T11:42:10.000Z,2026-08-24T11:42:10.000Z
daydreamsdelusions,0.0,1.0,0,0,0.0,1.0,2026-08-21T09:41:47.000Z,2026-08-21T09:41:47.000Z
dbhdhdnn,0.0,1.0,0,0,0.0,1.0,2026-09-02T16:31:36.000Z,2026-09-02T16:31:36.000Z
ddas131093,0.0,3.0,0,0,0.0,3.0,2026-08-21T09:21:57.000Z,2026-09-02T14:09:44.000Z
dead_2441139,1.0,12.0,0,0,1.0,12.0,2026-08-19T16:55:35.000Z,2026-08-23T14:50:42.000Z
deadfrominside227,0.0,1.0,0,0,0.0,1.0,2026-08-26T12:26:20.000Z,2026-08-26T12:26:20.000Z
death-by-sl0th,0.0,2.0,0,0,0.0,2.0,2026-08-20T03:49:33.000Z,2026-08-27T04:48:26.000Z
death_rebirth,0.0,2.0,0,0,0.0,2.0,2026-08-23T15:39:26.000Z,2026-08-27T07:32:42.000Z
debacomm1990,0.0,6.0,0,0,0.0,6.0,2026-08-21T04:13:55.000Z,2026-09-02T02:13:46.000Z
debadri3,0.0,2.0,0,0,0.0,2.0,2026-08-21T13:27:33.000Z,2026-08-24T18:27:49.000Z
debanjansarkar,0.0,2.0,0,0,0.0,2.0,2026-08-23T16:09:00.000Z,2026-08-23T16:14:54.000Z
debd_,0.0,2.0,0,0,0.0,2.0,2026-08-20T10:13:19.000Z,2026-08-20T17:02:30.000Z
debdeb1011,0.0,1.0,0,0,0.0,1.0,2026-09-02T15:21:36.000Z,2026-09-02T15:21:36.000Z
debdip_2909,1.0,0.0,0,0,1.0,0.0,2026-08-21T10:35:21.724Z,2026-08-21T10:35:21.724Z
debjyoti979,0.0,1.0,0,0,0.0,1.0,2026-08-19T12:35:01.000Z,2026-08-19T12:35:01.000Z
debosmit,0.0,1.0,0,0,0.0,1.0,2026-08-19T14:00:08.000Z,2026-08-19T14:00:08.000Z
decent-manush,1.0,5.0,0,0,1.0,5.0,2026-08-22T06:39:56.702Z,2026-08-26T05:57:51.000Z
deepanjan0505,0.0,1.0,0,0,0.0,1.0,2026-08-27T08:22:31.000Z,2026-08-27T08:22:31.000Z
deepnoobcoder,1.0,6.0,0,0,1.0,6.0,2026-08-19T10:24:11.000Z,2026-08-26T06:19:58.000Z
deepudhokla,0.0,1.0,0,0,0.0,1.0,2026-08-19T00:38:34.000Z,2026-08-19T00:38:34.000Z
definitely_not_old,0.0,3.0,0,0,0.0,3.0,2026-08-20T19:01:07.000Z,2026-08-27T06:01:20.000Z
demha-83,0.0,1.0,0,0,0.0,1.0,2026-09-01T05:05:42.000Z,2026-09-01T05:05:42.000Z
demoon04,0.0,1.0,0,0,0.0,1.0,2026-08-19T03:43:30.000Z,2026-08-19T03:43:30.000Z
depressedpotato_69,0.0,1.0,0,0,0.0,1.0,2026-08-19T04:10:06.000Z,2026-08-19T04:10:06.000Z
desire0123,0.0,1.0,0,0,0.0,1.0,2026-09-02T08:35:19.000Z,2026-09-02T08:35:19.000Z
desolationrow2017,1.0,2.0,0,0,1.0,2.0,2026-08-25T02:42:49.758Z,2026-08-25T16:38:26.000Z
destinationuknown,0.0,1.0,0,0,0.0,1.0,2026-08-22T09:44:23.000Z,2026-08-22T09:44:23.000Z
desyoueup,0.0,6.0,0,0,0.0,6.0,2026-08-21T16:20:32.000Z,2026-09-02T14:13:36.000Z
devastateddreams,0.0,1.0,0,0,0.0,1.0,2026-08-24T16:55:48.000Z,2026-08-24T16:55:48.000Z
devzen_,0.0,1.0,0,0,0.0,1.0,2026-08-24T02:02:43.000Z,2026-08-24T02:02:43.000Z
dew4real,0.0,3.0,0,0,0.0,3.0,2026-08-22T19:16:51.000Z,2026-09-01T10:19:20.000Z
dexTarOp,0.0,1.0,0,0,0.0,1.0,2026-09-02T12:59:38.000Z,2026-09-02T12:59:38.000Z
dexterinyoass,0.0,1.0,0,0,0.0,1.0,2026-08-20T10:21:35.000Z,2026-08-20T10:21:35.000Z
deyasinharoy,0.0,1.0,0,0,0.0,1.0,2026-08-25T06:24:15.000Z,2026-08-25T06:24:15.000Z
dgConnor,0.0,2.0,0,0,0.0,2.0,2026-08-20T02:30:04.000Z,2026-08-20T06:25:26.000Z
dhoomtananana,0.0,1.0,0,0,0.0,1.0,2026-08-25T21:47:29.000Z,2026-08-25T21:47:29.000Z
dhruvnayak,0.0,4.0,0,0,0.0,4.0,2026-08-23T14:46:47.000Z,2026-08-31T16:36:09.000Z
diamondo07,0.0,2.0,0,0,0.0,2.0,2026-08-24T11:42:42.000Z,2026-08-24T21:47:25.000Z
diddythediddler52,0.0,1.0,0,0,0.0,1.0,2026-08-22T23:49:13.000Z,2026-08-22T23:49:13.000Z
didgeridoooooo,0.0,2.0,0,0,0.0,2.0,2026-08-27T09:04:43.000Z,2026-09-02T03:59:18.000Z
digitalnomad28,0.0,6.0,0,0,0.0,6.0,2026-08-21T05:28:20.000Z,2026-08-27T05:38:06.000Z
digitalnomad86,0.0,1.0,0,0,0.0,1.0,2026-09-01T19:50:07.000Z,2026-09-01T19:50:07.000Z
diillagi,0.0,1.0,0,0,0.0,1.0,2026-08-27T14:22:22.000Z,2026-08-27T14:22:22.000Z
dineshkumarkarn,0.0,1.0,0,0,0.0,1.0,2026-08-27T04:44:29.000Z,2026-08-27T04:44:29.000Z
dipankar_gv,1.0,1.0,0,0,1.0,1.0,2026-08-27T06:35:50.540Z,2026-08-28T05:05:27.000Z
dipayanmahato,1.0,1.0,0,0,1.0,1.0,2026-08-23T20:06:44.397Z,2026-08-23T20:12:02.000Z
dirac_om,0.0,6.0,0,0,0.0,6.0,2026-08-20T16:55:45.000Z,2026-09-02T10:23:48.000Z
disaster4445,0.0,1.0,0,0,0.0,1.0,2026-08-20T11:09:41.000Z,2026-08-20T11:09:41.000Z
disgruntled_cat_,0.0,2.0,0,0,0.0,2.0,2026-08-23T19:08:40.000Z,2026-08-27T12:19:00.000Z
dissentingdiagnosis,0.0,2.0,0,0,0.0,2.0,2026-08-27T02:22:15.000Z,2026-09-01T05:19:18.000Z
distant_bird254,0.0,1.0,0,0,0.0,1.0,2026-08-22T05:16:41.000Z,2026-08-22T05:16:41.000Z
divine_____,0.0,2.0,0,0,0.0,2.0,2026-08-23T05:39:07.000Z,2026-08-27T05:45:45.000Z
dnaneon,0.0,4.0,0,0,0.0,4.0,2026-08-23T15:36:48.000Z,2026-09-01T13:50:27.000Z
dntdeservelove,1.0,0.0,0,0,1.0,0.0,2026-08-23T12:33:41.806Z,2026-08-23T12:33:41.806Z
do-itt,0.0,3.0,0,0,0.0,3.0,2026-08-31T19:04:08.000Z,2026-08-31T19:10:57.000Z
docarjun,0.0,4.0,0,0,0.0,4.0,2026-08-22T11:47:11.000Z,2026-08-25T06:42:08.000Z
doctor_ns,0.0,1.0,0,0,0.0,1.0,2026-08-22T10:42:38.000Z,2026-08-22T10:42:38.000Z
doi_maach_deadlift,2.0,3.0,0,0,2.0,3.0,2026-08-25T12:17:37.653Z,2026-09-01T14:07:42.000Z
donewithlife291,1.0,2.0,0,0,1.0,2.0,2026-08-27T06:58:42.729Z,2026-08-27T07:30:08.000Z
dontfindmebaby,0.0,1.0,0,0,0.0,1.0,2026-09-02T11:50:09.000Z,2026-09-02T11:50:09.000Z
doomguy699,0.0,1.0,0,0,0.0,1.0,2026-08-23T20:02:38.000Z,2026-08-23T20:02:38.000Z
dopamine-19,1.0,11.0,0,0,1.0,11.0,2026-08-22T02:03:07.000Z,2026-08-25T05:59:11.000Z
dopplegangery,0.0,2.0,0,0,0.0,2.0,2026-09-01T12:15:26.000Z,2026-09-01T12:17:17.000Z
doraemon23234,1.0,0.0,0,0,1.0,0.0,2026-08-27T06:19:36.619Z,2026-08-27T06:19:36.619Z
dorara_pvt,0.0,1.0,0,0,0.0,1.0,2026-08-27T08:32:26.000Z,2026-08-27T08:32:26.000Z
dovahkiin_19,0.0,1.0,0,0,0.0,1.0,2026-08-21T04:03:38.000Z,2026-08-21T04:03:38.000Z
downtojupiterToT,0.0,1.0,0,0,0.0,1.0,2026-09-01T10:13:50.000Z,2026-09-01T10:13:50.000Z
downvote-magneto,0.0,17.0,0,0,0.0,17.0,2026-08-20T04:57:17.000Z,2026-09-02T14:37:50.000Z
dr33mydralox,0.0,1.0,0,0,0.0,1.0,2026-08-18T17:59:48.000Z,2026-08-18T17:59:48.000Z
dreamer4400,2.0,0.0,0,0,2.0,0.0,2026-08-20T09:28:39.440Z,2026-08-24T11:59:05.603Z
dreamyreeky1998,0.0,10.0,0,0,0.0,10.0,2026-08-23T07:35:51.000Z,2026-08-31T15:53:05.000Z
drhemlockx,0.0,1.0,0,0,0.0,1.0,2026-08-27T04:10:45.000Z,2026-08-27T04:10:45.000Z
drinksmokewrite,0.0,1.0,0,0,0.0,1.0,2026-09-01T18:53:16.000Z,2026-09-01T18:53:16.000Z
drishyaa,0.0,1.0,0,0,0.0,1.0,2026-08-19T09:23:59.000Z,2026-08-19T09:23:59.000Z
drogo789,0.0,1.0,0,0,0.0,1.0,2026-08-26T07:48:05.000Z,2026-08-26T07:48:05.000Z
dukkho_amr_noi,2.0,1.0,0,0,2.0,1.0,2026-08-23T05:10:46.178Z,2026-08-27T05:52:05.985Z
dumb_user_404,0.0,1.0,0,0,0.0,1.0,2026-08-22T08:12:54.000Z,2026-08-22T08:12:54.000Z
dumbass_spaceman,0.0,1.0,0,0,0.0,1.0,2026-08-23T12:36:43.000Z,2026-08-23T12:36:43.000Z
dumbbyatch,0.0,1.0,0,0,0.0,1.0,2026-08-20T08:03:38.000Z,2026-08-20T08:03:38.000Z
dumpopitu,0.0,1.0,0,0,0.0,1.0,2026-08-27T16:02:09.000Z,2026-08-27T16:02:09.000Z
duskycharmer,1.0,0.0,0,0,1.0,0.0,2026-08-23T13:01:38.454Z,2026-08-23T13:01:38.454Z
dyno_2004,1.0,0.0,0,0,1.0,0.0,2026-08-23T07:58:01.024Z,2026-08-23T07:58:01.024Z
earthsmight,0.0,1.0,0,0,0.0,1.0,2026-08-18T14:42:49.000Z,2026-08-18T14:42:49.000Z
easybrezze,1.0,16.0,0,0,1.0,16.0,2026-08-19T04:48:13.000Z,2026-09-02T13:24:11.000Z
ecagnuoy666,1.0,2.0,0,0,1.0,2.0,2026-08-22T06:16:20.000Z,2026-08-26T20:24:35.476Z
eclipse-0711,1.0,0.0,0,0,1.0,0.0,2026-08-20T14:00:48.262Z,2026-08-20T14:00:48.262Z
ectomorph_me,0.0,3.0,0,0,0.0,3.0,2026-08-20T06:16:48.000Z,2026-08-27T05:47:05.000Z
eddie_xo16,0.0,1.0,0,0,0.0,1.0,2026-08-19T09:26:09.000Z,2026-08-19T09:26:09.000Z
edgynotemo,0.0,1.0,0,0,0.0,1.0,2026-08-18T14:55:20.000Z,2026-08-18T14:55:20.000Z
edwardkenway2019,0.0,1.0,0,0,0.0,1.0,2026-08-22T05:24:04.000Z,2026-08-22T05:24:04.000Z
eendadarin,0.0,1.0,0,0,0.0,1.0,2026-08-19T06:48:50.000Z,2026-08-19T06:48:50.000Z
eepy2360vlorpzorp,1.0,4.0,0,0,1.0,4.0,2026-08-19T11:50:12.000Z,2026-08-27T13:59:15.000Z
efficiently_curious,0.0,2.0,0,0,0.0,2.0,2026-08-24T20:30:32.000Z,2026-08-24T20:42:07.000Z
egg_lover_420,0.0,1.0,0,0,0.0,1.0,2026-08-22T04:40:06.000Z,2026-08-22T04:40:06.000Z
einrich_mler,0.0,3.0,0,0,0.0,3.0,2026-08-22T06:33:42.000Z,2026-08-27T10:18:48.000Z
ekhonga_re,0.0,1.0,0,0,0.0,1.0,2026-08-27T07:25:52.000Z,2026-08-27T07:25:52.000Z
elfagnor,0.0,1.0,0,0,0.0,1.0,2026-09-02T09:20:54.000Z,2026-09-02T09:20:54.000Z
elninnoiam,0.0,1.0,0,0,0.0,1.0,2026-08-20T05:51:29.000Z,2026-08-20T05:51:29.000Z
elnino2023,0.0,4.0,0,0,0.0,4.0,2026-08-21T16:03:47.000Z,2026-09-01T11:33:52.000Z
emonbzr,0.0,1.0,0,0,0.0,1.0,2026-08-25T10:34:09.000Z,2026-08-25T10:34:09.000Z
emotional_intruder,0.0,5.0,0,0,0.0,5.0,2026-08-21T16:28:09.000Z,2026-08-24T06:51:00.000Z
empstat,0.0,3.0,0,0,0.0,3.0,2026-08-21T13:53:06.000Z,2026-08-26T18:03:41.000Z
en7mble,0.0,1.0,0,0,0.0,1.0,2026-08-25T01:35:19.000Z,2026-08-25T01:35:19.000Z
enormous_stary,0.0,2.0,0,0,0.0,2.0,2026-08-22T14:42:10.000Z,2026-08-23T04:41:08.000Z
entitytheworld,0.0,1.0,0,0,0.0,1.0,2026-08-26T17:18:32.000Z,2026-08-26T17:18:32.000Z
epikkme09,1.0,2.0,0,0,1.0,2.0,2026-08-20T08:20:55.773Z,2026-08-20T12:25:35.000Z
erenkapigeon,0.0,1.0,0,0,0.0,1.0,2026-08-20T10:39:29.000Z,2026-08-20T10:39:29.000Z
ericposeidon,0.0,1.0,0,0,0.0,1.0,2026-08-20T17:44:38.000Z,2026-08-20T17:44:38.000Z
error404nikhoj,0.0,2.0,0,0,0.0,2.0,2026-08-25T12:30:05.000Z,2026-08-25T19:42:42.000Z
eruiluvatarifea,0.0,3.0,0,0,0.0,3.0,2026-08-25T04:15:06.000Z,2026-08-25T04:45:52.000Z
eskay1069,0.0,1.0,0,0,0.0,1.0,2026-08-27T10:35:21.000Z,2026-08-27T10:35:21.000Z
essoteric_,0.0,23.0,0,0,0.0,23.0,2026-08-20T04:05:18.000Z,2026-09-02T04:27:03.000Z
eternitypersonified,0.0,1.0,0,0,0.0,1.0,2026-08-27T09:19:33.000Z,2026-08-27T09:19:33.000Z
eu-m,1.0,17.0,0,0,1.0,17.0,2026-08-20T20:50:39.775Z,2026-08-27T19:14:07.000Z
euphoric_soul713,1.0,7.0,0,0,1.0,7.0,2026-08-24T10:46:17.492Z,2026-08-24T15:11:26.000Z
evelikesdrama,0.0,3.0,0,0,0.0,3.0,2026-08-21T06:57:07.000Z,2026-08-23T15:39:29.000Z
eveofjannat,0.0,1.0,0,0,0.0,1.0,2026-08-27T01:21:37.000Z,2026-08-27T01:21:37.000Z
everythingisnotfunny,0.0,2.0,0,0,0.0,2.0,2026-08-20T08:11:18.000Z,2026-08-20T18:01:49.000Z
evilx23_,0.0,2.0,0,0,0.0,2.0,2026-08-23T15:22:03.000Z,2026-08-24T15:59:51.000Z
exciting_one2005,0.0,2.0,0,0,0.0,2.0,2026-08-22T15:25:30.000Z,2026-08-26T18:28:14.000Z
eyerish09,0.0,1.0,0,0,0.0,1.0,2026-08-24T06:54:21.000Z,2026-08-24T06:54:21.000Z
eyeteaseller,1.0,3.0,0,0,1.0,3.0,2026-08-25T11:15:02.000Z,2026-08-26T18:21:59.000Z
faaltuchele,0.0,2.0,0,0,0.0,2.0,2026-08-23T18:57:01.000Z,2026-08-24T13:47:00.000Z
facebooze,0.0,1.0,0,0,0.0,1.0,2026-08-18T15:57:54.000Z,2026-08-18T15:57:54.000Z
factsquirrel,0.0,8.0,0,0,0.0,8.0,2026-08-22T21:23:05.000Z,2026-09-02T17:13:59.000Z
fairlylocal17,0.0,1.0,0,0,0.0,1.0,2026-08-25T07:47:01.000Z,2026-08-25T07:47:01.000Z
fairouzist,0.0,3.0,0,0,0.0,3.0,2026-08-19T12:35:34.000Z,2026-08-19T16:21:50.000Z
fakepanties,0.0,1.0,0,0,0.0,1.0,2026-08-20T12:50:09.000Z,2026-08-20T12:50:09.000Z
farnandos_habibi,0.0,1.0,0,0,0.0,1.0,2026-08-27T10:46:29.000Z,2026-08-27T10:46:29.000Z
fartmeifyoucan,0.0,1.0,0,0,0.0,1.0,2026-08-27T18:36:22.000Z,2026-08-27T18:36:22.000Z
feministabc,1.0,2.0,0,0,1.0,2.0,2026-08-22T09:21:05.000Z,2026-08-26T09:24:19.380Z
fib0nacci_112358,0.0,3.0,0,0,0.0,3.0,2026-08-21T17:31:27.000Z,2026-08-27T11:47:58.000Z
finding-the-tree,0.0,1.0,0,0,0.0,1.0,2026-08-21T17:25:41.000Z,2026-08-21T17:25:41.000Z
firstx_sayak,0.0,3.0,0,0,0.0,3.0,2026-08-20T12:48:34.000Z,2026-08-22T23:59:09.000Z
fkoenal,1.0,0.0,0,0,1.0,0.0,2026-08-23T20:34:49.242Z,2026-08-23T20:34:49.242Z
flan313,0.0,1.0,0,0,0.0,1.0,2026-08-19T10:23:55.000Z,2026-08-19T10:23:55.000Z
flash_4202,0.0,1.0,0,0,0.0,1.0,2026-08-27T04:18:39.000Z,2026-08-27T04:18:39.000Z
flo_93,0.0,1.0,0,0,0.0,1.0,2026-08-23T13:25:12.000Z,2026-08-23T13:25:12.000Z
flo_ra,0.0,6.0,0,0,0.0,6.0,2026-08-18T13:54:43.000Z,2026-09-01T14:23:25.000Z
floatinglama,0.0,2.0,0,0,0.0,2.0,2026-08-21T16:28:21.000Z,2026-08-31T14:08:17.000Z
flowerchild_3322,0.0,5.0,0,0,0.0,5.0,2026-08-24T18:06:53.000Z,2026-08-27T09:06:20.000Z
flying_buddhaa,0.0,1.0,0,0,0.0,1.0,2026-08-24T05:13:34.000Z,2026-08-24T05:13:34.000Z
foolish_flaneur,0.0,3.0,0,0,0.0,3.0,2026-08-25T03:22:10.000Z,2026-08-25T06:44:00.000Z
football_enthuciast,0.0,3.0,0,0,0.0,3.0,2026-08-23T10:31:23.000Z,2026-09-01T04:05:06.000Z
forgetmenot_666,0.0,1.0,0,0,0.0,1.0,2026-08-18T15:48:07.000Z,2026-08-18T15:48:07.000Z
forgottheanimename,0.0,1.0,0,0,0.0,1.0,2026-08-24T09:14:17.000Z,2026-08-24T09:14:17.000Z
forshaken-life,0.0,1.0,0,0,0.0,1.0,2026-08-22T15:22:24.000Z,2026-08-22T15:22:24.000Z
fortheapponly,0.0,1.0,0,0,0.0,1.0,2026-08-25T16:24:22.000Z,2026-08-25T16:24:22.000Z
forza_11,0.0,2.0,0,0,0.0,2.0,2026-08-22T16:58:13.000Z,2026-08-22T18:06:05.000Z
fr0st-0,0.0,2.0,0,0,0.0,2.0,2026-08-19T13:19:55.000Z,2026-09-02T13:25:45.000Z
fr0sty2709,0.0,1.0,0,0,0.0,1.0,2026-08-18T14:48:22.000Z,2026-08-18T14:48:22.000Z
frankenstein-007,0.0,2.0,0,0,0.0,2.0,2026-08-23T05:16:45.000Z,2026-09-01T16:18:18.000Z
franzmoonnz,0.0,1.0,0,0,0.0,1.0,2026-09-01T15:32:24.000Z,2026-09-01T15:32:24.000Z
freaky-alien-666,0.0,1.0,0,0,0.0,1.0,2026-08-27T13:54:19.000Z,2026-08-27T13:54:19.000Z
freethytits,0.0,3.0,0,0,0.0,3.0,2026-08-20T12:41:13.000Z,2026-08-22T13:31:29.000Z
fretboard-freak,0.0,1.0,0,0,0.0,1.0,2026-09-01T07:26:07.000Z,2026-09-01T07:26:07.000Z
frosti_philosophy,0.0,1.0,0,0,0.0,1.0,2026-08-26T20:59:04.000Z,2026-08-26T20:59:04.000Z
fungusyoung188,0.0,1.0,0,0,0.0,1.0,2026-08-20T11:18:13.000Z,2026-08-20T11:18:13.000Z
funky_young_penguin,0.0,1.0,0,0,0.0,1.0,2026-08-22T07:51:05.000Z,2026-08-22T07:51:05.000Z
funkypants525,0.0,1.0,0,0,0.0,1.0,2026-08-27T06:53:19.000Z,2026-08-27T06:53:19.000Z
funnyresponse112,0.0,2.0,0,0,0.0,2.0,2026-08-20T16:54:02.000Z,2026-08-25T19:16:44.000Z
fushhfushh,0.0,1.0,0,0,0.0,1.0,2026-08-18T14:04:21.000Z,2026-08-18T14:04:21.000Z
fushiguro05,0.0,2.0,0,0,0.0,2.0,2026-08-21T10:21:44.000Z,2026-08-22T14:55:27.000Z
fuzugxudihcihvo,1.0,3.0,0,0,1.0,3.0,2026-08-20T07:16:05.521Z,2026-09-01T06:04:16.000Z
g-auravs,1.0,0.0,0,0,1.0,0.0,2026-08-20T06:23:33.276Z,2026-08-20T06:23:33.276Z
gablusky,1.0,2.0,0,0,1.0,2.0,2026-08-18T14:28:33.000Z,2026-08-25T15:47:18.037Z
gaineager-6767,1.0,2.0,0,0,1.0,2.0,2026-09-01T17:09:04.146Z,2026-09-01T17:57:30.000Z
gajhah,0.0,1.0,0,0,0.0,1.0,2026-08-27T09:19:46.000Z,2026-08-27T09:19:46.000Z
galaxylord12000,1.0,9.0,0,0,1.0,9.0,2026-08-19T11:54:40.000Z,2026-08-21T15:32:13.000Z
gamerarbius,0.0,2.0,0,0,0.0,2.0,2026-08-22T02:46:52.000Z,2026-08-27T16:32:02.000Z
gameseveryday,0.0,1.0,0,0,0.0,1.0,2026-08-19T14:49:52.000Z,2026-08-19T14:49:52.000Z
gand_pe_lath,0.0,4.0,0,0,0.0,4.0,2026-08-24T15:50:42.000Z,2026-09-01T20:29:07.000Z
gandphatgayiii,1.0,0.0,0,0,1.0,0.0,2026-09-01T16:17:02.329Z,2026-09-01T16:17:02.329Z
gandu_friend,0.0,1.0,0,0,0.0,1.0,2026-08-18T15:05:33.000Z,2026-08-18T15:05:33.000Z
ganjafarian_,0.0,1.0,0,0,0.0,1.0,2026-08-27T16:48:41.000Z,2026-08-27T16:48:41.000Z
ganjichudail45,0.0,1.0,0,0,0.0,1.0,2026-08-24T07:48:24.000Z,2026-08-24T07:48:24.000Z
garib-lok,0.0,1.0,0,0,0.0,1.0,2026-08-25T06:37:16.000Z,2026-08-25T06:37:16.000Z
garur_789,0.0,1.0,0,0,0.0,1.0,2026-08-26T07:29:43.000Z,2026-08-26T07:29:43.000Z
gary_the_knight,0.0,5.0,0,0,0.0,5.0,2026-09-01T14:36:31.000Z,2026-09-02T17:10:31.000Z
gaut4413,0.0,1.0,0,0,0.0,1.0,2026-08-24T15:39:27.000Z,2026-08-24T15:39:27.000Z
gee_jpeg,0.0,1.0,0,0,0.0,1.0,2026-08-18T13:56:48.000Z,2026-08-18T13:56:48.000Z
geek-licious,0.0,1.0,0,0,0.0,1.0,2026-08-26T05:27:19.000Z,2026-08-26T05:27:19.000Z
geekysingh,0.0,2.0,0,0,0.0,2.0,2026-08-24T07:50:29.000Z,2026-08-24T07:50:49.000Z
geminiman08,1.0,21.0,0,0,1.0,21.0,2026-08-20T10:00:41.273Z,2026-08-21T06:21:12.000Z
gen0xZ,0.0,7.0,0,0,0.0,7.0,2026-08-22T07:25:28.000Z,2026-09-02T13:58:29.000Z
gendrik09,0.0,1.0,0,0,0.0,1.0,2026-08-26T20:41:17.000Z,2026-08-26T20:41:17.000Z
generalist_red,0.0,1.0,0,0,0.0,1.0,2026-08-19T10:52:43.000Z,2026-08-19T10:52:43.000Z
generation_chaos,0.0,2.0,0,0,0.0,2.0,2026-08-22T07:10:44.000Z,2026-08-26T08:13:13.000Z
genuinebhai,1.0,0.0,0,0,1.0,0.0,2026-08-22T06:19:33.377Z,2026-08-22T06:19:33.377Z
geovasanctusunus,0.0,1.0,0,0,0.0,1.0,2026-08-25T00:15:34.000Z,2026-08-25T00:15:34.000Z
ghost_uchiha07,0.0,1.0,0,0,0.0,1.0,2026-09-02T15:37:47.000Z,2026-09-02T15:37:47.000Z
ghumpache,0.0,2.0,0,0,0.0,2.0,2026-08-24T16:51:03.000Z,2026-08-24T17:19:56.000Z
giiamoon,1.0,9.0,0,0,1.0,9.0,2026-08-21T21:11:23.000Z,2026-08-22T14:58:04.000Z
girl_in_red_tiara,0.0,1.0,0,0,0.0,1.0,2026-08-18T16:19:37.000Z,2026-08-18T16:19:37.000Z
girlwithlonghair23,1.0,4.0,0,0,1.0,4.0,2026-08-25T17:21:08.000Z,2026-09-02T09:25:01.000Z
glidingUNDERSCORE0wl,0.0,2.0,0,0,0.0,2.0,2026-08-23T06:12:28.000Z,2026-08-23T07:03:51.000Z
glooby_dooby_floofy,0.0,4.0,0,0,0.0,4.0,2026-08-23T08:00:16.000Z,2026-08-27T04:14:51.000Z
gloomy_day60,0.0,1.0,0,0,0.0,1.0,2026-08-22T06:29:22.000Z,2026-08-22T06:29:22.000Z
gnittidder,0.0,4.0,0,0,0.0,4.0,2026-08-18T14:37:56.000Z,2026-08-24T06:18:21.000Z
goatjamtulsi,0.0,1.0,0,0,0.0,1.0,2026-08-20T16:22:44.000Z,2026-08-20T16:22:44.000Z
gobhikasalad,1.0,1.0,0,0,1.0,1.0,2026-08-21T19:42:11.000Z,2026-09-02T13:18:36.418Z
godbod45,0.0,1.0,0,0,0.0,1.0,2026-08-20T19:19:01.000Z,2026-08-20T19:19:01.000Z
goddude007,0.0,1.0,0,0,0.0,1.0,2026-08-23T10:27:59.000Z,2026-08-23T10:27:59.000Z
gogapasha,0.0,2.0,0,0,0.0,2.0,2026-08-26T07:02:12.000Z,2026-08-26T07:08:14.000Z
gohoeikuzo,1.0,2.0,0,0,1.0,2.0,2026-08-22T18:57:32.811Z,2026-08-22T19:37:18.000Z
goingbackhomeagain,0.0,1.0,0,0,0.0,1.0,2026-08-23T13:29:37.000Z,2026-08-23T13:29:37.000Z
gojacookiecha,0.0,2.0,0,0,0.0,2.0,2026-09-01T02:32:03.000Z,2026-09-01T16:59:41.000Z
goldfishfr,0.0,1.0,0,0,0.0,1.0,2026-08-19T14:46:53.000Z,2026-08-19T14:46:53.000Z
goodbadanduglyy,0.0,1.0,0,0,0.0,1.0,2026-08-20T08:31:09.000Z,2026-08-20T08:31:09.000Z
goon_consultant,3.0,17.0,0,0,3.0,17.0,2026-08-21T11:39:52.000Z,2026-08-27T07:06:28.000Z
grass235,0.0,1.0,0,0,0.0,1.0,2026-08-18T17:21:18.000Z,2026-08-18T17:21:18.000Z
gravity_fleshlight,5.0,10.0,0,0,5.0,10.0,2026-08-22T10:48:34.824Z,2026-09-02T16:35:58.000Z
greatbrownbear,0.0,1.0,0,0,0.0,1.0,2026-09-02T09:32:33.000Z,2026-09-02T09:32:33.000Z
greatguytotalkwith,0.0,1.0,0,0,0.0,1.0,2026-08-22T11:07:52.000Z,2026-08-22T11:07:52.000Z
greenmonkey41,0.0,1.0,0,0,0.0,1.0,2026-09-02T00:42:15.000Z,2026-09-02T00:42:15.000Z
grg150dx,0.0,1.0,0,0,0.0,1.0,2026-08-19T15:07:08.000Z,2026-08-19T15:07:08.000Z
grimbaldy777,0.0,1.0,0,0,0.0,1.0,2026-08-21T13:37:00.000Z,2026-08-21T13:37:00.000Z
grouchyjalebi,0.0,2.0,0,0,0.0,2.0,2026-08-26T02:52:52.000Z,2026-08-26T05:19:36.000Z
gubberex,0.0,1.0,0,0,0.0,1.0,2026-08-26T10:31:14.000Z,2026-08-26T10:31:14.000Z
gunda_swami,0.0,1.0,0,0,0.0,1.0,2026-08-24T17:21:06.000Z,2026-08-24T17:21:06.000Z
gutshere,0.0,1.0,0,0,0.0,1.0,2026-08-23T21:09:01.000Z,2026-08-23T21:09:01.000Z
gyaani_bakchod,0.0,1.0,0,0,0.0,1.0,2026-08-27T06:34:16.000Z,2026-08-27T06:34:16.000Z
ha9unaka,0.0,1.0,0,0,0.0,1.0,2026-08-19T05:38:33.000Z,2026-08-19T05:38:33.000Z
haha_1616,0.0,1.0,0,0,0.0,1.0,2026-08-31T19:56:10.000Z,2026-08-31T19:56:10.000Z
haikusbot,0.0,2.0,0,0,0.0,2.0,2026-08-20T08:05:34.000Z,2026-08-22T04:14:09.000Z
hairypusssylicker,0.0,1.0,0,0,0.0,1.0,2026-08-20T20:42:45.000Z,2026-08-20T20:42:45.000Z
hamayachi-hanma,1.0,5.0,0,0,1.0,5.0,2026-08-20T11:30:18.000Z,2026-08-24T14:53:57.000Z
hammerhead422,0.0,1.0,0,0,0.0,1.0,2026-08-27T06:23:00.000Z,2026-08-27T06:23:00.000Z
hamri_lungi_meh_wifi,1.0,0.0,0,0,1.0,0.0,2026-08-24T15:31:57.296Z,2026-08-24T15:31:57.296Z
hanafr7,0.0,1.0,0,0,0.0,1.0,2026-08-19T12:10:31.000Z,2026-08-19T12:10:31.000Z
hang-the-thang,1.0,0.0,0,0,1.0,0.0,2026-08-20T15:49:05.870Z,2026-08-20T15:49:05.870Z
haremlord_ranking-01,0.0,1.0,0,0,0.0,1.0,2026-09-02T15:18:04.000Z,2026-09-02T15:18:04.000Z
harmonic_mean2008,0.0,2.0,0,0,0.0,2.0,2026-08-19T05:22:53.000Z,2026-08-25T19:12:50.000Z
haromene,1.0,1.0,0,0,1.0,1.0,2026-08-22T13:25:19.006Z,2026-08-26T20:19:30.000Z
harorex,0.0,1.0,0,0,0.0,1.0,2026-08-25T06:06:19.000Z,2026-08-25T06:06:19.000Z
harrybasak,0.0,1.0,0,0,0.0,1.0,2026-08-22T18:14:05.000Z,2026-08-22T18:14:05.000Z
harshlikeshorror,0.0,4.0,0,0,0.0,4.0,2026-09-02T03:40:20.000Z,2026-09-02T03:53:04.000Z
hashibababe,0.0,7.0,0,0,0.0,7.0,2026-08-20T18:20:05.000Z,2026-08-23T16:20:18.000Z
hashtag2804,0.0,4.0,0,0,0.0,4.0,2026-08-18T13:56:37.000Z,2026-09-01T01:58:50.000Z
hatkatakattik,0.0,1.0,0,0,0.0,1.0,2026-08-27T05:57:37.000Z,2026-08-27T05:57:37.000Z
hawtttdawggg,0.0,1.0,0,0,0.0,1.0,2026-08-28T20:11:52.000Z,2026-08-28T20:11:52.000Z
haxon009,0.0,1.0,0,0,0.0,1.0,2026-08-19T09:22:03.000Z,2026-08-19T09:22:03.000Z
hazardous10-,0.0,3.0,0,0,0.0,3.0,2026-08-22T18:24:40.000Z,2026-08-23T08:36:57.000Z
health-freak07,1.0,0.0,0,0,1.0,0.0,2026-09-02T19:06:34.635Z,2026-09-02T19:06:34.635Z
heartout_ish,0.0,1.0,0,0,0.0,1.0,2026-08-20T05:55:24.000Z,2026-08-20T05:55:24.000Z
heiseylovesdonuts,2.0,10.0,0,0,2.0,10.0,2026-08-26T06:20:05.300Z,2026-08-27T14:03:41.000Z
helios2500,0.0,1.0,0,0,0.0,1.0,2026-08-18T17:13:46.000Z,2026-08-18T17:13:46.000Z
hell_dracula,0.0,1.0,0,0,0.0,1.0,2026-08-24T22:46:39.000Z,2026-08-24T22:46:39.000Z
helladumb_X_kuro,0.0,1.0,0,0,0.0,1.0,2026-08-25T09:58:23.000Z,2026-08-25T09:58:23.000Z
hellohiiby,3.0,9.0,0,0,3.0,9.0,2026-08-25T05:09:42.490Z,2026-08-26T06:11:47.000Z
hellorish,0.0,2.0,0,0,0.0,2.0,2026-08-27T05:47:29.000Z,2026-09-02T01:59:49.000Z
hetty_mickey,0.0,3.0,0,0,0.0,3.0,2026-08-20T07:41:48.000Z,2026-09-02T14:50:54.000Z
heycalcutta,0.0,2.0,0,0,0.0,2.0,2026-08-21T04:25:43.000Z,2026-08-25T05:03:10.000Z
heythisisme331144,0.0,1.0,0,0,0.0,1.0,2026-08-23T03:36:15.000Z,2026-08-23T03:36:15.000Z
highonpizza_,0.0,1.0,0,0,0.0,1.0,2026-09-02T03:23:16.000Z,2026-09-02T03:23:16.000Z
hijo_putajones,1.0,0.0,0,0,1.0,0.0,2026-08-20T02:12:52.072Z,2026-08-20T02:12:52.072Z
himanshu_777k,0.0,1.0,0,0,0.0,1.0,2026-08-24T15:23:19.000Z,2026-08-24T15:23:19.000Z
hlv_cvg,2.0,7.0,0,0,2.0,7.0,2026-08-21T13:37:16.831Z,2026-08-27T04:37:49.000Z
hoax_abhii,0.0,1.0,0,0,0.0,1.0,2026-08-20T08:43:12.000Z,2026-08-20T08:43:12.000Z
hodolkutkut77,0.0,3.0,0,0,0.0,3.0,2026-08-20T13:14:47.000Z,2026-09-01T11:47:21.000Z
hoehoearvhoe,1.0,1.0,0,0,1.0,1.0,2026-09-01T16:57:46.672Z,2026-09-02T07:03:39.000Z
holy_knife_69,0.0,1.0,0,0,0.0,1.0,2026-08-23T05:04:36.000Z,2026-08-23T05:04:36.000Z
honestkrishna,0.0,1.0,0,0,0.0,1.0,2026-08-22T16:31:38.000Z,2026-08-22T16:31:38.000Z
hootanahalf,0.0,1.0,0,0,0.0,1.0,2026-08-22T22:39:10.000Z,2026-08-22T22:39:10.000Z
hornypenar,0.0,1.0,0,0,0.0,1.0,2026-08-26T20:05:45.000Z,2026-08-26T20:05:45.000Z
horr_ible,0.0,1.0,0,0,0.0,1.0,2026-08-25T16:34:13.000Z,2026-08-25T16:34:13.000Z
hotbrew_,0.0,17.0,0,0,0.0,17.0,2026-08-19T05:42:04.000Z,2026-08-27T08:18:56.000Z
hotelpunsylvania,2.0,8.0,0,0,2.0,8.0,2026-08-18T15:53:11.000Z,2026-09-03T03:29:07.955Z
how_do_i_set_my_name,0.0,1.0,0,0,0.0,1.0,2026-08-18T17:12:37.000Z,2026-08-18T17:12:37.000Z
hpfl79,0.0,1.0,0,0,0.0,1.0,2026-08-22T16:00:20.000Z,2026-08-22T16:00:20.000Z
hrixmi,0.0,1.0,0,0,0.0,1.0,2026-08-18T14:58:35.000Z,2026-08-18T14:58:35.000Z
huehuehue_pleb,0.0,1.0,0,0,0.0,1.0,2026-08-18T13:48:59.000Z,2026-08-18T13:48:59.000Z
human_cartoon_,0.0,1.0,0,0,0.0,1.0,2026-08-25T12:30:10.000Z,2026-08-25T12:30:10.000Z
humanfreegod,0.0,7.0,0,0,0.0,7.0,2026-08-27T11:06:01.000Z,2026-08-27T11:22:35.000Z
humanfromporlock,0.0,34.0,0,0,0.0,34.0,2026-08-20T14:07:42.000Z,2026-09-02T07:24:05.000Z
humayanx,0.0,1.0,0,0,0.0,1.0,2026-08-25T13:02:23.000Z,2026-08-25T13:02:23.000Z
hustlingProgrammer,0.0,1.0,0,0,0.0,1.0,2026-08-25T04:58:13.000Z,2026-08-25T04:58:13.000Z
hyd-a-man,0.0,1.0,0,0,0.0,1.0,2026-08-19T02:23:05.000Z,2026-08-19T02:23:05.000Z
hydrospacw,0.0,5.0,0,0,0.0,5.0,2026-08-23T08:35:58.000Z,2026-09-01T03:58:49.000Z
hype_a_102,0.0,4.0,0,0,0.0,4.0,2026-08-20T08:40:38.000Z,2026-08-31T21:32:10.000Z
iLoveBigTitsOO,0.0,1.0,0,0,0.0,1.0,2026-08-24T14:51:50.000Z,2026-08-24T14:51:50.000Z
iTheMoon,1.0,0.0,0,0,1.0,0.0,2026-08-23T08:31:48.269Z,2026-08-23T08:31:48.269Z
i_PaperBoat,0.0,10.0,0,0,0.0,10.0,2026-08-19T09:05:41.000Z,2026-09-01T21:25:26.000Z
i__am__shadab_,1.0,2.0,0,0,1.0,2.0,2026-08-22T10:43:32.000Z,2026-08-22T10:57:28.000Z
i_abh_esc_wq,0.0,3.0,0,0,0.0,3.0,2026-08-21T08:30:33.000Z,2026-08-22T05:37:16.000Z
i_amParadox,1.0,1.0,0,0,1.0,1.0,2026-09-01T04:00:00.771Z,2026-09-01T04:08:51.000Z
i_drew_waifus,1.0,0.0,0,0,1.0,0.0,2026-08-24T23:03:35.238Z,2026-08-24T23:03:35.238Z
i_nksingh,0.0,1.0,0,0,0.0,1.0,2026-08-22T17:20:25.000Z,2026-08-22T17:20:25.000Z
i_simp_progress,0.0,2.0,0,0,0.0,2.0,2026-08-22T06:40:05.000Z,2026-08-24T13:15:32.000Z
iam-uzumaki-naruto,0.0,1.0,0,0,0.0,1.0,2026-09-01T10:43:56.000Z,2026-09-01T10:43:56.000Z
iamdip62,0.0,3.0,0,0,0.0,3.0,2026-08-21T04:54:33.000Z,2026-08-21T17:51:47.000Z
iamhero337,0.0,1.0,0,0,0.0,1.0,2026-08-21T18:23:32.000Z,2026-08-21T18:23:32.000Z
iamnathaniel7,1.0,1.0,0,0,1.0,1.0,2026-08-21T14:56:48.575Z,2026-08-21T15:35:51.000Z
iamnobody331,0.0,1.0,0,0,0.0,1.0,2026-08-19T17:59:04.000Z,2026-08-19T17:59:04.000Z
iamsarkar17,0.0,1.0,0,0,0.0,1.0,2026-08-27T13:19:10.000Z,2026-08-27T13:19:10.000Z
iamskylord6969,0.0,1.0,0,0,0.0,1.0,2026-08-27T10:55:40.000Z,2026-08-27T10:55:40.000Z
iamthelaukik,0.0,1.0,0,0,0.0,1.0,2026-08-18T22:03:19.000Z,2026-08-18T22:03:19.000Z
iarijit,0.0,1.0,0,0,0.0,1.0,2026-08-23T16:46:31.000Z,2026-08-23T16:46:31.000Z
iblamehazel,1.0,1.0,0,0,1.0,1.0,2026-09-01T19:27:06.628Z,2026-09-01T19:35:39.000Z
iceshop0_0,0.0,2.0,0,0,0.0,2.0,2026-08-25T14:22:27.000Z,2026-08-26T09:42:58.000Z
ichita_78,0.0,1.0,0,0,0.0,1.0,2026-08-22T19:16:36.000Z,2026-08-22T19:16:36.000Z
icvsboyshostel,0.0,2.0,0,0,0.0,2.0,2026-08-20T06:09:02.000Z,2026-08-24T03:24:15.000Z
idekwdymbruh,0.0,1.0,0,0,0.0,1.0,2026-08-25T07:40:05.000Z,2026-08-25T07:40:05.000Z
idkjust_scrolling,0.0,6.0,0,0,0.0,6.0,2026-08-23T11:19:34.000Z,2026-08-25T19:32:20.000Z
idkmanfuc,13.0,25.0,0,0,13.0,25.0,2026-08-19T10:14:59.000Z,2026-09-02T15:44:14.614Z
idkwhatnottodo,0.0,5.0,0,0,0.0,5.0,2026-08-20T05:20:58.000Z,2026-08-26T15:02:39.000Z
idontknowhowithapend,0.0,1.0,0,0,0.0,1.0,2026-08-19T09:36:06.000Z,2026-08-19T09:36:06.000Z
igz888,0.0,1.0,0,0,0.0,1.0,2026-08-26T17:52:17.000Z,2026-08-26T17:52:17.000Z
ihatehumans666,0.0,1.0,0,0,0.0,1.0,2026-08-20T13:29:33.000Z,2026-08-20T13:29:33.000Z
iim-guys,0.0,2.0,0,0,0.0,2.0,2026-08-23T20:33:21.000Z,2026-08-26T10:25:37.000Z
iinattanii,1.0,0.0,0,0,1.0,0.0,2026-08-26T13:52:50.214Z,2026-08-26T13:52:50.214Z
iizsom,0.0,4.0,0,0,0.0,4.0,2026-08-31T12:53:31.000Z,2026-09-02T07:53:29.000Z
ijustcantomg,0.0,1.0,0,0,0.0,1.0,2026-08-24T11:01:31.000Z,2026-08-24T11:01:31.000Z
ilikepaneernomnom,2.0,20.0,0,0,2.0,20.0,2026-08-18T11:33:52.000Z,2026-08-21T08:07:32.000Z
ilikesushinomnom,1.0,2.0,0,0,1.0,2.0,2026-08-19T18:12:16.000Z,2026-08-24T09:09:04.849Z
ilish_bhaja,1.0,0.0,0,0,1.0,0.0,2026-08-25T07:54:22.245Z,2026-08-25T07:54:22.245Z
illusive_moonflower,0.0,1.0,0,0,0.0,1.0,2026-08-24T19:30:54.000Z,2026-08-24T19:30:54.000Z
iloveeefictionalmen,0.0,1.0,0,0,0.0,1.0,2026-08-19T14:48:55.000Z,2026-08-19T14:48:55.000Z
ilovefeetnga,0.0,6.0,0,0,0.0,6.0,2026-08-23T15:30:51.000Z,2026-08-25T02:57:06.000Z
ilovemomos07,0.0,1.0,0,0,0.0,1.0,2026-08-21T09:28:26.000Z,2026-08-21T09:28:26.000Z
imVegabond,1.0,1.0,0,0,1.0,1.0,2026-08-22T06:37:45.000Z,2026-08-22T09:15:25.413Z
imdebjeet,0.0,1.0,0,0,0.0,1.0,2026-09-01T20:27:34.000Z,2026-09-01T20:27:34.000Z
imhereforresearcch,0.0,1.0,0,0,0.0,1.0,2026-09-01T16:54:29.000Z,2026-09-01T16:54:29.000Z
imlowkeygod,0.0,1.0,0,0,0.0,1.0,2026-08-19T02:19:13.000Z,2026-08-19T02:19:13.000Z
imposter_appeal07,0.0,1.0,0,0,0.0,1.0,2026-08-22T03:08:40.000Z,2026-08-22T03:08:40.000Z
impulse9037,0.0,2.0,0,0,0.0,2.0,2026-08-19T17:27:53.000Z,2026-08-31T16:50:37.000Z
imrichie03,0.0,5.0,0,0,0.0,5.0,2026-08-20T07:44:33.000Z,2026-08-26T04:47:57.000Z
imsorry_00,0.0,1.0,0,0,0.0,1.0,2026-08-18T13:47:29.000Z,2026-08-18T13:47:29.000Z
imthearistocrat,1.0,0.0,0,0,1.0,0.0,2026-08-21T14:16:58.581Z,2026-08-21T14:16:58.581Z
imtrovert786,0.0,1.0,0,0,0.0,1.0,2026-08-27T08:19:48.000Z,2026-08-27T08:19:48.000Z
imvijaygir,1.0,1.0,0,0,1.0,1.0,2026-08-20T09:46:31.993Z,2026-08-24T02:40:12.000Z
incredible-mee,0.0,2.0,0,0,0.0,2.0,2026-08-22T16:29:38.000Z,2026-08-22T20:08:08.000Z
indian_mom2022,0.0,2.0,0,0,0.0,2.0,2026-08-24T15:30:19.000Z,2026-08-24T15:44:08.000Z
indicolite_1412,0.0,1.0,0,0,0.0,1.0,2026-08-21T15:37:27.000Z,2026-08-21T15:37:27.000Z
infiniteguy99,0.0,7.0,0,0,0.0,7.0,2026-08-20T03:01:49.000Z,2026-08-26T16:10:22.000Z
ink-pot_1702,0.0,1.0,0,0,0.0,1.0,2026-08-26T15:18:38.000Z,2026-08-26T15:18:38.000Z
inoobie_am,0.0,1.0,0,0,0.0,1.0,2026-08-22T12:20:34.000Z,2026-08-22T12:20:34.000Z
insagnik,0.0,1.0,0,0,0.0,1.0,2026-08-21T04:45:09.000Z,2026-08-21T04:45:09.000Z
insane_56,0.0,3.0,0,0,0.0,3.0,2026-08-22T06:10:42.000Z,2026-08-26T09:32:01.000Z
insane_gigachad_2000,0.0,2.0,0,0,0.0,2.0,2026-08-21T04:25:53.000Z,2026-08-27T05:54:35.000Z
insanity_atpeak,0.0,2.0,0,0,0.0,2.0,2026-08-23T05:01:53.000Z,2026-08-25T07:32:06.000Z
introvert_maw,1.0,10.0,0,0,1.0,10.0,2026-08-24T21:08:27.416Z,2026-08-25T18:17:06.000Z
invictus08,0.0,3.0,0,0,0.0,3.0,2026-08-20T19:15:15.000Z,2026-09-02T07:01:27.000Z
iqbal_pumbaaa,0.0,1.0,0,0,0.0,1.0,2026-08-27T07:08:35.000Z,2026-08-27T07:08:35.000Z
iridium-22,0.0,1.0,0,0,0.0,1.0,2026-08-23T03:37:43.000Z,2026-08-23T03:37:43.000Z
ironpaul69,1.0,10.0,0,0,1.0,10.0,2026-08-19T06:10:29.000Z,2026-08-31T13:47:32.000Z
ironsmelter,0.0,1.0,0,0,0.0,1.0,2026-08-18T15:45:45.000Z,2026-08-18T15:45:45.000Z
iscrappedthe_data,12.0,65.0,0,0,12.0,65.0,2026-08-18T11:52:07.000Z,2026-09-02T15:39:59.000Z
ishankumar9,0.0,1.0,0,0,0.0,1.0,2026-08-18T17:56:12.000Z,2026-08-18T17:56:12.000Z
isitreallymatterbro,0.0,1.0,0,0,0.0,1.0,2026-08-27T09:29:59.000Z,2026-08-27T09:29:59.000Z
islahtauf100505,0.0,1.0,0,0,0.0,1.0,2026-08-24T15:53:52.000Z,2026-08-24T15:53:52.000Z
itisofcoursenova,0.0,1.0,0,0,0.0,1.0,2026-09-02T01:54:33.000Z,2026-09-02T01:54:33.000Z
itiswhatitis04,1.0,21.0,0,0,1.0,21.0,2026-08-25T13:36:50.295Z,2026-08-27T01:49:22.000Z
itryiamutkarsh,0.0,1.0,0,0,0.0,1.0,2026-08-19T13:25:30.000Z,2026-08-19T13:25:30.000Z
its-me_ghost,1.0,0.0,0,0,1.0,0.0,2026-08-23T09:35:23.091Z,2026-08-23T09:35:23.091Z
its-soumyadip,0.0,1.0,0,0,0.0,1.0,2026-08-24T14:16:48.000Z,2026-08-24T14:16:48.000Z
its_me_obv,0.0,1.0,0,0,0.0,1.0,2026-08-21T06:33:26.000Z,2026-08-21T06:33:26.000Z
its_me_snehaa,0.0,8.0,0,0,0.0,8.0,2026-08-25T11:56:00.000Z,2026-09-01T09:07:19.000Z
itsarkadey,0.0,1.0,0,0,0.0,1.0,2026-09-01T05:22:51.000Z,2026-09-01T05:22:51.000Z
itsbubblegumprincess,1.0,0.0,0,0,1.0,0.0,2026-09-01T20:05:06.033Z,2026-09-01T20:05:06.033Z
itsurna25,0.0,4.0,0,0,0.0,4.0,2026-08-25T05:20:33.000Z,2026-09-02T13:37:56.000Z
izzah_vl,1.0,0.0,0,0,1.0,0.0,2026-09-02T15:12:21.933Z,2026-09-02T15:12:21.933Z
j1-harakiri,1.0,7.0,0,0,1.0,7.0,2026-08-24T15:59:01.537Z,2026-08-24T17:53:46.000Z
jaded_dame2810,0.0,1.0,0,0,0.0,1.0,2026-08-22T02:02:15.000Z,2026-08-22T02:02:15.000Z
jaja1121,0.0,2.0,0,0,0.0,2.0,2026-08-24T10:33:48.000Z,2026-08-27T16:50:22.000Z
jalepenositalinos,0.0,3.0,0,0,0.0,3.0,2026-08-23T09:10:23.000Z,2026-08-25T12:49:09.000Z
james_bond_1953,1.0,0.0,0,0,1.0,0.0,2026-09-03T04:08:47.190Z,2026-09-03T04:08:47.190Z
janakyadav,0.0,2.0,0,0,0.0,2.0,2026-08-22T10:55:54.000Z,2026-08-22T11:25:49.000Z
janupam35,0.0,2.0,0,0,0.0,2.0,2026-08-23T10:03:52.000Z,2026-08-27T10:16:51.000Z
japoinese_brownie,0.0,1.0,0,0,0.0,1.0,2026-09-02T12:13:31.000Z,2026-09-02T12:13:31.000Z
jarvis123451254,0.0,19.0,0,0,0.0,19.0,2026-08-19T12:01:52.000Z,2026-09-02T16:48:59.000Z
jasmincanfly,0.0,1.0,0,0,0.0,1.0,2026-08-21T10:11:21.000Z,2026-08-21T10:11:21.000Z
jazzappleful,0.0,1.0,0,0,0.0,1.0,2026-08-27T03:47:03.000Z,2026-08-27T03:47:03.000Z
jdpaulp,0.0,2.0,0,0,0.0,2.0,2026-08-18T21:30:37.000Z,2026-08-21T10:50:15.000Z
jeeezwtf,0.0,1.0,0,0,0.0,1.0,2026-08-27T08:14:57.000Z,2026-08-27T08:14:57.000Z
jellyman33-8,0.0,1.0,0,0,0.0,1.0,2026-08-19T02:46:39.000Z,2026-08-19T02:46:39.000Z
jenyaahol1c,0.0,1.0,0,0,0.0,1.0,2026-08-26T07:27:47.000Z,2026-08-26T07:27:47.000Z
jerseylover4658,0.0,1.0,0,0,0.0,1.0,2026-08-18T14:30:16.000Z,2026-08-18T14:30:16.000Z
jes_yt-,0.0,1.0,0,0,0.0,1.0,2026-08-19T05:51:08.000Z,2026-08-19T05:51:08.000Z
jhinuk-seas,0.0,5.0,0,0,0.0,5.0,2026-08-20T12:27:12.000Z,2026-08-24T18:43:27.000Z
jibonto_laas,5.0,72.0,0,0,5.0,72.0,2026-08-19T13:48:47.000Z,2026-09-02T17:03:58.000Z
jishnath,0.0,1.0,0,0,0.0,1.0,2026-08-27T02:35:59.000Z,2026-08-27T02:35:59.000Z
jishnu80,0.0,1.0,0,0,0.0,1.0,2026-08-23T07:04:36.000Z,2026-08-23T07:04:36.000Z
joe_goldberggg,1.0,4.0,0,0,1.0,4.0,2026-09-01T10:53:33.000Z,2026-09-01T14:03:09.000Z
joerc200,0.0,1.0,0,0,0.0,1.0,2026-09-01T13:54:51.000Z,2026-09-01T13:54:51.000Z
jogi_bonito,0.0,2.0,0,0,0.0,2.0,2026-08-31T17:25:14.000Z,2026-09-01T08:33:36.000Z
jokeraccidentallynot,0.0,1.0,0,0,0.0,1.0,2026-08-27T16:06:48.000Z,2026-08-27T16:06:48.000Z
jon_t_fr,0.0,5.0,0,0,0.0,5.0,2026-08-19T04:37:20.000Z,2026-09-02T09:16:08.000Z
jorrd_boy,1.0,1.0,0,0,1.0,1.0,2026-08-21T14:31:06.359Z,2026-08-21T14:33:53.000Z
josukehigashikata-x,0.0,1.0,0,0,0.0,1.0,2026-08-22T14:46:28.000Z,2026-08-22T14:46:28.000Z
jrcske67,0.0,5.0,0,0,0.0,5.0,2026-08-21T09:30:41.000Z,2026-09-01T08:09:25.000Z
jsaha999,0.0,2.0,0,0,0.0,2.0,2026-08-23T09:27:23.000Z,2026-08-31T11:41:22.000Z
judah_cp,0.0,1.0,0,0,0.0,1.0,2026-08-31T16:34:48.000Z,2026-08-31T16:34:48.000Z
juralapa,1.0,0.0,0,0,1.0,0.0,2026-08-26T13:49:04.626Z,2026-08-26T13:49:04.626Z
jurk_0600,0.0,1.0,0,0,0.0,1.0,2026-09-01T11:14:31.000Z,2026-09-01T11:14:31.000Z
jussayingthings,0.0,1.0,0,0,0.0,1.0,2026-08-25T14:07:38.000Z,2026-08-25T14:07:38.000Z
justChilllinHere,0.0,10.0,0,0,0.0,10.0,2026-08-19T18:28:15.000Z,2026-09-02T16:48:13.000Z
just_curious459,0.0,2.0,0,0,0.0,2.0,2026-08-20T18:58:00.000Z,2026-09-01T14:22:45.000Z
just_existing_uh,0.0,1.0,0,0,0.0,1.0,2026-08-25T20:49:32.000Z,2026-08-25T20:49:32.000Z
justbeingpretentious,0.0,1.0,0,0,0.0,1.0,2026-09-02T04:58:37.000Z,2026-09-02T04:58:37.000Z
justsayMessi,0.0,1.0,0,0,0.0,1.0,2026-08-20T06:03:08.000Z,2026-08-20T06:03:08.000Z
justtheway33,0.0,1.0,0,0,0.0,1.0,2026-09-02T02:41:34.000Z,2026-09-02T02:41:34.000Z
justwannaliveagain1,0.0,1.0,0,0,0.0,1.0,2026-08-24T16:19:01.000Z,2026-08-24T16:19:01.000Z
k17flame,0.0,2.0,0,0,0.0,2.0,2026-08-23T20:01:05.000Z,2026-09-02T12:27:10.000Z
kEenAarAa,1.0,0.0,0,0,1.0,0.0,2026-09-02T22:17:26.202Z,2026-09-02T22:17:26.202Z
kaafi_stupid,0.0,5.0,0,0,0.0,5.0,2026-08-20T12:42:41.000Z,2026-08-31T16:59:11.000Z
kakarott_ftW,0.0,2.0,0,0,0.0,2.0,2026-08-21T04:00:16.000Z,2026-08-27T03:52:44.000Z
kakashi7299,0.0,3.0,0,0,0.0,3.0,2026-08-18T16:21:51.000Z,2026-08-21T21:11:12.000Z
kale-r-jatraddhwoni,0.0,2.0,0,0,0.0,2.0,2026-08-22T06:16:22.000Z,2026-08-25T07:26:38.000Z
kaloukali,0.0,1.0,0,0,0.0,1.0,2026-08-28T02:11:46.000Z,2026-08-28T02:11:46.000Z
kalyan26,0.0,1.0,0,0,0.0,1.0,2026-09-02T06:02:06.000Z,2026-09-02T06:02:06.000Z
kamsa6-fojbiz-nesXem,0.0,2.0,0,0,0.0,2.0,2026-08-20T15:07:23.000Z,2026-08-21T09:22:38.000Z
kanhaOppp,0.0,1.0,0,0,0.0,1.0,2026-08-18T17:06:05.000Z,2026-08-18T17:06:05.000Z
karasu1999,0.0,1.0,0,0,0.0,1.0,2026-08-23T06:02:58.000Z,2026-08-23T06:02:58.000Z
karmaNcoldbrew,0.0,3.0,0,0,0.0,3.0,2026-08-20T04:49:21.000Z,2026-08-27T07:44:39.000Z
karmakoolaid,0.0,1.0,0,0,0.0,1.0,2026-08-24T17:16:46.000Z,2026-08-24T17:16:46.000Z
kas-623,0.0,1.0,0,0,0.0,1.0,2026-09-02T12:06:57.000Z,2026-09-02T12:06:57.000Z
katdinadhwaani,0.0,1.0,0,0,0.0,1.0,2026-08-21T02:52:55.000Z,2026-08-21T02:52:55.000Z
kaushik____x,0.0,1.0,0,0,0.0,1.0,2026-09-02T16:43:38.000Z,2026-09-02T16:43:38.000Z
kavi-kalash03,0.0,1.0,0,0,0.0,1.0,2026-08-18T14:41:16.000Z,2026-08-18T14:41:16.000Z
kayz007,0.0,5.0,0,0,0.0,5.0,2026-08-20T02:55:24.000Z,2026-08-26T15:28:30.000Z
kdas-engg,0.0,3.0,0,0,0.0,3.0,2026-08-23T02:09:38.000Z,2026-08-26T13:13:23.000Z
kennedy_gitahi,0.0,1.0,0,0,0.0,1.0,2026-08-29T21:07:14.000Z,2026-08-29T21:07:14.000Z
kewra_bangali,0.0,1.0,0,0,0.0,1.0,2026-09-01T14:50:11.000Z,2026-09-01T14:50:11.000Z
kg3g,0.0,1.0,0,0,0.0,1.0,2026-08-21T20:30:02.000Z,2026-08-21T20:30:02.000Z
kidfugly98,0.0,1.0,0,0,0.0,1.0,2026-08-22T03:08:47.000Z,2026-08-22T03:08:47.000Z
kimeloangel,0.0,6.0,0,0,0.0,6.0,2026-08-18T15:34:17.000Z,2026-08-26T11:38:07.000Z
kind_successor,0.0,2.0,0,0,0.0,2.0,2026-08-29T10:15:27.000Z,2026-08-29T10:26:41.000Z
kindaa_ded,0.0,2.0,0,0,0.0,2.0,2026-08-20T08:17:25.000Z,2026-08-27T17:01:42.000Z
kindagloomy_ig,0.0,3.0,0,0,0.0,3.0,2026-08-20T03:03:52.000Z,2026-08-23T03:24:31.000Z
king_dodo1999,0.0,4.0,0,0,0.0,4.0,2026-08-20T14:30:17.000Z,2026-08-24T15:46:00.000Z
kingkortobyyobimurho,0.0,2.0,0,0,0.0,2.0,2026-08-25T04:10:35.000Z,2026-08-25T10:11:44.000Z
kingping003,0.0,1.0,0,0,0.0,1.0,2026-09-02T10:41:11.000Z,2026-09-02T10:41:11.000Z
kingray27591,0.0,2.0,0,0,0.0,2.0,2026-08-21T10:22:11.000Z,2026-08-23T04:36:33.000Z
kira_notfound_,0.0,2.0,0,0,0.0,2.0,2026-08-19T16:42:00.000Z,2026-08-20T11:57:07.000Z
kishoredbn,0.0,2.0,0,0,0.0,2.0,2026-08-24T17:51:34.000Z,2026-08-26T18:57:10.000Z
klandestein2002,0.0,4.0,0,0,0.0,4.0,2026-08-21T16:49:32.000Z,2026-09-02T16:24:33.000Z
knight_Reesh,1.0,3.0,0,0,1.0,3.0,2026-08-21T06:46:04.000Z,2026-08-24T15:23:56.000Z
kochurshak,0.0,3.0,0,0,0.0,3.0,2026-08-18T14:55:30.000Z,2026-08-27T05:47:04.000Z
kolkata-ModTeam,0.0,19.0,0,0,0.0,19.0,2026-08-20T13:37:54.000Z,2026-09-02T12:16:32.000Z
konobakemonoooo,0.0,3.0,0,0,0.0,3.0,2026-08-25T09:06:51.000Z,2026-08-26T16:51:29.000Z
krakhed712,0.0,1.0,0,0,0.0,1.0,2026-09-01T18:42:52.000Z,2026-09-01T18:42:52.000Z
krishi_0710,0.0,1.0,0,0,0.0,1.0,2026-08-18T15:03:10.000Z,2026-08-18T15:03:10.000Z
krishti1999,0.0,1.0,0,0,0.0,1.0,2026-08-19T08:11:23.000Z,2026-08-19T08:11:23.000Z
kriticallymoist,0.0,3.0,0,0,0.0,3.0,2026-08-24T07:34:46.000Z,2026-09-01T03:54:54.000Z
kunal_official,0.0,1.0,0,0,0.0,1.0,2026-08-20T10:20:38.000Z,2026-08-20T10:20:38.000Z
kundi_547282,1.0,4.0,0,0,1.0,4.0,2026-08-26T18:08:26.894Z,2026-08-26T19:03:14.000Z
kuntalrik,0.0,1.0,0,0,0.0,1.0,2026-08-18T21:16:59.000Z,2026-08-18T21:16:59.000Z
kurosaki_giyuuu,0.0,1.0,0,0,0.0,1.0,2026-08-27T07:16:24.000Z,2026-08-27T07:16:24.000Z
kuttar-baccha,8.0,31.0,0,0,8.0,31.0,2026-08-18T11:14:35.784Z,2026-09-02T14:54:05.000Z
kuttar_bachha,1.0,0.0,0,0,1.0,0.0,2026-08-26T07:37:22.750Z,2026-08-26T07:37:22.750Z
kv1311,0.0,1.0,0,0,0.0,1.0,2026-08-19T14:22:26.000Z,2026-08-19T14:22:26.000Z
kwiperhop,0.0,3.0,0,0,0.0,3.0,2026-08-19T10:16:46.000Z,2026-08-23T08:11:22.000Z
kxrtiq,1.0,1.0,0,0,1.0,1.0,2026-08-23T13:52:59.000Z,2026-08-26T21:53:35.567Z
kyaablus_aambeldore,0.0,1.0,0,0,0.0,1.0,2026-08-24T19:21:50.000Z,2026-08-24T19:21:50.000Z
kyaboltiyepublic,0.0,1.0,0,0,0.0,1.0,2026-08-22T07:48:34.000Z,2026-08-22T07:48:34.000Z
l05t_50ul,0.0,1.0,0,0,0.0,1.0,2026-08-27T08:03:15.000Z,2026-08-27T08:03:15.000Z
l1consolable,0.0,7.0,0,0,0.0,7.0,2026-08-20T05:05:06.000Z,2026-09-01T13:53:19.000Z
lardlayer,1.0,1.0,0,0,1.0,1.0,2026-08-26T21:32:07.000Z,2026-08-26T21:40:35.795Z
last_silent_warrior,0.0,3.0,0,0,0.0,3.0,2026-08-22T20:07:48.000Z,2026-09-01T13:31:58.000Z
lastofdovas,0.0,4.0,0,0,0.0,4.0,2026-08-19T06:06:49.000Z,2026-08-27T16:12:48.000Z
lazybunny17,1.0,9.0,0,0,1.0,9.0,2026-08-18T13:47:05.000Z,2026-08-23T09:36:52.000Z
lazymetalhead,0.0,6.0,0,0,0.0,6.0,2026-08-18T21:40:43.000Z,2026-08-26T17:42:33.000Z
lazyolaf,0.0,4.0,0,0,0.0,4.0,2026-09-01T03:45:06.000Z,2026-09-02T10:21:59.000Z
lazzy__777,0.0,1.0,0,0,0.0,1.0,2026-08-23T19:23:25.000Z,2026-08-23T19:23:25.000Z
le_bugsy,0.0,3.0,0,0,0.0,3.0,2026-08-21T03:11:47.000Z,2026-08-27T15:47:48.000Z
leftleaninglonglegs,0.0,1.0,0,0,0.0,1.0,2026-09-01T09:43:39.000Z,2026-09-01T09:43:39.000Z
lemonpie110010,1.0,0.0,0,0,1.0,0.0,2026-09-01T09:24:21.257Z,2026-09-01T09:24:21.257Z
lemonwolf_23,0.0,1.0,0,0,0.0,1.0,2026-08-25T20:16:43.000Z,2026-08-25T20:16:43.000Z
leofossilis,0.0,1.0,0,0,0.0,1.0,2026-08-25T09:53:28.000Z,2026-08-25T09:53:28.000Z
leoisdead_00,0.0,4.0,0,0,0.0,4.0,2026-08-19T19:49:14.000Z,2026-08-27T08:35:46.000Z
lewis_its_hammertime,0.0,14.0,0,0,0.0,14.0,2026-08-19T18:44:17.000Z,2026-09-02T12:23:58.000Z
lieutenant_kajubarfi,0.0,2.0,0,0,0.0,2.0,2026-08-19T16:55:45.000Z,2026-08-22T21:46:48.000Z
life_sucks77,0.0,5.0,0,0,0.0,5.0,2026-08-23T17:28:13.000Z,2026-09-01T13:54:17.000Z
lifeisEnjoy02,0.0,1.0,0,0,0.0,1.0,2026-08-23T07:06:01.000Z,2026-08-23T07:06:01.000Z
lilbutterbaguette,0.0,1.0,0,0,0.0,1.0,2026-08-18T16:51:15.000Z,2026-08-18T16:51:15.000Z
lilcunninglinguist,0.0,1.0,0,0,0.0,1.0,2026-08-18T18:30:02.000Z,2026-08-18T18:30:02.000Z
lillyofthehills,0.0,1.0,0,0,0.0,1.0,2026-08-23T20:50:37.000Z,2026-08-23T20:50:37.000Z
lime-boy,1.0,21.0,0,0,1.0,21.0,2026-08-22T01:37:28.000Z,2026-09-02T15:52:37.000Z
lipidsynthesis,1.0,10.0,0,0,1.0,10.0,2026-08-20T05:24:58.080Z,2026-08-27T06:42:28.000Z
lisan_al_gaaib,0.0,1.0,0,0,0.0,1.0,2026-09-02T06:46:21.000Z,2026-09-02T06:46:21.000Z
little_white_hilt,1.0,6.0,0,0,1.0,6.0,2026-08-23T11:39:41.000Z,2026-09-02T09:22:00.000Z
livingdead_3,0.0,1.0,0,0,0.0,1.0,2026-08-23T09:53:50.000Z,2026-08-23T09:53:50.000Z
lmao_what04,0.0,1.0,0,0,0.0,1.0,2026-09-01T15:15:45.000Z,2026-09-01T15:15:45.000Z
logisticsOver67,0.0,1.0,0,0,0.0,1.0,2026-09-01T14:47:40.000Z,2026-09-01T14:47:40.000Z
lolgptt,0.0,1.0,0,0,0.0,1.0,2026-08-27T08:22:06.000Z,2026-08-27T08:22:06.000Z
lomdatrix,0.0,3.0,0,0,0.0,3.0,2026-08-21T18:48:24.000Z,2026-09-01T05:43:28.000Z
loner0416,0.0,1.0,0,0,0.0,1.0,2026-08-25T12:18:11.000Z,2026-08-25T12:18:11.000Z
lonewolf0777,0.0,1.0,0,0,0.0,1.0,2026-08-18T13:44:13.000Z,2026-08-18T13:44:13.000Z
lonewolf89bg,0.0,1.0,0,0,0.0,1.0,2026-08-25T08:53:34.000Z,2026-08-25T08:53:34.000Z
longpastexpirydate,0.0,1.0,0,0,0.0,1.0,2026-08-26T18:34:44.000Z,2026-08-26T18:34:44.000Z
lopsidedhumour,0.0,1.0,0,0,0.0,1.0,2026-08-24T05:07:00.000Z,2026-08-24T05:07:00.000Z
loser_core_,0.0,1.0,0,0,0.0,1.0,2026-09-01T10:34:46.000Z,2026-09-01T10:34:46.000Z
losing_soul,0.0,2.0,0,0,0.0,2.0,2026-09-01T03:06:25.000Z,2026-09-01T10:57:13.000Z
lost_Context106,0.0,4.0,0,0,0.0,4.0,2026-08-19T09:09:08.000Z,2026-08-19T09:13:23.000Z
lostbandi,0.0,1.0,0,0,0.0,1.0,2026-08-23T19:08:01.000Z,2026-08-23T19:08:01.000Z
lostindawn03,0.0,1.0,0,0,0.0,1.0,2026-08-28T09:45:18.000Z,2026-08-28T09:45:18.000Z
losttrader12,0.0,1.0,0,0,0.0,1.0,2026-08-19T17:19:16.000Z,2026-08-19T17:19:16.000Z
lousy18,0.0,1.0,0,0,0.0,1.0,2026-08-20T06:29:25.000Z,2026-08-20T06:29:25.000Z
lowbatterysoul_,0.0,5.0,0,0,0.0,5.0,2026-08-20T12:49:42.000Z,2026-08-25T19:33:23.000Z
lowkcrackin,0.0,1.0,0,0,0.0,1.0,2026-08-20T15:05:05.000Z,2026-08-20T15:05:05.000Z
loykey_sad_kitty,0.0,2.0,0,0,0.0,2.0,2026-08-26T14:20:25.000Z,2026-09-02T05:25:15.000Z
luciano-1914,0.0,1.0,0,0,0.0,1.0,2026-08-24T21:11:56.000Z,2026-08-24T21:11:56.000Z
luciano887,0.0,1.0,0,0,0.0,1.0,2026-08-26T20:38:05.000Z,2026-08-26T20:38:05.000Z
lucidboy78,0.0,2.0,0,0,0.0,2.0,2026-08-21T04:00:49.000Z,2026-08-21T04:09:26.000Z
lululilian,0.0,2.0,0,0,0.0,2.0,2026-08-27T08:35:12.000Z,2026-09-01T03:26:53.000Z
lulwa399,0.0,5.0,0,0,0.0,5.0,2026-08-22T11:06:10.000Z,2026-08-26T09:21:26.000Z
lyadhdynamics,0.0,3.0,0,0,0.0,3.0,2026-08-20T19:40:46.000Z,2026-09-02T13:47:57.000Z
lyadkhorgirgiti,1.0,9.0,0,0,1.0,9.0,2026-08-18T14:17:45.000Z,2026-08-27T06:42:11.000Z
m0007z,0.0,2.0,0,0,0.0,2.0,2026-08-27T12:02:05.000Z,2026-09-01T16:26:59.000Z
mYniCeaRn,0.0,1.0,0,0,0.0,1.0,2026-08-23T11:52:54.000Z,2026-08-23T11:52:54.000Z
macnmunch,0.0,6.0,0,0,0.0,6.0,2026-08-20T13:22:53.000Z,2026-09-02T14:07:57.000Z
maculateconstipation,0.0,1.0,0,0,0.0,1.0,2026-08-19T18:02:18.000Z,2026-08-19T18:02:18.000Z
mad_ad_naan,0.0,3.0,0,0,0.0,3.0,2026-08-23T13:03:09.000Z,2026-08-26T18:58:58.000Z
mad_hater2801,0.0,4.0,0,0,0.0,4.0,2026-08-25T09:54:45.000Z,2026-08-25T12:35:16.000Z
madan_maz,0.0,3.0,0,0,0.0,3.0,2026-08-24T13:50:31.000Z,2026-09-02T04:17:23.000Z
madmax_7823,1.0,1.0,0,0,1.0,1.0,2026-08-19T00:43:00.000Z,2026-09-01T01:00:36.435Z
madwomann13,0.0,1.0,0,0,0.0,1.0,2026-08-24T21:18:53.000Z,2026-08-24T21:18:53.000Z
magunahatata,2.0,15.0,0,0,2.0,15.0,2026-09-01T11:26:31.857Z,2026-09-02T17:05:28.000Z
magur_maacher_lyaja,2.0,43.0,0,0,2.0,43.0,2026-08-22T02:32:50.000Z,2026-08-27T05:51:16.000Z
mahak_Batool,0.0,1.0,0,0,0.0,1.0,2026-08-21T16:16:52.000Z,2026-08-21T16:16:52.000Z
mahone76,0.0,1.0,0,0,0.0,1.0,2026-08-19T09:14:19.000Z,2026-08-19T09:14:19.000Z
maimeetangka13,0.0,1.0,0,0,0.0,1.0,2026-08-19T02:53:34.000Z,2026-08-19T02:53:34.000Z
main_hoon_lee,0.0,1.0,0,0,0.0,1.0,2026-08-24T17:53:40.000Z,2026-08-24T17:53:40.000Z
mainak_never,0.0,3.0,0,0,0.0,3.0,2026-08-19T22:29:46.000Z,2026-08-26T19:49:16.000Z
majesty_mystic,0.0,3.0,0,0,0.0,3.0,2026-08-26T06:21:46.000Z,2026-08-26T17:19:02.000Z
makers_mecca,0.0,1.0,0,0,0.0,1.0,2026-08-26T08:55:24.000Z,2026-08-26T08:55:24.000Z
mama_ooOOooO,7.0,39.0,0,0,7.0,39.0,2026-08-18T11:33:10.000Z,2026-09-02T10:23:49.000Z
mandarin_0699,0.0,1.0,0,0,0.0,1.0,2026-08-22T16:21:22.000Z,2026-08-22T16:21:22.000Z
mangolectable,0.0,7.0,0,0,0.0,7.0,2026-08-22T16:23:03.000Z,2026-09-01T18:07:21.000Z
maniacal_hooligan,0.0,1.0,0,0,0.0,1.0,2026-09-01T17:31:39.000Z,2026-09-01T17:31:39.000Z
mar00ned007,0.0,4.0,0,0,0.0,4.0,2026-08-19T05:28:28.000Z,2026-08-27T15:09:30.000Z
marlflake,0.0,1.0,0,0,0.0,1.0,2026-08-27T07:37:44.000Z,2026-08-27T07:37:44.000Z
marsnerd,0.0,1.0,0,0,0.0,1.0,2026-08-18T16:58:23.000Z,2026-08-18T16:58:23.000Z
master_saiyan,0.0,1.0,0,0,0.0,1.0,2026-08-27T16:59:50.000Z,2026-08-27T16:59:50.000Z
mastershifu499,0.0,2.0,0,0,0.0,2.0,2026-08-21T07:01:11.000Z,2026-08-22T15:47:13.000Z
match_boxx,1.0,0.0,0,0,1.0,0.0,2026-08-26T17:03:52.011Z,2026-08-26T17:03:52.011Z
matcha_condom,0.0,1.0,0,0,0.0,1.0,2026-08-30T23:26:37.000Z,2026-08-30T23:26:37.000Z
maths_teacherr,0.0,1.0,0,0,0.0,1.0,2026-08-24T17:25:07.000Z,2026-08-24T17:25:07.000Z
matir_007,0.0,5.0,0,0,0.0,5.0,2026-08-20T11:45:29.000Z,2026-08-27T06:31:21.000Z
maverick0x5c,0.0,1.0,0,0,0.0,1.0,2026-08-31T21:06:15.000Z,2026-08-31T21:06:15.000Z
maxuat,0.0,2.0,0,0,0.0,2.0,2026-08-22T16:47:19.000Z,2026-08-23T14:40:08.000Z
maybe_the-dingo_ate,0.0,1.0,0,0,0.0,1.0,2026-08-19T15:07:51.000Z,2026-08-19T15:07:51.000Z
mbittu000,0.0,1.0,0,0,0.0,1.0,2026-08-27T09:49:59.000Z,2026-08-27T09:49:59.000Z
mbusy247,0.0,3.0,0,0,0.0,3.0,2026-08-27T05:58:48.000Z,2026-09-02T04:44:48.000Z
mc_ride666,0.0,2.0,0,0,0.0,2.0,2026-08-22T04:02:41.000Z,2026-09-01T03:16:35.000Z
meAf74b,1.0,0.0,0,0,1.0,0.0,2026-08-19T05:40:07.905Z,2026-08-19T05:40:07.905Z
me_theunpredictable6,1.0,7.0,0,0,1.0,7.0,2026-08-23T06:29:17.000Z,2026-09-02T04:15:00.000Z
mean_pretense,0.0,1.0,0,0,0.0,1.0,2026-09-02T08:59:17.000Z,2026-09-02T08:59:17.000Z
medalwinner16,0.0,8.0,0,0,0.0,8.0,2026-08-19T14:33:07.000Z,2026-08-31T16:07:24.000Z
mediocre_always_9289,0.0,2.0,0,0,0.0,2.0,2026-09-01T04:32:03.000Z,2026-09-01T04:33:35.000Z
meh_sush,0.0,1.0,0,0,0.0,1.0,2026-08-18T15:32:05.000Z,2026-08-18T15:32:05.000Z
mehluca-33,0.0,5.0,0,0,0.0,5.0,2026-08-20T11:58:57.000Z,2026-08-25T08:04:31.000Z
meltedsky_,1.0,1.0,0,0,1.0,1.0,2026-08-22T16:51:04.250Z,2026-08-22T19:36:30.000Z
meow_minji28,0.0,1.0,0,0,0.0,1.0,2026-08-26T21:22:07.000Z,2026-08-26T21:22:07.000Z
merc_de,0.0,1.0,0,0,0.0,1.0,2026-08-26T19:42:25.000Z,2026-08-26T19:42:25.000Z
mercyplays3276,1.0,4.0,0,0,1.0,4.0,2026-09-01T05:19:11.641Z,2026-09-01T16:29:08.000Z
mesoumya23,0.0,3.0,0,0,0.0,3.0,2026-08-20T10:21:18.000Z,2026-08-21T16:04:49.000Z
metal_zero,0.0,2.0,0,0,0.0,2.0,2026-08-24T10:48:13.000Z,2026-08-27T04:15:42.000Z
mewokerman,0.0,1.0,0,0,0.0,1.0,2026-08-24T16:10:31.000Z,2026-08-24T16:10:31.000Z
mewterr,0.0,2.0,0,0,0.0,2.0,2026-08-27T06:09:30.000Z,2026-09-01T09:31:39.000Z
mewvow,1.0,3.0,0,0,1.0,3.0,2026-08-23T15:02:36.000Z,2026-08-24T07:50:10.000Z
mhobbes,0.0,1.0,0,0,0.0,1.0,2026-08-23T15:03:12.000Z,2026-08-23T15:03:12.000Z
mi_casa0613,0.0,2.0,0,0,0.0,2.0,2026-08-22T19:07:10.000Z,2026-08-23T08:36:17.000Z
mighty-eagle2005,4.0,5.0,0,0,4.0,5.0,2026-08-21T09:17:35.000Z,2026-09-02T11:22:31.000Z
mighty_kakashi_,0.0,4.0,0,0,0.0,4.0,2026-08-20T16:59:55.000Z,2026-09-02T14:13:59.000Z
migrantmomo,0.0,1.0,0,0,0.0,1.0,2026-08-26T06:48:55.000Z,2026-08-26T06:48:55.000Z
miltus31,0.0,1.0,0,0,0.0,1.0,2026-09-02T12:24:54.000Z,2026-09-02T12:24:54.000Z
mimic_007,0.0,1.0,0,0,0.0,1.0,2026-08-27T06:44:27.000Z,2026-08-27T06:44:27.000Z
mimitheshawty,0.0,6.0,0,0,0.0,6.0,2026-08-20T03:27:20.000Z,2026-09-01T19:08:57.000Z
minchocky,1.0,0.0,0,0,1.0,0.0,2026-09-01T14:45:46.412Z,2026-09-01T14:45:46.412Z
minecraft-er4,0.0,1.0,0,0,0.0,1.0,2026-08-26T17:39:54.000Z,2026-08-26T17:39:54.000Z
minusSeven,0.0,2.0,0,0,0.0,2.0,2026-09-02T16:06:42.000Z,2026-09-02T16:10:08.000Z
mirincool,0.0,5.0,0,0,0.0,5.0,2026-08-20T17:49:04.000Z,2026-09-02T10:25:23.000Z
mirthmonarch,0.0,1.0,0,0,0.0,1.0,2026-08-26T13:04:41.000Z,2026-08-26T13:04:41.000Z
misaalpavv,1.0,5.0,0,0,1.0,5.0,2026-08-18T14:05:49.000Z,2026-08-25T19:19:38.000Z
mish-tea,0.0,9.0,0,0,0.0,9.0,2026-08-18T15:04:08.000Z,2026-08-26T17:57:01.000Z
mishal153_1,0.0,1.0,0,0,0.0,1.0,2026-08-27T16:49:10.000Z,2026-08-27T16:49:10.000Z
mishmuse,0.0,1.0,0,0,0.0,1.0,2026-08-24T04:28:59.000Z,2026-08-24T04:28:59.000Z
miss_moana1073,0.0,1.0,0,0,0.0,1.0,2026-08-19T10:08:21.000Z,2026-08-19T10:08:21.000Z
mitha999,0.0,1.0,0,0,0.0,1.0,2026-08-21T06:32:37.000Z,2026-08-21T06:32:37.000Z
mitochondriakiller,1.0,24.0,0,0,1.0,24.0,2026-08-31T12:48:41.272Z,2026-09-01T13:49:23.000Z
mitronnnn,1.0,3.0,0,0,1.0,3.0,2026-08-23T06:06:54.000Z,2026-09-01T12:00:52.000Z
mochi2its_kitty,1.0,0.0,0,0,1.0,0.0,2026-09-01T12:32:30.115Z,2026-09-01T12:32:30.115Z
mojo99m,0.0,1.0,0,0,0.0,1.0,2026-08-27T02:50:36.000Z,2026-08-27T02:50:36.000Z
mojojojo-369,0.0,2.0,0,0,0.0,2.0,2026-08-20T05:21:07.000Z,2026-08-22T17:22:57.000Z
momo-chutney-,0.0,1.0,0,0,0.0,1.0,2026-09-02T11:27:32.000Z,2026-09-02T11:27:32.000Z
mon_o_chrome,0.0,5.0,0,0,0.0,5.0,2026-08-19T06:09:25.000Z,2026-09-01T20:20:21.000Z
monkeNutz18,0.0,1.0,0,0,0.0,1.0,2026-09-01T17:17:10.000Z,2026-09-01T17:17:10.000Z
monksyy,0.0,1.0,0,0,0.0,1.0,2026-09-01T07:42:04.000Z,2026-09-01T07:42:04.000Z
monojasalways,0.0,1.0,0,0,0.0,1.0,2026-08-20T12:45:27.000Z,2026-08-20T12:45:27.000Z
monsoonwitch,0.0,1.0,0,0,0.0,1.0,2026-09-01T16:48:55.000Z,2026-09-01T16:48:55.000Z
monstertreee,0.0,4.0,0,0,0.0,4.0,2026-08-18T13:57:52.000Z,2026-08-20T14:25:19.000Z
moonparker,0.0,1.0,0,0,0.0,1.0,2026-08-23T20:44:44.000Z,2026-08-23T20:44:44.000Z
morbid-whatsthepoint,0.0,1.0,0,0,0.0,1.0,2026-08-20T01:23:39.000Z,2026-08-20T01:23:39.000Z
morichikachorabali,0.0,1.0,0,0,0.0,1.0,2026-08-21T07:24:27.000Z,2026-08-21T07:24:27.000Z
mormegil1,0.0,2.0,0,0,0.0,2.0,2026-08-25T00:34:43.000Z,2026-08-25T00:35:30.000Z
morpheus-being,0.0,1.0,0,0,0.0,1.0,2026-08-25T18:50:00.000Z,2026-08-25T18:50:00.000Z
morsecall,0.0,22.0,0,0,0.0,22.0,2026-08-22T07:58:52.000Z,2026-09-02T12:53:42.000Z
morsecode007,0.0,1.0,0,0,0.0,1.0,2026-08-27T17:44:48.000Z,2026-08-27T17:44:48.000Z
moses_exodus,0.0,2.0,0,0,0.0,2.0,2026-08-20T10:00:45.000Z,2026-08-25T06:09:11.000Z
mostlynonconformist,0.0,1.0,0,0,0.0,1.0,2026-09-01T17:43:17.000Z,2026-09-01T17:43:17.000Z
mrAmfi,0.0,1.0,0,0,0.0,1.0,2026-08-28T10:36:07.000Z,2026-08-28T10:36:07.000Z
mr_s_1811,0.0,2.0,0,0,0.0,2.0,2026-08-25T04:26:04.000Z,2026-08-26T00:42:02.000Z
mravra,0.0,1.0,0,0,0.0,1.0,2026-08-22T16:57:04.000Z,2026-08-22T16:57:04.000Z
mrhotchocolate007,0.0,1.0,0,0,0.0,1.0,2026-09-02T11:54:03.000Z,2026-09-02T11:54:03.000Z
mrpolymathy,1.0,0.0,0,0,1.0,0.0,2026-08-20T16:05:39.884Z,2026-08-20T16:05:39.884Z
mrrdx360,1.0,6.0,0,0,1.0,6.0,2026-09-01T10:18:11.483Z,2026-09-01T15:32:07.000Z
msa29_10,0.0,1.0,0,0,0.0,1.0,2026-09-02T15:55:54.000Z,2026-09-02T15:55:54.000Z
mstayoo,1.0,0.0,0,0,1.0,0.0,2026-09-02T15:15:04.170Z,2026-09-02T15:15:04.170Z
muifui,0.0,5.0,0,0,0.0,5.0,2026-08-20T06:02:24.000Z,2026-09-01T19:55:06.000Z
mujhesabpatahai,0.0,3.0,0,0,0.0,3.0,2026-08-20T10:12:46.000Z,2026-09-01T15:49:19.000Z
mukherjee_ayan,0.0,3.0,0,0,0.0,3.0,2026-08-22T20:01:22.000Z,2026-08-25T22:42:14.000Z
muse_peculiar,0.0,3.0,0,0,0.0,3.0,2026-08-24T11:33:45.000Z,2026-08-26T16:46:50.000Z
mustardgreens21,0.0,1.0,0,0,0.0,1.0,2026-08-26T09:10:42.000Z,2026-08-26T09:10:42.000Z
mustbethewater7,0.0,1.0,0,0,0.0,1.0,2026-08-19T07:51:59.000Z,2026-08-19T07:51:59.000Z
mutton_kosha,0.0,1.0,0,0,0.0,1.0,2026-08-26T07:07:30.000Z,2026-08-26T07:07:30.000Z
muttonkosha555,1.0,7.0,0,0,1.0,7.0,2026-08-25T19:00:54.274Z,2026-08-26T02:27:09.000Z
mv33_is_a_diplomat,0.0,1.0,0,0,0.0,1.0,2026-09-01T09:21:57.000Z,2026-09-01T09:21:57.000Z
my-moist-fart,0.0,5.0,0,0,0.0,5.0,2026-08-23T18:41:43.000Z,2026-09-01T12:56:06.000Z
mybutterflymon,0.0,1.0,0,0,0.0,1.0,2026-09-01T14:11:23.000Z,2026-09-01T14:11:23.000Z
mymomismybestie,0.0,3.0,0,0,0.0,3.0,2026-09-01T06:50:07.000Z,2026-09-02T14:24:00.000Z
myths_dark1,0.0,1.0,0,0,0.0,1.0,2026-08-27T02:36:33.000Z,2026-08-27T02:36:33.000Z
nabil_147,0.0,1.0,0,0,0.0,1.0,2026-08-21T08:03:24.000Z,2026-08-21T08:03:24.000Z
namey_mcnameson,0.0,1.0,0,0,0.0,1.0,2026-08-20T04:04:52.000Z,2026-08-20T04:04:52.000Z
nan_dhk,0.0,1.0,0,0,0.0,1.0,2026-09-01T14:03:17.000Z,2026-09-01T14:03:17.000Z
narenmodi420,0.0,1.0,0,0,0.0,1.0,2026-09-01T22:56:01.000Z,2026-09-01T22:56:01.000Z
narottammurmu,0.0,1.0,0,0,0.0,1.0,2026-08-20T15:12:05.000Z,2026-08-20T15:12:05.000Z
natatouille_92,1.0,5.0,0,0,1.0,5.0,2026-09-01T17:36:49.895Z,2026-09-01T18:52:07.000Z
neel71127,1.0,2.0,0,0,1.0,2.0,2026-08-23T09:33:55.000Z,2026-09-02T16:12:28.000Z
neet_bhadwa,0.0,1.0,0,0,0.0,1.0,2026-08-18T14:52:21.000Z,2026-08-18T14:52:21.000Z
neetard_26,1.0,0.0,0,0,1.0,0.0,2026-09-02T15:12:56.089Z,2026-09-02T15:12:56.089Z
neiltheboogeyman,1.0,1.0,0,0,1.0,1.0,2026-08-19T14:38:37.291Z,2026-08-19T15:30:12.000Z
nek0ooo0,1.0,11.0,0,0,1.0,11.0,2026-08-20T10:19:43.000Z,2026-08-27T09:07:29.000Z
neko_san55,2.0,8.0,0,0,2.0,8.0,2026-08-20T12:28:06.000Z,2026-09-02T17:28:24.908Z
nemanja32,0.0,1.0,0,0,0.0,1.0,2026-09-02T01:01:38.000Z,2026-09-02T01:01:38.000Z
nemesis_rk_07,1.0,0.0,0,0,1.0,0.0,2026-09-01T22:52:31.533Z,2026-09-01T22:52:31.533Z
nen119,0.0,1.0,0,0,0.0,1.0,2026-08-20T05:27:53.000Z,2026-08-20T05:27:53.000Z
neo_wandering_trader,0.0,1.0,0,0,0.0,1.0,2026-08-19T15:23:31.000Z,2026-08-19T15:23:31.000Z
nerdscholar33,0.0,2.0,0,0,0.0,2.0,2026-08-25T11:49:41.000Z,2026-08-31T12:56:47.000Z
nevermind062008,0.0,1.0,0,0,0.0,1.0,2026-08-23T03:53:48.000Z,2026-08-23T03:53:48.000Z
newbaby_boy2,1.0,6.0,0,0,1.0,6.0,2026-08-19T06:28:46.000Z,2026-09-02T16:48:47.000Z
nightmareSM2007,0.0,1.0,0,0,0.0,1.0,2026-08-21T22:10:59.000Z,2026-08-21T22:10:59.000Z
niladr,0.0,1.0,0,0,0.0,1.0,2026-08-23T19:46:13.000Z,2026-08-23T19:46:13.000Z
nimbulasun,0.0,1.0,0,0,0.0,1.0,2026-08-31T22:31:03.000Z,2026-08-31T22:31:03.000Z
nirmala-sekhar,0.0,2.0,0,0,0.0,2.0,2026-08-24T19:49:13.000Z,2026-08-31T09:01:20.000Z
no_homework97,0.0,1.0,0,0,0.0,1.0,2026-08-27T12:17:32.000Z,2026-08-27T12:17:32.000Z
no_name3213,0.0,1.0,0,0,0.0,1.0,2026-09-01T15:07:47.000Z,2026-09-01T15:07:47.000Z
nocaps991,0.0,3.0,0,0,0.0,3.0,2026-08-18T13:49:46.000Z,2026-09-01T03:04:42.000Z
nocturnalbeing3,0.0,19.0,0,0,0.0,19.0,2026-08-23T00:56:52.000Z,2026-08-27T02:49:27.000Z
noloveonlysex,0.0,1.0,0,0,0.0,1.0,2026-08-23T16:48:16.000Z,2026-08-23T16:48:16.000Z
nonamevro,1.0,1.0,0,0,1.0,1.0,2026-08-19T20:08:31.205Z,2026-08-20T10:47:40.000Z
northofgrey,1.0,2.0,0,0,1.0,2.0,2026-09-02T01:12:33.407Z,2026-09-02T06:01:27.000Z
nosargeitwasntme,0.0,3.0,0,0,0.0,3.0,2026-08-27T06:12:40.000Z,2026-08-27T06:56:05.000Z
not-cold-yet,0.0,1.0,0,0,0.0,1.0,2026-09-02T03:14:57.000Z,2026-09-02T03:14:57.000Z
not-so-cool-guy-,0.0,1.0,0,0,0.0,1.0,2026-08-20T11:20:20.000Z,2026-08-20T11:20:20.000Z
notSYNKR,0.0,5.0,0,0,0.0,5.0,2026-08-21T18:38:21.000Z,2026-08-26T07:16:22.000Z
not_JD2006,0.0,1.0,0,0,0.0,1.0,2026-08-23T17:16:07.000Z,2026-08-23T17:16:07.000Z
not_my_cup_of_tea_00,0.0,1.0,0,0,0.0,1.0,2026-08-27T09:00:31.000Z,2026-08-27T09:00:31.000Z
nothingness_____,0.0,1.0,0,0,0.0,1.0,2026-08-21T16:25:48.000Z,2026-08-21T16:25:48.000Z
notkrishn,0.0,1.0,0,0,0.0,1.0,2026-08-27T02:31:32.000Z,2026-08-27T02:31:32.000Z
notorious_frog_2,0.0,1.0,0,0,0.0,1.0,2026-09-01T13:00:18.000Z,2026-09-01T13:00:18.000Z
notraysfinalform,0.0,1.0,0,0,0.0,1.0,2026-08-21T17:50:43.000Z,2026-08-21T17:50:43.000Z
notsharanya,1.0,3.0,0,0,1.0,3.0,2026-08-21T16:02:43.805Z,2026-08-25T10:31:12.000Z
notsodifferentguy65,0.0,1.0,0,0,0.0,1.0,2026-08-21T16:29:28.000Z,2026-08-21T16:29:28.000Z
nottinghamreds,1.0,0.0,0,0,1.0,0.0,2026-09-01T05:19:28.702Z,2026-09-01T05:19:28.702Z
notvibecoder,0.0,1.0,0,0,0.0,1.0,2026-08-24T16:15:29.000Z,2026-08-24T16:15:29.000Z
noxtox95,0.0,1.0,0,0,0.0,1.0,2026-08-27T16:06:57.000Z,2026-08-27T16:06:57.000Z
nrgmondal88,0.0,1.0,0,0,0.0,1.0,2026-09-02T06:27:51.000Z,2026-09-02T06:27:51.000Z
nse_yolo,0.0,1.0,0,0,0.0,1.0,2026-08-22T06:56:27.000Z,2026-08-22T06:56:27.000Z
nubero69,0.0,1.0,0,0,0.0,1.0,2026-08-24T17:13:23.000Z,2026-08-24T17:13:23.000Z
null_apex_optics_42-,0.0,1.0,0,0,0.0,1.0,2026-08-26T14:41:40.000Z,2026-08-26T14:41:40.000Z
numbu_g,0.0,3.0,0,0,0.0,3.0,2026-08-18T19:36:25.000Z,2026-08-23T06:40:41.000Z
nyctophilecat,0.0,2.0,0,0,0.0,2.0,2026-08-20T11:12:29.000Z,2026-08-23T06:42:58.000Z
nymphofwave,0.0,1.0,0,0,0.0,1.0,2026-09-02T16:59:46.000Z,2026-09-02T16:59:46.000Z
o1eroy,0.0,4.0,0,0,0.0,4.0,2026-08-19T11:52:06.000Z,2026-08-19T14:01:54.000Z
oar_of_boat,0.0,1.0,0,0,0.0,1.0,2026-08-26T04:34:57.000Z,2026-08-26T04:34:57.000Z
observer_wanderer,0.0,2.0,0,0,0.0,2.0,2026-09-01T17:04:48.000Z,2026-09-01T18:55:56.000Z
ohboyyeah6,0.0,1.0,0,0,0.0,1.0,2026-08-20T10:44:31.000Z,2026-08-20T10:44:31.000Z
ohdear_holdmybeer,0.0,3.0,0,0,0.0,3.0,2026-08-23T13:49:33.000Z,2026-08-25T00:22:33.000Z
okay-nga,0.0,1.0,0,0,0.0,1.0,2026-08-19T02:32:15.000Z,2026-08-19T02:32:15.000Z
okayanika,0.0,1.0,0,0,0.0,1.0,2026-08-23T15:04:27.000Z,2026-08-23T15:04:27.000Z
oksoub,0.0,1.0,0,0,0.0,1.0,2026-08-18T13:57:10.000Z,2026-08-18T13:57:10.000Z
oldmonk_100,4.0,5.0,0,0,4.0,5.0,2026-08-21T18:28:04.940Z,2026-09-02T17:27:16.284Z
olive_bluey,0.0,1.0,0,0,0.0,1.0,2026-08-20T07:17:14.000Z,2026-08-20T07:17:14.000Z
omniscientSZ,0.0,1.0,0,0,0.0,1.0,2026-08-26T14:20:25.000Z,2026-08-26T14:20:25.000Z
oneHeadRavana,0.0,1.0,0,0,0.0,1.0,2026-08-24T06:17:25.000Z,2026-08-24T06:17:25.000Z
onionflavouredbanana,0.0,5.0,0,0,0.0,5.0,2026-08-22T04:36:25.000Z,2026-09-01T17:24:04.000Z
oogabooga202,0.0,1.0,0,0,0.0,1.0,2026-08-21T09:29:06.000Z,2026-08-21T09:29:06.000Z
otter_lion_1956,0.0,2.0,0,0,0.0,2.0,2026-09-01T06:21:27.000Z,2026-09-01T07:41:40.000Z
overtlyanxiousguy,0.0,1.0,0,0,0.0,1.0,2026-08-23T19:37:26.000Z,2026-08-23T19:37:26.000Z
owitsme,1.0,0.0,0,0,1.0,0.0,2026-08-26T20:10:03.223Z,2026-08-26T20:10:03.223Z
owl_jojo_2,0.0,2.0,0,0,0.0,2.0,2026-08-20T11:42:52.000Z,2026-08-22T11:22:42.000Z
paSSrd,0.0,21.0,0,0,0.0,21.0,2026-08-19T14:40:04.000Z,2026-09-02T16:43:15.000Z
paantaabhaat,1.0,9.0,0,0,1.0,9.0,2026-08-20T17:50:25.000Z,2026-09-02T10:03:03.000Z
pabitra_papi,0.0,1.0,0,0,0.0,1.0,2026-08-28T04:31:40.000Z,2026-08-28T04:31:40.000Z
pagoljoy,1.0,3.0,0,0,1.0,3.0,2026-08-25T07:07:53.178Z,2026-08-25T11:32:36.000Z
panditji_gaya_waale,0.0,1.0,0,0,0.0,1.0,2026-08-23T13:00:58.000Z,2026-08-23T13:00:58.000Z
panindia9,0.0,1.0,0,0,0.0,1.0,2026-08-26T22:41:45.000Z,2026-08-26T22:41:45.000Z
pankajjaha,0.0,1.0,0,0,0.0,1.0,2026-08-20T03:55:35.000Z,2026-08-20T03:55:35.000Z
pansicasis,0.0,2.0,0,0,0.0,2.0,2026-08-19T10:46:46.000Z,2026-08-23T17:45:17.000Z
papapapaglu,0.0,1.0,0,0,0.0,1.0,2026-08-23T09:40:15.000Z,2026-08-23T09:40:15.000Z
parabolic_ock,0.0,3.0,0,0,0.0,3.0,2026-08-18T15:39:23.000Z,2026-09-01T02:48:35.000Z
paradoxical_neel,0.0,1.0,0,0,0.0,1.0,2026-08-27T20:00:02.000Z,2026-08-27T20:00:02.000Z
paramint,0.0,8.0,0,0,0.0,8.0,2026-08-21T20:21:34.000Z,2026-08-27T07:16:30.000Z
paranoid_queen666,0.0,3.0,0,0,0.0,3.0,2026-08-21T12:01:35.000Z,2026-08-23T12:53:01.000Z
paranoidubuntu,0.0,1.0,0,0,0.0,1.0,2026-08-26T05:50:38.000Z,2026-08-26T05:50:38.000Z
park_fren_1995,0.0,5.0,0,0,0.0,5.0,2026-08-19T12:40:56.000Z,2026-09-02T13:12:57.000Z
parnasha,0.0,1.0,0,0,0.0,1.0,2026-08-21T13:13:15.000Z,2026-08-21T13:13:15.000Z
partha24,0.0,1.0,0,0,0.0,1.0,2026-08-23T03:55:08.000Z,2026-08-23T03:55:08.000Z
parthivkc26,1.0,2.0,0,0,1.0,2.0,2026-08-22T17:46:01.063Z,2026-08-26T09:20:20.000Z
patrick_bateman_21,0.0,2.0,0,0,0.0,2.0,2026-08-18T15:39:09.000Z,2026-08-21T13:00:29.000Z
paula489,0.0,1.0,0,0,0.0,1.0,2026-08-22T20:50:02.000Z,2026-08-22T20:50:02.000Z
paune_do,0.0,2.0,0,0,0.0,2.0,2026-08-19T12:06:48.000Z,2026-08-20T04:31:57.000Z
pauravsharma1993,0.0,1.0,0,0,0.0,1.0,2026-08-21T21:52:09.000Z,2026-08-21T21:52:09.000Z
pavan__7,0.0,1.0,0,0,0.0,1.0,2026-08-20T18:13:41.000Z,2026-08-20T18:13:41.000Z
pawanpareekXD,0.0,1.0,0,0,0.0,1.0,2026-08-27T02:13:32.000Z,2026-08-27T02:13:32.000Z
pawzoned,0.0,2.0,0,0,0.0,2.0,2026-08-18T13:57:39.000Z,2026-09-01T07:18:26.000Z
pbn2004,0.0,1.0,0,0,0.0,1.0,2026-08-18T16:06:00.000Z,2026-08-18T16:06:00.000Z
peace-Initiative,0.0,1.0,0,0,0.0,1.0,2026-08-19T05:34:46.000Z,2026-08-19T05:34:46.000Z
peachesarepink,1.0,1.0,0,0,1.0,1.0,2026-08-22T06:18:59.703Z,2026-09-02T17:09:31.000Z
peacock_sunglasses,0.0,1.0,0,0,0.0,1.0,2026-08-18T15:43:39.000Z,2026-08-18T15:43:39.000Z
performa1,0.0,3.0,0,0,0.0,3.0,2026-08-20T17:25:14.000Z,2026-08-31T18:18:05.000Z
petitedivinity78,0.0,1.0,0,0,0.0,1.0,2026-08-18T15:39:14.000Z,2026-08-18T15:39:14.000Z
phatqueen97,0.0,1.0,0,0,0.0,1.0,2026-08-20T12:10:56.000Z,2026-08-20T12:10:56.000Z
phoEn1x_190502,0.0,1.0,0,0,0.0,1.0,2026-08-20T13:03:43.000Z,2026-08-20T13:03:43.000Z
phoenix2106,0.0,2.0,0,0,0.0,2.0,2026-08-24T07:52:38.000Z,2026-09-01T14:29:41.000Z
phoenix307269,0.0,2.0,0,0,0.0,2.0,2026-08-22T17:51:27.000Z,2026-08-22T17:54:39.000Z
phoenix_1654,0.0,1.0,0,0,0.0,1.0,2026-08-25T05:41:44.000Z,2026-08-25T05:41:44.000Z
pink-Raspberryy,3.0,3.0,0,0,3.0,3.0,2026-08-21T15:10:11.333Z,2026-08-24T13:30:46.470Z
pinkbarbie090907,1.0,1.0,0,0,1.0,1.0,2026-08-20T03:36:06.018Z,2026-08-20T07:30:47.000Z
pipe_runner,1.0,9.0,0,0,1.0,9.0,2026-08-19T08:51:38.270Z,2026-08-19T14:14:03.000Z
pipi42069,1.0,4.0,0,0,1.0,4.0,2026-08-20T09:37:17.000Z,2026-08-27T09:51:43.000Z
piroshku,0.0,5.0,0,0,0.0,5.0,2026-08-19T10:09:44.000Z,2026-09-01T07:17:54.000Z
pivot_pro,0.0,1.0,0,0,0.0,1.0,2026-08-24T14:44:55.000Z,2026-08-24T14:44:55.000Z
pixworm,0.0,8.0,0,0,0.0,8.0,2026-08-20T10:58:43.000Z,2026-08-26T14:30:02.000Z
piyal_9,0.0,1.0,0,0,0.0,1.0,2026-08-25T07:20:38.000Z,2026-08-25T07:20:38.000Z
plantrromn,0.0,1.0,0,0,0.0,1.0,2026-08-22T10:55:27.000Z,2026-08-22T10:55:27.000Z
pleasedontbanme-pls,0.0,3.0,0,0,0.0,3.0,2026-08-22T08:54:47.000Z,2026-08-22T08:55:57.000Z
pm642,0.0,1.0,0,0,0.0,1.0,2026-08-22T17:54:52.000Z,2026-08-22T17:54:52.000Z
pogchampniggesh,0.0,5.0,0,0,0.0,5.0,2026-08-19T07:54:27.000Z,2026-09-01T16:06:55.000Z
poisson_rati0,0.0,1.0,0,0,0.0,1.0,2026-08-25T18:58:26.000Z,2026-08-25T18:58:26.000Z
politicaIanalyst,3.0,4.0,0,0,3.0,4.0,2026-08-20T15:41:34.664Z,2026-08-24T13:14:45.000Z
pookieboyfr,0.0,1.0,0,0,0.0,1.0,2026-09-01T07:52:25.000Z,2026-09-01T07:52:25.000Z
pookiedookiepandabae,1.0,3.0,0,0,1.0,3.0,2026-08-23T05:05:45.000Z,2026-08-29T10:47:05.000Z
porib,0.0,9.0,0,0,0.0,9.0,2026-08-22T23:28:54.000Z,2026-08-26T10:05:34.000Z
postfusion_331,0.0,1.0,0,0,0.0,1.0,2026-08-22T14:26:55.000Z,2026-08-22T14:26:55.000Z
pousaaa,0.0,1.0,0,0,0.0,1.0,2026-08-26T14:17:45.000Z,2026-08-26T14:17:45.000Z
ppatra,2.0,33.0,0,0,2.0,33.0,2026-08-19T05:25:29.000Z,2026-09-02T10:43:15.000Z
prasunsaha77,0.0,1.0,0,0,0.0,1.0,2026-09-02T12:08:49.000Z,2026-09-02T12:08:49.000Z
prat-rivo,1.0,9.0,0,0,1.0,9.0,2026-08-19T04:33:40.000Z,2026-08-27T06:03:46.000Z
predetor404,0.0,1.0,0,0,0.0,1.0,2026-08-19T13:12:54.000Z,2026-08-19T13:12:54.000Z
preetam069,0.0,1.0,0,0,0.0,1.0,2026-08-24T10:15:47.000Z,2026-08-24T10:15:47.000Z
prerona_das,1.0,0.0,0,0,1.0,0.0,2026-09-02T21:01:10.840Z,2026-09-02T21:01:10.840Z
preyashu666,1.0,35.0,0,0,1.0,35.0,2026-08-19T22:29:27.398Z,2026-08-23T18:43:54.000Z
prince28_7,0.0,1.0,0,0,0.0,1.0,2026-08-18T14:39:11.000Z,2026-08-18T14:39:11.000Z
princewin94,0.0,4.0,0,0,0.0,4.0,2026-08-21T03:55:35.000Z,2026-08-26T02:52:17.000Z
prithwishdey,0.0,4.0,0,0,0.0,4.0,2026-08-22T05:44:24.000Z,2026-08-25T20:51:05.000Z
pritthi7,0.0,3.0,0,0,0.0,3.0,2026-08-20T15:55:05.000Z,2026-08-24T13:30:25.000Z
priyam_basak,0.0,1.0,0,0,0.0,1.0,2026-08-20T03:49:26.000Z,2026-08-20T03:49:26.000Z
priyankan1102,0.0,1.0,0,0,0.0,1.0,2026-08-27T06:18:37.000Z,2026-08-27T06:18:37.000Z
priyummy,0.0,2.0,0,0,0.0,2.0,2026-08-22T17:11:32.000Z,2026-08-25T15:16:14.000Z
proasr,0.0,1.0,0,0,0.0,1.0,2026-08-20T11:29:45.000Z,2026-08-20T11:29:45.000Z
prodoshmitter,0.0,1.0,0,0,0.0,1.0,2026-08-20T18:03:02.000Z,2026-08-20T18:03:02.000Z
prodx98,0.0,1.0,0,0,0.0,1.0,2026-08-24T08:06:16.000Z,2026-08-24T08:06:16.000Z
prof_devilsadvocate3,0.0,6.0,0,0,0.0,6.0,2026-08-20T10:42:20.000Z,2026-09-01T06:11:11.000Z
professor_ayushh,0.0,1.0,0,0,0.0,1.0,2026-08-27T09:34:46.000Z,2026-08-27T09:34:46.000Z
profhizibizbiz,0.0,1.0,0,0,0.0,1.0,2026-08-31T12:24:19.000Z,2026-08-31T12:24:19.000Z
proghead00,0.0,1.0,0,0,0.0,1.0,2026-08-23T14:59:39.000Z,2026-08-23T14:59:39.000Z
protein_propaganda,0.0,1.0,0,0,0.0,1.0,2026-08-20T04:29:04.000Z,2026-08-20T04:29:04.000Z
psychyari,0.0,1.0,0,0,0.0,1.0,2026-08-27T14:42:18.000Z,2026-08-27T14:42:18.000Z
pun_chali,0.0,1.0,0,0,0.0,1.0,2026-08-28T08:59:58.000Z,2026-08-28T08:59:58.000Z
puredil,0.0,2.0,0,0,0.0,2.0,2026-08-24T05:57:14.000Z,2026-08-26T07:31:40.000Z
purplecookiesuwu,0.0,1.0,0,0,0.0,1.0,2026-08-24T15:01:41.000Z,2026-08-24T15:01:41.000Z
pussylover0404,0.0,1.0,0,0,0.0,1.0,2026-08-24T13:17:10.000Z,2026-08-24T13:17:10.000Z
putu0101,0.0,1.0,0,0,0.0,1.0,2026-08-20T14:19:58.000Z,2026-08-20T14:19:58.000Z
puzzledfundude69,0.0,1.0,0,0,0.0,1.0,2026-08-27T12:47:04.000Z,2026-08-27T12:47:04.000Z
pxl_aurous,0.0,2.0,0,0,0.0,2.0,2026-08-25T12:12:51.000Z,2026-08-25T12:13:27.000Z
pyaaricetamoll,0.0,1.0,0,0,0.0,1.0,2026-08-20T21:49:41.000Z,2026-08-20T21:49:41.000Z
pygmypiggypie,0.0,2.0,0,0,0.0,2.0,2026-08-19T11:51:25.000Z,2026-08-20T14:35:26.000Z
qMinecraft,0.0,1.0,0,0,0.0,1.0,2026-08-18T14:44:26.000Z,2026-08-18T14:44:26.000Z
queen_roy,0.0,1.0,0,0,0.0,1.0,2026-08-27T13:26:22.000Z,2026-08-27T13:26:22.000Z
quirky_planet,0.0,1.0,0,0,0.0,1.0,2026-08-20T03:47:39.000Z,2026-08-20T03:47:39.000Z
qushawl_wasu,0.0,1.0,0,0,0.0,1.0,2026-08-22T05:51:49.000Z,2026-08-22T05:51:49.000Z
r0ttenqti3,0.0,1.0,0,0,0.0,1.0,2026-08-23T07:17:50.000Z,2026-08-23T07:17:50.000Z
r_favourite_uk,1.0,2.0,0,0,1.0,2.0,2026-08-21T10:54:40.818Z,2026-08-21T13:35:23.000Z
raandomstrangerhere,0.0,1.0,0,0,0.0,1.0,2026-08-22T05:41:32.000Z,2026-08-22T05:41:32.000Z
raded363,0.0,1.0,0,0,0.0,1.0,2026-08-22T19:26:00.000Z,2026-08-22T19:26:00.000Z
rahulmndl96,0.0,1.0,0,0,0.0,1.0,2026-08-19T16:03:49.000Z,2026-08-19T16:03:49.000Z
rajarshiamity,0.0,1.0,0,0,0.0,1.0,2026-09-02T01:14:40.000Z,2026-09-02T01:14:40.000Z
rajarshikhatua,0.0,1.0,0,0,0.0,1.0,2026-08-31T23:11:26.000Z,2026-08-31T23:11:26.000Z
rajdeep-myself,1.0,4.0,0,0,1.0,4.0,2026-08-21T19:35:54.208Z,2026-08-22T05:39:09.000Z
rajeshbhat_ds,1.0,4.0,0,0,1.0,4.0,2026-08-21T15:48:09.548Z,2026-08-21T17:43:50.000Z
rajivranjan999,0.0,1.0,0,0,0.0,1.0,2026-09-02T05:25:36.000Z,2026-09-02T05:25:36.000Z
rajjjjjj6669,0.0,1.0,0,0,0.0,1.0,2026-08-22T06:38:08.000Z,2026-08-22T06:38:08.000Z
rajonet,0.0,1.0,0,0,0.0,1.0,2026-08-19T18:50:49.000Z,2026-08-19T18:50:49.000Z
rakrasnaya,0.0,1.0,0,0,0.0,1.0,2026-09-01T19:39:41.000Z,2026-09-01T19:39:41.000Z
ramben_geek_03_09,0.0,1.0,0,0,0.0,1.0,2026-08-24T14:07:54.000Z,2026-08-24T14:07:54.000Z
ramizwildboy,0.0,2.0,0,0,0.0,2.0,2026-08-19T19:34:33.000Z,2026-08-23T06:24:22.000Z
rammohanroy,0.0,5.0,0,0,0.0,5.0,2026-08-21T02:19:36.000Z,2026-09-02T16:55:47.000Z
random92618,0.0,1.0,0,0,0.0,1.0,2026-09-01T04:11:49.000Z,2026-09-01T04:11:49.000Z
random_observer11,0.0,2.0,0,0,0.0,2.0,2026-08-21T07:45:29.000Z,2026-08-24T14:06:57.000Z
randomdeccv,0.0,1.0,0,0,0.0,1.0,2026-08-18T13:57:26.000Z,2026-08-18T13:57:26.000Z
raptorswold,0.0,1.0,0,0,0.0,1.0,2026-08-20T09:34:42.000Z,2026-08-20T09:34:42.000Z
raskolniko_v,3.0,36.0,0,0,3.0,36.0,2026-08-23T06:45:54.220Z,2026-09-01T19:28:57.000Z
rater_bela,0.0,1.0,0,0,0.0,1.0,2026-09-01T16:24:43.000Z,2026-09-01T16:24:43.000Z
rattling_riot,0.0,1.0,0,0,0.0,1.0,2026-08-20T06:03:46.000Z,2026-08-20T06:03:46.000Z
raydebapratim1,4.0,0.0,0,0,4.0,0.0,2026-08-26T04:33:39.173Z,2026-09-03T04:21:41.447Z
reach4dave,0.0,1.0,0,0,0.0,1.0,2026-08-27T07:36:57.000Z,2026-08-27T07:36:57.000Z
realbootytickler,0.0,2.0,0,0,0.0,2.0,2026-08-18T15:36:15.000Z,2026-08-18T15:39:47.000Z
realdaredevilhere,1.0,27.0,0,0,1.0,27.0,2026-08-19T16:30:55.000Z,2026-08-21T21:43:02.000Z
realm_of_subcultures,0.0,1.0,0,0,0.0,1.0,2026-08-24T14:49:07.000Z,2026-08-24T14:49:07.000Z
reddit-BlueSky,0.0,1.0,0,0,0.0,1.0,2026-08-31T16:20:19.000Z,2026-08-31T16:20:19.000Z
redditcruzer,0.0,1.0,0,0,0.0,1.0,2026-08-26T07:02:28.000Z,2026-08-26T07:02:28.000Z
redeggsaladog,0.0,1.0,0,0,0.0,1.0,2026-09-02T13:44:37.000Z,2026-09-02T13:44:37.000Z
redoktober1112,0.0,1.0,0,0,0.0,1.0,2026-08-24T05:33:10.000Z,2026-08-24T05:33:10.000Z
redshoelover8204,0.0,4.0,0,0,0.0,4.0,2026-08-18T14:41:03.000Z,2026-08-22T17:18:05.000Z
redstzz69,0.0,1.0,0,0,0.0,1.0,2026-08-20T02:59:49.000Z,2026-08-20T02:59:49.000Z
redwoodbranch,0.0,2.0,0,0,0.0,2.0,2026-08-23T12:42:59.000Z,2026-08-24T05:05:52.000Z
refrizzerator7,1.0,8.0,0,0,1.0,8.0,2026-08-20T05:33:49.000Z,2026-08-26T17:16:59.000Z
reiinurheart,1.0,3.0,0,0,1.0,3.0,2026-08-19T17:39:17.957Z,2026-08-19T17:43:59.000Z
reinnovated32,0.0,1.0,0,0,0.0,1.0,2026-08-27T07:21:07.000Z,2026-08-27T07:21:07.000Z
restlessmai,0.0,2.0,0,0,0.0,2.0,2026-08-20T13:23:12.000Z,2026-09-01T19:17:23.000Z
retard_seasoning,0.0,4.0,0,0,0.0,4.0,2026-08-22T12:47:20.000Z,2026-08-26T12:20:39.000Z
retardedrae,0.0,1.0,0,0,0.0,1.0,2026-09-01T13:05:27.000Z,2026-09-01T13:05:27.000Z
reverie_symbol,0.0,4.0,0,0,0.0,4.0,2026-08-19T11:10:35.000Z,2026-09-02T15:15:26.000Z
revozaa,0.0,1.0,0,0,0.0,1.0,2026-08-18T20:30:03.000Z,2026-08-18T20:30:03.000Z
riamusk39,1.0,0.0,0,0,1.0,0.0,2026-08-23T06:16:36.875Z,2026-08-23T06:16:36.875Z
ricendchickenlover,0.0,2.0,0,0,0.0,2.0,2026-08-18T14:25:23.000Z,2026-08-21T07:28:51.000Z
rickysanchez_,0.0,3.0,0,0,0.0,3.0,2026-08-24T18:36:16.000Z,2026-09-02T05:46:23.000Z
rida_white_birch,0.0,1.0,0,0,0.0,1.0,2026-08-27T09:07:11.000Z,2026-08-27T09:07:11.000Z
ridermgk,0.0,1.0,0,0,0.0,1.0,2026-08-21T05:21:19.000Z,2026-08-21T05:21:19.000Z
rik_1819,0.0,1.0,0,0,0.0,1.0,2026-08-20T20:08:25.000Z,2026-08-20T20:08:25.000Z
rikawwx,0.0,1.0,0,0,0.0,1.0,2026-08-26T16:33:28.000Z,2026-08-26T16:33:28.000Z
rio413,0.0,1.0,0,0,0.0,1.0,2026-08-20T18:35:46.000Z,2026-08-20T18:35:46.000Z
rionitra95,0.0,1.0,0,0,0.0,1.0,2026-08-23T10:37:34.000Z,2026-08-23T10:37:34.000Z
rishdevdas,1.0,1.0,0,0,1.0,1.0,2026-08-26T22:06:16.626Z,2026-08-26T22:17:44.000Z
ritwickb17,0.0,1.0,0,0,0.0,1.0,2026-09-02T15:38:39.000Z,2026-09-02T15:38:39.000Z
ritzyisforever,0.0,1.0,0,0,0.0,1.0,2026-08-18T21:31:11.000Z,2026-08-18T21:31:11.000Z
riverdaughter99,0.0,1.0,0,0,0.0,1.0,2026-09-01T17:20:26.000Z,2026-09-01T17:20:26.000Z
riya11234,0.0,1.0,0,0,0.0,1.0,2026-08-22T07:08:05.000Z,2026-08-22T07:08:05.000Z
rjdeep69,0.0,1.0,0,0,0.0,1.0,2026-08-19T07:03:35.000Z,2026-08-19T07:03:35.000Z
robertangier2096,1.0,1.0,0,0,1.0,1.0,2026-09-02T06:20:46.316Z,2026-09-02T08:12:35.000Z
rock_hard_bicep,0.0,1.0,0,0,0.0,1.0,2026-08-20T12:44:09.000Z,2026-08-20T12:44:09.000Z
rocketman_95,0.0,1.0,0,0,0.0,1.0,2026-08-24T06:55:42.000Z,2026-08-24T06:55:42.000Z
roddur_roy69,0.0,1.0,0,0,0.0,1.0,2026-08-21T11:54:01.000Z,2026-08-21T11:54:01.000Z
rohit_vior,0.0,1.0,0,0,0.0,1.0,2026-08-19T15:28:39.000Z,2026-08-19T15:28:39.000Z
romanhero555,0.0,1.0,0,0,0.0,1.0,2026-08-25T02:48:22.000Z,2026-08-25T02:48:22.000Z
ron_luciefer,0.0,2.0,0,0,0.0,2.0,2026-08-23T20:50:00.000Z,2026-08-26T20:08:30.000Z
rona83,0.0,2.0,0,0,0.0,2.0,2026-08-20T13:19:22.000Z,2026-08-23T13:33:54.000Z
ronniegonsalvez,0.0,1.0,0,0,0.0,1.0,2026-09-01T13:43:47.000Z,2026-09-01T13:43:47.000Z
ronodipbasak,0.0,1.0,0,0,0.0,1.0,2026-08-26T06:59:24.000Z,2026-08-26T06:59:24.000Z
rose_n_gun,0.0,1.0,0,0,0.0,1.0,2026-08-18T14:25:56.000Z,2026-08-18T14:25:56.000Z
rosogollhhhaa,0.0,2.0,0,0,0.0,2.0,2026-09-02T12:20:08.000Z,2026-09-02T12:21:21.000Z
rounakr94,0.0,1.0,0,0,0.0,1.0,2026-09-01T03:21:27.000Z,2026-09-01T03:21:27.000Z
roy_ambush,0.0,1.0,0,0,0.0,1.0,2026-08-26T16:23:49.000Z,2026-08-26T16:23:49.000Z
royhohenhime,0.0,1.0,0,0,0.0,1.0,2026-08-25T14:23:57.000Z,2026-08-25T14:23:57.000Z
rrm6917,0.0,1.0,0,0,0.0,1.0,2026-08-24T04:48:41.000Z,2026-08-24T04:48:41.000Z
rshbh0710,0.0,1.0,0,0,0.0,1.0,2026-08-26T07:46:43.000Z,2026-08-26T07:46:43.000Z
ruckus500,0.0,2.0,0,0,0.0,2.0,2026-08-24T23:05:06.000Z,2026-08-26T00:12:11.000Z
ruddho02,0.0,1.0,0,0,0.0,1.0,2026-08-23T15:03:46.000Z,2026-08-23T15:03:46.000Z
ruminatorr,0.0,1.0,0,0,0.0,1.0,2026-08-22T07:08:01.000Z,2026-08-22T07:08:01.000Z
rup4m_raw,0.0,6.0,0,0,0.0,6.0,2026-08-19T10:04:06.000Z,2026-08-26T07:54:43.000Z
rupak76,0.0,1.0,0,0,0.0,1.0,2026-09-02T09:58:16.000Z,2026-09-02T09:58:16.000Z
rupanshu08,1.0,12.0,0,0,1.0,12.0,2026-08-20T09:17:39.000Z,2026-08-27T05:59:43.000Z
rush2_bnumb,0.0,5.0,0,0,0.0,5.0,2026-08-21T23:17:19.000Z,2026-08-23T12:04:33.000Z
rushan3103,0.0,2.0,0,0,0.0,2.0,2026-08-22T12:05:43.000Z,2026-08-24T19:22:06.000Z
rushedbyanirban,0.0,3.0,0,0,0.0,3.0,2026-08-22T14:19:21.000Z,2026-08-26T17:07:23.000Z
ryu1_,1.0,0.0,0,0,1.0,0.0,2026-09-02T17:21:43.099Z,2026-09-02T17:21:43.099Z
s0c1al_sl0th,0.0,2.0,0,0,0.0,2.0,2026-08-20T11:53:10.000Z,2026-09-02T14:53:03.000Z
s27mandal,0.0,3.0,0,0,0.0,3.0,2026-09-01T06:37:45.000Z,2026-09-02T14:03:22.000Z
s3lv3st3r,0.0,2.0,0,0,0.0,2.0,2026-08-21T15:21:52.000Z,2026-08-26T11:43:30.000Z
s4gnik69,0.0,1.0,0,0,0.0,1.0,2026-08-24T14:33:31.000Z,2026-08-24T14:33:31.000Z
s7572,0.0,1.0,0,0,0.0,1.0,2026-08-22T12:17:14.000Z,2026-08-22T12:17:14.000Z
sKyr0n07,0.0,1.0,0,0,0.0,1.0,2026-09-02T05:41:54.000Z,2026-09-02T05:41:54.000Z
saba8731,0.0,1.0,0,0,0.0,1.0,2026-08-20T01:20:13.000Z,2026-08-20T01:20:13.000Z
sabkimaakichudiyaaa,0.0,1.0,0,0,0.0,1.0,2026-08-23T16:08:58.000Z,2026-08-23T16:08:58.000Z
sabkopagalbanadungi,0.0,4.0,0,0,0.0,4.0,2026-08-23T16:43:25.000Z,2026-08-26T13:36:02.000Z
sad_truant,0.0,3.0,0,0,0.0,3.0,2026-08-19T09:37:04.000Z,2026-08-22T18:34:07.000Z
sagnikdutta,0.0,1.0,0,0,0.0,1.0,2026-08-24T16:46:15.000Z,2026-08-24T16:46:15.000Z
sahufied,0.0,1.0,0,0,0.0,1.0,2026-08-20T13:25:27.000Z,2026-08-20T13:25:27.000Z
sambomemer,0.0,1.0,0,0,0.0,1.0,2026-08-22T06:13:00.000Z,2026-08-22T06:13:00.000Z
samikguha,0.0,2.0,0,0,0.0,2.0,2026-08-22T06:43:56.000Z,2026-08-27T04:26:30.000Z
samosa_baddie,0.0,3.0,0,0,0.0,3.0,2026-08-18T14:25:21.000Z,2026-08-23T13:39:08.000Z
samsung-pagla,0.0,1.0,0,0,0.0,1.0,2026-08-27T05:49:46.000Z,2026-08-27T05:49:46.000Z
sand0987,1.0,10.0,0,0,1.0,10.0,2026-08-24T02:49:02.861Z,2026-08-24T05:14:00.000Z
sanghita_2006,0.0,1.0,0,0,0.0,1.0,2026-08-27T17:58:10.000Z,2026-08-27T17:58:10.000Z
sanic_gracia,0.0,1.0,0,0,0.0,1.0,2026-08-21T18:59:24.000Z,2026-08-21T18:59:24.000Z
sanjay_Darktheon,0.0,1.0,0,0,0.0,1.0,2026-08-21T16:26:39.000Z,2026-08-21T16:26:39.000Z
sanjayrocks,0.0,1.0,0,0,0.0,1.0,2026-08-24T18:48:10.000Z,2026-08-24T18:48:10.000Z
sanjib0341,0.0,1.0,0,0,0.0,1.0,2026-08-25T04:58:33.000Z,2026-08-25T04:58:33.000Z
sankhadeepbiswas6,1.0,6.0,0,0,1.0,6.0,2026-08-25T06:09:58.530Z,2026-08-26T07:50:50.000Z
sansastark1431,0.0,1.0,0,0,0.0,1.0,2026-09-02T04:43:39.000Z,2026-09-02T04:43:39.000Z
santaold,0.0,1.0,0,0,0.0,1.0,2026-08-22T07:38:09.000Z,2026-08-22T07:38:09.000Z
santrupt1994,1.0,0.0,0,0,1.0,0.0,2026-08-22T08:04:18.037Z,2026-08-22T08:04:18.037Z
saptakb738,0.0,1.0,0,0,0.0,1.0,2026-08-23T15:59:56.000Z,2026-08-23T15:59:56.000Z
saptarshi09,0.0,1.0,0,0,0.0,1.0,2026-08-27T07:50:50.000Z,2026-08-27T07:50:50.000Z
sarah1418_pint,0.0,1.0,0,0,0.0,1.0,2026-08-26T08:20:03.000Z,2026-08-26T08:20:03.000Z
sarcrastinator,0.0,2.0,0,0,0.0,2.0,2026-08-19T09:56:01.000Z,2026-09-01T01:52:51.000Z
sarthakg9,1.0,0.0,0,0,1.0,0.0,2026-08-26T09:32:58.877Z,2026-08-26T09:32:58.877Z
satadru_das,1.0,2.0,0,0,1.0,2.0,2026-08-26T12:08:28.849Z,2026-08-26T14:05:16.000Z
satanstella,0.0,1.0,0,0,0.0,1.0,2026-08-19T18:40:14.000Z,2026-08-19T18:40:14.000Z
sats-1111,0.0,1.0,0,0,0.0,1.0,2026-08-26T11:25:14.000Z,2026-08-26T11:25:14.000Z
sattusupaari420,0.0,1.0,0,0,0.0,1.0,2026-08-31T10:02:47.000Z,2026-08-31T10:02:47.000Z
sayan0fDaFilth,0.0,2.0,0,0,0.0,2.0,2026-08-21T10:09:53.000Z,2026-08-21T11:25:38.000Z
sayan11apr,0.0,2.0,0,0,0.0,2.0,2026-08-23T13:08:44.000Z,2026-08-31T20:24:40.000Z
sayan1326,0.0,8.0,0,0,0.0,8.0,2026-08-21T08:57:05.000Z,2026-09-02T08:07:46.000Z
sayan_chakraborty,0.0,2.0,0,0,0.0,2.0,2026-08-22T04:05:25.000Z,2026-08-26T14:53:15.000Z
sayeed205,0.0,4.0,0,0,0.0,4.0,2026-08-25T10:54:31.000Z,2026-08-27T02:04:41.000Z
sc981612,0.0,2.0,0,0,0.0,2.0,2026-08-19T12:02:12.000Z,2026-09-01T10:34:01.000Z
scared_soul_15,1.0,0.0,0,0,1.0,0.0,2026-08-24T16:08:55.005Z,2026-08-24T16:08:55.005Z
schrodingerdoc,0.0,1.0,0,0,0.0,1.0,2026-08-26T03:47:03.000Z,2026-08-26T03:47:03.000Z
scmakra99,0.0,1.0,0,0,0.0,1.0,2026-08-22T20:03:01.000Z,2026-08-22T20:03:01.000Z
sdatta11,1.0,2.0,0,0,1.0,2.0,2026-08-19T09:33:15.000Z,2026-09-02T13:09:50.641Z
sdnomlA,0.0,4.0,0,0,0.0,4.0,2026-08-20T15:35:09.000Z,2026-09-01T21:23:54.000Z
secular_attack,0.0,2.0,0,0,0.0,2.0,2026-08-23T07:03:14.000Z,2026-08-26T12:55:07.000Z
secured_67,0.0,4.0,0,0,0.0,4.0,2026-08-21T19:22:07.000Z,2026-09-01T19:56:15.000Z
seekmeet,1.0,11.0,0,0,1.0,11.0,2026-08-21T21:18:59.000Z,2026-08-23T10:51:44.000Z
self_obsessed_01,1.0,1.0,0,0,1.0,1.0,2026-08-25T14:33:01.922Z,2026-08-25T14:50:30.000Z
selflove_AM,0.0,1.0,0,0,0.0,1.0,2026-09-01T20:35:21.000Z,2026-09-01T20:35:21.000Z
semxyasduck69,0.0,1.0,0,0,0.0,1.0,2026-08-20T19:07:40.000Z,2026-08-20T19:07:40.000Z
senorittaaaa,1.0,7.0,0,0,1.0,7.0,2026-09-02T13:57:12.935Z,2026-09-02T17:15:46.000Z
senpahii_returns,0.0,26.0,0,0,0.0,26.0,2026-08-19T06:51:10.000Z,2026-09-02T10:36:38.000Z
seojun__13,0.0,1.0,0,0,0.0,1.0,2026-08-24T03:20:21.000Z,2026-08-24T03:20:21.000Z
seppukuAsPerKeikaku,0.0,3.0,0,0,0.0,3.0,2026-08-26T15:46:13.000Z,2026-09-01T14:21:05.000Z
sevrina-prince,1.0,0.0,0,0,1.0,0.0,2026-08-26T08:54:38.988Z,2026-08-26T08:54:38.988Z
sexy_randwa_boyxox,0.0,1.0,0,0,0.0,1.0,2026-08-27T07:35:22.000Z,2026-08-27T07:35:22.000Z
sgh20208,1.0,1.0,0,0,1.0,1.0,2026-08-24T17:09:19.180Z,2026-08-24T17:44:30.000Z
shabnam54,1.0,0.0,0,0,1.0,0.0,2026-09-02T17:14:10.607Z,2026-09-02T17:14:10.607Z
shadow-in-shadow106,0.0,1.0,0,0,0.0,1.0,2026-08-22T06:45:50.000Z,2026-08-22T06:45:50.000Z
shadowfaxx26,0.0,1.0,0,0,0.0,1.0,2026-08-26T07:11:33.000Z,2026-08-26T07:11:33.000Z
shady_goose_honk,0.0,2.0,0,0,0.0,2.0,2026-08-19T15:36:32.000Z,2026-08-25T08:06:15.000Z
shakchunni451,0.0,1.0,0,0,0.0,1.0,2026-08-26T08:05:51.000Z,2026-08-26T08:05:51.000Z
shamboroychoudhury,0.0,1.0,0,0,0.0,1.0,2026-08-24T11:35:28.000Z,2026-08-24T11:35:28.000Z
sharedevaaste,0.0,1.0,0,0,0.0,1.0,2026-08-27T08:04:59.000Z,2026-08-27T08:04:59.000Z
sharma_0011,0.0,1.0,0,0,0.0,1.0,2026-08-20T21:36:07.000Z,2026-08-20T21:36:07.000Z
sharp_figure36c,0.0,1.0,0,0,0.0,1.0,2026-08-24T16:50:20.000Z,2026-08-24T16:50:20.000Z
shay_reads,0.0,1.0,0,0,0.0,1.0,2026-08-22T06:17:14.000Z,2026-08-22T06:17:14.000Z
shayand897,0.0,17.0,0,0,0.0,17.0,2026-08-19T16:13:33.000Z,2026-09-02T16:34:52.000Z
shayankp,0.0,1.0,0,0,0.0,1.0,2026-08-26T06:12:09.000Z,2026-08-26T06:12:09.000Z
sheer-blanket,2.0,0.0,0,0,2.0,0.0,2026-08-20T02:51:33.018Z,2026-08-26T10:36:00.449Z
shelovesnikhil,0.0,1.0,0,0,0.0,1.0,2026-08-19T07:01:53.000Z,2026-08-19T07:01:53.000Z
shenanagain23,0.0,1.0,0,0,0.0,1.0,2026-08-19T21:30:22.000Z,2026-08-19T21:30:22.000Z
shilly_joestar,0.0,1.0,0,0,0.0,1.0,2026-08-24T16:32:37.000Z,2026-08-24T16:32:37.000Z
shinigami_inso,0.0,1.0,0,0,0.0,1.0,2026-08-25T12:53:08.000Z,2026-08-25T12:53:08.000Z
shinigamidoge,0.0,1.0,0,0,0.0,1.0,2026-08-27T11:58:38.000Z,2026-08-27T11:58:38.000Z
shitnotalkforyours18,0.0,3.0,0,0,0.0,3.0,2026-08-19T17:40:46.000Z,2026-09-02T08:52:59.000Z
shivam1608,0.0,1.0,0,0,0.0,1.0,2026-08-25T18:06:02.000Z,2026-08-25T18:06:02.000Z
shojnephool,2.0,36.0,0,0,2.0,36.0,2026-08-20T17:14:39.000Z,2026-09-02T16:39:34.000Z
shorshe_ilish22,0.0,3.0,0,0,0.0,3.0,2026-08-23T05:47:43.000Z,2026-08-27T06:02:56.000Z
showmeurx,1.0,2.0,0,0,1.0,2.0,2026-08-24T14:24:04.423Z,2026-08-24T14:39:21.000Z
shresthaishant,1.0,0.0,0,0,1.0,0.0,2026-08-22T20:58:05.359Z,2026-08-22T20:58:05.359Z
shreya_Tackle_1415,0.0,1.0,0,0,0.0,1.0,2026-08-26T16:41:47.000Z,2026-08-26T16:41:47.000Z
shreyasi_plantmommy,0.0,2.0,0,0,0.0,2.0,2026-08-21T21:21:10.000Z,2026-08-23T11:30:31.000Z
shubhashish8,0.0,1.0,0,0,0.0,1.0,2026-08-18T19:16:36.000Z,2026-08-18T19:16:36.000Z
shuturmurg0,0.0,1.0,0,0,0.0,1.0,2026-08-23T18:35:54.000Z,2026-08-23T18:35:54.000Z
shuvrajitk,0.0,1.0,0,0,0.0,1.0,2026-08-27T18:12:00.000Z,2026-08-27T18:12:00.000Z
sibadityasen,0.0,1.0,0,0,0.0,1.0,2026-09-01T10:49:46.000Z,2026-09-01T10:49:46.000Z
siben_for_sale,0.0,1.0,0,0,0.0,1.0,2026-08-18T15:09:54.000Z,2026-08-18T15:09:54.000Z
silentKiller1909,0.0,8.0,0,0,0.0,8.0,2026-08-21T16:17:21.000Z,2026-09-01T15:19:06.000Z
silver_knight619,0.0,1.0,0,0,0.0,1.0,2026-09-01T09:52:52.000Z,2026-09-01T09:52:52.000Z
silversurfer9909,0.0,2.0,0,0,0.0,2.0,2026-08-23T13:38:14.000Z,2026-08-23T13:41:04.000Z
simplesobergal,2.0,3.0,0,0,2.0,3.0,2026-09-02T06:29:53.570Z,2026-09-02T16:31:26.000Z
sinister_77x,0.0,1.0,0,0,0.0,1.0,2026-08-19T07:45:26.000Z,2026-08-19T07:45:26.000Z
sinister_andy_13,0.0,2.0,0,0,0.0,2.0,2026-08-27T09:39:52.000Z,2026-08-27T09:46:59.000Z
skar3kro,0.0,1.0,0,0,0.0,1.0,2026-09-01T08:46:51.000Z,2026-09-01T08:46:51.000Z
skepticallyspeakin_,0.0,3.0,0,0,0.0,3.0,2026-08-21T14:11:39.000Z,2026-08-26T15:39:27.000Z
skylordtanmay,0.0,9.0,0,0,0.0,9.0,2026-08-23T03:11:26.000Z,2026-08-27T02:19:04.000Z
slastar_boi,0.0,1.0,0,0,0.0,1.0,2026-08-20T18:54:13.000Z,2026-08-20T18:54:13.000Z
sleepgod69,0.0,1.0,0,0,0.0,1.0,2026-08-21T11:05:46.000Z,2026-08-21T11:05:46.000Z
sleepingsid,0.0,1.0,0,0,0.0,1.0,2026-08-23T18:36:28.000Z,2026-08-23T18:36:28.000Z
sloppyslipped,0.0,1.0,0,0,0.0,1.0,2026-08-20T21:58:42.000Z,2026-08-20T21:58:42.000Z
slybes,0.0,1.0,0,0,0.0,1.0,2026-08-25T17:58:12.000Z,2026-08-25T17:58:12.000Z
smashamelon,0.0,1.0,0,0,0.0,1.0,2026-08-27T12:14:53.000Z,2026-08-27T12:14:53.000Z
smdp_,0.0,4.0,0,0,0.0,4.0,2026-08-22T10:57:31.000Z,2026-09-01T12:42:40.000Z
smittir-,0.0,1.0,0,0,0.0,1.0,2026-08-19T09:40:38.000Z,2026-08-19T09:40:38.000Z
smolbird008,1.0,1.0,0,0,1.0,1.0,2026-08-22T22:20:23.600Z,2026-08-23T04:44:29.000Z
smolder_smelt,0.0,2.0,0,0,0.0,2.0,2026-08-20T19:24:02.000Z,2026-08-27T06:34:13.000Z
smolpickledpineapple,0.0,2.0,0,0,0.0,2.0,2026-08-21T03:53:50.000Z,2026-08-24T14:51:38.000Z
smthlikeyou_,0.0,1.0,0,0,0.0,1.0,2026-09-02T10:12:13.000Z,2026-09-02T10:12:13.000Z
snap_n_shut,0.0,1.0,0,0,0.0,1.0,2026-08-27T13:31:36.000Z,2026-08-27T13:31:36.000Z
sneak2293,0.0,5.0,0,0,0.0,5.0,2026-08-22T20:35:28.000Z,2026-08-29T05:53:31.000Z
snehasish_mukhherjee,7.0,7.0,0,0,7.0,7.0,2026-08-20T18:22:06.763Z,2026-08-27T07:14:50.000Z
snipyy7,0.0,1.0,0,0,0.0,1.0,2026-08-24T10:32:56.000Z,2026-08-24T10:32:56.000Z
snnehaa,0.0,8.0,0,0,0.0,8.0,2026-08-20T12:38:29.000Z,2026-08-25T17:36:36.000Z
snowolf4,1.0,5.0,0,0,1.0,5.0,2026-08-18T14:34:04.000Z,2026-08-25T05:48:49.000Z
so-much-for-honour,1.0,0.0,0,0,1.0,0.0,2026-08-21T18:33:59.364Z,2026-08-21T18:33:59.364Z
socially_anxious123,1.0,0.0,0,0,1.0,0.0,2026-08-23T17:55:13.819Z,2026-08-23T17:55:13.819Z
sohamjanabokachoda,0.0,2.0,0,0,0.0,2.0,2026-09-02T11:20:44.000Z,2026-09-02T11:20:56.000Z
sohammondal_,0.0,1.0,0,0,0.0,1.0,2026-08-22T22:40:29.000Z,2026-08-22T22:40:29.000Z
sohinimithi,0.0,4.0,0,0,0.0,4.0,2026-08-19T02:01:15.000Z,2026-08-28T00:38:00.000Z
sohomsengupta89,0.0,2.0,0,0,0.0,2.0,2026-08-23T09:38:17.000Z,2026-09-01T04:38:24.000Z
solaris-77,0.0,1.0,0,0,0.0,1.0,2026-08-18T15:46:58.000Z,2026-08-18T15:46:58.000Z
sollie16,0.0,6.0,0,0,0.0,6.0,2026-08-24T13:43:53.000Z,2026-09-02T11:07:09.000Z
somesh92,0.0,2.0,0,0,0.0,2.0,2026-08-18T12:25:24.000Z,2026-08-24T07:55:13.000Z
sommukhopadhyay,1.0,0.0,0,0,1.0,0.0,2026-08-25T16:07:28.826Z,2026-08-25T16:07:28.826Z
somuchinfowow,0.0,1.0,0,0,0.0,1.0,2026-09-02T09:15:34.000Z,2026-09-02T09:15:34.000Z
sonofvenus23,0.0,1.0,0,0,0.0,1.0,2026-08-19T15:57:53.000Z,2026-08-19T15:57:53.000Z
sonusutaya,0.0,1.0,0,0,0.0,1.0,2026-08-24T10:29:47.000Z,2026-08-24T10:29:47.000Z
soo-yaa-shaaa,0.0,12.0,0,0,0.0,12.0,2026-08-19T05:30:49.000Z,2026-09-02T09:27:41.000Z
soul-the,0.0,1.0,0,0,0.0,1.0,2026-08-23T11:10:30.000Z,2026-08-23T11:10:30.000Z
soulharmony555,0.0,1.0,0,0,0.0,1.0,2026-08-18T14:52:31.000Z,2026-08-18T14:52:31.000Z
soumac17,0.0,1.0,0,0,0.0,1.0,2026-08-18T16:43:32.000Z,2026-08-18T16:43:32.000Z
soumick,0.0,18.0,0,0,0.0,18.0,2026-08-18T11:23:14.000Z,2026-09-02T08:50:22.000Z
soumik27,0.0,1.0,0,0,0.0,1.0,2026-08-26T15:22:04.000Z,2026-08-26T15:22:04.000Z
soumo202091,0.0,1.0,0,0,0.0,1.0,2026-08-27T06:00:51.000Z,2026-08-27T06:00:51.000Z
soumo27,0.0,2.0,0,0,0.0,2.0,2026-08-23T19:07:36.000Z,2026-08-25T03:11:18.000Z
soupey_G,0.0,1.0,0,0,0.0,1.0,2026-09-02T16:04:31.000Z,2026-09-02T16:04:31.000Z
sourajit_in_biotech,1.0,4.0,0,0,1.0,4.0,2026-08-22T13:42:25.396Z,2026-08-31T14:30:27.000Z
souravdasslg,0.0,1.0,0,0,0.0,1.0,2026-08-20T10:21:31.000Z,2026-08-20T10:21:31.000Z
sousaptak,1.0,11.0,0,0,1.0,11.0,2026-08-19T09:44:47.000Z,2026-08-25T11:26:56.000Z
soy_lovelace55,0.0,2.0,0,0,0.0,2.0,2026-08-19T17:42:01.000Z,2026-08-20T06:50:20.000Z
spaceguy1998,0.0,1.0,0,0,0.0,1.0,2026-08-22T04:45:32.000Z,2026-08-22T04:45:32.000Z
spanishinduolingo,0.0,1.0,0,0,0.0,1.0,2026-08-24T14:49:31.000Z,2026-08-24T14:49:31.000Z
sphinxx_omega,0.0,1.0,0,0,0.0,1.0,2026-08-22T13:49:57.000Z,2026-08-22T13:49:57.000Z
spider_man_473,0.0,1.0,0,0,0.0,1.0,2026-08-20T06:22:13.000Z,2026-08-20T06:22:13.000Z
spidyxxa,1.0,0.0,0,0,1.0,0.0,2026-09-02T03:54:05.406Z,2026-09-02T03:54:05.406Z
spiral_polo,0.0,1.0,0,0,0.0,1.0,2026-08-31T13:41:19.000Z,2026-08-31T13:41:19.000Z
spotlight-app,0.0,8.0,0,0,0.0,8.0,2026-08-20T15:37:59.000Z,2026-08-26T11:50:44.000Z
sprizen_08,0.0,1.0,0,0,0.0,1.0,2026-08-21T08:22:01.000Z,2026-08-21T08:22:01.000Z
spycid,0.0,1.0,0,0,0.0,1.0,2026-08-23T08:54:36.000Z,2026-08-23T08:54:36.000Z
sreejitroxx,0.0,1.0,0,0,0.0,1.0,2026-08-26T18:28:44.000Z,2026-08-26T18:28:44.000Z
srijj4,0.0,1.0,0,0,0.0,1.0,2026-08-27T03:48:36.000Z,2026-08-27T03:48:36.000Z
srinjay001,0.0,1.0,0,0,0.0,1.0,2026-08-27T07:12:41.000Z,2026-08-27T07:12:41.000Z
srinjayshome,0.0,3.0,0,0,0.0,3.0,2026-08-22T16:49:07.000Z,2026-08-23T17:07:19.000Z
sroyparbat,0.0,1.0,0,0,0.0,1.0,2026-09-02T04:37:47.000Z,2026-09-02T04:37:47.000Z
srv_speaks,0.0,2.0,0,0,0.0,2.0,2026-09-01T12:04:43.000Z,2026-09-01T12:51:02.000Z
srvterminator,0.0,4.0,0,0,0.0,4.0,2026-08-21T13:05:17.000Z,2026-08-23T06:22:27.000Z
ss-Mousse8152,1.0,0.0,0,0,1.0,0.0,2026-08-25T09:55:50.937Z,2026-08-25T09:55:50.937Z
star_ferryy,0.0,5.0,0,0,0.0,5.0,2026-08-23T03:28:17.000Z,2026-09-02T16:53:26.000Z
starry_night2412,0.0,1.0,0,0,0.0,1.0,2026-08-21T13:51:41.000Z,2026-08-21T13:51:41.000Z
stealth_fragger,0.0,2.0,0,0,0.0,2.0,2026-08-27T07:21:28.000Z,2026-08-27T07:24:33.000Z
stent_kush,0.0,1.0,0,0,0.0,1.0,2026-08-21T15:24:55.000Z,2026-08-21T15:24:55.000Z
step_balls,0.0,2.0,0,0,0.0,2.0,2026-08-20T11:03:41.000Z,2026-08-22T13:35:21.000Z
stepupstepdownn,0.0,5.0,0,0,0.0,5.0,2026-08-22T15:32:06.000Z,2026-08-26T18:52:41.000Z
steven_smith144,0.0,2.0,0,0,0.0,2.0,2026-08-25T15:58:15.000Z,2026-08-25T23:18:55.000Z
stickyzbae,0.0,1.0,0,0,0.0,1.0,2026-08-25T11:03:02.000Z,2026-08-25T11:03:02.000Z
stochastic_error4496,1.0,5.0,0,0,1.0,5.0,2026-08-19T14:31:46.000Z,2026-09-02T15:53:41.000Z
stoicChan,1.0,5.0,0,0,1.0,5.0,2026-08-20T06:34:02.000Z,2026-08-26T21:27:26.401Z
stoiclad,0.0,1.0,0,0,0.0,1.0,2026-08-21T08:18:42.000Z,2026-08-21T08:18:42.000Z
stoned_sages,0.0,3.0,0,0,0.0,3.0,2026-08-18T15:27:19.000Z,2026-08-31T19:50:25.000Z
stonedsage21,1.0,0.0,0,0,1.0,0.0,2026-09-03T06:02:42.973Z,2026-09-03T06:02:42.973Z
strange_69420,0.0,2.0,0,0,0.0,2.0,2026-08-23T08:21:57.000Z,2026-08-25T05:09:16.000Z
strawhat_blanco,0.0,5.0,0,0,0.0,5.0,2026-08-22T20:28:18.000Z,2026-09-01T20:25:46.000Z
strawhatlovegood,1.0,1.0,0,0,1.0,1.0,2026-08-25T10:21:36.382Z,2026-08-27T06:53:15.000Z
stuck_in_lifePhD,0.0,1.0,0,0,0.0,1.0,2026-08-22T06:14:09.000Z,2026-08-22T06:14:09.000Z
stupid_blue_bottle,0.0,1.0,0,0,0.0,1.0,2026-09-02T12:27:32.000Z,2026-09-02T12:27:32.000Z
stuputtu,0.0,1.0,0,0,0.0,1.0,2026-08-20T22:44:32.000Z,2026-08-20T22:44:32.000Z
stvrlightt01,0.0,3.0,0,0,0.0,3.0,2026-08-22T05:36:26.000Z,2026-08-23T10:54:05.000Z
su1nta,0.0,1.0,0,0,0.0,1.0,2026-08-19T15:02:24.000Z,2026-08-19T15:02:24.000Z
su_balak,0.0,8.0,0,0,0.0,8.0,2026-08-27T19:56:46.000Z,2026-09-02T09:02:52.000Z
subbusss,1.0,3.0,0,0,1.0,3.0,2026-08-20T20:59:25.928Z,2026-08-29T10:29:52.000Z
subdutta76,0.0,1.0,0,0,0.0,1.0,2026-08-20T12:04:44.000Z,2026-08-20T12:04:44.000Z
subha200591,0.0,1.0,0,0,0.0,1.0,2026-09-02T05:03:13.000Z,2026-09-02T05:03:13.000Z
subhadeeps_home,0.0,1.0,0,0,0.0,1.0,2026-08-26T08:36:57.000Z,2026-08-26T08:36:57.000Z
subhadip13,0.0,1.0,0,0,0.0,1.0,2026-08-27T07:57:12.000Z,2026-08-27T07:57:12.000Z
subhajit007,0.0,3.0,0,0,0.0,3.0,2026-08-23T06:16:41.000Z,2026-09-01T14:46:37.000Z
subhamde36,0.0,1.0,0,0,0.0,1.0,2026-08-25T04:20:54.000Z,2026-08-25T04:20:54.000Z
subhankit2004,0.0,4.0,0,0,0.0,4.0,2026-08-20T11:49:09.000Z,2026-09-01T19:56:07.000Z
subhlekh,0.0,1.0,0,0,0.0,1.0,2026-09-01T16:05:02.000Z,2026-09-01T16:05:02.000Z
subhojit4450,1.0,3.0,0,0,1.0,3.0,2026-08-25T12:48:18.000Z,2026-08-26T09:20:34.000Z
submemernormie2002,0.0,1.0,0,0,0.0,1.0,2026-08-25T12:29:35.000Z,2026-08-25T12:29:35.000Z
subrata__11,0.0,1.0,0,0,0.0,1.0,2026-08-20T07:04:31.000Z,2026-08-20T07:04:31.000Z
subsins,0.0,3.0,0,0,0.0,3.0,2026-08-22T12:11:18.000Z,2026-09-02T16:26:34.000Z
subu107,0.0,4.0,0,0,0.0,4.0,2026-08-19T13:47:47.000Z,2026-08-27T06:40:09.000Z
subxgbc,1.0,1.0,0,0,1.0,1.0,2026-08-26T18:55:04.064Z,2026-08-26T20:06:26.000Z
suchizzz,0.0,1.0,0,0,0.0,1.0,2026-08-25T11:13:59.000Z,2026-08-25T11:13:59.000Z
sudipto12,0.0,4.0,0,0,0.0,4.0,2026-08-20T22:54:29.000Z,2026-08-31T09:36:13.000Z
sujal99,0.0,1.0,0,0,0.0,1.0,2026-08-24T08:50:58.000Z,2026-08-24T08:50:58.000Z
sumandas094,0.0,1.0,0,0,0.0,1.0,2026-08-25T08:44:33.000Z,2026-08-25T08:44:33.000Z
summersong9326,1.0,1.0,0,0,1.0,1.0,2026-09-01T15:52:33.043Z,2026-09-01T17:53:26.000Z
sunflower-mist,0.0,2.0,0,0,0.0,2.0,2026-08-23T14:29:59.000Z,2026-08-26T09:57:56.000Z
sunflower1713,0.0,3.0,0,0,0.0,3.0,2026-08-20T07:41:38.000Z,2026-08-26T14:49:17.000Z
sunnnnnyyy-,0.0,1.0,0,0,0.0,1.0,2026-08-19T10:08:48.000Z,2026-08-19T10:08:48.000Z
sunrise_princess,1.0,12.0,0,0,1.0,12.0,2026-08-26T13:40:53.000Z,2026-09-02T08:07:43.000Z
sunshine_royal,0.0,1.0,0,0,0.0,1.0,2026-08-19T03:21:31.000Z,2026-08-19T03:21:31.000Z
superrdramallama,1.0,4.0,0,0,1.0,4.0,2026-08-23T20:57:08.941Z,2026-08-23T21:11:19.000Z
supper_saiyaan,0.0,1.0,0,0,0.0,1.0,2026-08-27T08:13:33.000Z,2026-08-27T08:13:33.000Z
supratde,0.0,1.0,0,0,0.0,1.0,2026-08-19T02:05:47.000Z,2026-08-19T02:05:47.000Z
suqmysock,0.0,2.0,0,0,0.0,2.0,2026-08-27T07:17:39.000Z,2026-09-01T06:04:12.000Z
survivedsadhesaati,0.0,4.0,0,0,0.0,4.0,2026-08-19T09:31:30.000Z,2026-08-20T22:51:20.000Z
susanta8346,0.0,1.0,0,0,0.0,1.0,2026-08-23T11:48:57.000Z,2026-08-23T11:48:57.000Z
sushantshah-dev,0.0,2.0,0,0,0.0,2.0,2026-08-19T22:28:51.000Z,2026-08-20T07:22:48.000Z
sushovan8965,0.0,1.0,0,0,0.0,1.0,2026-09-01T17:59:24.000Z,2026-09-01T17:59:24.000Z
suvantan,0.0,1.0,0,0,0.0,1.0,2026-08-26T14:10:57.000Z,2026-08-26T14:10:57.000Z
swagatopatra,0.0,1.0,0,0,0.0,1.0,2026-08-20T03:03:59.000Z,2026-08-20T03:03:59.000Z
swarnava11,0.0,1.0,0,0,0.0,1.0,2026-08-27T06:20:16.000Z,2026-08-27T06:20:16.000Z
swarnava360,1.0,7.0,0,0,1.0,7.0,2026-08-23T13:25:15.000Z,2026-09-02T10:49:31.000Z
swat_08,0.0,1.0,0,0,0.0,1.0,2026-08-23T12:35:11.000Z,2026-08-23T12:35:11.000Z
sweetdawn1999,0.0,2.0,0,0,0.0,2.0,2026-08-20T20:14:17.000Z,2026-08-25T07:23:19.000Z
sweetysalty02,1.0,6.0,0,0,1.0,6.0,2026-08-21T20:39:27.000Z,2026-09-01T13:09:12.000Z
syngamy1,0.0,1.0,0,0,0.0,1.0,2026-08-26T10:54:45.000Z,2026-08-26T10:54:45.000Z
syshimanu,0.0,1.0,0,0,0.0,1.0,2026-08-23T18:52:17.000Z,2026-08-23T18:52:17.000Z
talesofadesigner,0.0,3.0,0,0,0.0,3.0,2026-08-25T22:00:51.000Z,2026-08-27T12:02:11.000Z
talking-pot,0.0,1.0,0,0,0.0,1.0,2026-08-22T07:19:24.000Z,2026-08-22T07:19:24.000Z
talwaar,0.0,1.0,0,0,0.0,1.0,2026-08-27T17:19:58.000Z,2026-08-27T17:19:58.000Z
tam_chaks69,0.0,1.0,0,0,0.0,1.0,2026-08-21T15:46:19.000Z,2026-08-21T15:46:19.000Z
tamoghna_s01,0.0,4.0,0,0,0.0,4.0,2026-08-19T08:11:32.000Z,2026-08-23T06:56:00.000Z
tanishqdelight,1.0,0.0,0,0,1.0,0.0,2026-08-23T21:31:22.893Z,2026-08-23T21:31:22.893Z
tanjiro_0707,0.0,1.0,0,0,0.0,1.0,2026-08-18T14:33:39.000Z,2026-08-18T14:33:39.000Z
tanmaymufc,1.0,0.0,0,0,1.0,0.0,2026-08-21T10:11:57.458Z,2026-08-21T10:11:57.458Z
tanu004_,4.0,59.0,0,0,4.0,59.0,2026-08-21T13:51:29.245Z,2026-09-02T07:34:11.000Z
taraaahhh,0.0,1.0,0,0,0.0,1.0,2026-08-24T18:56:27.000Z,2026-08-24T18:56:27.000Z
tarotreader05,0.0,2.0,0,0,0.0,2.0,2026-08-27T07:13:28.000Z,2026-08-27T07:27:07.000Z
tastyfisherman_8,0.0,2.0,0,0,0.0,2.0,2026-09-01T10:21:44.000Z,2026-09-01T10:22:12.000Z
tatyaaaa__vinchu,0.0,2.0,0,0,0.0,2.0,2026-08-24T20:31:34.000Z,2026-08-26T20:43:57.000Z
tb33296,0.0,1.0,0,0,0.0,1.0,2026-08-31T15:37:01.000Z,2026-08-31T15:37:01.000Z
tbhatta123,0.0,1.0,0,0,0.0,1.0,2026-09-01T17:44:13.000Z,2026-09-01T17:44:13.000Z
tea_n_shawarma,0.0,1.0,0,0,0.0,1.0,2026-09-01T19:17:49.000Z,2026-09-01T19:17:49.000Z
tejas3732,0.0,2.0,0,0,0.0,2.0,2026-09-02T06:40:41.000Z,2026-09-02T16:35:54.000Z
tekfur_cifer476_1453,0.0,1.0,0,0,0.0,1.0,2026-08-23T10:03:52.000Z,2026-08-23T10:03:52.000Z
telvarin_,0.0,2.0,0,0,0.0,2.0,2026-08-20T19:42:26.000Z,2026-08-24T11:16:47.000Z
tender_tissue,0.0,3.0,0,0,0.0,3.0,2026-08-18T17:30:15.000Z,2026-08-20T14:51:34.000Z
tenpiiiii,0.0,1.0,0,0,0.0,1.0,2026-08-26T13:07:58.000Z,2026-08-26T13:07:58.000Z
terrible_id_ea,0.0,2.0,0,0,0.0,2.0,2026-08-20T09:25:38.000Z,2026-08-27T06:59:36.000Z
tf_shall_I_do3637,0.0,1.0,0,0,0.0,1.0,2026-08-26T12:34:26.000Z,2026-08-26T12:34:26.000Z
that_Kanti,0.0,6.0,0,0,0.0,6.0,2026-08-19T18:22:06.000Z,2026-08-24T09:20:05.000Z
thatanxi0usnerd,0.0,1.0,0,0,0.0,1.0,2026-08-27T16:47:46.000Z,2026-08-27T16:47:46.000Z
thatgirlydkabout,0.0,1.0,0,0,0.0,1.0,2026-08-24T15:32:39.000Z,2026-08-24T15:32:39.000Z
thatguywithathwag,0.0,1.0,0,0,0.0,1.0,2026-08-26T07:50:12.000Z,2026-08-26T07:50:12.000Z
the-one-who_laughs,1.0,1.0,0,0,1.0,1.0,2026-08-23T07:13:20.000Z,2026-09-01T19:05:41.890Z
the-starb0y,0.0,1.0,0,0,0.0,1.0,2026-08-27T09:38:36.000Z,2026-08-27T09:38:36.000Z
the1ek8,1.0,10.0,0,0,1.0,10.0,2026-09-01T18:48:11.401Z,2026-09-02T15:34:42.000Z
the6oneguy,0.0,1.0,0,0,0.0,1.0,2026-08-26T14:41:47.000Z,2026-08-26T14:41:47.000Z
theAviCaster,1.0,10.0,0,0,1.0,10.0,2026-09-01T07:45:10.000Z,2026-09-01T18:13:00.000Z
theDestroyer501,0.0,1.0,0,0,0.0,1.0,2026-08-21T16:55:11.000Z,2026-08-21T16:55:11.000Z
theGenZDoc,0.0,1.0,0,0,0.0,1.0,2026-08-20T18:27:11.000Z,2026-08-20T18:27:11.000Z
theMLguy1994,0.0,1.0,0,0,0.0,1.0,2026-08-19T04:25:24.000Z,2026-08-19T04:25:24.000Z
the_last_hope15,0.0,1.0,0,0,0.0,1.0,2026-08-23T06:43:10.000Z,2026-08-23T06:43:10.000Z
the_life_unused,2.0,14.0,0,0,2.0,14.0,2026-08-20T21:24:20.000Z,2026-09-03T05:57:07.560Z
the_silent_member,0.0,1.0,0,0,0.0,1.0,2026-08-19T11:14:42.000Z,2026-08-19T11:14:42.000Z
the_uncommon_bong008,0.0,3.0,0,0,0.0,3.0,2026-08-19T18:30:35.000Z,2026-08-24T09:25:58.000Z
the_weeknd_X0,1.0,1.0,0,0,1.0,1.0,2026-08-23T14:30:42.398Z,2026-08-23T14:39:29.000Z
theandroidguy99,0.0,2.0,0,0,0.0,2.0,2026-08-26T04:48:22.000Z,2026-09-01T18:37:37.000Z
thebackyardboy,0.0,1.0,0,0,0.0,1.0,2026-08-27T16:14:06.000Z,2026-08-27T16:14:06.000Z
thebongera,0.0,2.0,0,0,0.0,2.0,2026-08-26T07:17:19.000Z,2026-08-27T11:06:52.000Z
thebrowndame,0.0,1.0,0,0,0.0,1.0,2026-08-24T15:05:44.000Z,2026-08-24T15:05:44.000Z
thecatguy6969,0.0,1.0,0,0,0.0,1.0,2026-08-24T18:02:16.000Z,2026-08-24T18:02:16.000Z
thecityhunter31,0.0,2.0,0,0,0.0,2.0,2026-08-18T13:50:31.000Z,2026-08-23T15:31:21.000Z
thedumpJL09,0.0,2.0,0,0,0.0,2.0,2026-08-24T22:01:56.000Z,2026-08-26T14:14:43.000Z
thehappysappy,0.0,1.0,0,0,0.0,1.0,2026-08-24T06:19:23.000Z,2026-08-24T06:19:23.000Z
thejoemaya,0.0,2.0,0,0,0.0,2.0,2026-08-27T18:20:19.000Z,2026-09-02T16:38:04.000Z
thekillermax99,0.0,6.0,0,0,0.0,6.0,2026-08-21T07:36:16.000Z,2026-08-27T08:53:32.000Z
themillennialunicorn,2.0,1.0,0,0,2.0,1.0,2026-08-22T06:03:52.184Z,2026-08-25T02:38:50.595Z
theone000000001,0.0,1.0,0,0,0.0,1.0,2026-08-22T19:23:43.000Z,2026-08-22T19:23:43.000Z
theonlypineapple,1.0,3.0,0,0,1.0,3.0,2026-09-02T13:27:00.968Z,2026-09-02T15:43:15.000Z
theoozmakappa,0.0,1.0,0,0,0.0,1.0,2026-08-19T09:26:12.000Z,2026-08-19T09:26:12.000Z
thepoloaie,0.0,5.0,0,0,0.0,5.0,2026-08-21T16:02:16.000Z,2026-09-01T12:30:04.000Z
thepookiealpha,0.0,1.0,0,0,0.0,1.0,2026-08-22T19:53:26.000Z,2026-08-22T19:53:26.000Z
thereallightworks,0.0,1.0,0,0,0.0,1.0,2026-09-02T11:18:56.000Z,2026-09-02T11:18:56.000Z
thescenegrinehere,0.0,1.0,0,0,0.0,1.0,2026-09-01T11:35:01.000Z,2026-09-01T11:35:01.000Z
theskinnyguy7,0.0,4.0,0,0,0.0,4.0,2026-08-22T11:21:50.000Z,2026-08-28T20:39:36.000Z
theunluckydeku,2.0,8.0,0,0,2.0,8.0,2026-08-18T16:05:05.000Z,2026-09-02T17:42:21.317Z
thevghr,0.0,1.0,0,0,0.0,1.0,2026-08-20T06:38:54.000Z,2026-08-20T06:38:54.000Z
theyCallMeDeveloper,0.0,4.0,0,0,0.0,4.0,2026-08-20T06:12:37.000Z,2026-09-01T03:24:49.000Z
theydontknowboutbun,0.0,1.0,0,0,0.0,1.0,2026-08-23T10:16:49.000Z,2026-08-23T10:16:49.000Z
theyoungjedi69,1.0,1.0,0,0,1.0,1.0,2026-08-22T10:50:43.701Z,2026-08-22T14:25:19.000Z
thishemisphere,0.0,1.0,0,0,0.0,1.0,2026-08-24T15:54:39.000Z,2026-08-24T15:54:39.000Z
thisoneisshy,0.0,2.0,0,0,0.0,2.0,2026-08-26T13:45:16.000Z,2026-08-26T16:42:25.000Z
throwRA_Vera,1.0,0.0,0,0,1.0,0.0,2026-08-20T07:21:26.815Z,2026-08-20T07:21:26.815Z
throwaway2023011010,1.0,6.0,0,0,1.0,6.0,2026-08-19T21:40:57.000Z,2026-08-24T13:45:41.000Z
throwaway_S304,0.0,1.0,0,0,0.0,1.0,2026-08-21T20:47:24.000Z,2026-08-21T20:47:24.000Z
throwawaycon757,0.0,6.0,0,0,0.0,6.0,2026-08-21T11:16:20.000Z,2026-08-26T13:24:26.000Z
thrustface,0.0,1.0,0,0,0.0,1.0,2026-08-27T04:47:38.000Z,2026-08-27T04:47:38.000Z
thseeker_431,0.0,4.0,0,0,0.0,4.0,2026-08-26T18:45:47.000Z,2026-08-31T09:30:09.000Z
thundersam2901,0.0,1.0,0,0,0.0,1.0,2026-08-27T05:58:28.000Z,2026-08-27T05:58:28.000Z
thunderstormhellcat,0.0,1.0,0,0,0.0,1.0,2026-08-23T11:01:34.000Z,2026-08-23T11:01:34.000Z
ticklyboi,0.0,3.0,0,0,0.0,3.0,2026-08-23T06:02:30.000Z,2026-08-24T19:52:30.000Z
ticktockbabyduck,0.0,5.0,0,0,0.0,5.0,2026-08-24T02:56:51.000Z,2026-08-28T03:18:12.000Z
tijonom,0.0,1.0,0,0,0.0,1.0,2026-08-25T22:52:54.000Z,2026-08-25T22:52:54.000Z
tilixr,0.0,3.0,0,0,0.0,3.0,2026-08-31T13:10:41.000Z,2026-09-02T04:01:14.000Z
time_continuumkeeper,0.0,1.0,0,0,0.0,1.0,2026-08-19T22:13:06.000Z,2026-08-19T22:13:06.000Z
tipsydevo,0.0,1.0,0,0,0.0,1.0,2026-08-23T07:52:10.000Z,2026-08-23T07:52:10.000Z
titasisdumb,1.0,0.0,0,0,1.0,0.0,2026-08-21T11:22:10.028Z,2026-08-21T11:22:10.028Z
tobyHRman,0.0,2.0,0,0,0.0,2.0,2026-08-21T07:11:45.000Z,2026-08-24T06:57:53.000Z
tojifushiguro002,0.0,1.0,0,0,0.0,1.0,2026-08-18T14:40:50.000Z,2026-08-18T14:40:50.000Z
tommyshelbai,0.0,1.0,0,0,0.0,1.0,2026-08-23T05:40:27.000Z,2026-08-23T05:40:27.000Z
tonguetiedturtle000,0.0,7.0,0,0,0.0,7.0,2026-08-19T08:03:58.000Z,2026-08-26T17:23:34.000Z
tony53-1,0.0,2.0,0,0,0.0,2.0,2026-08-22T20:13:05.000Z,2026-09-01T10:58:17.000Z
tonymontana1904,0.0,3.0,0,0,0.0,3.0,2026-08-25T10:13:17.000Z,2026-08-25T10:24:24.000Z
tooSunny4u,0.0,2.0,0,0,0.0,2.0,2026-08-22T12:22:37.000Z,2026-08-25T04:50:27.000Z
toocoldWINT3R,0.0,1.0,0,0,0.0,1.0,2026-08-25T13:24:39.000Z,2026-08-25T13:24:39.000Z
topherette,1.0,0.0,0,0,1.0,0.0,2026-09-01T02:06:39.473Z,2026-09-01T02:06:39.473Z
tor_maa_ke_pronam,0.0,1.0,0,0,0.0,1.0,2026-08-25T10:41:21.000Z,2026-08-25T10:41:21.000Z
totallynotabot_95,1.0,18.0,0,0,1.0,18.0,2026-08-19T11:35:28.000Z,2026-09-02T14:58:21.000Z
trappedwings,0.0,1.0,0,0,0.0,1.0,2026-08-25T21:35:55.000Z,2026-08-25T21:35:55.000Z
trickytrampoline,1.0,12.0,0,0,1.0,12.0,2026-08-19T23:38:05.000Z,2026-09-01T12:55:38.000Z
triiix_18,0.0,2.0,0,0,0.0,2.0,2026-08-26T17:35:48.000Z,2026-09-01T18:17:10.000Z
trnyawitty,0.0,1.0,0,0,0.0,1.0,2026-08-26T12:38:14.000Z,2026-08-26T12:38:14.000Z
trueIndiaSoul,0.0,2.0,0,0,0.0,2.0,2026-08-24T07:42:36.000Z,2026-08-26T11:25:50.000Z
trueblue_new,0.0,1.0,0,0,0.0,1.0,2026-08-19T06:27:13.000Z,2026-08-19T06:27:13.000Z
trumputinarendra,0.0,1.0,0,0,0.0,1.0,2026-08-20T12:32:09.000Z,2026-08-20T12:32:09.000Z
truthful_liar_420,0.0,4.0,0,0,0.0,4.0,2026-08-19T07:32:21.000Z,2026-09-01T13:49:13.000Z
tu_ja_apna_dekh,0.0,8.0,0,0,0.0,8.0,2026-08-19T06:47:20.000Z,2026-09-02T11:22:46.000Z
tuhinspix,0.0,1.0,0,0,0.0,1.0,2026-08-25T03:07:01.000Z,2026-08-25T03:07:01.000Z
tukku_9734,0.0,8.0,0,0,0.0,8.0,2026-08-19T13:49:05.000Z,2026-09-01T05:34:22.000Z
twb_zz,0.0,3.0,0,0,0.0,3.0,2026-08-24T12:36:00.000Z,2026-08-26T12:55:09.000Z
tweaking_clito,1.0,4.0,0,0,1.0,4.0,2026-08-21T07:09:45.000Z,2026-09-03T04:49:52.569Z
tweetbelt007,0.0,1.0,0,0,0.0,1.0,2026-08-18T15:50:53.000Z,2026-08-18T15:50:53.000Z
twisteddreams131,0.0,1.0,0,0,0.0,1.0,2026-08-23T21:23:41.000Z,2026-08-23T21:23:41.000Z
twitterosterone,0.0,8.0,0,0,0.0,8.0,2026-08-20T10:45:48.000Z,2026-09-02T17:09:02.000Z
uWWu1005,1.0,8.0,0,0,1.0,8.0,2026-08-19T06:42:19.000Z,2026-09-02T13:24:52.170Z
uberstubborncat,0.0,2.0,0,0,0.0,2.0,2026-08-24T18:23:48.000Z,2026-09-01T07:16:29.000Z
ublugublu,0.0,2.0,0,0,0.0,2.0,2026-08-21T08:00:28.000Z,2026-08-22T08:30:14.000Z
uddipta,1.0,5.0,0,0,1.0,5.0,2026-08-20T00:52:09.000Z,2026-09-02T15:01:34.508Z
uglyovumstealer,0.0,2.0,0,0,0.0,2.0,2026-08-18T16:16:06.000Z,2026-08-20T18:01:50.000Z
ugottasme976888,0.0,6.0,0,0,0.0,6.0,2026-08-20T14:12:48.000Z,2026-09-02T11:23:23.000Z
ulkoop,0.0,1.0,0,0,0.0,1.0,2026-08-25T01:56:10.000Z,2026-08-25T01:56:10.000Z
ultra_magnus_7,0.0,1.0,0,0,0.0,1.0,2026-08-21T16:03:08.000Z,2026-08-21T16:03:08.000Z
ultrasimpuwu,0.0,1.0,0,0,0.0,1.0,2026-08-23T17:08:25.000Z,2026-08-23T17:08:25.000Z
uncannyboy,0.0,1.0,0,0,0.0,1.0,2026-08-23T01:29:51.000Z,2026-08-23T01:29:51.000Z
uncensored_mouth,0.0,1.0,0,0,0.0,1.0,2026-08-26T14:41:18.000Z,2026-08-26T14:41:18.000Z
uncle_jezz,0.0,2.0,0,0,0.0,2.0,2026-08-25T07:08:52.000Z,2026-08-27T06:06:55.000Z
unethicallyapostate,0.0,2.0,0,0,0.0,2.0,2026-08-23T05:30:25.000Z,2026-08-31T12:17:30.000Z
unexceptional_sikdar,1.0,5.0,0,0,1.0,5.0,2026-08-24T16:07:53.577Z,2026-08-25T07:10:59.000Z
unfettered2nd,2.0,20.0,0,0,2.0,20.0,2026-08-20T03:52:41.000Z,2026-09-03T02:56:11.161Z
unhinged_diabetes,0.0,1.0,0,0,0.0,1.0,2026-08-19T13:25:49.000Z,2026-08-19T13:25:49.000Z
uniqueunit007,0.0,2.0,0,0,0.0,2.0,2026-08-23T11:18:01.000Z,2026-09-01T04:44:07.000Z
unluckyiest,0.0,1.0,0,0,0.0,1.0,2026-08-27T05:24:59.000Z,2026-08-27T05:24:59.000Z
unreasonablecake11,0.0,5.0,0,0,0.0,5.0,2026-08-19T16:14:22.000Z,2026-08-23T17:17:44.000Z
unsocializing,0.0,2.0,0,0,0.0,2.0,2026-08-26T09:00:25.000Z,2026-08-26T16:29:26.000Z
unusualatrocity_9207,0.0,2.0,0,0,0.0,2.0,2026-08-23T09:50:27.000Z,2026-08-24T05:26:16.000Z
unvare,0.0,1.0,0,0,0.0,1.0,2026-08-20T23:31:14.000Z,2026-08-20T23:31:14.000Z
ur_kuchupuchu,0.0,1.0,0,0,0.0,1.0,2026-08-23T04:06:12.000Z,2026-08-23T04:06:12.000Z
uraniumpotato235,0.0,1.0,0,0,0.0,1.0,2026-08-25T06:48:40.000Z,2026-08-25T06:48:40.000Z
urban_samosa,1.0,11.0,0,0,1.0,11.0,2026-08-21T08:48:10.000Z,2026-08-26T20:32:01.000Z
urbanhaven,0.0,1.0,0,0,0.0,1.0,2026-08-26T15:01:08.000Z,2026-08-26T15:01:08.000Z
urkerl,0.0,1.0,0,0,0.0,1.0,2026-08-20T15:57:55.000Z,2026-08-20T15:57:55.000Z
urnotspecialhunney,0.0,1.0,0,0,0.0,1.0,2026-08-19T17:40:33.000Z,2026-08-19T17:40:33.000Z
uryusai,0.0,1.0,0,0,0.0,1.0,2026-08-21T08:18:23.000Z,2026-08-21T08:18:23.000Z
uselessgenius69,0.0,2.0,0,0,0.0,2.0,2026-08-26T06:27:40.000Z,2026-08-31T19:04:27.000Z
user0987777,0.0,1.0,0,0,0.0,1.0,2026-08-20T13:35:35.000Z,2026-08-20T13:35:35.000Z
usopali28,0.0,2.0,0,0,0.0,2.0,2026-08-24T04:06:09.000Z,2026-08-27T07:14:03.000Z
uttu0,0.0,1.0,0,0,0.0,1.0,2026-09-02T06:43:22.000Z,2026-09-02T06:43:22.000Z
uvayroy,1.0,0.0,0,0,1.0,0.0,2026-08-27T07:57:21.947Z,2026-08-27T07:57:21.947Z
v3nxmexe69,0.0,1.0,0,0,0.0,1.0,2026-08-20T13:13:30.000Z,2026-08-20T13:13:30.000Z
vagmag00,0.0,1.0,0,0,0.0,1.0,2026-08-21T04:26:09.000Z,2026-08-21T04:26:09.000Z
vaivai2067,0.0,1.0,0,0,0.0,1.0,2026-08-19T03:21:37.000Z,2026-08-19T03:21:37.000Z
varun_sahay,0.0,1.0,0,0,0.0,1.0,2026-08-26T07:10:01.000Z,2026-08-26T07:10:01.000Z
varunsharma_09,0.0,1.0,0,0,0.0,1.0,2026-08-24T14:02:28.000Z,2026-08-24T14:02:28.000Z
vectorlegend,0.0,2.0,0,0,0.0,2.0,2026-08-20T12:32:31.000Z,2026-08-21T07:40:59.000Z
vendetta_9,0.0,1.0,0,0,0.0,1.0,2026-08-24T03:50:00.000Z,2026-08-24T03:50:00.000Z
vhshujnee,0.0,2.0,0,0,0.0,2.0,2026-08-18T14:48:12.000Z,2026-08-23T22:22:16.000Z
vibrantcolours,0.0,1.0,0,0,0.0,1.0,2026-08-23T09:43:00.000Z,2026-08-23T09:43:00.000Z
vikrsen,0.0,1.0,0,0,0.0,1.0,2026-08-22T13:45:00.000Z,2026-08-22T13:45:00.000Z
vimdhayakjii,1.0,0.0,0,0,1.0,0.0,2026-08-31T17:18:07.876Z,2026-08-31T17:18:07.876Z
viny_07,0.0,1.0,0,0,0.0,1.0,2026-08-22T06:42:56.000Z,2026-08-22T06:42:56.000Z
viral_pandaa,0.0,1.0,0,0,0.0,1.0,2026-08-20T15:40:41.000Z,2026-08-20T15:40:41.000Z
visuanyl,0.0,1.0,0,0,0.0,1.0,2026-08-23T17:50:07.000Z,2026-08-23T17:50:07.000Z
viswaguru,2.0,31.0,0,0,2.0,31.0,2026-08-18T11:25:01.000Z,2026-09-01T18:06:22.000Z
vocid91,0.0,18.0,0,0,0.0,18.0,2026-08-18T15:44:38.000Z,2026-08-26T19:18:19.000Z
votled,1.0,0.0,0,0,1.0,0.0,2026-08-26T16:35:27.738Z,2026-08-26T16:35:27.738Z
vt2net,0.0,1.0,0,0,0.0,1.0,2026-08-27T13:52:41.000Z,2026-08-27T13:52:41.000Z
vulcan-09,0.0,1.0,0,0,0.0,1.0,2026-08-21T20:16:57.000Z,2026-08-21T20:16:57.000Z
wadingthroughspace,0.0,1.0,0,0,0.0,1.0,2026-08-27T07:59:31.000Z,2026-08-27T07:59:31.000Z
waitingforgodot-24,0.0,1.0,0,0,0.0,1.0,2026-08-21T10:23:52.000Z,2026-08-21T10:23:52.000Z
waitloss09,0.0,1.0,0,0,0.0,1.0,2026-08-27T12:07:04.000Z,2026-08-27T12:07:04.000Z
wallopinggalloper,0.0,1.0,0,0,0.0,1.0,2026-08-22T07:02:05.000Z,2026-08-22T07:02:05.000Z
wannabeBruceWayne079,1.0,0.0,0,0,1.0,0.0,2026-08-22T12:02:50.539Z,2026-08-22T12:02:50.539Z
wannabeyourlicker,0.0,1.0,0,0,0.0,1.0,2026-09-01T18:02:46.000Z,2026-09-01T18:02:46.000Z
warhead1721972,0.0,5.0,0,0,0.0,5.0,2026-08-19T18:26:35.000Z,2026-08-22T13:28:46.000Z
warmlightlamp,0.0,1.0,0,0,0.0,1.0,2026-08-18T20:27:37.000Z,2026-08-18T20:27:37.000Z
wasfi_irfan,1.0,2.0,0,0,1.0,2.0,2026-08-24T19:13:04.000Z,2026-09-01T15:33:27.000Z
waste7years,0.0,3.0,0,0,0.0,3.0,2026-08-26T12:22:19.000Z,2026-08-27T06:05:34.000Z
wavesoverme,0.0,1.0,0,0,0.0,1.0,2026-08-18T18:55:40.000Z,2026-08-18T18:55:40.000Z
waybovetherest,0.0,1.0,0,0,0.0,1.0,2026-08-20T15:10:41.000Z,2026-08-20T15:10:41.000Z
waywardwinchesterr,0.0,2.0,0,0,0.0,2.0,2026-08-23T13:14:40.000Z,2026-08-28T07:21:10.000Z
wbyeats65,0.0,1.0,0,0,0.0,1.0,2026-08-18T16:04:30.000Z,2026-08-18T16:04:30.000Z
we2007_,0.0,2.0,0,0,0.0,2.0,2026-08-18T14:37:16.000Z,2026-08-18T14:37:50.000Z
weed_and_deadlifts,0.0,1.0,0,0,0.0,1.0,2026-08-18T17:38:03.000Z,2026-08-18T17:38:03.000Z
wet_bedsheet,0.0,1.0,0,0,0.0,1.0,2026-08-26T03:18:39.000Z,2026-08-26T03:18:39.000Z
wet_gobble_gobble,0.0,1.0,0,0,0.0,1.0,2026-08-22T07:59:58.000Z,2026-08-22T07:59:58.000Z
whalewolf95,0.0,2.0,0,0,0.0,2.0,2026-08-27T07:59:15.000Z,2026-08-27T07:59:47.000Z
whatever2837635,0.0,1.0,0,0,0.0,1.0,2026-08-27T07:50:34.000Z,2026-08-27T07:50:34.000Z
whats_wrongwithyou_,0.0,2.0,0,0,0.0,2.0,2026-08-21T08:58:07.000Z,2026-08-24T08:54:49.000Z
whatstheteaaa,0.0,1.0,0,0,0.0,1.0,2026-08-23T04:10:18.000Z,2026-08-23T04:10:18.000Z
whatyouneed26,0.0,1.0,0,0,0.0,1.0,2026-08-20T05:10:33.000Z,2026-08-20T05:10:33.000Z
whereismaho,0.0,1.0,0,0,0.0,1.0,2026-08-27T18:02:55.000Z,2026-08-27T18:02:55.000Z
white_95_phoenix,0.0,1.0,0,0,0.0,1.0,2026-08-22T20:06:08.000Z,2026-08-22T20:06:08.000Z
whom_you_know,2.0,1.0,0,0,2.0,1.0,2026-08-22T17:29:27.928Z,2026-09-01T19:39:49.133Z
wickedServer,0.0,1.0,0,0,0.0,1.0,2026-08-19T07:06:09.000Z,2026-08-19T07:06:09.000Z
wikijit007,0.0,5.0,0,0,0.0,5.0,2026-08-22T03:17:42.000Z,2026-08-27T12:29:32.000Z
wildluciddreaming,0.0,2.0,0,0,0.0,2.0,2026-08-21T11:13:54.000Z,2026-08-21T16:45:05.000Z
winny19,0.0,1.0,0,0,0.0,1.0,2026-08-25T02:32:07.000Z,2026-08-25T02:32:07.000Z
wiwiiwiwiiwiwi,1.0,5.0,0,0,1.0,5.0,2026-08-24T07:19:30.764Z,2026-08-24T08:53:34.000Z
wizardkingasta,0.0,1.0,0,0,0.0,1.0,2026-08-21T06:24:57.000Z,2026-08-21T06:24:57.000Z
wizardrkd,0.0,1.0,0,0,0.0,1.0,2026-08-23T06:32:54.000Z,2026-08-23T06:32:54.000Z
wnubhavgg,0.0,2.0,0,0,0.0,2.0,2026-08-22T16:23:32.000Z,2026-08-25T15:00:55.000Z
wolverinetheanimal,0.0,1.0,0,0,0.0,1.0,2026-09-02T03:58:35.000Z,2026-09-02T03:58:35.000Z
writerfromheart,0.0,2.0,0,0,0.0,2.0,2026-08-23T16:42:28.000Z,2026-08-23T16:43:00.000Z
wrong_dimensi0n,0.0,2.0,0,0,0.0,2.0,2026-08-27T18:14:46.000Z,2026-09-01T15:44:39.000Z
wt_kevin,10.0,66.0,0,0,10.0,66.0,2026-08-19T04:42:24.000Z,2026-09-03T03:40:49.969Z
wutwtfwut,0.0,1.0,0,0,0.0,1.0,2026-09-02T15:17:55.000Z,2026-09-02T15:17:55.000Z
xINTERNx,2.0,1.0,0,0,2.0,1.0,2026-08-20T09:21:06.882Z,2026-08-26T22:04:40.779Z
x___rain,1.0,2.0,0,0,1.0,2.0,2026-08-26T17:44:06.272Z,2026-08-26T18:40:29.000Z
xackeez,1.0,0.0,0,0,1.0,0.0,2026-09-03T06:40:00.625Z,2026-09-03T06:40:00.625Z
xhadowmoon,0.0,1.0,0,0,0.0,1.0,2026-08-22T06:54:10.000Z,2026-08-22T06:54:10.000Z
xinthian009,0.0,2.0,0,0,0.0,2.0,2026-08-22T00:25:13.000Z,2026-08-22T00:26:00.000Z
xorgeek,0.0,2.0,0,0,0.0,2.0,2026-08-23T17:39:34.000Z,2026-09-01T14:31:45.000Z
xoxoullu28,0.0,1.0,0,0,0.0,1.0,2026-08-26T20:04:13.000Z,2026-08-26T20:04:13.000Z
xpyksi,0.0,8.0,0,0,0.0,8.0,2026-08-19T10:26:45.000Z,2026-09-02T10:13:44.000Z
y_r_allnames_taken,0.0,1.0,0,0,0.0,1.0,2026-08-22T07:48:37.000Z,2026-08-22T07:48:37.000Z
yadeyadedjolyne,0.0,2.0,0,0,0.0,2.0,2026-08-20T05:37:08.000Z,2026-08-27T03:17:35.000Z
yans_25,0.0,1.0,0,0,0.0,1.0,2026-08-23T16:59:31.000Z,2026-08-23T16:59:31.000Z
yasmine-23a,0.0,1.0,0,0,0.0,1.0,2026-08-27T06:59:56.000Z,2026-08-27T06:59:56.000Z
yayimcool,0.0,1.0,0,0,0.0,1.0,2026-08-22T16:09:05.000Z,2026-08-22T16:09:05.000Z
yodebu,0.0,5.0,0,0,0.0,5.0,2026-08-25T12:12:25.000Z,2026-09-02T16:52:25.000Z
yoonhatheclown,0.0,1.0,0,0,0.0,1.0,2026-08-24T18:19:42.000Z,2026-08-24T18:19:42.000Z
young_monk04,0.0,3.0,0,0,0.0,3.0,2026-08-22T05:13:39.000Z,2026-08-27T07:48:21.000Z
yourAwfulness,0.0,2.0,0,0,0.0,2.0,2026-08-22T12:43:27.000Z,2026-08-26T15:07:39.000Z
yourmomismine_6969,0.0,1.0,0,0,0.0,1.0,2026-08-21T12:50:42.000Z,2026-08-21T12:50:42.000Z
yoursgokul,0.0,2.0,0,0,0.0,2.0,2026-08-21T00:05:22.000Z,2026-08-25T08:05:45.000Z
yoyoshehadsingh,0.0,1.0,0,0,0.0,1.0,2026-08-31T10:05:26.000Z,2026-08-31T10:05:26.000Z
yuvigotnochills,1.0,0.0,0,0,1.0,0.0,2026-09-01T20:08:28.305Z,2026-09-01T20:08:28.305Z
yyc_engineer,0.0,1.0,0,0,0.0,1.0,2026-08-23T15:51:14.000Z,2026-08-23T15:51:14.000Z
z3n13n,0.0,2.0,0,0,0.0,2.0,2026-08-26T07:06:34.000Z,2026-08-26T07:07:58.000Z
zack_0171,1.0,2.0,0,0,1.0,2.0,2026-08-22T22:12:16.000Z,2026-09-01T21:11:32.000Z
zbk_2006,0.0,1.0,0,0,0.0,1.0,2026-08-19T06:58:59.000Z,2026-08-19T06:58:59.000Z
zeeshanhaidri,0.0,2.0,0,0,0.0,2.0,2026-08-22T07:46:07.000Z,2026-08-22T07:48:53.000Z
zemrofficial,0.0,1.0,0,0,0.0,1.0,2026-08-26T21:22:38.000Z,2026-08-26T21:22:38.000Z
zimzalabimbimzim,0.0,1.0,0,0,0.0,1.0,2026-08-18T14:49:05.000Z,2026-08-18T14:49:05.000Z
zircodie,0.0,1.0,0,0,0.0,1.0,2026-08-21T16:15:18.000Z,2026-08-21T16:15:18.000Z
zorifis_arkas,0.0,4.0,0,0,0.0,4.0,2026-08-21T16:45:44.000Z,2026-08-25T19:54:48.000Z
